# 缩写键	组内词数	罚项	词表下标	词	词代价
# 缩写 = 每字声母首字母（zh/ch/sh 取 z/c/s；零声母取音节首字母）
# 罚项 = round(log(组内词数) * COST_SCALE)，越大越歧义；组内按词代价升序
aa	1	0	67	暗暗	38
aajj	1	0	68	安安静静	50
ab	1	0	71	岸边	44
abbd	1	0	72	按兵不动	50
abl	1	0	1	阿波罗	47
abm	2	3	192	奥巴马	47
abm	2	3	0	阿炳妈	50
abz	1	0	69	安邦治	49
abzg	1	0	70	安邦治国	47
ac	4	6	73	暗藏	47
ac	4	6	10	挨次	48
ac	4	6	75	安插	50
ac	4	6	76	暗处	50
ace	1	0	74	安草儿	50
acr	1	0	9	艾春荣	47
acz	1	0	2	阿昌族	46
ad	9	9	84	安定	40
ad	9	9	11	挨打	46
ad	9	9	80	暗道	46
ad	9	9	89	安顿	46
ad	9	9	78	暗淡	47
ad	9	9	12	爱戴	48
ad	9	9	13	哀悼	48
ad	9	9	79	黯淡	49
ad	9	9	77	安达	50
ade	1	0	81	安道尔	49
adh	1	0	14	爱德华	49
adl	2	3	194	奥地利	40
adl	2	3	83	暗地里	49
adly	1	0	193	澳大利亚	38
adm	1	0	85	安定门	46
adn	1	0	88	安东尼	48
ads	1	0	82	安德森	50
adss	1	0	87	安第斯山	50
adtj	1	0	86	安定团结	50
aekt	1	0	3	阿尔卡特	48
ael	1	0	15	爱尔兰	43
aets	1	0	4	阿尔泰山	48
af	2	3	91	安抚	43
af	2	3	90	安放	44
afd	1	0	16	埃弗顿	50
afe	1	0	17	埃伏尔	49
afh	1	0	5	阿富汗	42
ag	5	6	18	爱国	34
ag	5	6	6	阿哥	38
ag	5	6	94	昂贵	44
ag	5	6	92	鞍钢	50
ag	5	6	99	安国	50
agb	1	0	7	阿格布	49
agl	1	0	93	安哥拉	46
agrs	1	0	19	爱国人士	46
agt	1	0	8	阿根廷	41
agz	1	0	20	爱国者	46
agzy	1	0	21	爱国主义	44
ah	7	8	105	安徽	39
ah	7	8	22	爱好	42
ah	7	8	24	爱护	45
ah	7	8	104	氨化	47
ah	7	8	195	懊悔	47
ah	7	8	101	安好	48
ah	7	8	102	暗号	50
ahs	2	3	106	安徽省	41
ahs	2	3	103	暗红色	50
ahz	1	0	23	爱好者	44
aj	8	8	109	案件	36
aj	8	8	25	埃及	37
aj	8	8	111	安静	40
aj	8	8	107	氨基	45
aj	8	8	114	案卷	48
aj	8	8	113	安居	49
aj	8	8	108	安家	50
aj	8	8	110	按揭	50
ajly	1	0	115	安居乐业	50
ajmd	1	0	55	阿基米德	50
ajs	1	0	112	氨基酸	44
ak	1	0	116	安康	50
aks	1	0	56	阿克苏	50
al	8	8	125	安陆	39
al	8	8	64	阿里	42
al	8	8	120	案例	42
al	8	8	57	阿拉	46
al	8	8	26	爱怜	49
al	8	8	119	安乐	49
al	8	8	124	安龙	49
al	8	8	117	安拉	50
alb	1	0	58	阿拉伯	39
albr	1	0	59	阿拉伯人	43
alby	1	0	60	阿拉伯语	47
alf	1	0	196	奥立佛	49
alfp	1	0	118	按劳分配	48
alft	1	0	61	阿拉法特	50
alh	1	0	121	安理会	44
alks	1	0	27	埃里克森	48
alm	1	0	122	安力满	50
almt	1	0	62	阿拉木图	50
alpk	1	0	197	奥林匹克	47
alq	1	0	65	阿联酋	49
als	3	4	127	安陆市	47
als	3	4	126	安禄山	49
als	3	4	123	按理说	50
alsj	1	0	63	阿拉斯加	47
alx	1	0	28	爱立信	49
am	13	10	199	澳门	39
am	13	10	131	按摩	43
am	13	10	66	阿曼	44
am	13	10	129	俺们	46
am	13	10	198	傲慢	46
am	13	10	201	奥妙	46
am	13	10	200	奥秘	47
am	13	10	29	暧昧	48
am	13	10	30	爱美	49
am	13	10	32	爱慕	49
am	13	10	128	鞍马	49
am	13	10	130	安民	49
am	13	10	31	爱民	50
an	5	6	132	安娜	41
an	5	6	136	安宁	44
an	5	6	135	安内	46
an	5	6	134	安南	47
an	5	6	202	懊恼	49
anbz	1	0	133	按捺不住	46
ane	1	0	203	奥尼尔	48
ap	3	4	137	安排	33
ap	3	4	33	矮胖	47
ap	3	4	138	安培	50
aq	8	8	144	安全	32
aq	8	8	35	爱情	37
aq	8	8	139	暗器	41
aq	8	8	141	案情	44
aq	8	8	37	哀求	46
aq	8	8	142	安庆	46
aq	8	8	34	矮墙	49
aq	8	8	140	按期	50
aqg	1	0	145	安全感	48
aqh	1	0	36	爱琴海	49
aqj	1	0	146	安全局	46
aqx	1	0	147	安全性	46
aqz	1	0	143	安七州	47
ar	5	6	148	黯然	45
ar	5	6	95	昂然	48
ar	5	6	38	爱人	49
ar	5	6	96	盎然	49
ar	5	6	149	安然	49
as	18	12	158	暗示	42
as	18	12	159	按时	43
as	18	12	152	岸上	44
as	18	12	162	按说	46
as	18	12	163	暗算	46
as	18	12	150	暗杀	47
as	18	12	42	碍事	48
as	18	12	97	昂首	48
as	18	12	151	鞍山	48
as	18	12	153	安上	48
as	18	12	39	哀伤	49
as	18	12	154	安设	49
as	18	12	155	安身	49
as	18	12	157	安生	49
as	18	12	98	盎司	50
as	18	12	156	安神	50
as	18	12	161	安睡	50
as	18	12	218	阿斯	50
asbj	1	0	216	阿塞拜疆	49
ask	1	0	204	奥斯卡	46
asm	1	0	205	奥斯曼	48
asn	1	0	217	阿森纳	45
asny	1	0	40	爱沙尼亚	48
astq	1	0	41	唉声叹气	50
aszl	1	0	160	安史之乱	47
at	3	4	164	庵堂	46
at	3	4	207	奥托	49
at	3	4	206	凹凸	50
atwp	1	0	165	安特卫普	50
aw	3	4	166	安慰	40
aw	3	4	167	安危	45
aw	3	4	168	安稳	46
awh	1	0	208	奥委会	50
ax	15	11	173	安乡	42
ax	15	11	46	爱心	43
ax	15	11	178	安心	43
ax	15	11	174	暗想	44
ax	15	11	44	矮小	46
ax	15	11	43	爱惜	47
ax	15	11	169	安息	47
ax	15	11	177	安歇	47
ax	15	11	170	暗喜	48
ax	15	11	172	岸线	48
ax	15	11	175	安详	48
ax	15	11	209	凹陷	48
ax	15	11	171	安西	49
ax	15	11	176	暗笑	49
ax	15	11	210	翱翔	50
axb	1	0	45	癌细胞	49
ay	9	9	212	奥运	44
ay	9	9	47	哎呀	45
ay	9	9	220	啊哟	45
ay	9	9	219	阿姨	46
ay	9	9	49	哎哟	47
ay	9	9	179	安阳	47
ay	9	9	211	熬夜	49
ay	9	9	180	安逸	50
ay	9	9	181	安于	50
ayh	1	0	213	奥运会	40
ayst	1	0	48	爱因斯坦	43
az	17	11	183	按照	31
az	17	11	189	安装	38
az	17	11	187	暗中	39
az	17	11	51	癌症	42
az	17	11	186	安置	42
az	17	11	190	暗自	43
az	17	11	191	案子	44
az	17	11	184	按着	45
az	17	11	188	按住	45
az	17	11	50	挨着	46
az	17	11	52	矮子	46
az	17	11	100	肮脏	46
az	17	11	182	安葬	46
az	17	11	215	澳洲	47
az	17	11	185	安贞	49
az	17	11	53	爱子	50
az	17	11	214	鏖战	50
azb	1	0	54	艾滋病	41
ba	10	9	750	备案	36
ba	10	9	1485	不安	40
ba	10	9	751	北岸	42
ba	10	9	544	保安	44
ba	10	9	747	悲哀	45
ba	10	9	748	北爱	48
ba	10	9	752	北安	48
ba	10	9	973	彼岸	48
ba	10	9	1401	博爱	48
ba	10	9	425	办案	49
bael	1	0	749	北爱尔兰	49
bb	64	17	898	本报	34
bb	64	17	758	北部	35
bb	64	17	428	版本	36
bb	64	17	1489	不必	36
bb	64	17	431	颁布	37
bb	64	17	221	爸爸	38
bb	64	17	1490	不变	38
bb	64	17	759	被捕	39
bb	64	17	1147	必备	39
bb	64	17	1493	步兵	39
bb	64	17	1240	兵部	40
bb	64	17	548	宝贝	41
bb	64	17	1235	禀报	41
bb	64	17	1402	伯伯	41
bb	64	17	1491	不便	41
bb	64	17	760	背部	42
bb	64	17	976	遍布	42
bb	64	17	1238	病变	42
bb	64	17	897	本版	43
bb	64	17	259	白白	44
bb	64	17	264	白布	44
bb	64	17	901	本部	44
bb	64	17	1095	标本	44
bb	64	17	1486	不败	44
bb	64	17	263	百倍	45
bb	64	17	755	卑鄙	45
bb	64	17	756	北边	45
bb	64	17	900	奔波	45
bb	64	17	224	八宝	46
bb	64	17	426	斑斑	46
bb	64	17	430	半边	46
bb	64	17	432	半部	46
bb	64	17	546	宝宝	46
bb	64	17	551	报表	46
bb	64	17	754	背包	46
bb	64	17	975	辨别	46
bb	64	17	1150	鄙薄	46
bb	64	17	260	摆摆	47
bb	64	17	262	百般	47
bb	64	17	265	摆布	47
bb	64	17	433	半步	47
bb	64	17	453	帮帮	47
bb	64	17	1497	步步	47
bb	64	17	545	包办	48
bb	64	17	1093	表白	48
bb	64	17	1146	臂膀	48
bb	64	17	1236	冰雹	48
bb	64	17	1239	兵变	48
bb	64	17	228	八部	49
bb	64	17	552	保镖	49
bb	64	17	899	本病	49
bb	64	17	1094	标榜	49
bb	64	17	1149	弊病	49
bb	64	17	1151	碧波	49
bb	64	17	222	八百	50
bb	64	17	226	把柄	50
bb	64	17	429	板壁	50
bb	64	17	549	包庇	50
bb	64	17	550	薄壁	50
bb	64	17	1096	标兵	50
bb	64	17	1145	必败	50
bb	64	17	1237	秉笔	50
bb	64	17	1403	勃勃	50
bb	64	17	1487	补报	50
bbd	2	3	229	巴不得	47
bbd	2	3	547	薄薄的	48
bbe	1	0	261	柏柏尔	50
bbh	1	0	1488	不饱和	49
bbjl	1	0	974	变本加厉	50
bbjs	1	0	1148	比比皆是	43
bbkq	1	0	1152	必不可缺	50
bbks	1	0	1153	必不可少	44
bbl	2	3	225	巴比伦	45
bbl	2	3	1494	步兵旅	50
bbq	1	0	753	北半球	47
bbs	3	4	1154	比不上	44
bbs	3	4	1495	步兵师	47
bbs	3	4	227	巴博萨	50
bbw	1	0	223	八百万	49
bbx	1	0	1163	别必雄	47
bby	2	3	1496	不必要	44
bby	2	3	757	北冰洋	46
bbz	2	3	427	半辈子	50
bbz	2	3	553	保不住	50
bbzb	1	0	1492	不变资本	42
bc	57	16	557	保持	32
bc	57	16	978	变成	34
bc	57	16	1505	不错	35
bc	57	16	1503	补充	36
bc	57	16	563	保存	37
bc	57	16	904	本次	37
bc	57	16	1156	彼此	38
bc	57	16	1246	冰川	39
bc	57	16	1500	补偿	40
bc	57	16	558	报仇	41
bc	57	16	1165	别处	41
bc	57	16	1499	不曾	41
bc	57	16	1501	不成	41
bc	57	16	1502	不吃	41
bc	57	16	233	拔出	42
bc	57	16	559	报酬	42
bc	57	16	979	编成	42
bc	57	16	761	悲惨	43
bc	57	16	762	北侧	43
bc	57	16	766	辈出	43
bc	57	16	1405	波长	43
bc	57	16	903	奔驰	44
bc	57	16	1097	表层	44
bc	57	16	902	本场	45
bc	57	16	981	边陲	45
bc	57	16	1248	并存	45
bc	57	16	765	北城	46
bc	57	16	980	编程	46
bc	57	16	1242	并称	46
bc	57	16	231	八成	47
bc	57	16	232	把持	47
bc	57	16	266	白菜	47
bc	57	16	267	白痴	47
bc	57	16	439	搬出	47
bc	57	16	1247	病床	47
bc	57	16	1407	播出	47
bc	57	16	436	办成	48
bc	57	16	763	北朝	48
bc	57	16	1243	病程	48
bc	57	16	1404	菠菜	48
bc	57	16	1406	驳斥	48
bc	57	16	230	靶场	49
bc	57	16	435	半场	49
bc	57	16	438	半尺	49
bc	57	16	554	饱餐	49
bc	57	16	977	扁铲	49
bc	57	16	1164	别称	49
bc	57	16	1241	冰层	49
bc	57	16	1244	秉承	49
bc	57	16	269	百出	50
bc	57	16	434	班禅	50
bc	57	16	556	包抄	50
bc	57	16	561	爆出	50
bc	57	16	905	本村	50
bc	57	16	1155	笔触	50
bc	57	16	1498	不测	50
bc	57	16	1504	卜辞	50
bcdh	1	0	555	包产到户	49
bch	1	0	1245	病虫害	45
bcl	1	0	562	鲍春来	46
bcp	1	0	437	半成品	50
bct	1	0	1408	波茨坦	49
bcx	2	3	268	白崇禧	50
bcx	2	3	764	北朝鲜	50
bcxc	1	0	1166	别出心裁	49
bcxh	1	0	560	报仇雪恨	50
bd	79	17	1526	不断	30
bd	79	17	1527	部队	31
bd	79	17	273	百度	32
bd	79	17	565	报道	32
bd	79	17	1512	不到	32
bd	79	17	1514	不得	34
bd	79	17	986	变得	35
bd	79	17	1167	别的	35
bd	79	17	1508	不但	35
bd	79	17	1098	表达	37
bd	79	17	443	般的	38
bd	79	17	1252	病毒	38
bd	79	17	446	半点	39
bd	79	17	767	北大	39
bd	79	17	907	本地	39
bd	79	17	989	变动	39
bd	79	17	1160	必定	39
bd	79	17	440	半岛	40
bd	79	17	773	被动	41
bd	79	17	1161	必读	41
bd	79	17	1413	波动	41
bd	79	17	1416	剥夺	41
bd	79	17	1518	不等	41
bd	79	17	568	保定	42
bd	79	17	1506	不大	42
bd	79	17	1521	不定	42
bd	79	17	566	宝刀	43
bd	79	17	569	暴动	43
bd	79	17	1414	搏斗	43
bd	79	17	1511	不当	43
bd	79	17	1528	不对	43
bd	79	17	234	八大	44
bd	79	17	987	遍地	44
bd	79	17	990	编队	44
bd	79	17	239	巴东	45
bd	79	17	272	摆动	45
bd	79	17	445	般地	45
bd	79	17	564	报答	45
bd	79	17	775	北段	45
bd	79	17	776	北端	45
bd	79	17	1162	弊端	45
bd	79	17	1415	波段	45
bd	79	17	270	白带	46
bd	79	17	444	板凳	46
bd	79	17	984	便当	46
bd	79	17	985	编导	46
bd	79	17	1100	标的	46
bd	79	17	1158	彼得	46
bd	79	17	1409	拨打	46
bd	79	17	1412	博得	46
bd	79	17	1507	布袋	46
bd	79	17	236	霸道	47
bd	79	17	447	斑点	47
bd	79	17	774	北斗	47
bd	79	17	1157	比达	47
bd	79	17	1251	兵丁	47
bd	79	17	1509	不单	47
bd	79	17	441	办到	48
bd	79	17	915	绷带	48
bd	79	17	983	扁担	48
bd	79	17	1249	冰岛	48
bd	79	17	1250	病倒	48
bd	79	17	237	八点	49
bd	79	17	242	巴顿	49
bd	79	17	271	拜倒	49
bd	79	17	567	宝典	49
bd	79	17	769	被盗	49
bd	79	17	988	贬低	49
bd	79	17	1101	表弟	49
bd	79	17	1168	别动	49
bd	79	17	1410	博大	49
bd	79	17	1522	补丁	49
bd	79	17	238	拔掉	50
bd	79	17	241	八度	50
bd	79	17	777	背对	50
bd	79	17	906	本岛	50
bd	79	17	982	鞭打	50
bd	79	17	1102	标点	50
bd	79	17	1510	不丹	50
bdb	2	3	1515	不得不	37
bdb	2	3	1159	彼得堡	50
bdc	1	0	1524	不动产	49
bdcz	1	0	771	被调查者	49
bdez	1	0	1516	不得而知	49
bdf	1	0	778	贝多芬	50
bdh	1	0	768	北戴河	49
bdjs	1	0	1411	博大精深	50
bdl	3	4	1517	不得了	45
bdl	3	4	772	背地里	49
bdl	3	4	235	八达岭	50
bdps	1	0	1513	布达佩斯	49
bdq	1	0	1523	不定期	49
bdr	1	0	908	本地人	50
bds	3	4	1529	不多时	42
bds	3	4	1099	表达式	49
bds	3	4	1519	不等式	50
bdss	1	0	1525	不动声色	44
bdt	1	0	442	半导体	42
bdx	1	0	240	巴东县	47
bdxy	1	0	770	北大西洋	48
bdy	1	0	1520	不得已	44
be	8	8	991	匾额	39
be	8	8	779	贝尔	43
be	8	8	1530	布尔	46
be	8	8	1174	比尔	47
be	8	8	1531	不二	47
be	8	8	1417	波恩	48
be	8	8	1418	玻尔	48
be	8	8	274	白垩	49
bed	1	0	1419	波尔多	50
beg	1	0	243	巴尔干	48
bej	1	0	275	白垩纪	48
bels	1	0	276	白俄罗斯	46
bf	56	16	1541	部分	28
bf	56	16	448	办法	32
bf	56	16	570	爆发	35
bf	56	16	782	北方	36
bf	56	16	1257	并非	36
bf	56	16	449	颁发	40
bf	56	16	1539	不妨	40
bf	56	16	574	包袱	41
bf	56	16	1184	比分	41
bf	56	16	1532	步伐	41
bf	56	16	575	报复	42
bf	56	16	790	被俘	42
bf	56	16	1542	不服	42
bf	56	16	992	变法	43
bf	56	16	450	半分	44
bf	56	16	780	北伐	44
bf	56	16	785	北非	44
bf	56	16	786	悲愤	44
bf	56	16	993	边防	44
bf	56	16	1420	播放	44
bf	56	16	277	白发	45
bf	56	16	278	拜访	45
bf	56	16	788	北风	45
bf	56	16	1253	兵法	45
bf	56	16	1255	病房	45
bf	56	16	1422	伯父	45
bf	56	16	1533	不乏	45
bf	56	16	1537	不凡	45
bf	56	16	1543	不负	45
bf	56	16	576	抱负	46
bf	56	16	911	本分	46
bf	56	16	996	蝙蝠	46
bf	56	16	279	摆放	47
bf	56	16	791	背负	47
bf	56	16	913	奔赴	47
bf	56	16	1182	笔法	47
bf	56	16	1183	比方	47
bf	56	16	1185	避风	47
bf	56	16	1534	不法	47
bf	56	16	283	拜佛	48
bf	56	16	1254	并发	48
bf	56	16	1544	不符	48
bf	56	16	909	本法	49
bf	56	16	910	奔放	49
bf	56	16	916	迸发	49
bf	56	16	1540	不菲	49
bf	56	16	245	八方	50
bf	56	16	246	八分	50
bf	56	16	455	帮扶	50
bf	56	16	571	暴发	50
bf	56	16	572	报废	50
bf	56	16	787	备份	50
bf	56	16	789	背风	50
bf	56	16	912	苯酚	50
bf	56	16	1535	步法	50
bf	56	16	1538	不犯	50
bfb	2	3	451	半封闭	46
bfb	2	3	280	百分比	48
bfcz	1	0	1545	不复存在	48
bfd	1	0	281	百分点	43
bffz	1	0	1536	不法分子	50
bfj	4	6	781	北伐军	45
bfj	4	6	452	半封建	47
bfj	4	6	783	北方局	49
bfj	4	6	994	边防军	50
bfly	1	0	244	巴伐利亚	50
bfq	1	0	1421	播放器	50
bfrc	1	0	1258	并非如此	50
bfwb	1	0	995	变废为宝	46
bfy	1	0	573	暴风雨	48
bfz	1	0	1256	并发症	46
bfzb	1	0	282	百分之百	49
bfzz	1	0	784	北伐战争	46
bg	54	16	577	报告	30
bg	54	16	1559	不过	30
bg	54	16	1547	不敢	31
bg	54	16	1555	不管	35
bg	54	16	1553	不够	37
bg	54	16	454	半个	38
bg	54	16	997	变革	38
bg	54	16	1546	不该	39
bg	54	16	1554	不顾	39
bg	54	16	247	八个	40
bg	54	16	250	罢工	40
bg	54	16	919	本国	40
bg	54	16	998	变更	40
bg	54	16	584	宝贵	41
bg	54	16	459	办公	42
bg	54	16	585	包裹	42
bg	54	16	251	八卦	43
bg	54	16	285	白宫	43
bg	54	16	1309	宾馆	43
bg	54	16	287	百官	44
bg	54	16	582	保管	44
bg	54	16	792	被告	44
bg	54	16	1556	不光	44
bg	54	16	583	曝光	45
bg	54	16	999	变故	45
bg	54	16	1103	表哥	45
bg	54	16	1261	禀告	45
bg	54	16	1263	并购	45
bg	54	16	1548	不甘	45
bg	54	16	290	白果	46
bg	54	16	794	悲观	46
bg	54	16	252	罢官	47
bg	54	16	286	白骨	47
bg	54	16	586	报国	47
bg	54	16	914	本该	47
bg	54	16	1170	别国	47
bg	54	16	1551	不公	47
bg	54	16	248	八哥	48
bg	54	16	284	百个	48
bg	54	16	1104	表格	48
bg	54	16	1187	闭关	48
bg	54	16	1260	饼干	48
bg	54	16	1264	病故	48
bg	54	16	1424	脖颈	48
bg	54	16	253	把关	49
bg	54	16	289	白圭	49
bg	54	16	1169	别管	49
bg	54	16	1425	博古	49
bg	54	16	288	白光	50
bg	54	16	581	包谷	50
bg	54	16	1000	变卦	50
bg	54	16	1259	冰盖	50
bg	54	16	1423	拨给	50
bg	54	16	1550	布告	50
bgbj	1	0	1186	毕恭毕敬	50
bgc	1	0	1262	兵工厂	49
bgd	2	3	249	巴格达	45
bgd	2	3	1549	不敢当	46
bgdt	1	0	1552	不共戴天	50
bgh	1	0	578	报告会	49
bgl	1	0	460	办公楼	46
bglj	1	0	254	八国联军	39
bgr	1	0	793	被告人	47
bgs	3	4	461	办公室	35
bgs	3	4	1001	边孤石	47
bgs	3	4	579	报告书	48
bgt	1	0	462	办公厅	44
bgwx	1	0	580	报告文学	50
bgyq	1	0	1560	不顾一切	47
bgz	2	3	1558	不规则	45
bgz	2	3	463	办公桌	48
bgzs	1	0	1188	闭关自守	50
bgzy	1	0	1557	不管怎样	46
bh	52	16	1569	不会	29
bh	52	16	1005	变化	30
bh	52	16	594	保护	31
bh	52	16	1562	不好	35
bh	52	16	1195	闭会	36
bh	52	16	588	包含	37
bh	52	16	801	背后	41
bh	52	16	1006	变换	41
bh	52	16	1192	壁画	41
bh	52	16	296	百花	43
bh	52	16	1426	渤海	43
bh	52	16	590	饱和	44
bh	52	16	795	北海	44
bh	52	16	1333	滨海	44
bh	52	16	1564	不合	44
bh	52	16	300	败坏	45
bh	52	16	1002	编号	45
bh	52	16	1004	辩护	45
bh	52	16	1191	庇护	45
bh	52	16	304	百货	46
bh	52	16	802	北湖	46
bh	52	16	1189	避寒	46
bh	52	16	1267	兵火	46
bh	52	16	1570	捕获	46
bh	52	16	475	办好	47
bh	52	16	587	宝海	47
bh	52	16	1007	变幻	47
bh	52	16	1193	比划	47
bh	52	16	257	疤痕	48
bh	52	16	293	百合	48
bh	52	16	456	帮会	48
bh	52	16	477	版画	48
bh	52	16	1190	闭合	48
bh	52	16	1194	笔画	48
bh	52	16	258	跋扈	49
bh	52	16	292	摆好	49
bh	52	16	297	白花	49
bh	52	16	298	白话	49
bh	52	16	303	拜会	49
bh	52	16	591	宝盒	49
bh	52	16	796	被害	49
bh	52	16	799	北汉	49
bh	52	16	1265	病害	49
bh	52	16	1428	波黑	49
bh	52	16	256	巴赫	50
bh	52	16	294	白鹤	50
bh	52	16	295	白河	50
bh	52	16	476	瘢痕	50
bh	52	16	589	饱含	50
bh	52	16	1171	别号	50
bh	52	16	1196	避讳	50
bh	52	16	1429	驳回	50
bhbm	1	0	1568	不慌不忙	48
bhd	2	3	592	保和殿	46
bhd	2	3	797	北海道	49
bhel	1	0	1561	不寒而栗	50
bhf	1	0	291	白寒枫	49
bhh	1	0	299	白花花	49
bhhj	1	0	595	保护环境	50
bhhy	1	0	1567	不怀好意	48
bhj	1	0	593	包红巾	49
bhk	1	0	800	北河口	47
bhl	2	3	1565	不合理	44
bhl	2	3	1571	捕获量	46
bhm	1	0	255	巴哈马	50
bhml	1	0	1266	兵荒马乱	50
bhq	1	0	596	保护区	45
bhqf	1	0	301	百花齐放	49
bhs	1	0	798	贝海石	47
bhsy	1	0	1566	不合时宜	50
bhw	1	0	1427	渤海湾	50
bhy	2	3	302	百花园	47
bhy	2	3	1003	编后语	48
bhys	1	0	1563	不好意思	42
bj	108	19	809	北京	27
bj	108	19	1008	编辑	29
bj	108	19	1205	比较	30
bj	108	19	1585	不仅	31
bj	108	19	920	本级	32
bj	108	19	1211	毕竟	35
bj	108	19	1586	不禁	35
bj	108	19	1594	不久	35
bj	108	19	810	背景	36
bj	108	19	1109	表决	37
bj	108	19	1199	笔架	37
bj	108	19	1577	不见	38
bj	108	19	1597	布局	38
bj	108	19	403	八戒	39
bj	108	19	1013	边界	39
bj	108	19	1017	边境	39
bj	108	19	1572	不及	40
bj	108	19	1600	不觉	40
bj	108	19	602	保健	41
bj	108	19	819	悲剧	41
bj	108	19	1203	必将	41
bj	108	19	1587	不尽	41
bj	108	19	400	八角	42
bj	108	19	603	宝剑	42
bj	108	19	923	本届	42
bj	108	19	1009	遍及	42
bj	108	19	1573	补给	42
bj	108	19	484	半截	43
bj	108	19	487	半径	43
bj	108	19	1210	逼近	43
bj	108	19	1269	并肩	43
bj	108	19	1578	部件	43
bj	108	19	308	拜见	44
bj	108	19	1011	边疆	44
bj	108	19	1014	便捷	44
bj	108	19	1020	编剧	44
bj	108	19	1105	标记	44
bj	108	19	1108	镖局	44
bj	108	19	1197	笔记	44
bj	108	19	1583	不解	44
bj	108	19	306	白家	45
bj	108	19	404	八届	45
bj	108	19	488	半句	45
bj	108	19	597	包机	45
bj	108	19	600	报价	45
bj	108	19	803	北极	45
bj	108	19	807	被叫	45
bj	108	19	1432	伯爵	45
bj	108	19	399	拔剑	46
bj	108	19	483	颁奖	46
bj	108	19	485	半斤	46
bj	108	19	604	保荐	46
bj	108	19	606	包金	46
bj	108	19	607	报警	46
bj	108	19	1010	边际	46
bj	108	19	1015	辩解	46
bj	108	19	1430	波及	46
bj	108	19	1581	部将	46
bj	108	19	1595	补救	46
bj	108	19	1601	不均	46
bj	108	19	313	白酒	47
bj	108	19	405	巴结	47
bj	108	19	479	班级	47
bj	108	19	482	搬家	47
bj	108	19	804	背脊	47
bj	108	19	806	备降	47
bj	108	19	808	北郊	47
bj	108	19	1574	不计	47
bj	108	19	1575	不济	47
bj	108	19	457	绑架	48
bj	108	19	598	保级	48
bj	108	19	599	宝鸡	48
bj	108	19	921	本纪	48
bj	108	19	1212	必经	48
bj	108	19	1268	兵家	48
bj	108	19	1271	并举	48
bj	108	19	1272	病菌	48
bj	108	19	1582	不降	48
bj	108	19	305	百级	49
bj	108	19	307	百家	49
bj	108	19	398	八级	49
bj	108	19	401	芭蕉	49
bj	108	19	407	把酒	49
bj	108	19	480	班机	49
bj	108	19	481	扳机	49
bj	108	19	486	搬进	49
bj	108	19	608	暴君	49
bj	108	19	817	杯酒	49
bj	108	19	1106	标价	49
bj	108	19	1107	表姐	49
bj	108	19	1198	笔迹	49
bj	108	19	1200	比价	49
bj	108	19	1204	比降	49
bj	108	19	1270	并进	49
bj	108	19	1576	部级	49
bj	108	19	1579	不减	49
bj	108	19	311	白金	50
bj	108	19	312	白净	50
bj	108	19	314	败局	50
bj	108	19	805	卑贱	50
bj	108	19	924	本金	50
bj	108	19	1016	编结	50
bj	108	19	1018	汴京	50
bj	108	19	1202	鼻尖	50
bj	108	19	1431	搏击	50
bj	108	19	1588	布景	50
bj	108	19	1598	不拘	50
bj	108	19	1599	不具	50
bjb	2	3	1209	笔记本	41
bjb	2	3	1012	编辑部	48
bjc	1	0	811	北京城	39
bjd	2	3	1201	毕家荡	47
bjd	2	3	1580	不见得	47
bjdq	1	0	813	北京地区	46
bjdx	1	0	812	北京大学	38
bjj	1	0	1591	不仅仅	41
bjjq	1	0	814	北京军区	50
bjly	1	0	601	保加利亚	44
bjm	2	3	402	八角帽	49
bjm	2	3	1584	不结盟	50
bjp	1	0	605	保健品	48
bjq	3	4	1110	表决权	41
bjq	3	4	1596	不久前	43
bjq	3	4	1589	不景气	48
bjqs	1	0	1593	不计其数	46
bjrc	1	0	1592	不仅如此	42
bjs	5	6	815	北京市	36
bjs	5	6	1206	笔架山	40
bjs	5	6	489	半决赛	44
bjs	5	6	922	苯甲酸	50
bjs	5	6	1207	毕加索	50
bjst	1	0	406	巴基斯坦	40
bjt	1	0	1208	毕家塘	47
bjx	2	3	309	白嘉轩	41
bjx	2	3	818	北极星	48
bjy	2	3	1590	不经意	47
bjy	2	3	315	白居易	49
bjz	1	0	1019	编辑者	41
bjzf	1	0	816	北京政府	48
bjzl	1	0	1213	必经之路	48
bjzm	1	0	310	百家争鸣	49
bk	33	14	614	包括	28
bk	33	14	317	百科	30
bk	33	14	1606	不可	32
bk	33	14	1614	不肯	35
bk	33	14	925	本科	37
bk	33	14	612	报考	39
bk	33	14	491	板块	40
bk	33	14	1214	避开	41
bk	33	14	1602	不堪	41
bk	33	14	490	半空	42
bk	33	14	609	报刊	42
bk	33	14	613	宝库	42
bk	33	14	917	崩溃	42
bk	33	14	1434	博客	43
bk	33	14	1215	鼻孔	44
bk	33	14	1619	不快	44
bk	33	14	1335	宾客	45
bk	33	14	1435	拨款	45
bk	33	14	822	贝壳	46
bk	33	14	1621	不愧	46
bk	33	14	610	保康	47
bk	33	14	820	备考	47
bk	33	14	1273	冰块	47
bk	33	14	1433	拨开	47
bk	33	14	316	摆开	48
bk	33	14	1607	补课	48
bk	33	14	821	背靠	49
bk	33	14	1605	不靠	49
bk	33	14	408	罢课	50
bk	33	14	823	碑刻	50
bk	33	14	824	悲苦	50
bk	33	14	1216	闭口	50
bk	33	14	1620	捕快	50
bkb	1	0	1609	不可不	47
bkbm	1	0	1608	不可避免	43
bkd	1	0	926	本科段	47
bkfg	1	0	1610	不可分割	49
bkgr	1	0	1611	不可告人	50
bkhq	1	0	1612	不可或缺	48
bkkj	1	0	1613	不可开交	50
bknz	1	0	1615	不可逆转	50
bkqs	1	0	318	百科全书	47
bks	1	0	927	本科生	44
bkss	1	0	1616	不可收拾	49
bksx	1	0	1603	不堪设想	48
bksy	1	0	1617	不可思议	45
bkw	1	0	1622	不愧为	50
bkx	1	0	611	保康县	47
bkyj	1	0	1604	不堪一击	49
bkys	1	0	1618	不可一世	46
bl	94	18	928	本来	33
bl	94	18	1218	比例	34
bl	94	18	1636	不了	34
bl	94	18	415	巴黎	36
bl	94	18	493	办理	38
bl	94	18	621	保留	38
bl	94	18	1276	兵力	38
bl	94	18	1441	玻璃	38
bl	94	18	1644	不论	38
bl	94	18	1646	部落	38
bl	94	18	410	罢了	39
bl	94	18	1436	波兰	39
bl	94	18	1630	不利	39
bl	94	18	1635	不良	39
bl	94	18	1637	不料	39
bl	94	18	622	暴露	40
bl	94	18	930	本领	40
bl	94	18	1444	柏林	40
bl	94	18	326	白领	41
bl	94	18	617	暴力	41
bl	94	18	1021	便利	41
bl	94	18	1022	变量	41
bl	94	18	1626	布朗	41
bl	94	18	1628	部类	41
bl	94	18	1627	捕捞	42
bl	94	18	322	白莲	43
bl	94	18	494	板栗	43
bl	94	18	1631	不理	43
bl	94	18	831	北麓	44
bl	94	18	1025	辩论	44
bl	94	18	1223	秘鲁	44
bl	94	18	1225	比率	44
bl	94	18	1275	冰冷	44
bl	94	18	1277	病理	44
bl	94	18	497	半路	45
bl	94	18	830	北流	45
bl	94	18	832	北路	45
bl	94	18	932	本轮	45
bl	94	18	1278	病例	45
bl	94	18	1281	冰凉	45
bl	94	18	1282	并列	45
bl	94	18	1336	濒临	45
bl	94	18	1448	波罗	45
bl	94	18	1641	不留	45
bl	94	18	411	芭蕾	46
bl	94	18	498	伴侣	46
bl	94	18	616	堡垒	46
bl	94	18	624	保罗	46
bl	94	18	1438	波浪	46
bl	94	18	1629	布雷	46
bl	94	18	321	百里	47
bl	94	18	825	贝勒	47
bl	94	18	826	贝类	47
bl	94	18	833	悖论	47
bl	94	18	1220	鼻梁	47
bl	94	18	1226	碧绿	47
bl	94	18	1449	剥落	47
bl	94	18	1450	菠萝	47
bl	94	18	1632	不力	47
bl	94	18	615	包揽	48
bl	94	18	931	奔流	48
bl	94	18	1217	壁垒	48
bl	94	18	1274	槟榔	48
bl	94	18	1640	不灵	48
bl	94	18	327	败露	49
bl	94	18	416	巴里	49
bl	94	18	417	巴林	49
bl	94	18	418	八路	49
bl	94	18	492	斑斓	49
bl	94	18	623	暴乱	49
bl	94	18	828	悲凉	49
bl	94	18	829	卑劣	49
bl	94	18	1112	表露	49
bl	94	18	1437	波澜	49
bl	94	18	1442	剥离	49
bl	94	18	1623	布拉	49
bl	94	18	1633	布里	49
bl	94	18	1649	步履	49
bl	94	18	319	白浪	50
bl	94	18	320	败类	50
bl	94	18	323	白脸	50
bl	94	18	495	班里	50
bl	94	18	496	半里	50
bl	94	18	618	暴戾	50
bl	94	18	619	暴利	50
bl	94	18	827	背离	50
bl	94	18	1023	汴梁	50
bl	94	18	1024	变乱	50
bl	94	18	1111	表里	50
bl	94	18	1219	比利	50
bl	94	18	1224	笔录	50
bl	94	18	1279	并力	50
bl	94	18	1280	病历	50
bl	94	18	1634	部里	50
blc	3	4	328	白鹿村	49
blc	3	4	1443	玻璃窗	49
blc	3	4	1221	比例尺	50
bld	3	4	1639	不列颠	47
bld	3	4	1625	布兰德	50
bld	3	4	1643	布隆迪	50
bldh	1	0	1451	波罗的海	44
blfz	1	0	1447	拨乱反正	44
blg	2	3	1624	布拉格	46
blg	2	3	409	巴拉圭	47
blh	1	0	1439	博览会	40
blj	2	3	419	八路军	42
blj	2	3	324	白莲教	49
blk	1	0	420	巴洛克	49
bllz	1	0	1638	不了了之	50
blm	1	0	412	巴勒莫	50
blmm	1	0	929	本来面目	49
bln	1	0	325	白丽娜	47
blp	1	0	1445	玻璃瓶	50
blq	1	0	620	保龄球	50
bls	3	4	1222	比利时	41
bls	3	4	1645	不论是	44
bls	3	4	1648	布鲁斯	50
blse	1	0	1647	布鲁塞尔	47
blst	1	0	414	巴勒斯坦	42
blt	1	0	1440	柏拉图	44
blwt	1	0	413	芭蕾舞团	50
blwy	1	0	1446	玻利维亚	47
blx	1	0	1283	病理学	50
bly	2	3	1642	不利于	43
bly	2	3	329	白鹿原	47
bm	47	15	1652	部门	30
bm	47	15	1114	表面	35
bm	47	15	1115	表明	35
bm	47	15	1228	避免	36
bm	47	15	1653	不免	38
bm	47	15	629	报名	39
bm	47	15	1650	不满	39
bm	47	15	422	罢免	40
bm	47	15	458	帮忙	41
bm	47	15	834	北美	42
bm	47	15	836	北门	42
bm	47	15	837	北面	42
bm	47	15	1284	兵马	42
bm	47	15	1655	不明	42
bm	47	15	330	白马	43
bm	47	15	627	保密	43
bm	47	15	838	背面	43
bm	47	15	1172	别名	43
bm	47	15	1651	布满	43
bm	47	15	631	保姆	44
bm	47	15	1654	不妙	44
bm	47	15	630	薄膜	45
bm	47	15	839	贝母	45
bm	47	15	1231	笔墨	45
bm	47	15	625	宝马	46
bm	47	15	1026	编码	46
bm	47	15	1029	便秘	46
bm	47	15	1113	表妹	46
bm	47	15	1229	毙命	46
bm	47	15	1232	闭幕	46
bm	47	15	1453	伯母	46
bm	47	15	423	八名	47
bm	47	15	626	饱满	47
bm	47	15	1116	标明	47
bm	47	15	1233	闭目	47
bm	47	15	421	把门	48
bm	47	15	499	版面	48
bm	47	15	933	本名	48
bm	47	15	1030	辨明	48
bm	47	15	1227	闭门	48
bm	47	15	1230	笔名	48
bm	47	15	1285	禀明	48
bm	47	15	332	百米	49
bm	47	15	333	白面	49
bm	47	15	1028	鞭毛	49
bm	47	15	334	百名	50
bm	47	15	1027	变卖	50
bmbb	1	0	1656	不明不白	49
bmh	2	3	628	爆米花	41
bmh	2	3	1452	伯明翰	49
bmm	1	0	331	白茫茫	50
bmz	1	0	835	北美洲	45
bn	17	11	1659	不能	27
bn	17	11	478	八年	37
bn	17	11	337	百年	39
bn	17	11	500	半年	39
bn	17	11	1658	不难	39
bn	17	11	934	本能	43
bn	17	11	1334	比拟	45
bn	17	11	336	白嫩	46
bn	17	11	1173	别扭	46
bn	17	11	338	拜年	47
bn	17	11	1234	避难	47
bn	17	11	841	贝宁	48
bn	17	11	633	暴虐	49
bn	17	11	840	背囊	49
bn	17	11	339	摆弄	50
bn	17	11	632	暴怒	50
bn	17	11	1337	婢女	50
bnb	1	0	1660	不能不	40
bnf	1	0	1657	不耐烦	43
bnl	1	0	1454	伯努利	50
bnm	1	0	424	巴拿马	46
bnz	1	0	335	白内障	50
bo	1	0	842	北欧	45
bp	22	12	844	北平	35
bp	22	12	847	被迫	38
bp	22	12	1661	不怕	39
bp	22	12	935	奔跑	43
bp	22	12	843	背叛	44
bp	22	12	1665	不平	44
bp	22	12	637	爆破	45
bp	22	12	1117	表皮	45
bp	22	12	1341	逼迫	45
bp	22	12	1031	编排	46
bp	22	12	1033	扁平	46
bp	22	12	845	被评	47
bp	22	12	848	北坡	47
bp	22	12	1032	鞭炮	47
bp	22	12	1663	不配	47
bp	22	12	1286	并排	48
bp	22	12	634	剥皮	49
bp	22	12	636	宝瓶	49
bp	22	12	1666	不破	49
bp	22	12	464	帮派	50
bp	22	12	635	薄片	50
bp	22	12	1664	布匹	50
bpl	1	0	849	北婆罗	49
bps	2	3	846	北平市	49
bps	2	3	1662	不怕死	49
bq	38	15	1291	并且	33
bq	38	15	1120	表情	38
bq	38	15	1287	兵器	39
bq	38	15	639	保全	41
bq	38	15	1034	变迁	41
bq	38	15	1292	病情	41
bq	38	15	1669	步枪	41
bq	38	15	706	八旗	43
bq	38	15	1672	不屈	43
bq	38	15	1035	边区	44
bq	38	15	1342	比起	44
bq	38	15	1667	不期	44
bq	38	15	504	版权	45
bq	38	15	707	八七	45
bq	38	15	708	霸权	45
bq	38	15	850	北齐	45
bq	38	15	340	白旗	46
bq	38	15	502	搬迁	46
bq	38	15	638	抱歉	46
bq	38	15	640	抱拳	46
bq	38	15	851	背鳍	46
bq	38	15	936	本期	46
bq	38	15	1118	标签	46
bq	38	15	1288	冰期	46
bq	38	15	1294	兵权	46
bq	38	15	503	半球	47
bq	38	15	937	本钱	47
bq	38	15	938	本区	47
bq	38	15	1289	摒弃	48
bq	38	15	1674	补缺	48
bq	38	15	1119	标枪	49
bq	38	15	1343	鼻腔	49
bq	38	15	501	办起	50
bq	38	15	1290	冰碛	50
bq	38	15	1293	冰球	50
bq	38	15	1455	勃起	50
bq	38	15	1456	博取	50
bq	38	15	1668	不齐	50
bqbn	1	0	1673	不屈不挠	50
bqdx	1	0	1675	不确定性	49
bqsj	1	0	1670	不切实际	49
bqt	1	0	341	白鳍豚	44
bqy	1	0	1671	不起眼	49
bqzy	1	0	709	霸权主义	48
br	28	13	1175	别人	33
br	28	13	1349	比如	34
br	28	13	1344	必然	35
br	28	13	939	本人	36
br	28	13	1295	病人	36
br	28	13	1677	不让	38
br	28	13	1681	不如	38
br	28	13	1296	兵刃	39
br	28	13	1676	不然	40
br	28	13	1297	并入	42
br	28	13	1459	薄弱	42
br	28	13	1678	不忍	43
br	28	13	1679	不容	43
br	28	13	343	白人	44
br	28	13	505	半日	44
br	28	13	1682	步入	44
br	28	13	1036	辨认	45
br	28	13	1037	编入	46
br	28	13	852	被褥	47
br	28	13	1348	逼人	47
br	28	13	1458	般若	47
br	28	13	344	白日	48
br	28	13	345	百日	49
br	28	13	641	包容	49
br	28	13	710	八日	49
br	28	13	1345	避让	49
br	28	13	1683	哺乳	49
br	28	13	1347	比热	50
brdn	1	0	1457	勃然大怒	49
brdw	1	0	1684	哺乳动物	45
brh	1	0	342	白热化	50
brhs	1	0	1680	不容忽视	49
brl	1	0	1685	哺乳类	49
brs	1	0	1350	比如说	42
brx	1	0	1346	必然性	48
bry	1	0	1686	不如意	49
bs	113	19	1696	不是	26
bs	113	19	1122	表示	29
bs	113	19	1352	比赛	31
bs	113	19	1041	便是	33
bs	113	19	1689	不少	33
bs	113	19	941	本身	34
bs	113	19	1460	博士	36
bs	113	19	1704	部署	36
bs	113	19	346	白色	37
bs	113	19	512	办事	38
bs	113	19	507	半晌	39
bs	113	19	855	背上	39
bs	113	19	943	本事	39
bs	113	19	1464	波斯	39
bs	113	19	1709	不算	39
bs	113	19	515	半数	40
bs	113	19	861	北宋	40
bs	113	19	944	本市	40
bs	113	19	946	本书	40
bs	113	19	1177	别说	40
bs	113	19	516	伴随	41
bs	113	19	856	北上	41
bs	113	19	1362	匕首	41
bs	113	19	1697	不时	41
bs	113	19	1705	部属	41
bs	113	19	642	报上	42
bs	113	19	645	保守	42
bs	113	19	354	摆手	43
bs	113	19	510	伴生	43
bs	113	19	644	宝石	43
bs	113	19	942	本省	43
bs	113	19	1125	表述	43
bs	113	19	1354	壁上	43
bs	113	19	1691	布什	43
bs	113	19	1698	捕食	43
bs	113	19	350	白石	44
bs	113	19	857	悲伤	44
bs	113	19	1040	边上	44
bs	113	19	1176	别墅	44
bs	113	19	1363	避暑	44
bs	113	19	1694	不胜	44
bs	113	19	1699	不适	44
bs	113	19	465	帮手	45
bs	113	19	720	把手	45
bs	113	19	723	巴蜀	45
bs	113	19	854	北山	45
bs	113	19	858	备受	45
bs	113	19	862	背诵	45
bs	113	19	1300	兵士	45
bs	113	19	1305	病死	45
bs	113	19	1355	毕生	45
bs	113	19	1688	不善	45
bs	113	19	1700	不失	45
bs	113	19	643	报社	46
bs	113	19	1039	变色	46
bs	113	19	1123	标识	46
bs	113	19	1298	冰山	46
bs	113	19	1356	必胜	46
bs	113	19	1357	毕升	46
bs	113	19	1358	笔试	46
bs	113	19	1359	比试	46
bs	113	19	349	摆设	47
bs	113	19	355	柏树	47
bs	113	19	715	罢市	47
bs	113	19	721	把守	47
bs	113	19	940	本色	47
bs	113	19	1042	便士	47
bs	113	19	1301	病逝	47
bs	113	19	1303	兵书	47
bs	113	19	1353	闭塞	47
bs	113	19	1360	鄙视	47
bs	113	19	1707	不顺	47
bs	113	19	1708	不俗	47
bs	113	19	351	百十	48
bs	113	19	357	百岁	48
bs	113	19	508	班上	48
bs	113	19	646	饱受	48
bs	113	19	714	跋涉	48
bs	113	19	722	罢手	48
bs	113	19	1124	镖师	48
bs	113	19	1126	表率	48
bs	113	19	1366	鄙俗	48
bs	113	19	1367	闭锁	48
bs	113	19	1461	剥蚀	48
bs	113	19	1692	不慎	48
bs	113	19	352	拜师	49
bs	113	19	466	榜首	49
bs	113	19	506	半山	49
bs	113	19	509	半身	49
bs	113	19	513	班师	49
bs	113	19	713	巴山	49
bs	113	19	716	八十	49
bs	113	19	717	巴士	49
bs	113	19	1038	边塞	49
bs	113	19	1043	辨识	49
bs	113	19	1044	变数	49
bs	113	19	1364	逼死	49
bs	113	19	1687	捕杀	49
bs	113	19	1690	布设	49
bs	113	19	1706	不衰	49
bs	113	19	511	半生	50
bs	113	19	649	保送	50
bs	113	19	724	八岁	50
bs	113	19	859	倍数	50
bs	113	19	860	背书	50
bs	113	19	1121	飙升	50
bs	113	19	1299	冰上	50
bs	113	19	1302	病史	50
bs	113	19	1304	冰水	50
bs	113	19	1351	比萨	50
bs	113	19	1361	彼时	50
bs	113	19	1693	补肾	50
bs	113	19	1701	布施	50
bsbx	1	0	1695	不声不响	50
bsc	1	0	514	办事处	41
bsd	2	3	647	保守党	48
bsd	2	3	1462	波士顿	48
bse	1	0	711	巴塞尔	50
bsh	1	0	853	北三环	49
bsj	2	3	945	本世纪	44
bsj	2	3	353	白世镜	50
bskb	1	0	347	白色恐怖	48
bsln	1	0	712	巴塞罗那	47
bsm	1	0	1365	俾斯麦	49
bsn	1	0	718	八十年	48
bsnd	1	0	719	八十年代	46
bsp	1	0	648	保守派	50
bss	2	3	1463	博士生	44
bss	2	3	650	保送生	50
bssj	1	0	1702	不失时机	49
bssl	1	0	356	百四十六	49
bsw	2	3	1465	波斯湾	46
bsw	2	3	1703	不失为	46
bsx	1	0	1045	变速箱	50
bsy	1	0	1466	波斯语	50
bsz	1	0	348	白沙洲	41
bt	38	15	1713	不同	28
bt	38	15	517	半天	37
bt	38	15	1712	不停	38
bt	38	15	362	摆脱	39
bt	38	15	1308	兵团	39
bt	38	15	359	白天	40
bt	38	15	950	本土	41
bt	38	15	1127	表态	41
bt	38	15	1046	变态	42
bt	38	15	520	版图	43
bt	38	15	1711	补贴	43
bt	38	15	865	悲痛	44
bt	38	15	948	奔腾	44
bt	38	15	1128	标题	44
bt	38	15	1714	不通	44
bt	38	15	1717	不妥	44
bt	38	15	726	把头	45
bt	38	15	518	半头	46
bt	38	15	864	碑亭	46
bt	38	15	1368	鼻涕	46
bt	38	15	360	百头	47
bt	38	15	654	暴徒	47
bt	38	15	949	本体	47
bt	38	15	1467	波涛	47
bt	38	15	361	败退	48
bt	38	15	651	宝塔	48
bt	38	15	653	包头	48
bt	38	15	1178	别提	48
bt	38	15	1306	病态	48
bt	38	15	363	拜托	49
bt	38	15	863	北塘	49
bt	38	15	918	崩塌	49
bt	38	15	1710	布条	49
bt	38	15	358	拜堂	50
bt	38	15	947	奔逃	50
bt	38	15	1048	变体	50
bt	38	15	1307	丙酮	50
bt	38	15	1468	拨通	50
btfy	1	0	1047	变态反应	50
btj	1	0	652	包天剑	47
btls	1	0	1049	遍体鳞伤	48
btm	1	0	519	半透明	49
bts	1	0	725	巴天石	48
btxc	1	0	1715	不同寻常	49
bty	1	0	1716	不同于	41
btzz	1	0	866	被统治者	43
bw	34	14	729	把握	38
bw	34	14	1310	并未	38
bw	34	14	1720	部位	38
bw	34	14	655	包围	39
bw	34	14	656	保卫	39
bw	34	14	868	北纬	39
bw	34	14	1050	变为	39
bw	34	14	1469	泊位	40
bw	34	14	364	百万	41
bw	34	14	1721	部委	41
bw	34	14	467	傍晚	42
bw	34	14	1370	比武	42
bw	34	14	869	北魏	43
bw	34	14	952	本文	44
bw	34	14	730	八五	45
bw	34	14	872	被窝	45
bw	34	14	660	宝物	46
bw	34	14	727	霸王	46
bw	34	14	1722	不畏	46
bw	34	14	1727	不问	46
bw	34	14	1728	不无	46
bw	34	14	523	斑纹	48
bw	34	14	951	本位	48
bw	34	14	659	保温	49
bw	34	14	871	碑文	49
bw	34	14	1718	不外	49
bw	34	14	1723	不惟	49
bw	34	14	365	败亡	50
bw	34	14	521	办完	50
bw	34	14	522	半碗	50
bw	34	14	870	卑微	50
bw	34	14	1311	病危	50
bw	34	14	1369	逼问	50
bw	34	14	1470	薄雾	50
bwg	2	3	1471	博物馆	36
bwg	2	3	1724	不为过	47
bwh	1	0	1719	不外乎	50
bwj	2	3	366	白万剑	44
bwj	2	3	728	八万斤	47
bwl	1	0	867	备忘录	47
bwq	1	0	657	包围圈	50
bwrz	1	0	1725	不为人知	48
bwwq	1	0	1726	不为瓦全	49
bwz	1	0	658	保卫战	49
bx	77	17	1376	必须	29
bx	77	17	1129	表现	30
bx	77	17	371	百姓	35
bx	77	17	1734	不想	35
bx	77	17	1745	不行	36
bx	77	17	661	保险	37
bx	77	17	1751	不许	37
bx	77	17	1372	陛下	38
bx	77	17	1732	不下	38
bx	77	17	373	白雪	39
bx	77	17	731	巴西	39
bx	77	17	1746	不幸	39
bx	77	17	1377	必需	40
bx	77	17	1473	剥削	40
bx	77	17	526	办学	41
bx	77	17	876	背心	41
bx	77	17	1055	编写	41
bx	77	17	1057	变形	41
bx	77	17	1738	不小	41
bx	77	17	957	本性	42
bx	77	17	1729	不惜	42
bx	77	17	1733	部下	42
bx	77	17	1747	步行	43
bx	77	17	874	北向	44
bx	77	17	1314	并行	44
bx	77	17	1316	冰雪	44
bx	77	17	669	暴行	45
bx	77	17	1313	冰箱	45
bx	77	17	1374	辟邪	45
bx	77	17	1742	不屑	45
bx	77	17	1748	不休	45
bx	77	17	525	颁行	46
bx	77	17	736	罢休	46
bx	77	17	956	本校	46
bx	77	17	1061	编修	46
bx	77	17	1735	不祥	46
bx	77	17	1736	不详	46
bx	77	17	1743	不懈	46
bx	77	17	1749	不朽	46
bx	77	17	1752	不须	46
bx	77	17	1753	补选	46
bx	77	17	1754	补血	46
bx	77	17	370	拜谢	47
bx	77	17	666	报销	47
bx	77	17	1053	变相	47
bx	77	17	367	百戏	48
bx	77	17	664	包厢	48
bx	77	17	732	把戏	48
bx	77	17	1058	变性	48
bx	77	17	1312	屏息	48
bx	77	17	1373	笔下	48
bx	77	17	1730	不息	48
bx	77	17	1739	不消	48
bx	77	17	1740	不孝	48
bx	77	17	667	报效	49
bx	77	17	733	八仙	49
bx	77	17	954	本县	49
bx	77	17	1051	辨析	49
bx	77	17	1059	变星	49
bx	77	17	1130	表象	49
bx	77	17	1315	秉性	49
bx	77	17	1371	鼻息	49
bx	77	17	1474	博学	49
bx	77	17	1741	不肖	49
bx	77	17	372	白须	50
bx	77	17	662	保鲜	50
bx	77	17	668	报信	50
bx	77	17	873	卑下	50
bx	77	17	875	背斜	50
bx	77	17	953	奔袭	50
bx	77	17	955	本相	50
bx	77	17	1052	边线	50
bx	77	17	1054	变小	50
bx	77	17	1060	变型	50
bx	77	17	1472	波形	50
bx	77	17	1731	补习	50
bx	77	17	1744	布鞋	50
bxb	2	3	369	白细胞	47
bxb	2	3	374	白血病	47
bxby	1	0	524	半信半疑	50
bxd	1	0	735	巴西队	46
bxf	1	0	663	保险费	50
bxg	2	3	1737	不相干	47
bxg	2	3	1750	不锈钢	49
bxgs	1	0	665	保险公司	49
bxjj	1	0	1475	剥削阶级	48
bxjq	1	0	877	被选举权	43
bxk	1	0	1375	必修课	50
bxl	2	3	1476	卜学亮	47
bxl	2	3	1131	表现力	49
bxp	1	0	1378	必需品	49
bxr	1	0	670	包惜弱	49
bxs	1	0	1056	便携式	49
bxw	1	0	368	白孝文	48
bxz	1	0	734	八仙桌	50
by	94	18	1757	不要	30
by	94	18	1385	毕业	34
by	94	18	1381	必要	35
by	94	18	679	宝玉	36
by	94	18	1132	表演	37
by	94	18	1776	不用	37
by	94	18	1070	边缘	39
by	94	18	1134	标语	39
by	94	18	1761	不易	39
by	94	18	739	八月	40
by	94	18	961	本月	40
by	94	18	1068	便于	40
by	94	18	1762	不宜	40
by	94	18	1785	不远	40
by	94	18	528	半夜	41
by	94	18	681	抱怨	41
by	94	18	878	北洋	41
by	94	18	886	北约	41
by	94	18	1763	不已	41
by	94	18	381	白衣	42
by	94	18	527	扮演	42
by	94	18	882	背影	42
by	94	18	1764	不一	42
by	94	18	1781	不语	42
by	94	18	738	八一	43
by	94	18	1064	变异	43
by	94	18	1318	病因	43
by	94	18	1777	不由	43
by	94	18	1782	捕鱼	43
by	94	18	468	榜眼	44
by	94	18	469	榜样	44
by	94	18	531	伴有	44
by	94	18	532	半月	44
by	94	18	677	保佑	44
by	94	18	680	暴雨	44
by	94	18	388	白云	45
by	94	18	533	搬运	45
by	94	18	959	本意	45
by	94	18	1062	边沿	45
by	94	18	1065	编译	45
by	94	18	1320	并用	45
by	94	18	1388	比喻	45
by	94	18	1477	博雅	45
by	94	18	1480	波音	45
by	94	18	1783	不予	45
by	94	18	377	白洋	46
by	94	18	383	白银	46
by	94	18	671	保养	46
by	94	18	674	包银	46
by	94	18	737	拔牙	46
by	94	18	884	备有	46
by	94	18	1067	编印	46
by	94	18	1133	表扬	46
by	94	18	380	白夜	47
by	94	18	672	宝业	47
by	94	18	673	报业	47
by	94	18	675	报应	47
by	94	18	883	备用	47
by	94	18	1066	便衣	47
by	94	18	1069	鳊鱼	47
by	94	18	1071	边远	47
by	94	18	1390	避孕	47
by	94	18	375	白眼	48
by	94	18	378	白羊	48
by	94	18	385	百余	48
by	94	18	386	白玉	48
by	94	18	678	保有	48
by	94	18	1317	兵役	48
by	94	18	1319	兵营	48
by	94	18	1387	鄙夷	48
by	94	18	1765	不意	48
by	94	18	1766	布衣	48
by	94	18	1767	不依	48
by	94	18	1784	不育	48
by	94	18	1787	不悦	48
by	94	18	376	百眼	49
by	94	18	379	白杨	49
by	94	18	382	白蚁	49
by	94	18	960	本原	49
by	94	18	1321	兵员	49
by	94	18	1338	濒于	49
by	94	18	1379	闭眼	49
by	94	18	1479	博弈	49
by	94	18	1755	不严	49
by	94	18	1768	布依	49
by	94	18	1789	不孕	49
by	94	18	529	半叶	50
by	94	18	676	宝应	50
by	94	18	885	北缘	50
by	94	18	958	本业	50
by	94	18	1322	病原	50
by	94	18	1380	鼻炎	50
by	94	18	1389	碧玉	50
by	94	18	1478	伯颜	50
byc	2	3	1786	不远处	45
byc	2	3	389	白云村	47
byd	1	0	1778	不由得	36
byet	1	0	1788	不约而同	45
byey	1	0	1756	不言而喻	47
byfs	1	0	1779	不由分说	50
byfw	1	0	1179	别有风味	47
bygs	1	0	1481	波音公司	48
byh	1	0	1769	不一会	49
byhe	1	0	1770	不一会儿	47
byj	1	0	1758	不要紧	45
byjf	1	0	879	北洋军阀	43
byl	2	3	387	白玉兰	46
byl	2	3	1759	不要脸	47
byld	1	0	1382	必要劳动	48
bylh	1	0	1771	不亦乐乎	50
byp	1	0	1135	标语牌	49
byq	1	0	1063	变压器	47
bys	3	4	1386	毕业生	36
bys	3	4	391	白玉石	49
bys	3	4	390	白云山	50
bysg	1	0	530	半夜三更	50
byss	1	0	880	北洋水师	50
byt	1	0	1323	病原体	49
bytj	1	0	1383	必要条件	46
bywr	1	0	1772	不以为然	46
bywy	1	0	1773	不以为意	49
byx	2	3	1072	扁圆形	46
byx	2	3	1384	必要性	47
byy	3	4	384	百亿元	46
byy	3	4	1391	避孕药	48
byy	3	4	1760	不亚于	48
byyl	1	0	1774	不遗余力	49
byyx	1	0	1180	别有用心	48
byz	1	0	1775	布依族	43
byzf	1	0	881	北洋政府	43
byzz	1	0	1780	不由自主	44
bz	133	20	1804	不知	30
bz	133	20	470	帮助	32
bz	133	20	691	保证	32
bz	133	20	1141	标准	32
bz	133	20	686	保障	34
bz	133	20	1790	不再	34
bz	133	20	1795	部长	34
bz	133	20	1824	不足	34
bz	133	20	1138	标志	36
bz	133	20	1791	不在	36
bz	133	20	695	报纸	37
bz	133	20	1080	编制	37
bz	133	20	685	爆炸	38
bz	133	20	965	本质	38
bz	133	20	1805	布置	38
bz	133	20	1818	不住	38
bz	133	20	1398	比重	39
bz	133	20	1399	鼻子	39
bz	133	20	1484	脖子	39
bz	133	20	471	帮主	40
bz	133	20	1820	不准	40
bz	133	20	698	抱住	41
bz	133	20	1393	笔者	41
bz	133	20	1806	不止	41
bz	133	20	392	摆在	42
bz	133	20	701	包装	42
bz	133	20	962	本章	42
bz	133	20	1081	变质	42
bz	133	20	1085	编钟	42
bz	133	20	1807	不致	42
bz	133	20	1816	不中	42
bz	133	20	1817	步骤	42
bz	133	20	397	白族	43
bz	133	20	699	保住	43
bz	133	20	889	卑职	43
bz	133	20	892	被子	43
bz	133	20	1082	贬值	43
bz	133	20	1339	殡葬	43
bz	133	20	1400	比作	43
bz	133	20	1483	播种	43
bz	133	20	1821	捕捉	43
bz	133	20	1825	部族	43
bz	133	20	534	班长	44
bz	133	20	538	班子	44
bz	133	20	702	孢子	44
bz	133	20	705	宝座	44
bz	133	20	972	奔走	44
bz	133	20	1089	鞭子	44
bz	133	20	1092	编纂	44
bz	133	20	1136	表彰	44
bz	133	20	541	伴奏	45
bz	133	20	703	豹子	45
bz	133	20	741	巴掌	45
bz	133	20	888	备战	45
bz	133	20	891	悲壮	45
bz	133	20	893	杯子	45
bz	133	20	894	辈子	45
bz	133	20	963	本着	45
bz	133	20	1083	编织	45
bz	133	20	1090	辫子	45
bz	133	20	1144	婊子	45
bz	133	20	1395	笔直	45
bz	133	20	1819	补助	45
bz	133	20	395	白纸	46
bz	133	20	536	斑竹	46
bz	133	20	682	包扎	46
bz	133	20	683	宝藏	46
bz	133	20	696	报知	46
bz	133	20	742	八中	46
bz	133	20	743	霸主	46
bz	133	20	744	八字	46
bz	133	20	890	北周	46
bz	133	20	1077	辩证	46
bz	133	20	1091	编组	46
bz	133	20	393	败仗	47
bz	133	20	396	白昼	47
bz	133	20	684	暴躁	47
bz	133	20	697	保重	47
bz	133	20	968	本周	47
bz	133	20	971	本子	47
bz	133	20	1078	辨证	47
bz	133	20	1137	表征	47
bz	133	20	1325	兵制	47
bz	133	20	1394	逼真	47
bz	133	20	1800	不正	47
bz	133	20	1822	步子	47
bz	133	20	687	暴涨	48
bz	133	20	704	包子	48
bz	133	20	967	笨重	48
bz	133	20	969	本州	48
bz	133	20	970	笨拙	48
bz	133	20	1073	编造	48
bz	133	20	1074	变招	48
bz	133	20	1075	编者	48
bz	133	20	1086	变种	48
bz	133	20	1088	编撰	48
bz	133	20	1181	别致	48
bz	133	20	1324	病症	48
bz	133	20	1326	兵种	48
bz	133	20	1327	病重	48
bz	133	20	1328	并重	48
bz	133	20	1340	宾主	48
bz	133	20	1396	比值	48
bz	133	20	1801	不争	48
bz	133	20	472	膀子	49
bz	133	20	473	梆子	49
bz	133	20	539	板子	49
bz	133	20	543	扮作	49
bz	133	20	688	保长	49
bz	133	20	740	霸占	49
bz	133	20	745	靶子	49
bz	133	20	887	倍增	49
bz	133	20	896	碑座	49
bz	133	20	1140	标注	49
bz	133	20	1329	并州	49
bz	133	20	1332	并作	49
bz	133	20	1397	币制	49
bz	133	20	1796	补涨	49
bz	133	20	1799	布阵	49
bz	133	20	1808	不值	49
bz	133	20	474	帮子	50
bz	133	20	542	搬走	50
bz	133	20	692	暴政	50
bz	133	20	700	爆竹	50
bz	133	20	746	把子	50
bz	133	20	964	本镇	50
bz	133	20	1087	编著	50
bz	133	20	1139	标致	50
bz	133	20	1330	屏住	50
bz	133	20	1331	兵卒	50
bz	133	20	1392	比照	50
bz	133	20	1482	波折	50
bz	133	20	1809	不支	50
bza	1	0	1076	编者按	49
bzbj	1	0	1810	不知不觉	43
bzbk	1	0	1798	不折不扣	48
bzd	1	0	540	半自动	50
bzf	1	0	1079	辩证法	45
bzgz	1	0	966	本职工作	49
bzh	2	3	1792	不在乎	44
bzh	2	3	1142	标准化	45
bzhx	1	0	1793	不在话下	46
bzhy	1	0	1797	部长会议	49
bzj	3	4	1823	不自禁	46
bzj	3	4	1143	标准计	47
bzj	3	4	693	保证金	50
bzkf	1	0	1811	不置可否	50
bzm	1	0	1794	不怎么	47
bzmd	1	0	535	半殖民地	45
bzqx	1	0	1812	不知去向	46
bzr	1	0	537	班主任	44
bzs	3	4	1802	布政使	42
bzs	3	4	1826	不做声	48
bzs	3	4	689	爆炸声	50
bzsc	1	0	1813	不知所措	46
bzt	2	3	694	保贞堂	47
bzt	2	3	394	拜占庭	50
bzwq	1	0	1827	不足为奇	49
bzx	1	0	690	爆炸性	50
bzy	4	6	1814	不至于	43
bzy	4	6	1084	变质岩	44
bzy	4	6	1828	不足以	44
bzy	4	6	1815	不致于	48
bzzf	1	0	1803	不正之风	49
bzzw	1	0	895	被子植物	48
ca	7	8	2160	长安	34
ca	7	8	2004	草案	39
ca	7	8	1909	惨案	41
ca	7	8	2448	尘埃	46
ca	7	8	2797	宠爱	46
ca	7	8	3287	此案	47
ca	7	8	3286	慈爱	49
cac	1	0	2161	长安城	48
caj	1	0	2162	长安街	40
cb	51	16	2468	城邦	32
cb	51	16	3051	出版	34
cb	51	16	2473	成本	35
cb	51	16	2925	传播	36
cb	51	16	3056	初步	36
cb	51	16	2098	差别	38
cb	51	16	2946	创办	38
cb	51	16	2926	船舶	39
cb	51	16	3054	储备	40
cb	51	16	3386	从不	40
cb	51	16	2731	赤壁	41
cb	51	16	2798	崇拜	41
cb	51	16	1919	苍白	42
cb	51	16	2471	城北	42
cb	51	16	2877	筹备	42
cb	51	16	3055	出兵	42
cb	51	16	3288	糍粑	42
cb	51	16	2469	承包	43
cb	51	16	2470	城堡	43
cb	51	16	2730	翅膀	44
cb	51	16	2005	草本	45
cb	51	16	2097	茶杯	45
cb	51	16	3289	慈悲	45
cb	51	16	1910	惨白	46
cb	51	16	1911	惨败	46
cb	51	16	1913	残暴	46
cb	51	16	2449	晨报	46
cb	51	16	2465	成败	46
cb	51	16	2466	承办	46
cb	51	16	2467	惩办	46
cb	51	16	2947	床边	46
cb	51	16	3158	纯白	46
cb	51	16	3486	挫败	46
cb	51	16	2340	超标	47
cb	51	16	2924	传遍	47
cb	51	16	3433	粗暴	47
cb	51	16	2339	抄本	48
cb	51	16	2464	称霸	48
cb	51	16	1830	财宝	49
cb	51	16	1912	参拜	49
cb	51	16	1914	残部	49
cb	51	16	2876	筹办	49
cb	51	16	3290	辞别	49
cb	51	16	1829	采办	50
cb	51	16	2096	查办	50
cb	51	16	2338	朝拜	50
cb	51	16	2423	撤兵	50
cb	51	16	2472	成倍	50
cb	51	16	2928	传布	50
cb	51	16	3050	初八	50
cb	51	16	3434	粗布	50
cbd	2	3	2099	差不多	37
cbd	2	3	2452	陈伯达	48
cbh	1	0	2878	筹备会	48
cbjf	1	0	3435	猝不及防	49
cbq	2	3	2451	陈币桥	47
cbq	2	3	3442	崔百泉	50
cbs	3	4	3052	出版社	41
cbs	3	4	2163	长白山	47
cbs	3	4	2732	赤壁市	47
cbw	1	0	3053	出版物	46
cbz	2	3	2450	陈宝柱	47
cbz	2	3	2927	传播者	48
cbzw	1	0	2006	草本植物	49
cc	100	18	1833	财产	33
cc	100	18	2164	常常	35
cc	100	18	3387	从此	35
cc	100	18	3294	此次	36
cc	100	18	2007	曹操	38
cc	100	18	2425	车程	38
cc	100	18	2073	层次	39
cc	100	18	2169	长城	39
cc	100	18	3293	此处	39
cc	100	18	3388	匆匆	39
cc	100	18	2119	拆除	40
cc	100	18	3064	处处	40
cc	100	18	2343	超出	41
cc	100	18	2800	重重	41
cc	100	18	2933	传出	41
cc	100	18	3071	储存	41
cc	100	18	3160	纯粹	41
cc	100	18	3292	磁场	41
cc	100	18	3461	存储	41
cc	100	18	1831	猜测	42
cc	100	18	2012	草丛	42
cc	100	18	2171	长春	42
cc	100	18	2735	尺寸	42
cc	100	18	2881	抽出	42
cc	100	18	3445	催促	42
cc	100	18	2071	层层	43
cc	100	18	2100	查处	43
cc	100	18	2341	炒菜	43
cc	100	18	2477	城池	43
cc	100	18	2803	冲出	43
cc	100	18	3062	出场	43
cc	100	18	3437	促成	43
cc	100	18	2101	查出	44
cc	100	18	2882	踌躇	44
cc	100	18	3061	出产	44
cc	100	18	3067	初次	44
cc	100	18	3436	粗糙	44
cc	100	18	1832	采茶	45
cc	100	18	2009	草场	45
cc	100	18	2150	产出	45
cc	100	18	2428	撤出	45
cc	100	18	2475	乘车	45
cc	100	18	2478	成虫	45
cc	100	18	2734	迟迟	45
cc	100	18	3060	出差	45
cc	100	18	3443	摧残	45
cc	100	18	2010	操场	46
cc	100	18	2165	尝尝	46
cc	100	18	2342	朝臣	46
cc	100	18	2883	抽搐	46
cc	100	18	2884	筹措	46
cc	100	18	2929	船舱	46
cc	100	18	3159	莼菜	46
cc	100	18	3389	淙淙	46
cc	100	18	1915	残存	47
cc	100	18	2011	操持	47
cc	100	18	2069	参差	47
cc	100	18	2102	差错	47
cc	100	18	2166	长长	47
cc	100	18	2170	长处	47
cc	100	18	2426	车城	47
cc	100	18	2454	沉沉	47
cc	100	18	2455	沉船	47
cc	100	18	2479	惩处	47
cc	100	18	2799	充斥	47
cc	100	18	2804	冲刺	47
cc	100	18	2932	传承	47
cc	100	18	1922	仓促	48
cc	100	18	2008	草草	48
cc	100	18	2118	柴草	48
cc	100	18	2151	蟾蜍	48
cc	100	18	2429	撤除	48
cc	100	18	2430	车窗	48
cc	100	18	2474	成才	48
cc	100	18	2480	乘船	48
cc	100	18	2733	驰骋	48
cc	100	18	2879	抽查	48
cc	100	18	2930	穿插	48
cc	100	18	2931	船厂	48
cc	100	18	2948	创出	48
cc	100	18	3487	措辞	48
cc	100	18	1834	彩绸	49
cc	100	18	1921	藏传	49
cc	100	18	2053	测出	49
cc	100	18	2152	铲除	49
cc	100	18	2174	场次	49
cc	100	18	2424	车臣	49
cc	100	18	2476	称臣	49
cc	100	18	2880	惆怅	49
cc	100	18	2934	穿刺	49
cc	100	18	3057	储藏	49
cc	100	18	3065	楚楚	49
cc	100	18	3066	橱窗	49
cc	100	18	3068	楚辞	49
cc	100	18	3072	出错	49
cc	100	18	1920	仓储	50
cc	100	18	1923	仓卒	50
cc	100	18	3063	出厂	50
cc	100	18	3291	磁层	50
cc	100	18	3444	璀璨	50
ccbq	2	3	2072	层出不穷	47
ccbq	2	3	2070	参差不齐	50
ccd	4	6	2167	长长的	43
ccd	4	6	2802	重重地	48
ccd	4	6	2801	重重的	49
ccd	4	6	2168	长长地	50
ccj	1	0	3059	除草剂	50
ccl	1	0	3058	储藏量	46
ccmm	1	0	3390	匆匆忙忙	49
ccq	1	0	3462	存储器	47
ccs	1	0	2172	长春市	50
ccx	2	3	2427	车城西	44
ccx	2	3	2068	岑春煊	47
ccyt	1	0	2173	长春亚泰	50
ccyw	1	0	3069	除此以外	50
ccz	1	0	2453	陈昌智	47
cczw	1	0	3070	除此之外	44
cd	89	18	2487	程度	32
cd	89	18	2432	彻底	35
cd	89	18	2481	承担	36
cd	89	18	2488	成都	37
cd	89	18	2054	测定	39
cd	89	18	2182	长度	39
cd	89	18	2940	传递	39
cd	89	18	2153	产地	41
cd	89	18	2176	倡导	41
cd	89	18	2806	充当	41
cd	89	18	2810	冲动	41
cd	89	18	2104	差点	42
cd	89	18	2155	颤抖	42
cd	89	18	2181	场地	42
cd	89	18	2344	朝代	42
cd	89	18	2485	称帝	42
cd	89	18	2737	赤道	42
cd	89	18	2935	传达	42
cd	89	18	2938	传到	42
cd	89	18	3078	出动	42
cd	89	18	3298	此地	42
cd	89	18	3300	词典	42
cd	89	18	2013	草地	43
cd	89	18	2180	常德	43
cd	89	18	2741	尺度	43
cd	89	18	3296	刺刀	43
cd	89	18	2183	长短	44
cd	89	18	2458	沉淀	44
cd	89	18	2941	传动	44
cd	89	18	3438	粗大	44
cd	89	18	1838	彩电	45
cd	89	18	1917	蚕豆	45
cd	89	18	2014	草甸	45
cd	89	18	2154	颤动	45
cd	89	18	2345	超导	45
cd	89	18	2809	重叠	45
cd	89	18	2936	穿戴	45
cd	89	18	2943	船队	45
cd	89	18	2949	床单	45
cd	89	18	3079	触动	45
cd	89	18	2055	策动	46
cd	89	18	2175	畅达	46
cd	89	18	2177	肠道	46
cd	89	18	2486	城东	46
cd	89	18	2738	迟到	46
cd	89	18	2740	吃掉	46
cd	89	18	2807	充电	46
cd	89	18	2888	抽调	46
cd	89	18	2939	传导	46
cd	89	18	3100	吹灯	46
cd	89	18	3295	磁带	46
cd	89	18	1840	裁定	47
cd	89	18	2434	车队	47
cd	89	18	2482	称道	47
cd	89	18	2739	持刀	47
cd	89	18	2742	迟钝	47
cd	89	18	3077	除掉	47
cd	89	18	1835	菜单	48
cd	89	18	2178	尝到	48
cd	89	18	2179	唱道	48
cd	89	18	2431	车道	48
cd	89	18	2890	绸缎	48
cd	89	18	2937	传单	48
cd	89	18	3080	初冬	48
cd	89	18	1841	裁断	49
cd	89	18	2103	茶道	49
cd	89	18	2483	承德	49
cd	89	18	2736	痴呆	49
cd	89	18	2805	冲淡	49
cd	89	18	2808	冲掉	49
cd	89	18	2887	仇敌	49
cd	89	18	3073	初等	49
cd	89	18	3075	出点	49
cd	89	18	3161	纯度	49
cd	89	18	3297	此等	49
cd	89	18	3299	次第	49
cd	89	18	3301	辞典	49
cd	89	18	3430	攒动	49
cd	89	18	3431	篡夺	49
cd	89	18	1836	菜刀	50
cd	89	18	1837	菜地	50
cd	89	18	1916	惨淡	50
cd	89	18	2106	插队	50
cd	89	18	2433	车底	50
cd	89	18	2885	抽打	50
cd	89	18	2886	绸带	50
cd	89	18	2942	川东	50
cd	89	18	3076	触电	50
cd	89	18	3446	催动	50
cdd	1	0	2459	沉甸甸	49
cde	1	0	2105	差点儿	50
cdf	1	0	2889	臭豆腐	46
cdh	1	0	2456	陈达海	48
cdjq	1	0	2489	成都军区	50
cdjy	1	0	3074	初等教育	46
cdm	1	0	2457	陈大民	47
cdq	3	4	1839	蔡甸区	47
cdq	3	4	2074	曾都区	47
cdq	3	4	3391	从大清	49
cds	3	4	2460	陈东升	47
cds	3	4	2484	称得上	47
cds	3	4	2490	成都市	47
cdx	1	0	2461	陈独秀	42
ce	9	9	3392	从而	33
ce	9	9	2107	差额	45
ce	9	9	2346	超额	46
ce	9	9	2056	侧耳	47
ce	9	9	2184	嫦娥	47
ce	9	9	2891	丑恶	47
ce	9	9	3302	刺耳	48
ce	9	9	3081	初二	49
ce	9	9	3303	词儿	49
cek	1	0	2435	车尔库	48
celr	1	0	2347	超额利润	47
ces	1	0	2108	查尔斯	48
cexj	1	0	2109	差额选举	42
cf	49	16	2812	充分	33
cf	49	16	1847	财富	35
cf	49	16	1845	采访	36
cf	49	16	2496	成分	36
cf	49	16	3082	出发	36
cf	49	16	2744	吃饭	37
cf	49	16	2817	重复	39
cf	49	16	3083	处罚	40
cf	49	16	2491	惩罚	41
cf	49	16	3087	厨房	41
cf	49	16	3090	除非	41
cf	49	16	3091	处分	41
cf	49	16	2743	吃法	44
cf	49	16	2158	产妇	45
cf	49	16	2811	重返	45
cf	49	16	3088	出访	45
cf	49	16	3463	存放	45
cf	49	16	1918	残废	46
cf	49	16	2057	册封	46
cf	49	16	2159	搀扶	46
cf	49	16	2186	厂房	46
cf	49	16	2494	成方	46
cf	49	16	2813	冲锋	46
cf	49	16	3089	处方	46
cf	49	16	3162	春风	46
cf	49	16	3304	此法	46
cf	49	16	1846	裁缝	47
cf	49	16	2185	长发	47
cf	49	16	2348	嘲讽	47
cf	49	16	2349	朝服	47
cf	49	16	2436	车夫	47
cf	49	16	3084	触发	47
cf	49	16	3086	触犯	47
cf	49	16	2462	臣服	48
cf	49	16	2497	成份	48
cf	49	16	2814	重逢	48
cf	49	16	1842	采伐	49
cf	49	16	2188	偿付	49
cf	49	16	2492	成法	49
cf	49	16	2493	乘法	49
cf	49	16	3464	村坊	49
cf	49	16	1843	财阀	50
cf	49	16	2110	茶坊	50
cf	49	16	2111	查封	50
cf	49	16	2156	阐发	50
cf	49	16	2157	禅房	50
cf	49	16	2495	城防	50
cf	49	16	2944	船夫	50
cf	49	16	3439	粗放	50
cfd	1	0	3085	出发点	45
cfh	1	0	3101	吹风会	48
cfl	1	0	1844	采伐量	46
cfq	1	0	2815	冲锋枪	45
cfx	1	0	2187	长方形	40
cfxz	1	0	2816	冲锋陷阵	50
cfz	1	0	2463	陈富忠	46
cg	31	14	2351	超过	31
cg	31	14	2498	成功	32
cg	31	14	2501	成果	35
cg	31	14	1941	参观	38
cg	31	14	1849	采购	39
cg	31	14	2192	常规	40
cg	31	14	2974	穿过	40
cg	31	14	3093	出国	42
cg	31	14	1942	餐馆	43
cg	31	14	2818	崇高	43
cg	31	14	2746	持股	44
cg	31	14	2950	传给	44
cg	31	14	2112	茶馆	45
cg	31	14	2189	唱歌	45
cg	31	14	3094	楚国	45
cg	31	14	2352	炒锅	46
cg	31	14	3095	出过	47
cg	31	14	1848	才干	48
cg	31	14	2190	长工	48
cg	31	14	2500	成规	48
cg	31	14	2819	崇光	48
cg	31	14	3440	粗犷	48
cg	31	14	1924	舱盖	49
cg	31	14	2015	草稿	49
cg	31	14	2016	草根	49
cg	31	14	2745	斥革	49
cg	31	14	2191	场馆	50
cg	31	14	2350	朝贡	50
cg	31	14	2502	城郭	50
cg	31	14	3092	出关	50
cg	31	14	3432	篡改	50
cgb	1	0	3465	村干部	48
cgf	1	0	2075	曾国藩	48
cgl	1	0	2499	成功率	47
cgq	2	3	2945	传感器	44
cgq	2	3	2577	陈国强	49
cgs	1	0	2193	常规赛	47
ch	64	17	3305	此后	35
ch	64	17	2504	称号	37
ch	64	17	2194	场合	38
ch	64	17	1856	彩绘	40
ch	64	17	2748	池河	40
ch	64	17	2058	策划	41
ch	64	17	2505	称呼	41
ch	64	17	3449	摧毁	41
ch	64	17	3310	词汇	42
ch	64	17	2120	柴禾	43
ch	64	17	2506	成化	43
ch	64	17	2892	仇恨	43
ch	64	17	2951	窗户	43
ch	64	17	3306	伺候	43
ch	64	17	1853	彩画	44
ch	64	17	1925	沧海	44
ch	64	17	2195	长河	44
ch	64	17	2197	偿还	44
ch	64	17	3447	催化	44
ch	64	17	1854	才华	45
ch	64	17	2196	长虹	45
ch	64	17	2893	筹划	45
ch	64	17	2952	创汇	45
ch	64	17	2993	传呼	45
ch	64	17	1855	采花	46
ch	64	17	2059	测绘	46
ch	64	17	2437	撤回	46
ch	64	17	2749	吃喝	46
ch	64	17	3096	出海	46
ch	64	17	3098	出乎	46
ch	64	17	3163	醇厚	46
ch	64	17	3185	绰号	46
ch	64	17	1851	彩虹	47
ch	64	17	1927	仓皇	47
ch	64	17	2305	忏悔	47
ch	64	17	2503	成行	47
ch	64	17	2508	成婚	47
ch	64	17	2750	迟缓	47
ch	64	17	3097	出汗	47
ch	64	17	3307	此话	47
ch	64	17	3308	磁化	47
ch	64	17	3427	凑合	47
ch	64	17	1948	残害	48
ch	64	17	1949	残骸	48
ch	64	17	2114	茶壶	48
ch	64	17	2115	插话	48
ch	64	17	2117	查获	48
ch	64	17	2122	柴火	48
ch	64	17	3466	存活	48
ch	64	17	1926	藏画	49
ch	64	17	2116	茶花	49
ch	64	17	2121	拆毁	49
ch	64	17	2353	超乎	49
ch	64	17	2438	车祸	49
ch	64	17	2507	承欢	49
ch	64	17	2820	重合	49
ch	64	17	2994	传话	49
ch	64	17	3393	聪慧	49
ch	64	17	3467	存货	49
ch	64	17	1950	参会	50
ch	64	17	2354	巢湖	50
ch	64	17	3309	雌花	50
ch	64	17	3441	粗话	50
ch	64	17	3450	淬火	50
chc	1	0	2017	曹化淳	47
che	1	0	2113	察哈尔	47
chh	1	0	2630	陈皇后	49
chj	1	0	3448	催化剂	42
chs	1	0	1850	蔡和森	49
cht	1	0	2747	迟浩田	49
chyl	1	0	3099	出乎意料	48
chz	1	0	1852	蔡宏柱	47
cj	112	19	1952	参加	29
cj	112	19	2203	长江	29
cj	112	19	2076	曾经	34
cj	112	19	2509	成绩	34
cj	112	19	3458	促进	34
cj	112	19	2521	成就	36
cj	112	19	2824	重建	36
cj	112	19	2201	常见	37
cj	112	19	3311	刺激	37
cj	112	19	2202	长剑	38
cj	112	19	2821	冲击	38
cj	112	19	2953	创建	38
cj	112	19	2137	差距	39
cj	112	19	3114	初级	39
cj	112	19	2631	沉积	40
cj	112	19	3168	春节	40
cj	112	19	2510	乘机	41
cj	112	19	2753	吃惊	41
cj	112	19	3166	春季	41
cj	112	19	3313	此间	41
cj	112	19	3316	此举	41
cj	112	19	2210	场景	42
cj	112	19	2211	长久	42
cj	112	19	2355	超级	42
cj	112	19	2514	城郊	42
cj	112	19	2755	持久	42
cj	112	19	3125	处境	42
cj	112	19	3126	出境	42
cj	112	19	3167	纯碱	42
cj	112	19	1857	采集	43
cj	112	19	1861	财经	43
cj	112	19	1862	裁决	43
cj	112	19	1951	残疾	43
cj	112	19	1953	参见	43
cj	112	19	2139	察觉	43
cj	112	19	2199	厂家	43
cj	112	19	2439	车间	43
cj	112	19	2515	成交	43
cj	112	19	2632	趁机	43
cj	112	19	3115	出击	43
cj	112	19	2200	长假	44
cj	112	19	1959	参军	45
cj	112	19	2356	吵架	45
cj	112	19	2440	撤军	45
cj	112	19	2641	沉浸	45
cj	112	19	2642	沉井	45
cj	112	19	2896	筹建	45
cj	112	19	3116	触及	45
cj	112	19	3117	出嫁	45
cj	112	19	3169	纯洁	45
cj	112	19	2133	茶几	46
cj	112	19	2212	猖獗	46
cj	112	19	2633	沉寂	46
cj	112	19	2643	沉静	46
cj	112	19	2647	陈旧	46
cj	112	19	2756	吃酒	46
cj	112	19	2822	冲积	46
cj	112	19	2831	充军	46
cj	112	19	2894	筹集	46
cj	112	19	2957	闯进	46
cj	112	19	2997	传教	46
cj	112	19	3118	出家	46
cj	112	19	3120	触角	46
cj	112	19	3128	出具	46
cj	112	19	3170	纯净	46
cj	112	19	3488	错觉	46
cj	112	19	1859	裁减	47
cj	112	19	1864	裁军	47
cj	112	19	1955	惨叫	47
cj	112	19	2518	承接	47
cj	112	19	2638	沉降	47
cj	112	19	2827	崇敬	47
cj	112	19	2828	憧憬	47
cj	112	19	3394	从今	47
cj	112	19	2060	测距	48
cj	112	19	2123	拆解	48
cj	112	19	2357	抄家	48
cj	112	19	2358	朝见	48
cj	112	19	3130	处决	48
cj	112	19	3317	磁矩	48
cj	112	19	3396	从军	48
cj	112	19	3428	凑近	48
cj	112	19	1858	猜忌	49
cj	112	19	1958	餐具	49
cj	112	19	2134	差价	49
cj	112	19	2360	朝觐	49
cj	112	19	2361	潮剧	49
cj	112	19	2513	城建	49
cj	112	19	2752	吃紧	49
cj	112	19	2823	充饥	49
cj	112	19	2895	仇家	49
cj	112	19	2995	船家	49
cj	112	19	3119	初见	49
cj	112	19	3122	出界	49
cj	112	19	3318	词句	49
cj	112	19	1863	采掘	50
cj	112	19	1954	蚕茧	50
cj	112	19	2135	插件	50
cj	112	19	2136	查禁	50
cj	112	19	2138	茶具	50
cj	112	19	2198	娼妓	50
cj	112	19	2209	长街	50
cj	112	19	2306	产经	50
cj	112	19	2511	乘积	50
cj	112	19	2512	成家	50
cj	112	19	2519	惩戒	50
cj	112	19	2751	赤脚	50
cj	112	19	2954	创见	50
cj	112	19	2999	川剧	50
cj	112	19	3129	出局	50
cj	112	19	3131	触觉	50
cj	112	19	3312	次级	50
cjb	1	0	2825	冲击波	49
cjd	1	0	2996	穿甲弹	49
cjdg	1	0	2359	超级大国	49
cjdq	1	0	2204	长江大桥	36
cjg	1	0	2634	陈佳贵	47
cjgm	1	0	3132	初具规模	49
cjh	1	0	2635	陈家湖	47
cjj	1	0	2636	谌家矶	47
cjjd	1	0	3123	初级阶段	43
cjk	1	0	2205	长江口	50
cjl	3	4	2637	陈家洛	38
cjl	3	4	2516	成交量	47
cjl	3	4	2826	冲击力	49
cjly	1	0	2206	长江流域	41
cjn	2	3	2646	陈近南	45
cjn	2	3	3124	楚纪南	47
cjp	1	0	2640	陈家铺	47
cjpy	1	0	2829	冲积平原	44
cjq	1	0	2644	陈镜泉	50
cjr	3	4	1957	残疾人	42
cjr	3	4	3121	出家人	46
cjr	3	4	2955	创建人	50
cjs	5	6	2998	传教士	46
cjs	5	6	2639	陈建生	47
cjs	5	6	2754	池际尚	47
cjs	5	6	3314	雌激素	47
cjs	5	6	2830	冲积扇	50
cjsh	1	0	2520	成吉思汗	41
cjsx	1	0	2207	长江三峡	43
cjt	1	0	1860	蔡家潭	47
cjw	1	0	2648	沉积物	46
cjx	2	3	2517	城郊型	47
cjx	2	3	3315	刺激性	47
cjy	5	6	3127	出境游	47
cjy	5	6	2208	常见于	48
cjy	5	6	2645	陈警云	49
cjy	5	6	2649	沉积岩	49
cjy	5	6	2061	测距仪	50
cjyh	1	0	3395	从今以后	49
cjz	3	4	2956	创建者	41
cjz	3	4	1956	参加者	49
cjz	3	4	2757	持久战	49
ck	34	14	3133	出口	33
ck	34	14	3319	此刻	36
ck	34	14	1961	参考	37
ck	34	14	2141	查看	39
ck	34	14	1963	残酷	40
ck	34	14	2959	窗口	41
ck	34	14	1928	仓库	42
ck	34	14	3469	存款	42
ck	34	14	1964	惭愧	43
ck	34	14	2142	察看	43
ck	34	14	2213	敞开	43
ck	34	14	2522	乘客	43
ck	34	14	2832	冲开	44
ck	34	14	3320	刺客	44
ck	34	14	1865	采矿	45
ck	34	14	2124	拆开	45
ck	34	14	2523	诚恳	45
ck	34	14	2958	创刊	45
ck	34	14	2760	吃亏	46
ck	34	14	2143	插口	47
ck	34	14	2759	吃苦	47
ck	34	14	2214	畅快	48
ck	34	14	3001	穿孔	48
ck	34	14	2018	曹锟	49
ck	34	14	2215	猖狂	49
ck	34	14	3000	传开	49
ck	34	14	1960	参看	50
ck	34	14	1965	灿坤	50
ck	34	14	2140	岔开	50
ck	34	14	2216	厂矿	50
ck	34	14	2897	抽空	50
ck	34	14	2898	愁苦	50
ck	34	14	2960	创口	50
ck	34	14	3468	村口	50
cke	1	0	3134	出口额	50
ckg	1	0	3135	出口国	49
ckl	1	0	3136	出口量	49
ckr	1	0	2758	持卡人	49
cks	1	0	1962	参考书	49
cky	1	0	1866	采矿业	49
cl	72	17	3137	出来	27
cl	72	17	2524	成立	31
cl	72	17	1869	材料	32
cl	72	17	3141	处理	32
cl	72	17	3139	除了	33
cl	72	17	2308	产量	34
cl	72	17	2529	城楼	35
cl	72	17	3397	从来	36
cl	72	17	2063	测量	37
cl	72	17	3145	储量	37
cl	72	17	2064	策略	38
cl	72	17	2525	城里	38
cl	72	17	3002	传来	38
cl	72	17	2309	产卵	39
cl	72	17	2443	车辆	39
cl	72	17	2961	创立	39
cl	72	17	3470	村里	40
cl	72	17	1966	灿烂	41
cl	72	17	2362	潮流	41
cl	72	17	3148	出路	42
cl	72	17	3321	此类	42
cl	72	17	3399	丛林	42
cl	72	17	2020	操练	43
cl	72	17	2223	常绿	43
cl	72	17	2650	陈列	43
cl	72	17	1868	财力	44
cl	72	17	3005	传令	44
cl	72	17	1969	残留	45
cl	72	17	2062	册立	45
cl	72	17	2217	长廊	45
cl	72	17	2441	撤离	45
cl	72	17	2899	丑陋	45
cl	72	17	3142	出力	45
cl	72	17	3143	矗立	45
cl	72	17	3149	出炉	45
cl	72	17	3473	村落	45
cl	72	17	3490	错落	45
cl	72	17	2144	查理	46
cl	72	17	2219	厂里	46
cl	72	17	2445	车轮	46
cl	72	17	2763	齿轮	46
cl	72	17	3138	出栏	46
cl	72	17	1929	苍老	47
cl	72	17	1968	惨烈	47
cl	72	17	2962	窗帘	47
cl	72	17	1967	参量	48
cl	72	17	2145	茶楼	48
cl	72	17	2218	长乐	48
cl	72	17	2220	常理	48
cl	72	17	2222	常量	48
cl	72	17	2442	车里	48
cl	72	17	2761	吃力	48
cl	72	17	3004	串联	48
cl	72	17	3459	粗鲁	48
cl	72	17	3460	粗略	48
cl	72	17	1930	苍凉	49
cl	72	17	2307	蝉联	49
cl	72	17	2764	赤裸	49
cl	72	17	3102	垂泪	49
cl	72	17	3322	此理	49
cl	72	17	2019	操劳	50
cl	72	17	2021	草料	50
cl	72	17	2146	岔路	50
cl	72	17	2221	常例	50
cl	72	17	2363	抄录	50
cl	72	17	2526	成例	50
cl	72	17	2762	敕令	50
cl	72	17	3103	锤炼	50
cl	72	17	3144	初恋	50
cl	72	17	3451	翠绿	50
cl	72	17	3471	存量	50
cl	72	17	3489	错乱	50
clb	1	0	3398	从来不	41
clbc	1	0	3140	出类拔萃	50
cld	1	0	3003	船老大	50
clj	1	0	3146	处理机	49
cll	3	4	2077	曾令良	47
cll	3	4	2765	赤裸裸	49
cll	3	4	2444	车流量	50
clp	1	0	2530	承露盘	49
clq	1	0	3147	处理器	42
clr	2	3	2528	城里人	47
clr	2	3	3472	村里人	47
cls	2	3	2527	程灵素	42
cls	2	3	2651	陈履生	49
cltz	1	0	3104	垂帘听政	46
clz	2	3	1867	菜篮子	47
clz	2	3	2963	创立者	50
cm	49	16	2833	充满	35
cm	49	16	2532	城门	38
cm	49	16	2656	沉默	38
cm	49	16	3402	聪明	38
cm	49	16	2226	场面	39
cm	49	16	3152	出门	39
cm	49	16	2311	阐明	40
cm	49	16	3474	村民	40
cm	49	16	2078	层面	41
cm	49	16	3006	传媒	41
cm	49	16	3154	出名	41
cm	49	16	1970	参谋	42
cm	49	16	2654	臣民	42
cm	49	16	3151	出卖	42
cm	49	16	3153	出面	42
cm	49	16	2066	侧面	43
cm	49	16	2364	炒米	44
cm	49	16	2767	驰名	44
cm	49	16	3401	从没	44
cm	49	16	2147	查明	45
cm	49	16	2224	长矛	45
cm	49	16	2902	稠密	45
cm	49	16	3150	出马	45
cm	49	16	3400	匆忙	45
cm	49	16	2024	草木	46
cm	49	16	2227	唱名	46
cm	49	16	2365	炒面	46
cm	49	16	2533	成名	46
cm	49	16	3155	出没	46
cm	49	16	2310	缠绵	47
cm	49	16	2531	乘马	47
cm	49	16	2657	沉没	47
cm	49	16	2923	揣摩	47
cm	49	16	1870	采煤	48
cm	49	16	1931	苍茫	48
cm	49	16	2065	策马	48
cm	49	16	2446	车马	48
cm	49	16	2652	沉闷	48
cm	49	16	2900	筹码	48
cm	49	16	1932	舱门	49
cm	49	16	2022	草帽	49
cm	49	16	2447	车门	49
cm	49	16	3156	触摸	49
cm	49	16	3452	催眠	49
cm	49	16	2023	草莓	50
cm	49	16	2067	侧目	50
cm	49	16	2225	长毛	50
cm	49	16	2653	沉迷	50
cm	49	16	2766	痴迷	50
cmb	1	0	1971	参谋部	50
cmcz	1	0	3403	聪明才智	48
cmjs	1	0	2534	瞠目结舌	50
cmjx	1	0	3157	触目惊心	48
cmkl	1	0	2901	愁眉苦脸	49
cmll	1	0	3404	聪明伶俐	50
cmr	1	0	3405	聪明人	47
cms	1	0	2658	陈木森	47
cmx	1	0	2655	陈名夏	47
cmz	1	0	1972	参谋长	42
cmzw	1	0	2768	驰名中外	43
cn	24	13	2536	城内	38
cn	24	13	1872	才能	39
cn	24	13	2539	承诺	39
cn	24	13	3323	次年	40
cn	24	13	2229	常年	43
cn	24	13	3164	初年	43
cn	24	13	1871	采纳	44
cn	24	13	1873	财年	44
cn	24	13	2312	产能	44
cn	24	13	2535	城南	44
cn	24	13	2537	成年	44
cn	24	13	1933	舱内	47
cn	24	13	2366	吵闹	47
cn	24	13	3178	触怒	47
cn	24	13	2025	草拟	48
cn	24	13	2228	场内	48
cn	24	13	2230	长年	48
cn	24	13	3105	吹牛	48
cn	24	13	2367	嘲弄	49
cn	24	13	3179	处女	49
cn	24	13	1934	藏匿	50
cn	24	13	2148	刹那	50
cn	24	13	2660	陈年	50
cn	24	13	3165	雏鸟	50
cng	1	0	3324	慈宁宫	47
cnj	1	0	2149	刹那间	45
cnm	1	0	2026	草泥马	46
cnr	1	0	2538	成年人	45
cnx	1	0	2659	陈难先	47
cp	30	14	2313	产品	29
cp	30	14	1875	裁判	42
cp	30	14	2710	车牌	42
cp	30	14	2835	冲破	42
cp	30	14	2231	长袍	44
cp	30	14	2834	充沛	44
cp	30	14	2232	长篇	45
cp	30	14	2233	唱片	45
cp	30	14	2540	成排	45
cp	30	14	2029	草坪	46
cp	30	14	2084	测评	46
cp	30	14	2368	钞票	46
cp	30	14	2542	成品	46
cp	30	14	3188	出品	46
cp	30	14	1877	彩票	47
cp	30	14	1973	残破	47
cp	30	14	2028	曹丕	47
cp	30	14	2711	车票	47
cp	30	14	2235	昌平	48
cp	30	14	3326	瓷瓶	48
cp	30	14	1935	藏品	49
cp	30	14	2541	成片	49
cp	30	14	2769	持平	49
cp	30	14	3171	纯朴	49
cp	30	14	3172	淳朴	49
cp	30	14	3325	磁盘	49
cp	30	14	1874	彩排	50
cp	30	14	2027	草棚	50
cp	30	14	2236	常平	50
cp	30	14	2964	床铺	50
cps	1	0	2401	查浦诗	49
cpx	1	0	2661	陈丕显	44
cpxs	1	0	2234	长篇小说	42
cpy	1	0	1876	裁判员	48
cq	55	16	1878	采取	32
cq	55	16	3197	出去	32
cq	55	16	2237	长期	33
cq	55	16	2838	重庆	36
cq	55	16	3173	春秋	37
cq	55	16	3189	初期	37
cq	55	16	2544	城墙	39
cq	55	16	2552	城区	40
cq	55	16	3328	此前	40
cq	55	16	3406	从前	40
cq	55	16	2314	产区	42
cq	55	16	3007	传奇	42
cq	55	16	3198	除去	42
cq	55	16	2315	产权	43
cq	55	16	3327	瓷器	43
cq	55	16	3331	辞去	44
cq	55	16	2548	澄清	45
cq	55	16	2554	成群	45
cq	55	16	3009	传球	45
cq	55	16	3195	畜禽	45
cq	55	16	2242	常青	46
cq	55	16	2369	超前	46
cq	55	16	2547	成亲	46
cq	55	16	3008	喘气	46
cq	55	16	3190	出奇	46
cq	55	16	3192	出钱	46
cq	55	16	3199	出缺	46
cq	55	16	3429	凑巧	46
cq	55	16	2125	差遣	47
cq	55	16	2126	拆迁	47
cq	55	16	2370	超群	47
cq	55	16	2905	抽签	47
cq	55	16	2965	窗前	47
cq	55	16	2238	唱起	48
cq	55	16	2240	唱腔	48
cq	55	16	2553	成全	48
cq	55	16	2663	臣妾	48
cq	55	16	2906	抽取	48
cq	55	16	3193	出鞘	48
cq	55	16	3454	萃取	48
cq	55	16	1974	残缺	49
cq	55	16	2239	长崎	49
cq	55	16	2241	长枪	49
cq	55	16	2402	查清	49
cq	55	16	2403	插曲	49
cq	55	16	2903	臭气	49
cq	55	16	2904	抽泣	49
cq	55	16	2543	称奇	50
cq	55	16	2712	车骑	50
cq	55	16	2770	持枪	50
cq	55	16	2771	痴情	50
cq	55	16	2836	充气	50
cq	55	16	3191	出气	50
cq	55	16	3332	词曲	50
cq	55	16	3499	粗浅	50
cqb	1	0	2549	成清波	47
cqbf	1	0	3329	此起彼伏	46
cqby	1	0	3194	出其不意	46
cqg	2	3	2545	承乾宫	49
cqg	2	3	3330	慈庆宫	50
cqjd	1	0	2555	成群结队	49
cql	1	0	2837	充其量	50
cqn	1	0	2662	陈乔年	49
cqs	2	3	2839	重庆市	42
cqs	2	3	3453	崔秋山	50
cqsw	1	0	2546	成千上万	43
cqw	1	0	2551	成其为	48
cqyl	1	0	2243	长期以来	42
cqz	1	0	2550	程青竹	49
cqzs	1	0	3196	出奇制胜	46
cr	33	14	2557	承认	35
cr	33	14	3203	出入	38
cr	33	14	3333	此人	38
cr	33	14	3335	次日	39
cr	33	14	2558	成人	40
cr	33	14	3201	出任	40
cr	33	14	3014	传入	41
cr	33	14	2404	插入	43
cr	33	14	2244	常人	44
cr	33	14	2907	仇人	44
cr	33	14	3407	从容	44
cr	33	14	3455	脆弱	44
cr	33	14	1976	残忍	45
cr	33	14	2773	耻辱	45
cr	33	14	2966	闯入	46
cr	33	14	3010	传染	46
cr	33	14	2245	常任	47
cr	33	14	2316	缠绕	47
cr	33	14	2556	诚然	47
cr	33	14	2840	充任	47
cr	33	14	2842	冲入	47
cr	33	14	3013	传人	47
cr	33	14	2371	超人	48
cr	33	14	2559	成仁	48
cr	33	14	2664	沉入	48
cr	33	14	1975	惨然	49
cr	33	14	2772	炽热	49
cr	33	14	2841	崇仁	49
cr	33	14	3475	存入	49
cr	33	14	3200	出让	50
cr	33	14	3334	词人	50
cr	33	14	3336	雌蕊	50
cr	33	14	3500	粗人	50
crb	1	0	3011	传染病	44
crbp	1	0	3408	从容不迫	47
crj	1	0	3204	出入境	47
crl	1	0	2030	曹汝霖	41
crx	1	0	3012	传染性	48
cryl	1	0	3202	出人意料	46
cs	146	20	2562	城市	28
cs	146	20	2317	产生	29
cs	146	20	3342	此时	33
cs	146	20	3410	从事	33
cs	146	20	3492	措施	33
cs	146	20	2569	成熟	36
cs	146	20	3022	传说	36
cs	146	20	2246	长沙	37
cs	146	20	3208	出身	37
cs	146	20	3343	此事	37
cs	146	20	3347	次数	37
cs	146	20	2086	测试	38
cs	146	20	2265	场所	38
cs	146	20	2967	床上	38
cs	146	20	3210	出生	38
cs	146	20	3226	出售	38
cs	146	20	1980	参数	39
cs	146	20	2320	阐述	40
cs	146	20	2568	承受	40
cs	146	20	3015	船上	40
cs	146	20	3206	出色	40
cs	146	20	3227	出手	40
cs	146	20	3501	促使	40
cs	146	20	2249	厂商	41
cs	146	20	2252	常设	41
cs	146	20	2257	尝试	41
cs	146	20	3344	刺史	41
cs	146	20	1879	彩色	42
cs	146	20	1977	参赛	42
cs	146	20	2088	厕所	42
cs	146	20	2250	场上	42
cs	146	20	2670	陈述	42
cs	146	20	2673	沉思	42
cs	146	20	2713	车上	42
cs	146	20	3020	传授	42
cs	146	20	3021	传输	42
cs	146	20	3175	纯属	42
cs	146	20	2375	潮湿	43
cs	146	20	2846	重申	43
cs	146	20	2848	充实	43
cs	146	20	3023	传送	43
cs	146	20	3230	处死	43
cs	146	20	2085	侧身	44
cs	146	20	2258	常识	44
cs	146	20	2263	常数	44
cs	146	20	2376	超市	44
cs	146	20	2377	潮水	44
cs	146	20	2666	陈设	44
cs	146	20	3019	传世	44
cs	146	20	3211	畜生	44
cs	146	20	3216	初时	44
cs	146	20	3338	慈善	44
cs	146	20	3412	丛书	44
cs	146	20	3491	磋商	44
cs	146	20	1882	财税	45
cs	146	20	2408	茶水	45
cs	146	20	2563	乘势	45
cs	146	20	2570	成书	45
cs	146	20	2714	车身	45
cs	146	20	2845	崇尚	45
cs	146	20	2968	创伤	45
cs	146	20	3217	出使	45
cs	146	20	3337	刺杀	45
cs	146	20	3348	此书	45
cs	146	20	1939	藏书	46
cs	146	20	2262	长寿	46
cs	146	20	2406	插手	46
cs	146	20	2407	茶树	46
cs	146	20	2560	成色	46
cs	146	20	2564	诚实	46
cs	146	20	2665	衬衫	46
cs	146	20	2843	冲散	46
cs	146	20	2844	冲杀	46
cs	146	20	3207	出山	46
cs	146	20	3218	初始	46
cs	146	20	3219	出世	46
cs	146	20	3339	刺伤	46
cs	146	20	3413	从属	46
cs	146	20	1937	藏身	47
cs	146	20	2087	测算	47
cs	146	20	2247	长衫	47
cs	146	20	2253	长生	47
cs	146	20	2259	长诗	47
cs	146	20	2318	禅师	47
cs	146	20	2319	阐释	47
cs	146	20	2372	超声	47
cs	146	20	2970	创设	47
cs	146	20	3025	穿梭	47
cs	146	20	3176	纯熟	47
cs	146	20	3205	初三	47
cs	146	20	3220	出事	47
cs	146	20	3221	出示	47
cs	146	20	3222	出师	47
cs	146	20	3223	厨师	47
cs	146	20	3340	次生	47
cs	146	20	3409	丛生	47
cs	146	20	1880	采石	48
cs	146	20	1936	沧桑	48
cs	146	20	2128	差使	48
cs	146	20	2260	长石	48
cs	146	20	2565	程式	48
cs	146	20	2572	称颂	48
cs	146	20	2671	沉睡	48
cs	146	20	2776	吃水	48
cs	146	20	2847	冲绳	48
cs	146	20	2849	冲刷	48
cs	146	20	2908	抽身	48
cs	146	20	3017	船身	48
cs	146	20	3224	处事	48
cs	146	20	3228	触手	48
cs	146	20	3229	出水	48
cs	146	20	1978	残杀	49
cs	146	20	1979	蚕食	49
cs	146	20	1981	惨死	49
cs	146	20	2031	草书	49
cs	146	20	2052	擦拭	49
cs	146	20	2127	拆散	49
cs	146	20	2129	差事	49
cs	146	20	2261	常事	49
cs	146	20	2264	常熟	49
cs	146	20	2667	趁势	49
cs	146	20	2909	仇视	49
cs	146	20	2971	创始	49
cs	146	20	3018	传神	49
cs	146	20	3212	初生	49
cs	146	20	3225	处世	49
cs	146	20	3231	初速	49
cs	146	20	3232	处所	49
cs	146	20	3341	此生	49
cs	146	20	3345	磁石	49
cs	146	20	1881	才识	50
cs	146	20	1938	苍生	50
cs	146	20	1982	蚕丝	50
cs	146	20	2032	草率	50
cs	146	20	2248	常山	50
cs	146	20	2254	常胜	50
cs	146	20	2373	朝圣	50
cs	146	20	2561	乘胜	50
cs	146	20	2668	尘世	50
cs	146	20	2774	吃食	50
cs	146	20	2910	抽水	50
cs	146	20	2969	窗上	50
cs	146	20	3024	传诵	50
cs	146	20	3209	出神	50
cs	146	20	3411	从师	50
cs	146	20	3502	粗俗	50
csb	2	3	2672	陈水扁	42
csb	2	3	2374	超声波	49
csbj	1	0	3493	措手不及	47
csbl	1	0	2255	长生不老	50
csck	1	0	3346	此时此刻	48
csd	1	0	2405	查士丁	50
csdl	1	0	2566	城市道路	50
csh	1	0	2567	城市化	47
csj	2	3	2256	常胜军	48
csj	2	3	3016	穿山甲	50
cskq	1	0	2775	赤手空拳	47
csl	1	0	3213	出生率	46
csm	1	0	2669	陈世美	46
csr	2	3	2972	创始人	42
csr	2	3	3174	纯收入	42
csrh	1	0	3215	出神入化	50
csrs	1	0	3214	出生入死	50
css	1	0	2251	长沙市	49
csw	1	0	2571	成思危	47
csy	1	0	2079	曾思玉	44
ct	48	15	3027	传统	31
ct	48	15	3351	词条	32
ct	48	15	2379	朝廷	35
ct	48	15	2852	冲突	37
ct	48	15	3238	出土	39
ct	48	15	3177	春天	40
ct	48	15	3233	出台	40
ct	48	15	2716	撤退	41
ct	48	15	1884	彩陶	43
ct	48	15	1983	餐厅	43
ct	48	15	2576	城头	43
ct	48	15	3106	垂体	43
ct	48	15	2267	长叹	44
ct	48	15	2270	长途	44
ct	48	15	2715	车体	44
ct	48	15	2777	池塘	44
ct	48	15	2911	抽屉	44
ct	48	15	3029	船头	44
ct	48	15	2676	尘土	45
ct	48	15	3349	祠堂	45
ct	48	15	1883	菜汤	46
ct	48	15	1886	财团	46
ct	48	15	2269	畅通	46
ct	48	15	2409	插图	46
ct	48	15	2574	成天	46
ct	48	15	2851	冲天	46
ct	48	15	3030	穿透	46
ct	48	15	3236	出头	46
ct	48	15	3415	从头	46
ct	48	15	1940	苍天	47
ct	48	15	2973	床头	47
ct	48	15	3026	船体	47
ct	48	15	3235	出题	47
ct	48	15	1885	彩图	48
ct	48	15	1984	惨痛	48
ct	48	15	2266	常态	48
ct	48	15	2675	沉痛	48
ct	48	15	3237	锄头	48
ct	48	15	3353	刺痛	48
ct	48	15	2033	草堂	49
ct	48	15	2573	成套	49
ct	48	15	2677	衬托	49
ct	48	15	2850	重提	49
ct	48	15	3234	出逃	49
ct	48	15	3352	磁铁	49
ct	48	15	3028	串通	50
ct	48	15	3350	磁体	50
ct	48	15	3354	辞退	50
ctdh	1	0	2271	长途电话	50
ctdw	1	0	3416	从头到尾	49
ctej	1	0	3414	从天而降	50
ctj	1	0	2378	朝天椒	44
ctk	1	0	3456	崔天凯	50
ctq	1	0	2674	陈潭秋	46
ctsq	1	0	3107	垂头丧气	49
ctt	1	0	2778	赤条条	50
ctx	1	0	2268	长条形	46
ctz	1	0	2575	承天之	49
ctzw	1	0	3417	从头至尾	50
cw	46	15	2580	成为	27
cw	46	15	2581	称为	31
cw	46	15	3355	此外	32
cw	46	15	3495	错误	34
cw	46	15	2277	常务	35
cw	46	15	2976	闯王	35
cw	46	15	1888	财务	39
cw	46	15	2322	产物	39
cw	46	15	2578	城外	39
cw	46	15	1889	财物	40
cw	46	15	3418	从未	40
cw	46	15	2273	常委	41
cw	46	15	2975	窗外	41
cw	46	15	3239	除外	43
cw	46	15	3032	传闻	44
cw	46	15	3241	楚王	44
cw	46	15	2582	称谓	45
cw	46	15	2583	成文	46
cw	46	15	2779	鸱吻	46
cw	46	15	3476	存亡	46
cw	46	15	2410	茶碗	47
cw	46	15	2853	重围	47
cw	46	15	2977	创维	47
cw	46	15	3108	垂危	47
cw	46	15	3240	出外	47
cw	46	15	2274	肠胃	48
cw	46	15	2276	常温	48
cw	46	15	2411	查问	48
cw	46	15	2579	称王	48
cw	46	15	2678	沉稳	48
cw	46	15	2854	崇文	48
cw	46	15	2857	宠物	48
cw	46	15	2912	臭味	48
cw	46	15	2914	丑闻	48
cw	46	15	3033	船坞	48
cw	46	15	3358	此物	48
cw	46	15	1943	藏文	49
cw	46	15	2034	曹魏	49
cw	46	15	2855	重温	49
cw	46	15	3356	刺猬	49
cw	46	15	2272	场外	50
cw	46	15	2380	朝外	50
cw	46	15	3031	船尾	50
cw	46	15	3243	初五	50
cw	46	15	3357	此文	50
cw	46	15	3494	错位	50
cwc	1	0	2080	曾为楚	47
cwh	5	6	2275	常委会	33
cwh	5	6	3477	村委会	36
cwh	5	6	2679	陈文洪	43
cwh	5	6	3242	楚文化	46
cwh	5	6	2913	筹委会	48
cwj	1	0	1887	蔡文静	47
cwm	1	0	2856	崇文门	48
cwt	1	0	2584	成问题	49
cww	1	0	2321	颤巍巍	50
cwwy	1	0	2278	常务委员	50
cwyg	1	0	3419	从未有过	47
cwz	1	0	2035	曹文诏	49
cx	90	18	3248	出现	28
cx	90	18	2861	重新	33
cx	90	18	2600	程序	34
cx	90	18	2383	朝鲜	35
cx	90	18	2718	撤销	35
cx	90	18	2783	持续	35
cx	90	18	2979	创新	35
cx	90	18	3244	出席	36
cx	90	18	2589	城乡	38
cx	90	18	3359	慈禧	38
cx	90	18	2588	呈现	39
cx	90	18	2281	畅销	40
cx	90	18	2590	丞相	40
cx	90	18	3420	从小	40
cx	90	18	1890	菜系	41
cx	90	18	2412	查询	41
cx	90	18	2593	成效	41
cx	90	18	1891	猜想	42
cx	90	18	2863	重修	42
cx	90	18	2915	抽象	42
cx	90	18	2038	操心	43
cx	90	18	2595	诚信	43
cx	90	18	2389	嘲笑	44
cx	90	18	2587	城下	44
cx	90	18	2597	成型	44
cx	90	18	2717	车厢	44
cx	90	18	3034	喘息	44
cx	90	18	3250	出血	44
cx	90	18	3362	磁性	44
cx	90	18	3504	促销	44
cx	90	18	2585	城西	45
cx	90	18	2859	重现	45
cx	90	18	2864	冲虚	45
cx	90	18	3036	传销	45
cx	90	18	3252	出行	45
cx	90	18	3256	储蓄	45
cx	90	18	3478	存心	45
cx	90	18	2381	潮汐	46
cx	90	18	2586	承袭	46
cx	90	18	2591	成像	46
cx	90	18	2680	沉香	46
cx	90	18	2858	冲洗	46
cx	90	18	2978	创下	46
cx	90	18	3251	出新	46
cx	90	18	3360	此项	46
cx	90	18	3363	此行	46
cx	90	18	3365	雌雄	46
cx	90	18	3369	次序	46
cx	90	18	3503	粗细	46
cx	90	18	2279	唱戏	47
cx	90	18	2596	诚心	47
cx	90	18	2598	成形	47
cx	90	18	3037	穿行	47
cx	90	18	3245	出息	47
cx	90	18	3364	雌性	47
cx	90	18	3368	刺绣	47
cx	90	18	2282	长啸	48
cx	90	18	2720	车型	48
cx	90	18	2860	冲向	48
cx	90	18	2865	充血	48
cx	90	18	3109	吹响	48
cx	90	18	3110	吹嘘	48
cx	90	18	3186	辍学	48
cx	90	18	3253	雏形	48
cx	90	18	3361	慈祥	48
cx	90	18	1985	惨象	49
cx	90	18	2089	侧线	49
cx	90	18	2280	长线	49
cx	90	18	2283	畅行	49
cx	90	18	2323	产销	49
cx	90	18	2385	朝向	49
cx	90	18	2391	巢穴	49
cx	90	18	2599	称雄	49
cx	90	18	2781	耻笑	49
cx	90	18	2862	宠信	49
cx	90	18	3246	除夕	49
cx	90	18	3247	初夏	49
cx	90	18	3249	出线	49
cx	90	18	2037	草鞋	50
cx	90	18	2039	操行	50
cx	90	18	2284	长兴	50
cx	90	18	2285	长袖	50
cx	90	18	2382	抄袭	50
cx	90	18	2390	抄写	50
cx	90	18	2594	称谢	50
cx	90	18	2719	撤消	50
cx	90	18	2780	吃香	50
cx	90	18	2782	痴心	50
cx	90	18	2916	酬谢	50
cx	90	18	3035	船舷	50
cxbd	1	0	2384	朝鲜半岛	46
cxd	1	0	2721	车行道	50
cxf	1	0	3370	磁悬浮	50
cxj	2	3	2685	陈新甲	47
cxj	2	3	3254	初兴靖	49
cxjl	1	0	3255	处心积虑	50
cxl	3	4	2324	产销率	46
cxl	3	4	2683	陈锡联	46
cxl	3	4	3187	辍学率	46
cxm	1	0	3457	崔希敏	50
cxp	1	0	2681	陈小炮	49
cxq	1	0	2040	曹雪芹	50
cxr	2	3	2386	朝鲜人	46
cxr	2	3	2686	陈秀榕	47
cxs	2	3	2592	程先生	48
cxs	2	3	2036	曹萧诗	49
cxt	1	0	3366	慈禧太	48
cxth	1	0	3367	慈禧太后	47
cxx	1	0	2784	持续性	50
cxy	2	3	2684	陈兴瑜	47
cxy	2	3	2601	程序员	48
cxz	3	4	2388	朝鲜族	43
cxz	3	4	2682	陈瞎子	43
cxz	3	4	2081	曾宪梓	47
cxzz	1	0	2387	朝鲜战争	46
cy	104	19	1895	采用	31
cy	104	19	1991	参与	33
cy	104	19	2325	产业	33
cy	104	19	3265	处于	34
cy	104	19	2608	成员	35
cy	104	19	3266	出于	37
cy	104	19	2045	草原	38
cy	104	19	2289	常用	38
cy	104	19	2415	差异	38
cy	104	19	2788	持有	39
cy	104	19	2395	超越	40
cy	104	19	2413	茶叶	40
cy	104	19	2690	沉吟	40
cy	104	19	2981	创业	40
cy	104	19	3422	从业	40
cy	104	19	1892	菜肴	41
cy	104	19	2290	常有	41
cy	104	19	2416	诧异	41
cy	104	19	2046	漕运	42
cy	104	19	2293	长远	42
cy	104	19	2332	产于	42
cy	104	19	2787	迟疑	42
cy	104	19	2044	曹禺	43
cy	104	19	2288	倡议	43
cy	104	19	2609	城垣	43
cy	104	19	2867	重阳	43
cy	104	19	3042	穿越	43
cy	104	19	3505	簇拥	43
cy	104	19	1896	裁员	44
cy	104	19	1992	残余	44
cy	104	19	2131	柴油	44
cy	104	19	2984	创意	44
cy	104	19	3371	此言	44
cy	104	19	1944	苍蝇	45
cy	104	19	2090	测验	45
cy	104	19	2292	长于	45
cy	104	19	2604	诚意	45
cy	104	19	2606	成因	45
cy	104	19	2610	乘员	45
cy	104	19	2687	陈毅	45
cy	104	19	2917	抽烟	45
cy	104	19	3038	传言	45
cy	104	19	3257	出言	45
cy	104	19	3259	初一	45
cy	104	19	3263	出游	45
cy	104	19	3479	存有	45
cy	104	19	1894	彩印	46
cy	104	19	1988	餐饮	46
cy	104	19	2393	朝野	46
cy	104	19	2419	查阅	46
cy	104	19	2696	陈云	46
cy	104	19	2866	重演	46
cy	104	19	3373	次要	46
cy	104	19	3376	词语	46
cy	104	19	3377	赐予	46
cy	104	19	3421	从严	46
cy	104	19	1893	猜疑	47
cy	104	19	1945	藏有	47
cy	104	19	1993	参预	47
cy	104	19	2333	单于	47
cy	104	19	2418	茶园	47
cy	104	19	2688	衬衣	47
cy	104	19	2786	吃药	47
cy	104	19	2869	充裕	47
cy	104	19	3180	春义	47
cy	104	19	3181	春游	47
cy	104	19	3260	处以	47
cy	104	19	3267	出狱	47
cy	104	19	1900	彩云	48
cy	104	19	1946	藏语	48
cy	104	19	1986	参演	48
cy	104	19	2043	草药	48
cy	104	19	2092	策应	48
cy	104	19	2130	差役	48
cy	104	19	2291	畅游	48
cy	104	19	2414	插页	48
cy	104	19	2612	承运	48
cy	104	19	2789	驰援	48
cy	104	19	2918	抽样	48
cy	104	19	3039	传译	48
cy	104	19	3040	穿衣	48
cy	104	19	3041	船员	48
cy	104	19	3268	出院	48
cy	104	19	3378	次于	48
cy	104	19	1987	参议	49
cy	104	19	2041	操演	49
cy	104	19	2602	撑腰	49
cy	104	19	2607	成语	49
cy	104	19	2919	臭氧	49
cy	104	19	2980	床沿	49
cy	104	19	3261	除以	49
cy	104	19	3262	出迎	49
cy	104	19	3374	此役	49
cy	104	19	1897	菜园	50
cy	104	19	1898	财源	50
cy	104	19	2091	侧翼	50
cy	104	19	2287	长夜	50
cy	104	19	2722	彻夜	50
cy	104	19	2785	赤杨	50
cy	104	19	2921	抽噎	50
cy	104	19	3111	炊烟	50
cy	104	19	3182	春雨	50
cy	104	19	3372	刺眼	50
cy	104	19	3375	词义	50
cybm	1	0	2326	产业部门	50
cyc	3	4	3258	楚雁潮	44
cyc	3	4	2294	常遇春	46
cyc	3	4	2920	臭氧层	50
cyd	3	4	2286	常言道	45
cyd	3	4	2790	池月堤	47
cyd	3	4	2417	差一点	48
cyf	2	3	2693	陈永福	47
cyf	2	3	2791	池宇峰	47
cyg	2	3	2611	成员国	42
cyg	2	3	2689	陈艺戈	47
cygr	1	0	2327	产业工人	48
cygz	1	0	3264	储油构造	47
cyh	1	0	2328	产业化	40
cyj	3	4	2132	柴油机	45
cyj	3	4	2605	程贻举	47
cyj	3	4	2603	程瑶迦	49
cyk	1	0	2691	陈寅恪	50
cyl	2	3	2694	陈友谅	42
cyl	2	3	2329	产业链	47
cyp	2	3	1899	蔡元培	46
cyp	2	3	3269	楚源牌	47
cyq	2	3	2047	曹云奇	47
cyq	2	3	2392	朝阳区	48
cys	1	0	2394	超音速	46
cyx	1	0	2868	崇阳县	44
cyy	6	7	1989	参议院	41
cyy	6	7	2330	产业园	46
cyy	6	7	2692	陈宜瑜	47
cyy	6	7	2695	陈圆圆	47
cyy	6	7	2982	创业园	47
cyy	6	7	1990	参议员	48
cyz	4	6	2042	曹燕珍	47
cyz	4	6	1994	参与者	48
cyz	4	6	3423	从业者	49
cyz	4	6	2983	创业者	50
cyzb	1	0	2331	产业资本	46
cyzx	1	0	2093	恻隐之心	48
cz	131	20	3480	存在	30
cz	131	20	1902	财政	34
cz	131	20	2615	成长	34
cz	131	20	2985	创造	34
cz	131	20	2992	创作	34
cz	131	20	2050	操作	36
cz	131	20	2335	产值	36
cz	131	20	2871	崇祯	36
cz	131	20	3275	初中	37
cz	131	20	2618	城镇	38
cz	131	20	2705	沉重	38
cz	131	20	2624	城中	39
cz	131	20	3112	垂直	39
cz	131	20	2049	操纵	40
cz	131	20	2301	肠子	40
cz	131	20	2874	充足	40
cz	131	20	3044	船长	40
cz	131	20	3272	处长	40
cz	131	20	3273	出征	40
cz	131	20	3380	辞职	40
cz	131	20	2614	称赞	41
cz	131	20	2724	车站	41
cz	131	20	3047	船只	41
cz	131	20	3274	处置	41
cz	131	20	3425	从中	41
cz	131	20	3484	村庄	41
cz	131	20	2295	厂长	42
cz	131	20	2296	长征	42
cz	131	20	2396	朝着	42
cz	131	20	2627	称作	42
cz	131	20	2875	重组	42
cz	131	20	3270	处在	42
cz	131	20	3279	出自	42
cz	131	20	3485	村子	42
cz	131	20	3496	挫折	42
cz	131	20	1995	参赞	43
cz	131	20	2299	常住	43
cz	131	20	2397	朝政	43
cz	131	20	2628	乘坐	43
cz	131	20	2706	沉着	43
cz	131	20	2728	车子	43
cz	131	20	2989	创制	43
cz	131	20	1997	参战	44
cz	131	20	1999	参照	44
cz	131	20	2001	惨重	44
cz	131	20	2300	常驻	44
cz	131	20	2700	趁着	44
cz	131	20	2792	迟早	44
cz	131	20	2870	冲着	44
cz	131	20	3046	传真	44
cz	131	20	3482	村长	44
cz	131	20	2094	侧重	45
cz	131	20	2400	炒作	45
cz	131	20	2619	城址	45
cz	131	20	3184	纯正	45
cz	131	20	3280	出资	45
cz	131	20	3381	次之	45
cz	131	20	3426	丛中	45
cz	131	20	1947	沧州	46
cz	131	20	1996	惨遭	46
cz	131	20	1998	参展	46
cz	131	20	2003	餐桌	46
cz	131	20	2048	嘈杂	46
cz	131	20	2421	茶庄	46
cz	131	20	2617	乘着	46
cz	131	20	2620	惩治	46
cz	131	20	2725	车长	46
cz	131	20	2795	赤字	46
cz	131	20	2991	窗子	46
cz	131	20	3049	串珠	46
cz	131	20	3382	此种	46
cz	131	20	3507	粗壮	46
cz	131	20	1907	财主	47
cz	131	20	2000	参政	47
cz	131	20	2298	常州	47
cz	131	20	2304	长足	47
cz	131	20	2334	禅杖	47
cz	131	20	2336	缠住	47
cz	131	20	2398	炒制	47
cz	131	20	2422	插嘴	47
cz	131	20	2613	承载	47
cz	131	20	2621	程志	47
cz	131	20	2707	臣子	47
cz	131	20	2726	撤职	47
cz	131	20	2729	撤走	47
cz	131	20	2793	斥责	47
cz	131	20	2872	冲撞	47
cz	131	20	3276	初衷	47
cz	131	20	3283	出租	47
cz	131	20	3384	次子	47
cz	131	20	3424	从政	47
cz	131	20	1901	采摘	48
cz	131	20	1905	材质	48
cz	131	20	1906	才智	48
cz	131	20	1908	才子	48
cz	131	20	2337	禅宗	48
cz	131	20	2420	查找	48
cz	131	20	2622	诚挚	48
cz	131	20	2629	称做	48
cz	131	20	2698	趁早	48
cz	131	20	2704	称职	48
cz	131	20	2796	尺子	48
cz	131	20	2873	虫子	48
cz	131	20	3113	吹奏	48
cz	131	20	3271	出战	48
cz	131	20	3277	出众	48
cz	131	20	3383	刺中	48
cz	131	20	3497	措置	48
cz	131	20	2002	惨状	49
cz	131	20	2302	场子	49
cz	131	20	2399	潮州	49
cz	131	20	2625	城砖	49
cz	131	20	2709	沉醉	49
cz	131	20	2723	车载	49
cz	131	20	3043	船闸	49
cz	131	20	3048	传中	49
cz	131	20	3281	厨子	49
cz	131	20	3483	村镇	49
cz	131	20	2082	层状	50
cz	131	20	2303	厂子	50
cz	131	20	2727	掣肘	50
cz	131	20	2794	持重	50
cz	131	20	2922	筹资	50
cz	131	20	2990	窗纸	50
cz	131	20	3045	穿着	50
cz	131	20	3183	纯真	50
cz	131	20	3282	出走	50
cz	131	20	3379	此战	50
cz	131	20	3385	词组	50
cz	131	20	3481	村寨	50
cz	131	20	3506	粗重	50
czb	1	0	1903	财政部	45
czbz	1	0	1904	财政部长	50
czc	1	0	3284	出租车	45
czd	5	6	2697	陈再道	47
czd	5	6	2701	陈正德	48
czd	5	6	2626	成祖大	49
czd	5	6	2095	侧重点	50
czd	5	6	2708	陈总舵	50
czfz	1	0	3498	错综复杂	48
czh	1	0	2703	陈贞慧	44
czja	1	0	2297	长治久安	43
czl	2	3	2699	陈章良	47
czl	2	3	2986	创造力	47
czm	1	0	2083	曾子墨	47
czqc	1	0	3285	出租汽车	50
czw	3	4	2623	称之为	39
czw	3	4	2702	陈政委	46
czw	3	4	3278	楚庄王	46
czx	2	3	2987	创造性	42
czx	2	3	2616	成长性	50
czxt	1	0	2051	操作系统	42
czz	1	0	2988	创造者	50
da	11	10	3509	答案	39
da	11	10	3841	档案	41
da	11	10	4285	德安	44
da	11	10	4939	东岸	44
da	11	10	5206	对岸	46
da	11	10	4382	低矮	48
da	11	10	4940	东安	48
da	11	10	3508	大碍	49
da	11	10	3510	大案	50
da	11	10	4383	堤岸	50
da	11	10	4517	迪奥	50
daf	1	0	4286	德安府	44
dag	1	0	3844	档案馆	50
dah	1	0	4942	冬奥会	50
dam	2	3	4941	东安门	46
dam	2	3	4452	地安门	49
db	65	17	3659	代表	27
db	65	17	4944	东北	34
db	65	17	4953	东部	34
db	65	17	5305	多半	39
db	65	17	3512	打败	40
db	65	17	3667	逮捕	40
db	65	17	3514	打扮	41
db	65	17	3809	蛋白	41
db	65	17	4562	地表	41
db	65	17	4564	地步	41
db	65	17	5208	对比	41
db	65	17	3513	大败	42
db	65	17	3532	大部	42
db	65	17	3812	担保	42
db	65	17	4384	电报	42
db	65	17	4565	底部	42
db	65	17	4951	东边	42
db	65	17	4558	地板	43
db	65	17	4685	顶部	43
db	65	17	5179	赌博	43
db	65	17	5306	躲避	43
db	65	17	3811	单板	44
db	65	17	4561	地被	44
db	65	17	3515	大半	45
db	65	17	3516	大阪	45
db	65	17	3666	带兵	45
db	65	17	3846	当兵	45
db	65	17	3996	盗版	45
db	65	17	4554	第八	45
db	65	17	3814	单薄	46
db	65	17	3998	倒闭	46
db	65	17	5100	陡壁	46
db	65	17	5307	多边	46
db	65	17	5308	多变	46
db	65	17	3511	大坝	47
db	65	17	3525	大便	47
db	65	17	3527	达标	47
db	65	17	3529	大病	47
db	65	17	3531	大伯	47
db	65	17	3533	大步	47
db	65	17	3813	单兵	47
db	65	17	4385	颠簸	47
db	65	17	3524	大笔	48
db	65	17	3526	答辩	48
db	65	17	3530	大兵	48
db	65	17	4386	电波	48
db	65	17	5178	督办	48
db	65	17	5207	对白	48
db	65	17	5309	多部	48
db	65	17	3519	大包	49
db	65	17	3995	倒把	49
db	65	17	4518	碉堡	49
db	65	17	4519	调拨	49
db	65	17	3520	打包	50
db	65	17	3522	大悲	50
db	65	17	3658	呆板	50
db	65	17	3815	淡薄	50
db	65	17	3847	党部	50
db	65	17	3997	导报	50
db	65	17	3999	道别	50
db	65	17	4387	点拨	50
db	65	17	4555	堤坝	50
db	65	17	4556	迪拜	50
db	65	17	5124	断臂	50
db	65	17	5310	踱步	50
dbb	1	0	4945	东北部	41
dbc	4	6	4559	地板厂	47
dbc	4	6	4309	邓百川	48
dbc	4	6	4946	东北侧	49
dbc	4	6	3660	代表处	50
dbd	2	3	4287	得不到	45
dbd	2	3	4954	动不动	45
dbdh	1	0	3661	代表大会	40
dbdq	1	0	4948	东北地区	44
dbdx	1	0	4947	东北大学	42
dbf	1	0	3534	大部分	35
dbg	1	0	3517	大半个	48
dbj	3	4	4950	东北军	47
dbj	3	4	4557	第八届	49
dbj	3	4	4949	东北角	49
dbl	1	0	3535	大不了	48
dbld	1	0	3536	大不列颠	50
dbn	1	0	3518	大半年	49
dbq	2	3	5209	对不起	41
dbq	2	3	4943	东宝区	47
dbr	2	3	3662	代表人	47
dbr	2	3	4000	倒不如	49
dbs	3	4	3528	大别山	40
dbs	3	4	4563	地表水	45
dbs	3	4	3521	大巴山	46
dbt	1	0	3663	代表团	39
dbw	1	0	4952	董必武	45
dbx	1	0	3664	代表性	41
dby	1	0	3523	大本营	47
dbz	4	6	3810	蛋白质	38
dbz	4	6	3665	代表作	41
dbz	4	6	4560	第八章	48
dbz	4	6	5210	对不住	50
dc	78	17	4521	调查	33
dc	78	17	3540	大臣	34
dc	78	17	5316	多次	34
dc	78	17	4004	到处	36
dc	78	17	4572	地处	37
dc	78	17	4573	抵触	37
dc	78	17	3850	当初	38
dc	78	17	3541	达成	39
dc	78	17	3820	单纯	39
dc	78	17	3848	当场	40
dc	78	17	4289	得出	40
dc	78	17	4955	东侧	40
dc	78	17	4566	地层	41
dc	78	17	5214	对此	41
dc	78	17	3550	打出	42
dc	78	17	5182	督察	42
dc	78	17	5187	都城	42
dc	78	17	5211	对策	42
dc	78	17	5212	对称	42
dc	78	17	3821	单词	43
dc	78	17	3849	当成	43
dc	78	17	4391	电池	43
dc	78	17	4393	电磁	43
dc	78	17	4959	东城	43
dc	78	17	5180	独裁	43
dc	78	17	3542	大成	44
dc	78	17	4567	底层	44
dc	78	17	5125	断层	44
dc	78	17	3543	大城	45
dc	78	17	3552	大船	45
dc	78	17	3851	档次	45
dc	78	17	4002	道场	45
dc	78	17	4388	电场	45
dc	78	17	4568	地产	45
dc	78	17	4571	低沉	45
dc	78	17	5192	督促	45
dc	78	17	5314	多处	45
dc	78	17	3544	打成	46
dc	78	17	3545	大乘	46
dc	78	17	3551	大厨	46
dc	78	17	3818	诞辰	46
dc	78	17	4310	登场	46
dc	78	17	4520	吊舱	46
dc	78	17	4960	动词	46
dc	78	17	5183	督查	46
dc	78	17	5315	多出	46
dc	78	17	4005	导出	47
dc	78	17	4288	得逞	47
dc	78	17	4389	电厂	47
dc	78	17	4570	低潮	47
dc	78	17	5128	短促	47
dc	78	17	5184	赌场	47
dc	78	17	5293	敦促	47
dc	78	17	3537	大肠	48
dc	78	17	3538	大潮	48
dc	78	17	3549	大虫	48
dc	78	17	3816	单层	48
dc	78	17	4001	稻草	48
dc	78	17	4574	低垂	48
dc	78	17	5188	毒虫	48
dc	78	17	5311	躲藏	48
dc	78	17	3539	大车	49
dc	78	17	3546	搭乘	49
dc	78	17	3819	丹墀	49
dc	78	17	4003	到场	49
dc	78	17	4390	电车	49
dc	78	17	5126	断肠	49
dc	78	17	5127	短程	49
dc	78	17	5190	独创	49
dc	78	17	5312	多层	49
dc	78	17	3817	单产	50
dc	78	17	4392	滇池	50
dc	78	17	4569	抵偿	50
dc	78	17	4575	地磁	50
dc	78	17	4686	定出	50
dc	78	17	4956	洞察	50
dc	78	17	5185	独唱	50
dc	78	17	5189	读出	50
dcaj	1	0	4957	东长安街	45
dcb	1	0	4394	电磁波	45
dcc	3	4	4395	电磁场	47
dcc	3	4	5313	多层次	48
dcc	3	4	4576	地磁场	50
dcfs	1	0	4396	电磁辐射	50
dcjc	1	0	4290	得寸进尺	48
dcq	1	0	4687	丁春秋	46
dcs	1	0	3547	大城市	49
dcwz	1	0	4006	到此为止	50
dcx	4	6	4958	东朝西	49
dcx	4	6	5213	对称性	49
dcx	4	6	4397	电磁学	50
dcx	4	6	5191	独创性	50
dcy	1	0	5186	都察院	43
dcyj	1	0	3548	大吃一惊	41
dcz	1	0	5181	独裁者	47
dd	120	19	3559	达到	30
dd	120	19	4292	得到	30
dd	120	19	3560	大道	33
dd	120	19	3854	当地	33
dd	120	19	4008	导弹	33
dd	120	19	4011	到底	34
dd	120	19	4313	等等	34
dd	120	19	3553	大大	36
dd	120	19	3591	大多	36
dd	120	19	3574	大典	37
dd	120	19	4007	到达	37
dd	120	19	4010	道德	37
dd	120	19	4311	等待	37
dd	120	19	4578	地带	37
dd	120	19	4593	爹爹	37
dd	120	19	3582	大都	38
dd	120	19	3835	单独	38
dd	120	19	4584	地点	38
dd	120	19	4965	懂得	38
dd	120	19	3557	大胆	39
dd	120	19	3561	打倒	39
dd	120	19	3569	大地	39
dd	120	19	3587	大队	39
dd	120	19	3852	当代	39
dd	120	19	4404	奠定	39
dd	120	19	4582	弟弟	39
dd	120	19	5216	对待	39
dd	120	19	3562	答道	40
dd	120	19	3575	大殿	40
dd	120	19	4522	调动	40
dd	120	19	5320	夺得	40
dd	120	19	3672	带动	41
dd	120	19	4312	等到	41
dd	120	19	4401	点滴	41
dd	120	19	4577	抵达	41
dd	120	19	5196	都督	41
dd	120	19	3563	大刀	42
dd	120	19	3584	打断	42
dd	120	19	3669	带到	42
dd	120	19	4580	抵挡	42
dd	120	19	3830	单刀	43
dd	120	19	4696	顶端	43
dd	120	19	4962	动荡	43
dd	120	19	5132	断定	43
dd	120	19	3570	大堤	44
dd	120	19	3580	大豆	44
dd	120	19	3822	单打	44
dd	120	19	3825	淡淡	44
dd	120	19	3829	担当	44
dd	120	19	4590	敌对	44
dd	120	19	5131	端的	44
dd	120	19	5133	短短	44
dd	120	19	5218	对敌	44
dd	120	19	3554	鞑靼	45
dd	120	19	3588	大堆	45
dd	120	19	3670	带电	45
dd	120	19	3833	单调	45
dd	120	19	4398	颠倒	45
dd	120	19	4523	调度	45
dd	120	19	4581	地道	45
dd	120	19	4588	地段	45
dd	120	19	4592	跌倒	45
dd	120	19	5102	抖动	45
dd	120	19	5129	断代	45
dd	120	19	5323	多多	45
dd	120	19	3578	打动	46
dd	120	19	3671	待定	46
dd	120	19	3831	弹道	46
dd	120	19	4012	倒地	46
dd	120	19	4402	点点	46
dd	120	19	4689	订单	46
dd	120	19	4828	丢掉	46
dd	120	19	4963	东道	46
dd	120	19	5317	多达	46
dd	120	19	3568	大德	47
dd	120	19	3571	大帝	47
dd	120	19	3572	大抵	47
dd	120	19	3826	单单	47
dd	120	19	4013	导电	47
dd	120	19	4291	得当	47
dd	120	19	4399	电灯	47
dd	120	19	4405	电动	47
dd	120	19	4583	地底	47
dd	120	19	4585	低调	47
dd	120	19	4586	滴定	47
dd	120	19	4692	定点	47
dd	120	19	4693	顶点	47
dd	120	19	4695	定都	47
dd	120	19	4697	顶多	47
dd	120	19	4966	咚咚	47
dd	120	19	5130	短刀	47
dd	120	19	5193	独到	47
dd	120	19	5215	对答	47
dd	120	19	3564	大岛	48
dd	120	19	3573	大敌	48
dd	120	19	3576	打点	48
dd	120	19	3579	大洞	48
dd	120	19	3674	带队	48
dd	120	19	3823	胆大	48
dd	120	19	3834	丹东	48
dd	120	19	4591	跌宕	48
dd	120	19	4690	叮当	48
dd	120	19	4968	东段	48
dd	120	19	3558	搭档	49
dd	120	19	3565	大盗	49
dd	120	19	3673	歹毒	49
dd	120	19	4009	刀丹	49
dd	120	19	4589	低端	49
dd	120	19	4698	定夺	49
dd	120	19	4961	东单	49
dd	120	19	5322	多点	49
dd	120	19	3555	打打	50
dd	120	19	3581	打斗	50
dd	120	19	3583	打赌	50
dd	120	19	4587	地洞	50
dd	120	19	4967	东渡	50
dd	120	19	4969	东端	50
dd	120	19	5101	斗胆	50
dd	120	19	5194	督导	50
dd	120	19	5195	肚兜	50
ddb	1	0	3853	党代表	49
ddbr	1	0	5324	咄咄逼人	48
ddc	1	0	3585	大都城	44
ddd	6	7	3556	大大的	43
ddd	6	7	3827	淡淡的	45
ddd	6	7	5134	短短的	45
ddd	6	7	3668	呆呆地	47
ddd	6	7	3828	淡淡地	48
ddd	6	7	5321	多得多	49
dddd	3	4	3832	弹道导弹	42
dddd	3	4	3824	单打独斗	49
dddd	3	4	4694	叮叮当当	49
ddf	1	0	5197	都督府	43
ddg	1	0	4688	丁大哥	50
ddh	2	3	3577	打电话	40
ddh	2	3	3586	大渡河	49
ddj	1	0	4406	电动机	46
ddkf	1	0	3566	大刀阔斧	50
ddlx	1	0	4407	电动力学	50
ddp	1	0	4400	电灯泡	49
ddq	2	3	5217	对得起	47
ddq	2	3	5319	掇刀区	47
ddr	1	0	3855	当地人	45
ddrm	1	0	3589	大队人马	49
dds	2	3	3592	大多数	36
dds	2	3	4408	电动势	49
ddss	1	0	5325	多多少少	50
ddt	1	0	4403	点点头	39
ddw	1	0	4691	丁大旺	47
ddx	1	0	4579	地带性	47
ddxx	2	3	3567	大大小小	44
ddxx	2	3	5135	断断续续	45
ddz	3	4	4964	东道主	49
ddz	3	4	3590	大队长	50
ddz	3	4	5318	多党制	50
ddzz	1	0	4594	跌跌撞撞	49
de	5	6	4600	第二	32
de	5	6	4409	点儿	42
de	5	6	3858	当儿	44
de	5	6	4699	定额	44
de	5	6	3675	戴尔	46
deb	3	4	4601	第二步	47
deb	3	4	3593	达尔巴	48
deb	3	4	4602	第二部	49
dec	4	6	4607	第二次	37
dec	4	6	4603	第二层	49
dec	4	6	4606	第二重	49
dec	4	6	4604	第二场	50
decy	1	0	4605	第二产业	44
ded	2	3	4608	第二代	45
ded	2	3	4609	第二道	47
deg	2	3	4610	第二个	40
deg	2	3	5326	多尔衮	41
degj	1	0	4611	第二国际	50
dej	5	6	4612	第二级	46
dej	5	6	4614	第二节	46
dej	5	6	4616	第二卷	46
dej	5	6	4615	第二届	47
dej	5	6	4613	第二件	49
del	2	3	4618	第二轮	47
del	2	3	4617	第二类	48
dem	1	0	4619	第二名	47
den	1	0	4620	第二年	43
dep	1	0	4622	第二批	44
depb	1	0	4621	第二炮兵	45
der	1	0	4623	第二日	50
det	2	3	4624	第二天	37
det	2	3	4625	第二条	47
dew	2	3	4627	第二位	45
dew	2	3	3594	达尔文	48
dexj	1	0	4314	等额选举	47
dez	3	4	4628	第二章	46
dez	3	4	4629	第二种	46
dez	3	4	3595	大儿子	49
df	43	15	4631	地方	25
df	43	15	5219	对方	34
df	43	15	4970	东方	36
df	43	15	5221	对付	37
df	43	15	3605	大夫	38
df	43	15	3606	大幅	39
df	43	15	3607	答复	40
df	43	15	5198	杜甫	40
df	43	15	3840	担负	41
df	43	15	4293	得分	41
df	43	15	4974	东风	41
df	43	15	5103	豆腐	41
df	43	15	3596	打发	42
df	43	15	4014	刀法	43
df	43	15	4632	敌方	43
df	43	15	4633	提防	43
df	43	15	3601	大方	44
df	43	15	5328	多方	44
df	43	15	3604	大风	45
df	43	15	4413	淀粉	45
df	43	15	3597	打法	46
df	43	15	3859	党风	46
df	43	15	4410	典范	46
df	43	15	4415	颠覆	46
df	43	15	4973	东非	46
df	43	15	3598	大发	47
df	43	15	3599	大法	47
df	43	15	3838	但凡	47
df	43	15	4700	顶峰	47
df	43	15	3600	大凡	48
df	43	15	3603	打分	48
df	43	15	4015	刀锋	49
df	43	15	4414	巅峰	49
df	43	15	4637	低分	49
df	43	15	5327	多发	49
df	43	15	3837	单发	50
df	43	15	4412	电费	50
df	43	15	4595	跌幅	50
df	43	15	4634	堤防	50
df	43	15	4971	洞房	50
df	43	15	5136	短发	50
df	43	15	5199	督抚	50
df	43	15	5220	堆放	50
dfb	1	0	4411	电饭煲	46
dfd	1	0	3608	大幅度	42
dfg	1	0	4635	地方官	45
dfh	1	0	4972	东方红	50
dfm	2	3	3839	单方面	47
dfm	2	3	5329	多方面	49
dfsw	1	0	3602	答非所问	50
dfx	1	0	4636	地方性	36
dg	63	17	4295	德国	32
dg	63	17	3609	大概	36
dg	63	17	4643	帝国	36
dg	63	17	5330	多个	36
dg	63	17	3612	大哥	37
dg	63	17	3631	大国	39
dg	63	17	4316	灯光	40
dg	63	17	4638	递给	41
dg	63	17	5201	度过	41
dg	63	17	3610	大纲	42
dg	63	17	3615	打工	42
dg	63	17	3856	单个	42
dg	63	17	3616	大功	43
dg	63	17	5202	渡过	43
dg	63	17	3677	带给	44
dg	63	17	3842	胆敢	44
dg	63	17	3857	耽搁	44
dg	63	17	4019	稻谷	44
dg	63	17	4023	道光	44
dg	63	17	5337	夺冠	44
dg	63	17	3617	大公	45
dg	63	17	4021	导管	45
dg	63	17	4976	动工	45
dg	63	17	4978	冬瓜	45
dg	63	17	5104	斗拱	45
dg	63	17	3621	打鼓	46
dg	63	17	3624	大官	46
dg	63	17	3625	大观	46
dg	63	17	3845	蛋糕	46
dg	63	17	4020	道姑	46
dg	63	17	4416	电工	46
dg	63	17	4640	低估	46
dg	63	17	4701	订购	46
dg	63	17	4977	东宫	46
dg	63	17	4979	东莞	46
dg	63	17	3860	当官	47
dg	63	17	3893	单果	47
dg	63	17	4018	刀工	47
dg	63	17	4025	岛国	47
dg	63	17	4641	嘀咕	47
dg	63	17	4644	敌国	47
dg	63	17	5338	躲过	47
dg	63	17	3626	大关	48
dg	63	17	3843	担纲	48
dg	63	17	4417	典故	48
dg	63	17	4639	地宫	48
dg	63	17	5200	独孤	48
dg	63	17	5332	多根	48
dg	63	17	5336	多寡	48
dg	63	17	3611	大港	49
dg	63	17	3622	大鼓	49
dg	63	17	3861	当归	49
dg	63	17	4016	祷告	49
dg	63	17	4022	道观	49
dg	63	17	4418	电光	49
dg	63	17	4642	低谷	49
dg	63	17	4975	动感	49
dg	63	17	3623	大沽	50
dg	63	17	4017	倒戈	50
dg	63	17	4024	捣鬼	50
dg	63	17	4315	登高	50
dg	63	17	4980	东关	50
dg	63	17	5331	多哥	50
dgb	1	0	4702	丁国宝	49
dgbf	1	0	3620	打狗棒法	47
dgc	1	0	3892	胆固醇	46
dgd	1	0	4296	德国队	49
dggc	1	0	3618	大功告成	49
dgk	1	0	3629	大沽口	44
dgl	3	4	5333	多公里	46
dgl	3	4	3619	大功率	49
dgl	3	4	3676	戴高乐	49
dgm	2	3	3628	大规模	36
dgm	2	3	3613	大革命	44
dgn	2	3	5334	多功能	46
dgn	2	3	3630	大姑娘	49
dgnt	1	0	5335	多功能厅	49
dgr	1	0	4297	德国人	44
dgwz	1	0	4294	德高望重	49
dgx	1	0	3894	单果鲜	47
dgy	1	0	3627	大观园	49
dgz	2	3	4524	调关镇	44
dgz	2	3	3614	大个子	47
dgzy	1	0	4645	帝国主义	34
dh	56	16	3649	大会	32
dh	56	16	4423	电话	33
dh	56	16	4299	的话	35
dh	56	16	4984	东汉	38
dh	56	16	4317	等候	39
dh	56	16	4985	东湖	39
dh	56	16	5222	对话	40
dh	56	16	5224	兑换	40
dh	56	16	3632	大海	41
dh	56	16	3633	大汉	41
dh	56	16	3640	大红	42
dh	56	16	4026	导航	42
dh	56	16	4981	东海	42
dh	56	16	5295	敦煌	42
dh	56	16	3638	大河	43
dh	56	16	3643	大湖	43
dh	56	16	3651	大伙	43
dh	56	16	4318	灯火	43
dh	56	16	4646	敌后	43
dh	56	16	3644	大户	44
dh	56	16	3645	答话	44
dh	56	16	3652	大火	44
dh	56	16	3678	代号	44
dh	56	16	3679	带回	44
dh	56	16	4419	电荷	44
dh	56	16	3653	大祸	45
dh	56	16	5223	对华	45
dh	56	16	5339	夺回	45
dh	56	16	3634	大喊	46
dh	56	16	3637	大好	46
dh	56	16	4027	倒好	46
dh	56	16	4426	点火	46
dh	56	16	5205	渡河	46
dh	56	16	3932	淡化	47
dh	56	16	4031	捣毁	47
dh	56	16	4300	德化	47
dh	56	16	4704	订货	47
dh	56	16	4986	动画	47
dh	56	16	3646	大华	48
dh	56	16	3862	当红	48
dh	56	16	4421	佃户	48
dh	56	16	5203	毒害	48
dh	56	16	3639	大黑	49
dh	56	16	3933	淡黄	49
dh	56	16	4028	刀痕	49
dh	56	16	4420	殿后	49
dh	56	16	4525	雕花	49
dh	56	16	4703	订婚	49
dh	56	16	3635	大旱	50
dh	56	16	3647	大话	50
dh	56	16	3648	大黄	50
dh	56	16	4029	道行	50
dh	56	16	4030	岛弧	50
dh	56	16	4422	电弧	50
dh	56	16	5204	渡海	50
dh	56	16	5294	顿河	50
dha	1	0	4982	东海岸	48
dhbj	1	0	3654	大惑不解	50
dhdj	1	0	3636	大喊大叫	50
dhe	2	3	3655	大伙儿	41
dhe	2	3	3680	待会儿	48
dhj	1	0	4424	电话机	48
dhjd	1	0	4983	东海舰队	49
dhl	1	0	4298	德黑兰	47
dhm	2	3	3641	大红门	46
dhm	2	3	4987	东华门	47
dhp	1	0	4988	动画片	49
dhq	1	0	4427	点火器	47
dhs	1	0	3642	大洪山	46
dht	1	0	3650	大会堂	47
dhx	2	3	4032	导火线	50
dhx	2	3	4425	电化学	50
dhxj	1	0	3656	大呼小叫	49
dhy	1	0	5137	段皇爷	50
dhz	1	0	3657	大胡子	48
dj	116	19	3726	大家	29
dj	116	19	3723	打击	35
dj	116	19	3740	大叫	37
dj	116	19	3744	大街	37
dj	116	19	3758	大军	37
dj	116	19	3863	当即	37
dj	116	19	5000	东京	37
dj	116	19	3871	当局	38
dj	116	19	4319	等级	38
dj	116	19	3734	大将	39
dj	116	19	3870	当今	39
dj	116	19	4036	道教	39
dj	116	19	4320	登记	39
dj	116	19	4989	冬季	39
dj	116	19	3681	代价	40
dj	116	19	4039	道具	40
dj	116	19	4321	登基	40
dj	116	19	4654	缔结	40
dj	116	19	5001	动静	40
dj	116	19	5002	东经	40
dj	116	19	5340	多家	40
dj	116	19	5345	多久	40
dj	116	19	3755	大局	41
dj	116	19	4659	敌军	41
dj	116	19	4990	动机	41
dj	116	19	5267	度假	41
dj	116	19	3756	大举	42
dj	116	19	4709	定居	42
dj	116	19	5225	堆积	42
dj	116	19	3727	打架	43
dj	116	19	3735	大江	43
dj	116	19	3745	大姐	43
dj	116	19	4303	德军	43
dj	116	19	4706	定价	43
dj	116	19	4999	东晋	43
dj	116	19	5270	渡江	43
dj	116	19	5274	独具	43
dj	116	19	5277	杜绝	43
dj	116	19	3736	大奖	44
dj	116	19	4034	刀剑	44
dj	116	19	4428	电机	44
dj	116	19	4429	电极	44
dj	116	19	4647	低级	44
dj	116	19	4656	第九	44
dj	116	19	4322	登极	45
dj	116	19	4430	点击	45
dj	116	19	4526	调集	45
dj	116	19	4648	敌机	45
dj	116	19	4650	低价	45
dj	116	19	4997	冻结	45
dj	116	19	5139	断绝	45
dj	116	19	5268	独家	45
dj	116	19	5275	杜鹃	45
dj	116	19	3683	殆尽	46
dj	116	19	3731	大件	46
dj	116	19	3749	打井	46
dj	116	19	4323	等价	46
dj	116	19	4431	典籍	46
dj	116	19	4432	惦记	46
dj	116	19	4649	地基	46
dj	116	19	4651	递减	46
dj	116	19	4652	递交	46
dj	116	19	4705	顶级	46
dj	116	19	4991	董家	46
dj	116	19	5138	短剑	46
dj	116	19	5272	堵截	46
dj	116	19	3746	大捷	47
dj	116	19	3864	党籍	47
dj	116	19	3865	当家	47
dj	116	19	3939	担架	47
dj	116	19	4033	道家	47
dj	116	19	4992	东家	47
dj	116	19	5342	跺脚	47
dj	116	19	3682	待见	48
dj	116	19	3724	大计	48
dj	116	19	3732	搭建	48
dj	116	19	3752	搭救	48
dj	116	19	4436	电解	48
dj	116	19	4596	叠加	48
dj	116	19	4707	顶尖	48
dj	116	19	4708	定睛	48
dj	116	19	4993	东江	48
dj	116	19	5226	对接	48
dj	116	19	5278	督军	48
dj	116	19	3725	大忌	49
dj	116	19	3728	打假	49
dj	116	19	3729	大加	49
dj	116	19	3730	搭架	49
dj	116	19	3733	打尖	49
dj	116	19	3867	党建	49
dj	116	19	4040	刀具	49
dj	116	19	4433	奠基	49
dj	116	19	4434	电价	49
dj	116	19	4435	店家	49
dj	116	19	4710	定局	49
dj	116	19	4995	东郊	49
dj	116	19	4998	东街	49
dj	116	19	5227	对决	49
dj	116	19	5264	妒忌	49
dj	116	19	5265	毒剂	49
dj	116	19	3741	打搅	50
dj	116	19	3747	打劫	50
dj	116	19	3753	大舅	50
dj	116	19	3757	答卷	50
dj	116	19	3938	淡季	50
dj	116	19	3940	单价	50
dj	116	19	3943	单据	50
dj	116	19	4035	刀尖	50
dj	116	19	4301	德甲	50
dj	116	19	4302	得救	50
dj	116	19	4653	地窖	50
dj	116	19	5105	豆浆	50
dj	116	19	5266	毒计	50
dj	116	19	5273	镀金	50
dj	116	19	5296	顿觉	50
dj	116	19	5341	多架	50
djc	1	0	5269	度假村	49
djcr	1	0	5343	多吉才让	47
djd	3	4	3742	打交道	44
djd	3	4	3754	大酒店	47
djd	3	4	3866	当家的	50
djh	3	4	5276	杜鹃花	42
djh	3	4	4994	董建华	49
djh	3	4	5344	多极化	50
djj	3	4	3737	大将军	44
djj	3	4	4657	第九届	46
djj	3	4	4658	第九卷	50
djk	1	0	3941	丹江口	44
djks	1	0	3942	丹江口市	46
djl	2	3	4527	吊脚楼	45
djl	2	3	4324	邓家岭	47
djld	1	0	3869	当机立断	48
djmx	1	0	4996	东交民巷	41
djnb	1	0	3738	大江南北	49
djq	1	0	4440	点军区	47
djr	2	3	4326	登记日	45
djr	2	3	4439	奠基人	47
djs	4	6	4655	地级市	42
djs	4	6	5279	独居石	44
djs	4	6	3739	大奖赛	46
djs	4	6	4038	倒计时	48
djss	1	0	3750	大惊失色	47
djt	1	0	3743	大家庭	48
djts	1	0	5280	独具特色	45
djw	1	0	4325	等价物	46
djxg	1	0	3751	大惊小怪	47
djxh	1	0	4037	道教协会	47
djxx	1	0	3748	大街小巷	44
djy	1	0	5271	都江堰	48
djyg	1	0	5281	独具一格	46
djz	3	4	4437	电解质	47
djz	3	4	4328	等级制	48
djz	3	4	4438	电介质	49
djzc	1	0	4327	登记在册	48
djzz	1	0	3868	当家作主	45
dk	28	13	3686	贷款	36
dk	28	13	3759	打开	36
dk	28	13	4660	抵抗	39
dk	28	13	5228	对抗	39
dk	28	13	4528	雕刻	40
dk	28	13	3760	大哭	41
dk	28	13	5004	洞口	42
dk	28	13	3761	大块	43
dk	28	13	3944	蛋壳	43
dk	28	13	5229	对口	44
dk	28	13	4662	低空	45
dk	28	13	5348	垛口	45
dk	28	13	5005	洞窟	46
dk	28	13	5282	渡口	46
dk	28	13	5346	躲开	46
dk	28	13	3687	带宽	47
dk	28	13	3945	弹壳	47
dk	28	13	4329	邓肯	47
dk	28	13	5003	洞开	47
dk	28	13	5350	多亏	47
dk	28	13	3684	代课	48
dk	28	13	5140	端口	48
dk	28	13	3685	待客	49
dk	28	13	3946	单科	49
dk	28	13	5106	豆科	49
dk	28	13	5347	多孔	49
dk	28	13	4664	地块	50
dk	28	13	5141	短裤	50
dkdd	1	0	4663	地空导弹	46
dkec	1	0	5349	夺眶而出	50
dkl	1	0	4661	抵抗力	47
dl	97	18	3775	大量	32
dl	97	18	5284	独立	32
dl	97	18	4668	地理	33
dl	97	18	3688	带来	34
dl	97	18	3785	大陆	34
dl	97	18	4044	道路	34
dl	97	18	4043	道理	36
dl	97	18	4446	点亮	36
dl	97	18	5008	动力	36
dl	97	18	4041	到来	37
dl	97	18	4442	电力	37
dl	97	18	3769	大力	38
dl	97	18	3689	代理	39
dl	97	18	3690	带领	39
dl	97	18	5142	锻炼	39
dl	97	18	4334	登陆	40
dl	97	18	4717	定律	40
dl	97	18	5231	对立	40
dl	97	18	3770	大理	41
dl	97	18	3774	大连	41
dl	97	18	3784	大楼	41
dl	97	18	4449	电流	41
dl	97	18	3776	打量	42
dl	97	18	4333	灯笼	42
dl	97	18	4443	典礼	42
dl	97	18	5143	断裂	42
dl	97	18	4450	电路	43
dl	97	18	4669	地里	43
dl	97	18	4671	第六	43
dl	97	18	4711	订立	43
dl	97	18	4712	定理	43
dl	97	18	5230	对了	43
dl	97	18	3771	大礼	44
dl	97	18	3787	大乱	44
dl	97	18	4304	得来	44
dl	97	18	4335	登录	44
dl	97	18	4667	地雷	44
dl	97	18	5014	东路	44
dl	97	18	5015	动乱	44
dl	97	18	3786	大路	45
dl	97	18	4305	得力	45
dl	97	18	4441	电缆	45
dl	97	18	4444	店里	45
dl	97	18	4714	定量	45
dl	97	18	5233	对联	45
dl	97	18	5285	肚里	45
dl	97	18	5354	堕落	45
dl	97	18	3780	打猎	46
dl	97	18	4045	捣乱	46
dl	97	18	4530	雕栏	46
dl	97	18	4597	跌落	46
dl	97	18	4670	低廉	46
dl	97	18	4713	鼎立	46
dl	97	18	5107	豆类	46
dl	97	18	5110	逗留	46
dl	97	18	3763	达赖	47
dl	97	18	3765	打捞	47
dl	97	18	3768	大乐	47
dl	97	18	3788	打乱	47
dl	97	18	3947	胆量	47
dl	97	18	4306	德里	47
dl	97	18	4445	电离	47
dl	97	18	4529	调来	47
dl	97	18	4677	低落	47
dl	97	18	4716	定论	47
dl	97	18	5009	动量	47
dl	97	18	5232	队里	47
dl	97	18	5286	度量	47
dl	97	18	4829	丢脸	48
dl	97	18	5011	东林	48
dl	97	18	5145	段落	48
dl	97	18	5234	队列	48
dl	97	18	5236	对流	48
dl	97	18	5283	毒辣	48
dl	97	18	5351	多路	48
dl	97	18	5355	多罗	48
dl	97	18	3693	带路	49
dl	97	18	3772	搭理	49
dl	97	18	3777	大梁	49
dl	97	18	3873	当量	49
dl	97	18	4330	等量	49
dl	97	18	5007	东来	49
dl	97	18	5109	都灵	49
dl	97	18	5352	夺路	49
dl	97	18	3762	耷拉	50
dl	97	18	3766	大牢	50
dl	97	18	3773	大吏	50
dl	97	18	3790	打落	50
dl	97	18	3872	当啷	50
dl	97	18	4046	导论	50
dl	97	18	4307	得利	50
dl	97	18	4448	电令	50
dl	97	18	4531	调离	50
dl	97	18	4532	掉落	50
dl	97	18	4665	地拉	50
dl	97	18	4666	抵赖	50
dl	97	18	5108	兜里	50
dlc	2	3	4672	第六次	41
dlc	2	3	4447	电离层	47
dld	4	6	5012	东林党	45
dld	4	6	5288	杜里调	49
dld	4	6	5353	多伦多	49
dld	4	6	5144	断裂带	50
dlfx	1	0	4715	定量分析	50
dlgj	1	0	5289	独立国家	47
dlh	1	0	5006	东拉河	50
dlj	3	4	3789	大陆架	45
dlj	3	4	4336	登陆舰	46
dlj	3	4	4673	第六届	48
dllm	1	0	3764	达赖喇嘛	50
dlm	2	3	5292	杜鲁门	48
dlm	2	3	5235	对立面	50
dlr	1	0	3691	代理人	43
dls	4	6	3781	大理石	44
dls	4	6	3782	大理寺	44
dls	4	6	3778	大连市	45
dls	4	6	3692	代理商	48
dlsd	1	0	3779	大连实德	48
dlt	4	6	5287	独联体	46
dlt	4	6	5297	吨粮田	47
dlt	4	6	3783	大礼堂	49
dlt	4	6	4337	登陆艇	49
dlw	1	0	5010	东连吴	47
dlx	4	6	4675	地理学	42
dlx	4	6	5013	动力学	43
dlx	4	6	5290	独立性	46
dlx	4	6	3791	大陆性	48
dlxj	1	0	4676	地理学家	49
dly	1	0	3767	大老爷	48
dlz	3	4	4674	第六章	47
dlz	3	4	4331	等离子	49
dlz	3	4	4338	登陆战	50
dlzj	1	0	4042	到来之际	48
dlzt	1	0	4332	等离子体	44
dlzz	1	0	5291	独立自主	43
dm	50	16	4682	地面	34
dm	50	16	3800	大明	35
dm	50	16	3795	大门	36
dm	50	16	4308	得名	37
dm	50	16	5356	多么	37
dm	50	16	3694	代码	38
dm	50	16	3797	大米	39
dm	50	16	5238	对面	39
dm	50	16	4679	地貌	40
dm	50	16	3948	丹麦	41
dm	50	16	5359	多名	41
dm	50	16	3792	大妈	42
dm	50	16	3801	大名	42
dm	50	16	3874	当面	43
dm	50	16	4047	倒霉	43
dm	50	16	5016	动脉	44
dm	50	16	5146	端门	44
dm	50	16	5358	多米	44
dm	50	16	3695	怠慢	45
dm	50	16	3803	大漠	45
dm	50	16	4050	盗墓	45
dm	50	16	4684	地名	45
dm	50	16	5018	东门	45
dm	50	16	5021	东面	45
dm	50	16	3794	大麦	46
dm	50	16	3804	达摩	46
dm	50	16	4683	底面	46
dm	50	16	4718	丁卯	46
dm	50	16	4719	定名	46
dm	50	16	4049	稻米	47
dm	50	16	5020	东盟	47
dm	50	16	5148	短命	47
dm	50	16	5360	夺目	47
dm	50	16	4339	登门	48
dm	50	16	4454	点名	48
dm	50	16	4678	地幔	48
dm	50	16	4681	低迷	48
dm	50	16	5022	冬眠	48
dm	50	16	5237	堆满	48
dm	50	16	3799	大庙	49
dm	50	16	3950	淡漠	49
dm	50	16	4451	点卯	49
dm	50	16	4598	爹妈	49
dm	50	16	4680	弟妹	49
dm	50	16	5017	动漫	49
dm	50	16	5019	洞门	49
dm	50	16	5147	断面	49
dm	50	16	3696	待命	50
dm	50	16	3793	大麻	50
dm	50	16	4453	店面	50
dmd	1	0	3949	丹麦队	46
dmdd	1	0	3802	大名鼎鼎	48
dmj	2	3	3798	大面积	43
dmj	2	3	4720	丁敏君	49
dmk	1	0	3796	大门口	45
dml	1	0	4048	刀美兰	47
dmt	1	0	5357	多媒体	44
dmy	1	0	5111	窦美仪	48
dmz	2	3	3805	大拇指	45
dmz	2	3	4051	盗墓贼	49
dn	24	13	3877	当年	33
dn	24	13	5362	多年	33
dn	24	13	5023	东南	35
dn	24	13	4455	电脑	36
dn	24	13	3875	党内	40
dn	24	13	3807	大脑	42
dn	24	13	4053	悼念	45
dn	24	13	4456	殿内	45
dn	24	13	3836	大内	46
dn	24	13	3934	大鲵	46
dn	24	13	3936	大娘	46
dn	24	13	4457	电能	46
dn	24	13	4599	爹娘	46
dn	24	13	5029	动能	46
dn	24	13	5239	对内	46
dn	24	13	4052	岛内	47
dn	24	13	5149	端倪	47
dn	24	13	3806	大难	48
dn	24	13	3951	胆囊	48
dn	24	13	4458	佃农	48
dn	24	13	3935	大年	50
dn	24	13	4722	叮咛	50
dn	24	13	5030	动怒	50
dn	24	13	5112	斗牛	50
dnb	1	0	5024	东南部	40
dnbd	1	0	3937	大逆不道	50
dndx	1	0	5025	东南大学	50
dne	1	0	3952	丹尼尔	49
dng	1	0	5031	东暖阁	48
dnh	1	0	5361	多瑙河	46
dnj	1	0	5026	东南角	49
dnpc	1	0	3808	大脑皮层	48
dns	1	0	5363	多年生	47
dnt	1	0	4721	丁能通	40
dnw	1	0	3876	党内外	48
dnxb	1	0	5027	东南西北	49
dny	1	0	5028	东南亚	39
do	3	4	5032	东欧	42
do	3	4	5113	斗殴	49
do	3	4	5240	对偶	49
don	1	0	4751	狄欧尼	49
dp	33	14	4104	大批	38
dp	33	14	4106	打破	38
dp	33	14	4105	大片	40
dp	33	14	4100	大盘	41
dp	33	14	4101	大炮	41
dp	33	14	3878	党派	43
dp	33	14	4460	点评	43
dp	33	14	4461	店铺	43
dp	33	14	5417	毒品	43
dp	33	14	4103	搭配	44
dp	33	14	4752	地盘	45
dp	33	14	5035	东坡	45
dp	33	14	4098	大牌	46
dp	33	14	5416	肚皮	46
dp	33	14	4753	底盘	47
dp	33	14	4054	道旁	48
dp	33	14	4533	调配	48
dp	33	14	4723	顶棚	48
dp	33	14	4757	地铺	48
dp	33	14	5114	斗篷	48
dp	33	14	5298	盾牌	48
dp	33	14	3879	当铺	49
dp	33	14	4055	道袍	49
dp	33	14	4099	打牌	49
dp	33	14	4459	颠沛	49
dp	33	14	5034	东平	49
dp	33	14	5364	多篇	49
dp	33	14	4102	打炮	50
dp	33	14	4340	灯泡	50
dp	33	14	4754	地皮	50
dp	33	14	4755	低频	50
dp	33	14	5115	陡坡	50
dp	33	14	5150	短篇	50
dpe	1	0	5033	董庞儿	50
dpfm	1	0	5365	多平方米	50
dpl	1	0	5366	多普勒	49
dpr	1	0	5036	东坡肉	47
dpx	1	0	4756	地平线	49
dpxs	1	0	5151	短篇小说	45
dq	45	15	4766	地区	26
dq	45	15	4763	地球	35
dq	45	15	4110	大桥	36
dq	45	15	4112	大清	37
dq	45	15	3881	当前	38
dq	45	15	4767	的确	38
dq	45	15	5369	夺取	38
dq	45	15	4107	大气	39
dq	45	15	5152	短期	39
dq	45	15	4724	定期	40
dq	45	15	4462	电器	41
dq	45	15	4758	第七	42
dq	45	15	4759	地壳	42
dq	45	15	4119	大权	43
dq	45	15	4057	道歉	44
dq	45	15	4108	大旗	44
dq	45	15	4463	电气	44
dq	45	15	4113	大庆	45
dq	45	15	5154	短缺	45
dq	45	15	5370	夺去	45
dq	45	15	3953	胆怯	46
dq	45	15	4056	到期	46
dq	45	15	4534	调遣	46
dq	45	15	5116	陡峭	46
dq	45	15	5367	多期	46
dq	45	15	5418	毒气	46
dq	45	15	3954	丹青	47
dq	45	15	4058	刀枪	47
dq	45	15	4059	盗窃	47
dq	45	15	5419	赌气	47
dq	45	15	4109	大钱	48
dq	45	15	4535	吊桥	48
dq	45	15	4762	敌情	48
dq	45	15	5038	动情	48
dq	45	15	5371	夺权	48
dq	45	15	5420	赌钱	48
dq	45	15	3880	档期	49
dq	45	15	3882	当权	49
dq	45	15	4117	大区	49
dq	45	15	4120	大全	49
dq	45	15	4465	点球	49
dq	45	15	4830	丢弃	49
dq	45	15	4115	打球	50
dq	45	15	4118	打趣	50
dq	45	15	5037	东起	50
dqc	2	3	4111	大气层	47
dqc	2	3	4760	第七次	50
dqg	1	0	4114	大清国	50
dqh	1	0	4464	电气化	44
dqhx	1	0	4764	地球化学	46
dqj	1	0	4761	第七届	50
dqm	1	0	5368	多千米	48
dqr	1	0	5153	段祺瑞	42
dqx	1	0	4768	地区性	47
dqy	1	0	4116	大气压	50
dqz	2	3	4765	第七章	47
dqz	2	3	5117	兜圈子	50
dr	34	14	3883	当然	31
dr	34	14	4770	敌人	32
dr	34	14	3956	担任	34
dr	34	14	4122	大人	36
dr	34	14	3886	当日	38
dr	34	14	4060	道人	40
dr	34	14	4466	点燃	42
dr	34	14	4124	打入	43
dr	34	14	4725	定然	43
dr	34	14	5039	动人	43
dr	34	14	3957	单人	44
dr	34	14	5118	陡然	44
dr	34	14	4121	打扰	45
dr	34	14	5155	断然	45
dr	34	14	4123	打人	46
dr	34	14	3697	待人	47
dr	34	14	3885	党人	47
dr	34	14	5372	多日	47
dr	34	14	3699	带入	48
dr	34	14	4536	调任	48
dr	34	14	4769	地热	48
dr	34	14	4831	丢人	48
dr	34	14	4061	刀刃	49
dr	34	14	4467	电容	49
dr	34	14	4537	调入	49
dr	34	14	4626	跌入	49
dr	34	14	5040	冬日	49
dr	34	14	5373	堕入	49
dr	34	14	5421	度日	49
dr	34	14	3698	歹人	50
dr	34	14	3955	淡然	50
dr	34	14	4062	到任	50
dr	34	14	4063	倒入	50
dr	34	14	5041	动容	50
drc	1	0	4726	丁汝昌	46
drq	1	0	4468	电容器	50
drwc	1	0	3884	荡然无存	47
ds	100	18	3960	但是	28
ds	100	18	3887	当时	29
ds	100	18	5375	多少	32
ds	100	18	4137	大声	35
ds	100	18	4141	大事	35
ds	100	18	4469	电视	35
ds	100	18	4771	第三	35
ds	100	18	4790	地上	35
ds	100	18	5376	多数	35
ds	100	18	5243	对手	36
ds	100	18	4142	大师	37
ds	100	18	4162	打算	37
ds	100	18	4344	登时	37
ds	100	18	4791	低声	37
ds	100	18	4793	地势	37
ds	100	18	4806	第四	37
ds	100	18	5051	动手	37
ds	100	18	3959	诞生	38
ds	100	18	5299	顿时	38
ds	100	18	5428	读书	38
ds	100	18	4158	打死	39
ds	100	18	4343	登上	39
ds	100	18	4064	岛上	40
ds	100	18	4065	道士	40
ds	100	18	4143	大使	40
ds	100	18	3962	淡水	41
ds	100	18	4125	大赛	41
ds	100	18	4470	殿试	41
ds	100	18	5047	董事	41
ds	100	18	3700	带上	42
ds	100	18	4129	大厦	42
ds	100	18	4138	大圣	42
ds	100	18	4539	雕塑	42
ds	100	18	4066	导师	43
ds	100	18	4130	大山	43
ds	100	18	4151	大树	43
ds	100	18	4155	大顺	43
ds	100	18	4727	顶上	43
ds	100	18	5044	动身	43
ds	100	18	5423	毒蛇	43
ds	100	18	5426	都市	43
ds	100	18	3701	代数	44
ds	100	18	3958	单身	44
ds	100	18	4144	大石	44
ds	100	18	4159	大肆	44
ds	100	18	4341	登山	44
ds	100	18	4803	敌手	44
ds	100	18	5045	东升	44
ds	100	18	5379	多所	44
ds	100	18	5422	堵塞	44
ds	100	18	5427	毒手	44
ds	100	18	5433	毒素	44
ds	100	18	4127	大嫂	45
ds	100	18	4128	打扫	45
ds	100	18	4139	大胜	45
ds	100	18	4359	得胜	45
ds	100	18	4361	得失	45
ds	100	18	4832	丢失	45
ds	100	18	5048	懂事	45
ds	100	18	5378	多岁	45
ds	100	18	5380	哆嗦	45
ds	100	18	4132	打伤	46
ds	100	18	4152	大叔	46
ds	100	18	4153	大帅	46
ds	100	18	4362	得手	46
ds	100	18	4729	鼎盛	46
ds	100	18	4730	定时	46
ds	100	18	4068	到手	47
ds	100	18	4150	大寿	47
ds	100	18	4794	第十	47
ds	100	18	5374	躲闪	47
ds	100	18	4069	倒数	48
ds	100	18	4135	大神	48
ds	100	18	4136	大婶	48
ds	100	18	4145	大势	48
ds	100	18	4154	大水	48
ds	100	18	4163	大蒜	48
ds	100	18	4792	笛声	48
ds	100	18	4795	敌视	48
ds	100	18	4818	低速	48
ds	100	18	5158	断送	48
ds	100	18	5241	对生	48
ds	100	18	5242	对视	48
ds	100	18	5244	对数	48
ds	100	18	5431	毒死	48
ds	100	18	4070	导数	49
ds	100	18	4126	大三	49
ds	100	18	4134	大赦	49
ds	100	18	4160	大四	49
ds	100	18	4345	瞪视	49
ds	100	18	4538	吊死	49
ds	100	18	4805	滴水	49
ds	100	18	5043	东山	49
ds	100	18	5052	冻死	49
ds	100	18	5119	都司	49
ds	100	18	3961	胆识	50
ds	100	18	4131	搭讪	50
ds	100	18	4728	盯上	50
ds	100	18	5377	多艘	50
ds	100	18	5432	堵死	50
dsb	2	3	4772	第三步	50
dsb	2	3	4796	第十八	50
dsc	4	6	4774	第三次	42
dsc	4	6	4807	第四次	45
dsc	4	6	4156	大顺朝	49
dsc	4	6	4797	第十次	50
dscy	1	0	4773	第三产业	45
dsd	3	4	4775	第三代	44
dsd	3	4	4808	第四代	48
dsd	3	4	4342	登山队	49
dse	1	0	4798	第十二	50
dsf	1	0	4776	第三方	49
dsg	3	4	4777	第三个	43
dsg	3	4	4146	大使馆	46
dsg	3	4	4809	第四个	48
dsh	3	4	5049	董事会	38
dsh	3	4	4067	到时候	44
dsh	3	4	3963	淡水湖	49
dsj	13	10	4472	电视剧	43
dsj	13	10	4471	电视机	44
dsj	13	10	4780	第三卷	45
dsj	13	10	4778	第三纪	46
dsj	13	10	4799	第十届	46
dsj	13	10	4810	第四纪	46
dsj	13	10	4157	大顺军	47
dsj	13	10	4779	第三届	47
dsj	13	10	4811	第四节	47
dsj	13	10	4812	第四届	48
dsj	13	10	4813	第四卷	48
dsj	13	10	5156	段时间	49
dsj	13	10	4540	雕塑家	50
dsjh	1	0	4140	大声疾呼	48
dsk	1	0	4346	灯市口	49
dsm	3	4	4781	第三名	45
dsm	3	4	4360	德胜门	48
dsm	3	4	4161	大司马	49
dsn	2	3	4814	迪斯尼	46
dsn	2	3	4800	迪士尼	48
dsp	1	0	4782	第三批	42
dsqq	1	0	4801	第十七期	47
dsr	3	4	3888	当事人	41
dsr	3	4	5429	读书人	44
dsr	3	4	4804	低收入	49
dss	3	4	4731	丁石孙	47
dss	3	4	5157	段思思	47
dss	3	4	5042	东三省	50
dssj	1	0	4783	第三世界	47
dssq	1	0	4147	大势所趋	50
dst	5	6	4473	电视台	40
dst	5	6	4732	丁思甜	44
dst	5	6	4784	第三天	46
dst	5	6	4148	大石头	49
dst	5	6	4785	第三条	49
dsw	2	3	4786	第三位	47
dsw	2	3	4815	第四位	49
dsx	1	0	3702	代数学	48
dsy	4	6	3964	淡水鱼	39
dsy	4	6	4802	第十一	47
dsy	4	6	5425	杜审言	47
dsy	4	6	4133	大少爷	50
dsyq	1	0	4149	大势已去	49
dsyz	1	0	5430	独树一帜	45
dsz	7	8	5050	董事长	41
dsz	7	8	4787	第三章	46
dsz	7	8	4789	第三种	46
dsz	7	8	4816	第四章	46
dsz	7	8	5046	东升镇	47
dsz	7	8	4788	第三者	48
dsz	7	8	4817	第四种	50
dszn	1	0	5424	独生子女	48
dt	63	17	4478	点头	36
dt	63	17	5434	独特	36
dt	63	17	4827	地图	37
dt	63	17	5053	动态	37
dt	63	17	3703	代替	38
dt	63	17	4171	大厅	38
dt	63	17	3889	当天	39
dt	63	17	4168	大体	39
dt	63	17	4172	打听	39
dt	63	17	4825	低头	39
dt	63	17	4474	电台	41
dt	63	17	4824	地铁	41
dt	63	17	5055	冬天	41
dt	63	17	4820	地毯	42
dt	63	17	5054	动弹	42
dt	63	17	3704	带头	43
dt	63	17	4078	倒退	43
dt	63	17	5383	多条	43
dt	63	17	3967	弹头	44
dt	63	17	4174	大同	44
dt	63	17	4477	电梯	44
dt	63	17	3965	单体	45
dt	63	17	3966	丹田	45
dt	63	17	4166	大堂	45
dt	63	17	4167	大唐	45
dt	63	17	4169	答题	45
dt	63	17	4348	登台	45
dt	63	17	5056	洞庭	45
dt	63	17	5382	多天	45
dt	63	17	3890	当头	46
dt	63	17	4071	倒塌	46
dt	63	17	4074	导体	46
dt	63	17	4165	打探	46
dt	63	17	4175	打通	46
dt	63	17	4179	大头	46
dt	63	17	4181	大腿	46
dt	63	17	4363	得体	46
dt	63	17	4821	地坛	46
dt	63	17	5300	墩台	46
dt	63	17	5436	都统	46
dt	63	17	4072	道特	47
dt	63	17	4073	倒腾	47
dt	63	17	4475	殿堂	47
dt	63	17	4541	掉头	47
dt	63	17	5060	冻土	47
dt	63	17	5381	多胎	47
dt	63	17	4075	稻田	48
dt	63	17	4076	到头	48
dt	63	17	4347	灯塔	48
dt	63	17	4349	等同	48
dt	63	17	5057	动听	48
dt	63	17	5245	对头	48
dt	63	17	3706	歹徒	49
dt	63	17	4176	大通	49
dt	63	17	4182	打退	49
dt	63	17	4733	顶替	49
dt	63	17	4819	地台	49
dt	63	17	3891	党团	50
dt	63	17	4170	打铁	50
dt	63	17	4476	店堂	50
dt	63	17	4826	地头	50
dt	63	17	5059	东头	50
dt	63	17	5384	多头	50
dtb	1	0	4164	大踏步	45
dtc	1	0	4822	地毯厂	47
dtd	2	3	4177	大通道	46
dtd	2	3	5159	段天德	50
dtdh	1	0	4364	得天独厚	45
dth	2	3	5058	洞庭湖	37
dth	2	3	5435	杜铁环	47
dtj	1	0	4180	大团结	45
dtl	2	3	4077	到头来	46
dtl	2	3	4823	底特律	50
dtr	1	0	3705	带头人	48
dts	1	0	4173	大体上	45
dtxy	1	0	4178	大同小异	49
dty	1	0	4350	等同于	48
dw	45	15	3969	单位	30
dw	45	15	4836	地位	31
dw	45	15	5062	动物	33
dw	45	15	5249	队伍	33
dw	45	15	5246	对外	35
dw	45	15	3897	党委	39
dw	45	15	4187	大为	39
dw	45	15	4734	定位	39
dw	45	15	4835	帝王	39
dw	45	15	4842	第五	40
dw	45	15	4735	定为	41
dw	45	15	4079	到位	42
dw	45	15	4185	大王	42
dw	45	15	4840	低温	42
dw	45	15	5385	多万	42
dw	45	15	3896	当晚	43
dw	45	15	3971	耽误	43
dw	45	15	5437	读完	44
dw	45	15	5439	毒物	44
dw	45	15	4183	大碗	45
dw	45	15	4190	答问	45
dw	45	15	4837	地委	45
dw	45	15	4841	敌我	45
dw	45	15	5063	东吴	45
dw	45	15	3707	代为	46
dw	45	15	4184	大湾	46
dw	45	15	5440	读物	46
dw	45	15	4479	电网	47
dw	45	15	4838	帝位	47
dw	45	15	4839	低微	47
dw	45	15	5064	动武	47
dw	45	15	3968	弹丸	48
dw	45	15	4188	大卫	48
dw	45	15	4834	低洼	48
dw	45	15	5061	东魏	48
dw	45	15	5387	多位	48
dw	45	15	5438	都尉	48
dw	45	15	3895	党外	49
dw	45	15	4191	大雾	49
dw	45	15	4365	德文	49
dw	45	15	4480	电位	49
dw	45	15	5160	短文	49
dw	45	15	5301	吨位	49
dw	45	15	3899	党务	50
dw	45	15	4189	大维	50
dwc	1	0	4843	第五次	42
dwd	1	0	4844	第五代	50
dwj	3	4	4845	第五届	44
dwj	3	4	5065	动物界	49
dwj	3	4	5161	端午节	50
dwkf	1	0	5247	对外开放	40
dwmy	1	0	5248	对外贸易	43
dwq	1	0	5066	动物群	49
dwsj	1	0	3898	党委书记	45
dwt	1	0	4186	大湾特	44
dwx	1	0	4192	大悟县	47
dwy	2	3	5067	动物园	45
dwy	2	3	5386	多万元	49
dwz	2	3	4846	第五章	47
dwz	2	3	3970	单位制	49
dwzj	1	0	3900	当务之急	46
dx	94	18	4216	大学	29
dx	94	18	5068	东西	29
dx	94	18	4203	大小	34
dx	94	18	4208	大型	34
dx	94	18	3901	当下	35
dx	94	18	3978	担心	35
dx	94	18	4849	地下	35
dx	94	18	5251	对象	35
dx	94	18	4487	典型	36
dx	94	18	3907	当选	37
dx	94	18	3979	单行	39
dx	94	18	4859	地形	39
dx	94	18	4860	弟兄	39
dx	94	18	4204	大笑	40
dx	94	18	4485	电信	40
dx	94	18	4850	低下	41
dx	94	18	4851	底下	41
dx	94	18	3708	代谢	42
dx	94	18	4196	大侠	42
dx	94	18	4737	定向	42
dx	94	18	5165	短信	42
dx	94	18	5389	多谢	42
dx	94	18	5442	毒性	42
dx	94	18	4082	导向	43
dx	94	18	4197	打下	43
dx	94	18	4215	大选	43
dx	94	18	5076	洞穴	43
dx	94	18	3902	当先	44
dx	94	18	4080	倒下	44
dx	94	18	4193	大喜	44
dx	94	18	5388	多项	44
dx	94	18	4217	大雪	45
dx	94	18	4481	殿下	45
dx	94	18	4542	雕像	45
dx	94	18	4739	定型	45
dx	94	18	4833	丢下	45
dx	94	18	5070	动向	45
dx	94	18	3974	单向	46
dx	94	18	3976	胆小	46
dx	94	18	4194	达西	46
dx	94	18	4200	大象	46
dx	94	18	4201	打响	46
dx	94	18	4213	大修	46
dx	94	18	4367	德行	46
dx	94	18	4486	点心	46
dx	94	18	4544	调蓄	46
dx	94	18	4736	定下	46
dx	94	18	4740	定性	46
dx	94	18	5162	短线	46
dx	94	18	5302	蹲下	46
dx	94	18	3975	单项	47
dx	94	18	4081	导线	47
dx	94	18	4083	倒像	47
dx	94	18	4084	道谢	47
dx	94	18	4489	点穴	47
dx	94	18	4491	电讯	47
dx	94	18	5163	端详	47
dx	94	18	5164	短小	47
dx	94	18	5250	兑现	47
dx	94	18	3904	党校	48
dx	94	18	3973	弹匣	48
dx	94	18	3980	单性	48
dx	94	18	4205	打消	48
dx	94	18	4206	大校	48
dx	94	18	4209	大兴	48
dx	94	18	4854	底线	48
dx	94	18	4855	抵消	48
dx	94	18	5074	动心	48
dx	94	18	5120	都行	48
dx	94	18	5252	队形	48
dx	94	18	5441	读写	48
dx	94	18	3903	党项	49
dx	94	18	3905	当心	49
dx	94	18	3906	党性	49
dx	94	18	4195	大戏	49
dx	94	18	4198	大夏	49
dx	94	18	4351	等闲	49
dx	94	18	4366	得悉	49
dx	94	18	4368	德性	49
dx	94	18	4482	癫痫	49
dx	94	18	4483	电线	49
dx	94	18	4738	丁香	49
dx	94	18	4852	地峡	49
dx	94	18	5069	东线	49
dx	94	18	5166	断续	49
dx	94	18	5390	多些	49
dx	94	18	3709	代行	50
dx	94	18	3972	旦夕	50
dx	94	18	4490	电学	50
dx	94	18	4543	吊销	50
dx	94	18	4847	底细	50
dx	94	18	4848	嫡系	50
dx	94	18	4856	抵销	50
dx	94	18	5391	惰性	50
dxal	1	0	4210	大兴安岭	46
dxb	1	0	3977	单细胞	49
dxd	1	0	4853	地下党	50
dxe	1	0	4484	店小二	46
dxf	1	0	5072	东西方	46
dxg	1	0	4199	大峡谷	45
dxgw	1	0	4207	大喜过望	50
dxhq	1	0	5073	东西湖区	47
dxjt	1	0	4202	大相径庭	50
dxm	1	0	4212	大熊猫	46
dxns	1	0	4085	倒行逆施	50
dxp	1	0	4352	邓小平	36
dxs	4	6	4218	大学生	36
dxs	4	6	4219	大学士	39
dxs	4	6	4858	地下水	40
dxs	4	6	4857	地下室	47
dxtm	1	0	4211	大兴土木	47
dxw	1	0	5071	董小宛	43
dxx	1	0	5075	东西向	49
dxy	2	3	4214	大西洋	40
dxy	2	3	4488	电信业	50
dxys	1	0	4369	得心应手	49
dy	92	18	4863	第一	30
dy	92	18	5255	对于	30
dy	92	18	4494	电影	35
dy	92	18	4231	答应	36
dy	92	18	4242	大约	36
dy	92	18	4355	等于	36
dy	92	18	5256	队员	37
dy	92	18	4086	导演	38
dy	92	18	4370	得以	38
dy	92	18	4913	低于	38
dy	92	18	3711	带有	39
dy	92	18	3712	待遇	39
dy	92	18	3913	党员	39
dy	92	18	4091	岛屿	39
dy	92	18	4741	定义	39
dy	92	18	5083	动员	39
dy	92	18	4223	大业	40
dy	92	18	4371	得意	40
dy	92	18	4914	地域	40
dy	92	18	3982	弹药	41
dy	92	18	3983	单一	41
dy	92	18	4224	大爷	41
dy	92	18	4235	大于	41
dy	92	18	4492	电压	41
dy	92	18	5077	东亚	41
dy	92	18	5253	对应	41
dy	92	18	5399	多于	41
dy	92	18	3984	担忧	42
dy	92	18	3985	单元	42
dy	92	18	4220	大洋	42
dy	92	18	4915	抵御	42
dy	92	18	5079	动摇	42
dy	92	18	5084	东岳	42
dy	92	18	5254	队友	42
dy	92	18	5392	多样	42
dy	92	18	4089	导游	43
dy	92	18	4498	电源	43
dy	92	18	4545	调研	43
dy	92	18	4916	地狱	43
dy	92	18	5082	动用	43
dy	92	18	5398	多用	43
dy	92	18	5400	多余	43
dy	92	18	3986	但愿	44
dy	92	18	4225	大冶	44
dy	92	18	4236	大雨	44
dy	92	18	5401	多元	44
dy	92	18	5443	毒药	44
dy	92	18	5447	独有	44
dy	92	18	3908	当阳	45
dy	92	18	4227	大衣	45
dy	92	18	4230	打印	45
dy	92	18	4232	大营	45
dy	92	18	4493	典雅	45
dy	92	18	4547	调用	45
dy	92	18	4861	抵押	45
dy	92	18	5403	多月	45
dy	92	18	4088	导引	46
dy	92	18	4239	大院	46
dy	92	18	4376	德语	46
dy	92	18	4548	钓鱼	46
dy	92	18	5168	断言	46
dy	92	18	3909	荡漾	47
dy	92	18	3911	当夜	47
dy	92	18	3981	丹阳	47
dy	92	18	4087	道义	47
dy	92	18	4228	大意	47
dy	92	18	4233	打赢	47
dy	92	18	4377	德育	47
dy	92	18	4742	定于	47
dy	92	18	4864	敌意	47
dy	92	18	4917	堤垸	47
dy	92	18	3912	党羽	48
dy	92	18	4229	大义	48
dy	92	18	4356	登月	48
dy	92	18	4372	得益	48
dy	92	18	4546	吊唁	48
dy	92	18	4743	定远	48
dy	92	18	4862	低压	48
dy	92	18	5078	东洋	48
dy	92	18	4240	大员	49
dy	92	18	4353	瞪眼	49
dy	92	18	4918	地缘	49
dy	92	18	4920	底蕴	49
dy	92	18	5395	多疑	49
dy	92	18	5444	毒液	49
dy	92	18	4237	大鱼	50
dy	92	18	4238	打鱼	50
dy	92	18	4499	店员	50
dy	92	18	4895	敌营	50
dy	92	18	5080	动议	50
dy	92	18	5081	东夷	50
dy	92	18	5167	断崖	50
dyb	3	4	4866	第一部	41
dyb	3	4	4867	第一步	44
dyb	3	4	4865	第一本	50
dyc	3	4	4871	第一次	34
dyc	3	4	4869	第一场	49
dyc	3	4	4868	第一层	50
dycy	1	0	4870	第一产业	44
dyd	4	6	4872	第一代	45
dyd	4	6	4549	钓鱼岛	46
dyd	4	6	4873	第一道	47
dyd	4	6	5396	多一点	47
dyf	4	6	4874	第一分	46
dyf	4	6	4876	第一峰	46
dyf	4	6	4877	第一副	49
dyf	4	6	4875	第一份	50
dyg	3	4	4878	第一个	36
dyg	3	4	4879	第一罐	47
dyg	3	4	4919	缔约国	48
dyh	3	4	5393	多样化	44
dyh	3	4	5402	多元化	44
dyh	3	4	4244	大运河	49
dyj	12	10	4884	第一届	42
dyj	12	10	4243	大跃进	43
dyj	12	10	4495	电影节	45
dyj	12	10	4883	第一件	45
dyj	12	10	4887	第一卷	45
dyj	12	10	4881	第一家	46
dyj	12	10	4885	第一节	46
dyj	12	10	5445	杜宜瑾	47
dyj	12	10	4882	第一架	48
dyj	12	10	4886	第一句	48
dyj	12	10	4234	打印机	49
dyj	12	10	4880	第一级	50
dyk	1	0	4888	第一颗	47
dyl	3	4	4890	第一流	48
dyl	3	4	4891	第一轮	48
dyl	3	4	4889	第一类	49
dym	4	6	4894	第一名	44
dym	4	6	4354	邓有米	46
dym	4	6	4893	第一面	46
dym	4	6	4892	第一门	49
dyn	1	0	4896	第一年	48
dyp	2	3	4897	第一批	41
dyp	2	3	4898	第一篇	49
dyq	2	3	4899	第一期	45
dyq	2	3	5169	段延庆	49
dyr	2	3	3710	代言人	47
dyr	2	3	4900	第一任	48
dys	6	7	4241	大元帅	44
dys	6	7	4221	大杨树	46
dys	6	7	3910	当阳市	47
dys	6	7	4226	大冶市	47
dys	6	7	4902	第一艘	48
dys	6	7	4901	第一手	50
dyt	4	6	4904	第一天	43
dyt	4	6	4903	第一台	45
dyt	4	6	4905	第一条	46
dyt	4	6	4496	电影厅	49
dyw	1	0	4906	第一位	43
dywe	1	0	5446	独一无二	48
dyx	3	4	5394	多样性	45
dyx	3	4	4907	第一线	46
dyx	3	4	5397	多一些	47
dyy	4	6	4497	电影院	45
dyy	4	6	4090	导游员	50
dyy	4	6	4374	得益于	50
dyy	4	6	4908	第一页	50
dyyy	1	0	4373	得意洋洋	49
dyz	6	7	4375	德意志	43
dyz	6	7	4910	第一种	44
dyz	6	7	4222	大洋洲	46
dyz	6	7	4909	第一章	46
dyz	6	7	4912	第一座	46
dyz	6	7	4911	第一重	49
dz	148	20	5121	斗争	32
dz	148	20	4507	电子	33
dz	148	20	5409	多种	33
dz	148	20	4094	导致	34
dz	148	20	4934	弟子	34
dz	148	20	4925	地址	36
dz	148	20	5099	动作	36
dz	148	20	4923	地震	37
dz	148	20	4926	地质	37
dz	148	20	5450	读者	37
dz	148	20	3916	当真	38
dz	148	20	3924	当中	38
dz	148	20	4263	大致	38
dz	148	20	4378	得知	38
dz	148	20	3929	当作	39
dz	148	20	4922	递增	39
dz	148	20	4932	地主	39
dz	148	20	5257	队长	39
dz	148	20	5454	肚子	39
dz	148	20	4250	大战	40
dz	148	20	4264	大众	40
dz	148	20	4381	得罪	40
dz	148	20	4937	地租	40
dz	148	20	4252	打仗	41
dz	148	20	4258	打着	41
dz	148	20	5455	独自	41
dz	148	20	3721	带走	42
dz	148	20	3991	胆子	42
dz	148	20	4276	大字	42
dz	148	20	4927	抵制	42
dz	148	20	5098	侗族	42
dz	148	20	5262	对准	42
dz	148	20	3722	傣族	43
dz	148	20	3915	当着	43
dz	148	20	3917	党政	43
dz	148	20	3927	挡住	43
dz	148	20	3928	党组	43
dz	148	20	3930	当做	43
dz	148	20	3992	担子	43
dz	148	20	4097	刀子	43
dz	148	20	4246	打造	43
dz	148	20	4272	大专	43
dz	148	20	4502	点着	43
dz	148	20	5170	短暂	43
dz	148	20	3718	呆子	44
dz	148	20	4093	道长	44
dz	148	20	4506	点缀	44
dz	148	20	4928	帝制	44
dz	148	20	5258	对照	44
dz	148	20	5412	舵主	44
dz	148	20	5415	多座	44
dz	148	20	3925	当众	45
dz	148	20	4280	大宗	45
dz	148	20	4283	大作	45
dz	148	20	4358	凳子	45
dz	148	20	4501	典章	45
dz	148	20	4508	点子	45
dz	148	20	4745	叮嘱	45
dz	148	20	4746	顶住	45
dz	148	20	5088	东征	45
dz	148	20	5122	斗志	45
dz	148	20	5172	端正	45
dz	148	20	5261	对峙	45
dz	148	20	5405	多长	45
dz	148	20	5413	多子	45
dz	148	20	5451	杜仲	45
dz	148	20	3914	党章	46
dz	148	20	4095	岛主	46
dz	148	20	4096	倒转	46
dz	148	20	4247	大增	46
dz	148	20	4248	大寨	46
dz	148	20	4265	打中	46
dz	148	20	4500	电站	46
dz	148	20	4516	电阻	46
dz	148	20	4744	定制	46
dz	148	20	4747	盯住	46
dz	148	20	5090	冬至	46
dz	148	20	5091	东至	46
dz	148	20	5095	东州	46
dz	148	20	5259	对阵	46
dz	148	20	5452	堵住	46
dz	148	20	3716	带状	47
dz	148	20	4092	盗贼	47
dz	148	20	4245	搭载	47
dz	148	20	4261	大振	47
dz	148	20	4266	大中	47
dz	148	20	4504	点中	47
dz	148	20	4505	店主	47
dz	148	20	4749	钉子	47
dz	148	20	4938	底座	47
dz	148	20	5087	动辄	47
dz	148	20	5174	端庄	47
dz	148	20	5177	端坐	47
dz	148	20	5303	顿足	47
dz	148	20	5410	多重	47
dz	148	20	3719	袋子	48
dz	148	20	3918	当政	48
dz	148	20	3921	当值	48
dz	148	20	4259	打折	48
dz	148	20	4271	大洲	48
dz	148	20	4921	缔造	48
dz	148	20	4935	笛子	48
dz	148	20	4936	底子	48
dz	148	20	5097	董卓	48
dz	148	20	5408	多只	48
dz	148	20	5448	督战	48
dz	148	20	5449	独占	48
dz	148	20	5456	独资	48
dz	148	20	5458	独尊	48
dz	148	20	3714	呆滞	49
dz	148	20	3720	带子	49
dz	148	20	3989	胆汁	49
dz	148	20	3993	单子	49
dz	148	20	3994	弹奏	49
dz	148	20	4262	大政	49
dz	148	20	4282	大族	49
dz	148	20	4379	德州	49
dz	148	20	4380	得主	49
dz	148	20	4552	调子	49
dz	148	20	5085	东站	49
dz	148	20	5096	东周	49
dz	148	20	5171	锻造	49
dz	148	20	5175	段子	49
dz	148	20	5260	对症	49
dz	148	20	5304	蹲坐	49
dz	148	20	5404	多则	49
dz	148	20	5414	夺走	49
dz	148	20	5457	独奏	49
dz	148	20	3715	袋中	50
dz	148	20	3990	弹指	50
dz	148	20	4251	大展	50
dz	148	20	4253	大张	50
dz	148	20	4357	邓州	50
dz	148	20	4503	点阵	50
dz	148	20	4550	掉转	50
dz	148	20	4551	雕琢	50
dz	148	20	4553	刁钻	50
dz	148	20	4630	碟子	50
dz	148	20	4748	顶撞	50
dz	148	20	4750	定罪	50
dz	148	20	4924	敌阵	50
dz	148	20	5092	东芝	50
dz	148	20	5123	豆子	50
dz	148	20	5176	缎子	50
dz	148	20	5263	对子	50
dz	148	20	5406	多者	50
dz	148	20	5407	多着	50
dz	148	20	5453	赌注	50
dzb	2	3	3922	党支部	46
dzb	2	3	4277	大字报	48
dzc	1	0	5173	段正淳	42
dzcs	1	0	4267	大中城市	47
dzdy	1	0	5411	多种多样	46
dzf	1	0	4254	大丈夫	45
dzg	1	0	4509	电子管	49
dzh	2	3	4931	地中海	40
dzh	2	3	4257	打招呼	45
dzht	1	0	4256	大展宏图	41
dzj	4	6	3920	党政军	46
dzj	4	6	5089	东正教	48
dzj	4	6	4275	大主教	50
dzj	4	6	4278	打字机	50
dzjg	1	0	3919	党政机关	49
dzjj	1	0	4933	地主阶级	47
dzk	2	3	4268	大冢匡	49
dzk	2	3	4260	打折扣	50
dzl	2	3	3713	戴证良	47
dzl	2	3	4249	大栅栏	49
dzqg	1	0	4255	大张旗鼓	49
dzqj	1	0	4510	电子器件	50
dzr	2	3	4279	大自然	44
dzr	2	3	3717	代主任	45
dzs	1	0	4512	电子书	42
dzsw	1	0	4511	电子商务	44
dzt	1	0	4281	大总统	48
dzw	1	0	5093	动植物	44
dzwk	1	0	3923	当之无愧	47
dzwy	1	0	5094	动植物园	47
dzwz	1	0	4284	大作文章	49
dzx	4	6	4269	大中型	43
dzx	4	6	4929	地质学	45
dzx	4	6	3987	单詹歇	49
dzx	4	6	4513	电子学	49
dzxj	2	3	4930	地质学家	48
dzxj	2	3	3988	胆战心惊	50
dzxw	1	0	5086	东张西望	50
dzxx	2	3	4273	大专学校	45
dzxx	2	3	4270	大中学校	49
dzy	1	0	3926	党中央	37
dzyj	1	0	4514	电子邮件	46
dzyx	1	0	4274	大专院校	47
dzz	2	3	3931	党组织	43
dzz	2	3	4515	电子战	46
ea	1	0	5488	恩爱	49
eb	4	6	5511	耳边	42
eb	4	6	5510	二百	47
eb	4	6	5509	尔巴	48
eb	4	6	5459	恶霸	50
ec	6	7	5515	二次	41
ec	6	7	5462	恶臭	49
ec	6	7	5512	二层	49
ec	6	7	5513	二成	49
ec	6	7	5514	二尺	49
ec	6	7	5490	恩赐	50
ecq	1	0	5461	鄂城区	47
ecy	1	0	5460	鄂菜鱼	47
ed	9	9	5519	耳朵	38
ed	9	9	5463	鄂东	41
ed	9	9	5465	恶毒	46
ed	9	9	5464	恶斗	47
ed	9	9	5516	二道	47
ed	9	9	5466	额度	48
ed	9	9	5491	恩德	48
ed	9	9	5517	二等	48
ed	9	9	5492	恩典	49
edj	1	0	5518	二等奖	47
ef	2	3	5521	二分	45
ef	2	3	5467	俄方	49
eg	8	8	5471	俄国	37
eg	8	8	5522	二哥	43
eg	8	8	5524	耳光	43
eg	8	8	5468	俄共	47
eg	8	8	5470	恶鬼	47
eg	8	8	5494	恩公	48
eg	8	8	5523	二个	48
eg	8	8	5472	恶果	50
egde	1	0	5469	厄瓜多尔	47
egr	1	0	5473	俄国人	47
egs	1	0	5493	恩格斯	45
eh	9	9	5476	恶化	42
eh	9	9	5526	而后	43
eh	9	9	5530	二环	46
eh	9	9	5525	二号	47
eh	9	9	5527	尔后	48
eh	9	9	5474	噩耗	50
eh	9	9	5495	恩惠	50
eh	9	9	5528	二胡	50
eh	9	9	5531	耳环	50
ehbs	1	0	5529	二话不说	49
ehh	1	0	5475	恶狠狠	47
ej	7	8	5532	二级	39
ej	7	8	5478	俄军	45
ej	7	8	5533	耳机	46
ej	7	8	5536	而今	46
ej	7	8	5477	额角	50
ej	7	8	5497	恩娟	50
ej	7	8	5534	二届	50
ejg	1	0	5535	二极管	49
ek	2	3	5498	蒽醌	46
ek	2	3	5537	儿科	50
el	16	11	5481	恶劣	41
el	16	11	5552	二路	41
el	16	11	5538	二来	43
el	16	11	5543	而立	43
el	16	11	5553	而论	43
el	16	11	5548	二龙	46
el	16	11	5554	二氯	46
el	16	11	5541	二老	47
el	16	11	5551	二楼	47
el	16	11	5545	二两	49
el	16	11	5546	饵料	49
el	16	11	5549	耳聋	49
el	16	11	5479	饿狼	50
el	16	11	5539	二郎	50
el	16	11	5542	二类	50
el	16	11	5544	二里	50
elb	1	0	5480	俄联邦	50
elm	1	0	5540	二郎庙	47
els	1	0	5482	俄罗斯	34
elt	1	0	5547	二里头	46
elxz	1	0	5550	二龙戏珠	49
em	6	7	5483	峨嵋	44
em	6	7	5557	耳目	45
em	6	7	5555	二门	46
em	6	7	5485	噩梦	47
em	6	7	5487	恶魔	49
em	6	7	5556	耳鸣	49
ems	1	0	5484	峨眉山	48
emtf	1	0	5486	阿弥陀佛	45
emyx	1	0	5558	耳目一新	50
en	6	7	5560	二年	38
en	6	7	5489	鄂南	41
en	6	7	5562	儿女	41
en	6	7	5496	额娘	48
en	6	7	5561	二娘	49
en	6	7	5559	二奶	50
ep	4	6	5565	二品	47
ep	4	6	5564	二炮	48
ep	4	6	5506	萼片	50
ep	4	6	5563	耳畔	50
eq	6	7	5569	而且	29
eq	6	7	5566	二七	46
eq	6	7	5568	二千	47
eq	6	7	5567	二期	48
eq	6	7	5499	恩情	49
eq	6	7	5507	恶气	49
eql	1	0	5570	二七路	47
er	5	6	5571	二人	33
er	5	6	5520	恶人	43
er	5	6	5508	愕然	45
er	5	6	5500	恩人	47
er	5	6	5572	二日	50
es	12	10	5575	而是	32
es	12	10	5501	恩施	39
es	12	10	5576	二十	40
es	12	10	5577	二世	43
es	12	10	5639	饿死	43
es	12	10	5502	恩师	45
es	12	10	5578	儿时	48
es	12	10	5609	二数	49
es	12	10	5611	儿孙	49
es	12	10	5638	扼杀	49
es	12	10	5573	二三	50
es	12	10	5610	尔斯	50
esb	1	0	5579	二十八	50
esbn	1	0	5580	二十八年	47
esbx	1	0	5581	二十八宿	50
esdn	1	0	5582	二十多年	46
esen	1	0	5583	二十二年	46
esg	1	0	5584	二十个	48
esjn	1	0	5585	二十九年	48
esl	2	3	5586	二十里	48
esl	2	3	5587	二十六	50
esln	1	0	5588	二十六年	45
esm	2	3	5589	二十米	50
esm	2	3	5590	二十名	50
esn	1	0	5591	二十年	40
esqn	1	0	5592	二十七年	43
esqr	1	0	5593	二十七日	46
esr	1	0	5594	二十日	50
ess	5	6	5503	恩施市	41
ess	5	6	5597	二十四	46
ess	5	6	5599	二十岁	47
ess	5	6	5574	二三十	48
ess	5	6	5595	二十三	50
essn	2	3	5598	二十四年	44
essn	2	3	5596	二十三年	47
esw	2	3	5600	二十万	47
esw	2	3	5602	二十五	47
eswl	1	0	5601	二十万两	50
eswn	1	0	5603	二十五年	47
esy	2	3	5604	二十一	45
esy	2	3	5607	二十余	49
esyn	2	3	5605	二十一年	47
esyn	2	3	5608	二十余年	49
esyt	1	0	5606	二十一条	45
esz	2	3	5504	恩施州	44
esz	2	3	5637	鄂三州	47
et	2	3	5612	儿童	34
et	2	3	5640	额头	41
etwx	1	0	5613	儿童文学	49
ew	7	8	5641	额外	40
ew	7	8	5616	二位	42
ew	7	8	5642	鄂皖	47
ew	7	8	5617	二维	49
ew	7	8	5614	而外	50
ew	7	8	5615	二万	50
ew	7	8	5618	耳闻	50
ex	7	8	5643	鄂西	38
ex	7	8	5646	恶心	43
ex	7	8	5647	恶性	44
ex	7	8	5619	儿媳	46
ex	7	8	5648	恶行	48
ex	7	8	5620	儿戏	49
ex	7	8	5644	恶习	50
exb	1	0	5645	鄂西北	42
exf	1	0	5621	儿媳妇	47
exxh	1	0	5649	恶性循环	49
exzl	1	0	5650	恶性肿瘤	47
ey	11	10	5622	而言	36
ey	11	10	5626	而已	37
ey	11	10	5629	二月	41
ey	11	10	5625	二爷	44
ey	11	10	5651	恶意	45
ey	11	10	5628	二元	47
ey	11	10	5505	恩怨	48
ey	11	10	5652	鳄鱼	48
ey	11	10	5627	耳语	49
ey	11	10	5653	俄语	49
ey	11	10	5654	厄运	49
eyhl	1	0	5623	二氧化硫	48
eyht	1	0	5624	二氧化碳	43
eys	1	0	5655	鄂豫陕	47
eyw	1	0	5656	鄂豫皖	43
ez	11	10	5636	儿子	32
ez	11	10	5661	鄂州	39
ez	11	10	5632	二者	40
ez	11	10	5631	二战	43
ez	11	10	5659	遏制	43
ez	11	10	5630	二则	44
ez	11	10	5633	二中	44
ez	11	10	5635	二柱	47
ez	11	10	5657	恶贼	47
ez	11	10	5658	恶战	48
ez	11	10	5660	遏止	49
ezj	1	0	5663	恶作剧	49
ezqh	1	0	5634	二中全会	47
ezs	1	0	5662	鄂州市	39
fa	4	6	5773	方案	33
fa	4	6	5772	妨碍	43
fa	4	6	5664	法案	44
fa	4	6	6084	肺癌	47
fb	30	14	6183	分别	30
fb	30	14	6184	分布	31
fb	30	14	5667	发表	33
fb	30	14	5671	发布	33
fb	30	14	5776	方便	36
fb	30	14	6472	腐败	38
fb	30	14	6216	封闭	39
fb	30	14	6215	风暴	40
fb	30	14	6218	风波	40
fb	30	14	6478	腹部	40
fb	30	14	5668	发病	41
fb	30	14	6179	分辨	43
fb	30	14	5775	防备	44
fb	30	14	6475	复辟	44
fb	30	14	5739	反驳	45
fb	30	14	6086	飞奔	45
fb	30	14	6180	粪便	46
fb	30	14	6185	分部	46
fb	30	14	5666	法宝	47
fb	30	14	5669	发兵	47
fb	30	14	6476	伏兵	47
fb	30	14	5738	反比	48
fb	30	14	6087	肺部	48
fb	30	14	5665	发白	49
fb	30	14	5737	凡百	49
fb	30	14	6085	诽谤	49
fb	30	14	6181	分辩	49
fb	30	14	6473	福报	49
fb	30	14	5740	帆布	50
fb	30	14	6474	父辈	50
fbgs	1	0	6186	奋不顾身	48
fbh	1	0	5672	发布会	35
fbl	2	3	5670	发病率	45
fbl	2	3	6182	分辨率	45
fbm	1	0	5777	方便面	50
fbq	2	3	5673	发布权	47
fbq	2	3	6187	分布区	48
fbs	1	0	6217	封闭式	48
fbsf	1	0	5778	防不胜防	50
fbt	1	0	5674	发布厅	47
fby	1	0	6477	服兵役	50
fbz	1	0	5741	犯不着	50
fc	48	15	6088	非常	30
fc	48	15	5677	发出	34
fc	48	15	6091	废除	36
fc	48	15	6192	分成	38
fc	48	15	6490	服从	38
fc	48	15	5779	方才	40
fc	48	15	6487	付出	40
fc	48	15	5782	方程	41
fc	48	15	5747	范畴	42
fc	48	15	5787	放出	42
fc	48	15	6227	讽刺	42
fc	48	15	5742	饭菜	43
fc	48	15	6219	风采	43
fc	48	15	6220	丰产	43
fc	48	15	6484	扶持	43
fc	48	15	6481	拂尘	44
fc	48	15	5675	发财	45
fc	48	15	5781	房产	45
fc	48	15	6093	飞船	45
fc	48	15	6486	复仇	45
fc	48	15	5676	发愁	46
fc	48	15	5744	反常	46
fc	48	15	5748	帆船	46
fc	48	15	5783	方城	46
fc	48	15	6094	翡翠	46
fc	48	15	6193	分出	46
fc	48	15	6224	奉承	47
fc	48	15	6228	封存	47
fc	48	15	6479	复查	47
fc	48	15	6488	复出	47
fc	48	15	5743	反差	48
fc	48	15	5745	樊城	48
fc	48	15	6089	费城	48
fc	48	15	6188	分层	48
fc	48	15	6485	俯冲	48
fc	48	15	6489	浮出	48
fc	48	15	5786	防虫	49
fc	48	15	6090	飞驰	49
fc	48	15	6092	废黜	49
fc	48	15	6194	分寸	49
fc	48	15	6221	风潮	49
fc	48	15	6223	风尘	49
fc	48	15	5780	芳草	50
fc	48	15	6189	分叉	50
fc	48	15	6190	分厂	50
fc	48	15	6191	粉尘	50
fc	48	15	6222	蜂巢	50
fc	48	15	6482	府城	50
fck	1	0	6480	妇产科	49
fcm	1	0	6483	阜成门	48
fcq	1	0	5746	樊城区	47
fcrs	1	0	6226	风吹日晒	49
fcs	1	0	5784	方程式	49
fcx	1	0	6225	丰臣秀	50
fcz	1	0	5785	方程组	49
fd	52	16	5758	反对	32
fd	52	16	5678	发达	34
fd	52	16	5686	发动	35
fd	52	16	5755	反动	38
fd	52	16	6197	奋斗	39
fd	52	16	6492	负担	39
fd	52	16	5685	法定	40
fd	52	16	5753	饭店	40
fd	52	16	6464	否定	40
fd	52	16	6501	浮雕	40
fd	52	16	6503	幅度	40
fd	52	16	5752	反帝	41
fd	52	16	5791	放到	41
fd	52	16	5680	发电	42
fd	52	16	5750	反倒	42
fd	52	16	5788	放大	42
fd	52	16	5688	发抖	43
fd	52	16	5763	繁多	43
fd	52	16	6498	腹地	43
fd	52	16	5681	法典	44
fd	52	16	6096	非但	44
fd	52	16	6495	辅导	44
fd	52	16	5793	放电	45
fd	52	16	6100	沸点	45
fd	52	16	6199	分队	45
fd	52	16	6095	肥大	46
fd	52	16	6098	飞刀	46
fd	52	16	6099	非得	46
fd	52	16	6195	分担	46
fd	52	16	6234	风度	46
fd	52	16	6502	浮动	46
fd	52	16	5689	法度	47
fd	52	16	5751	反导	47
fd	52	16	6101	非典	47
fd	52	16	6232	封冻	47
fd	52	16	6491	附带	47
fd	52	16	6493	复旦	47
fd	52	16	5749	反党	48
fd	52	16	5757	贩毒	48
fd	52	16	6198	分段	48
fd	52	16	6229	封地	48
fd	52	16	6230	峰顶	48
fd	52	16	6231	封顶	48
fd	52	16	5789	房贷	49
fd	52	16	5795	房顶	49
fd	52	16	5796	房东	49
fd	52	16	6097	飞弹	49
fd	52	16	6233	风洞	49
fd	52	16	5790	放荡	50
fd	52	16	6196	坟地	50
fd	52	16	6499	府邸	50
fd	52	16	6500	浮点	50
fdb	1	0	6496	辅导班	47
fdc	2	3	5794	房地产	39
fdc	2	3	5682	发电厂	50
fdd	1	0	5759	反对党	47
fddx	1	0	6494	复旦大学	45
fdg	1	0	5754	梵蒂冈	50
fdgj	1	0	5679	发达国家	40
fdh	1	0	6497	傅德辉	42
fdj	2	3	5687	发动机	37
fdj	2	3	5683	发电机	45
fdl	1	0	5684	发电量	50
fdmj	1	0	5797	防毒面具	49
fdp	3	4	5756	反动派	43
fdp	3	4	5760	反对派	46
fdp	3	4	5761	反对票	48
fdq	1	0	5792	放大器	47
fdz	1	0	5762	反对者	50
fe	4	6	5764	反而	36
fe	4	6	6200	份额	41
fe	4	6	6201	份儿	48
fe	4	6	5690	法儿	50
fejh	1	0	6504	伏尔加河	48
fes	1	0	5765	凡尔赛	49
ff	36	14	5799	方法	30
ff	36	14	6241	丰富	31
ff	36	14	6208	纷纷	35
ff	36	14	5770	反复	37
ff	36	14	5803	仿佛	37
ff	36	14	6212	吩咐	37
ff	36	14	6508	夫妇	37
ff	36	14	6102	非法	39
ff	36	14	5691	发放	40
ff	36	14	5801	防范	42
ff	36	14	6103	非凡	44
ff	36	14	5804	防腐	46
ff	36	14	6211	分封	46
ff	36	14	6213	分付	46
ff	36	14	6240	峰峰	46
ff	36	14	6505	复发	46
ff	36	14	5692	发疯	47
ff	36	14	5771	繁复	47
ff	36	14	6452	佛法	47
ff	36	14	5766	犯法	48
ff	36	14	6202	分发	48
ff	36	14	6205	纷繁	48
ff	36	14	6238	风范	48
ff	36	14	6506	复方	48
ff	36	14	5767	翻翻	49
ff	36	14	6203	奋发	49
ff	36	14	6206	芬芳	49
ff	36	14	6209	愤愤	49
ff	36	14	6507	付费	49
ff	36	14	5768	泛泛	50
ff	36	14	5769	翻飞	50
ff	36	14	6105	肺腑	50
ff	36	14	6207	纷飞	50
ff	36	14	6214	分赴	50
ff	36	14	6239	风帆	50
ff	36	14	6509	俯伏	50
ffbp	1	0	6210	愤愤不平	50
ffdc	1	0	6242	丰富多彩	45
ffj	1	0	5805	防腐剂	46
ffjq	1	0	6204	奋发进取	46
ffl	1	0	5800	方法论	47
ffmm	1	0	5802	方方面面	49
ffyy	1	0	6104	沸沸扬扬	49
fg	30	14	5698	法国	31
fg	30	14	5697	法规	32
fg	30	14	6243	风格	36
fg	30	14	6510	覆盖	38
fg	30	14	6245	风光	39
fg	30	14	5696	发光	41
fg	30	14	6284	分工	41
fg	30	14	5695	法官	42
fg	30	14	6235	分割	42
fg	30	14	5841	反共	43
fg	30	14	5842	反攻	43
fg	30	14	5867	犯规	43
fg	30	14	6516	富贵	43
fg	30	14	5694	发给	44
fg	30	14	5774	反感	44
fg	30	14	5808	放过	44
fg	30	14	5869	翻过	44
fg	30	14	6237	分给	45
fg	30	14	5868	翻滚	46
fg	30	14	6314	分管	46
fg	30	14	6512	付给	46
fg	30	14	6515	副官	46
fg	30	14	5866	饭馆	47
fg	30	14	6106	飞过	47
fg	30	14	6236	分隔	47
fg	30	14	5806	房管	49
fg	30	14	6514	复古	49
fg	30	14	6517	复归	49
fg	30	14	5693	发稿	50
fg	30	14	6518	复国	50
fgd	2	3	5699	法国队	47
fgd	2	3	6107	非国大	50
fgg	1	0	6244	冯公公	46
fgj	1	0	5807	房管局	49
fgl	2	3	5870	反过来	45
fgl	2	3	6511	覆盖率	45
fgm	1	0	5798	反革命	40
fgr	1	0	5700	法国人	44
fgs	2	3	6285	分公司	43
fgs	2	3	6513	弗格森	48
fgzf	1	0	5701	法国政府	50
fh	51	16	5707	发挥	34
fh	51	16	6523	符合	35
fh	51	16	5930	返回	37
fh	51	16	6251	凤凰	40
fh	51	16	6356	分化	40
fh	51	16	6521	符号	40
fh	51	16	5810	防护	42
fh	51	16	5928	繁华	42
fh	51	16	6524	复合	42
fh	51	16	6529	富户	42
fh	51	16	5814	放火	44
fh	51	16	6530	孵化	44
fh	51	16	6249	丰厚	45
fh	51	16	6250	风化	45
fh	51	16	6349	分行	45
fh	51	16	6358	分会	45
fh	51	16	6520	富含	45
fh	51	16	5811	访华	46
fh	51	16	5815	防火	46
fh	51	16	6110	废话	46
fh	51	16	6359	焚毁	46
fh	51	16	6522	富豪	46
fh	51	16	6525	负荷	46
fh	51	16	6526	附和	46
fh	51	16	6533	复活	46
fh	51	16	5809	防洪	47
fh	51	16	5927	饭后	47
fh	51	16	6352	愤恨	47
fh	51	16	6353	分红	47
fh	51	16	6534	俘获	47
fh	51	16	6246	风寒	48
fh	51	16	6247	封号	48
fh	51	16	6354	粉红	48
fh	51	16	6531	腐化	48
fh	51	16	5703	发黑	49
fh	51	16	5704	发红	49
fh	51	16	5708	发火	49
fh	51	16	5929	返还	49
fh	51	16	5931	反悔	49
fh	51	16	6253	烽火	49
fh	51	16	6350	分毫	49
fh	51	16	5705	发话	50
fh	51	16	5706	发黄	50
fh	51	16	5812	放缓	50
fh	51	16	5924	番号	50
fh	51	16	5925	饭盒	50
fh	51	16	6108	肥厚	50
fh	51	16	6109	飞虎	50
fh	51	16	6111	飞蝗	50
fh	51	16	6357	焚化	50
fh	51	16	6532	富华	50
fhbc	1	0	6351	分毫不差	49
fhcl	1	0	6527	复合材料	48
fhf	1	0	6519	付海峰	48
fhg	1	0	6248	奉恒高	47
fhl	1	0	5813	防护林	50
fhq	1	0	5816	防火墙	50
fhs	3	4	6355	粉红色	44
fhs	3	4	6252	凤凰山	46
fhs	3	4	5926	范恒山	47
fhsl	1	0	5702	发号施令	47
fhx	1	0	6528	复合型	50
fj	44	15	6112	飞机	32
fj	44	15	6545	附近	33
fj	44	15	6254	封建	34
fj	44	15	6262	风景	37
fj	44	15	6454	佛教	37
fj	44	15	5821	房间	38
fj	44	15	6539	福建	38
fj	44	15	5713	发掘	39
fj	44	15	5932	反击	40
fj	44	15	6362	分解	40
fj	44	15	5714	发觉	42
fj	44	15	5819	房价	43
fj	44	15	5817	房基	44
fj	44	15	5711	发酵	45
fj	44	15	6366	分局	45
fj	44	15	6537	附加	45
fj	44	15	6546	福晋	45
fj	44	15	5824	放进	46
fj	44	15	6114	飞架	46
fj	44	15	6457	佛经	46
fj	44	15	6465	否决	46
fj	44	15	6540	附件	46
fj	44	15	6541	副将	46
fj	44	15	5818	方剂	48
fj	44	15	5820	放假	48
fj	44	15	5822	放箭	48
fj	44	15	6117	费解	48
fj	44	15	6266	封爵	48
fj	44	15	6360	分级	48
fj	44	15	6535	富集	48
fj	44	15	6536	伏击	48
fj	44	15	5710	法家	49
fj	44	15	5712	罚金	49
fj	44	15	5933	反剪	49
fj	44	15	5934	翻建	49
fj	44	15	6113	斐济	49
fj	44	15	6115	飞溅	49
fj	44	15	6255	封疆	49
fj	44	15	6538	富家	49
fj	44	15	5709	发髻	50
fj	44	15	6119	费劲	50
fj	44	15	6361	分家	50
fj	44	15	6363	分界	50
fj	44	15	6453	佛家	50
fjc	1	0	6116	飞机场	50
fjd	1	0	6364	分界点	49
fje	1	0	6261	凤姐儿	45
fjh	2	3	6118	肺结核	50
fjh	2	3	6263	风景画	50
fjny	1	0	6547	弗吉尼亚	48
fjq	1	0	6264	风景区	39
fjs	4	6	6542	福建省	44
fjs	4	6	5823	方解石	46
fjs	4	6	6120	非金属	47
fjs	4	6	6543	副教授	47
fjsh	1	0	6256	封建社会	41
fjt	1	0	6455	佛教徒	50
fjwc	1	0	6257	封建王朝	41
fjx	2	3	6265	风景线	46
fjx	2	3	6365	分界线	48
fjxh	1	0	6456	佛教协会	47
fjz	3	4	6259	封建主	47
fjz	3	4	6258	封建制	50
fjz	3	4	6544	附加值	50
fjzy	1	0	6260	封建主义	46
fk	20	12	5827	防空	38
fk	20	12	5937	反抗	38
fk	20	12	6268	疯狂	40
fk	20	12	5825	放开	41
fk	20	12	6367	分开	41
fk	20	12	5715	罚款	43
fk	20	12	5939	反馈	44
fk	20	12	6368	愤慨	44
fk	20	12	5826	方可	45
fk	20	12	5938	反恐	45
fk	20	12	5829	放宽	46
fk	20	12	5935	翻开	46
fk	20	12	6121	飞快	46
fk	20	12	6267	封口	46
fk	20	12	6551	妇科	46
fk	20	12	6553	付款	46
fk	20	12	5936	翻看	49
fk	20	12	6548	副刊	49
fk	20	12	6549	俯瞰	50
fk	20	12	6552	浮夸	50
fka	1	0	6550	福康安	46
fkd	1	0	5828	防空洞	50
fl	51	16	5728	法律	28
fl	51	16	6370	分类	37
fl	51	16	6373	分离	38
fl	51	16	6377	分裂	38
fl	51	16	6379	分流	40
fl	51	16	6564	福临	40
fl	51	16	5726	法令	41
fl	51	16	6560	福利	41
fl	51	16	6571	俘虏	41
fl	51	16	5830	房里	42
fl	51	16	6369	芬兰	42
fl	51	16	5942	范蠡	43
fl	51	16	6126	肥料	43
fl	51	16	6374	奋力	43
fl	51	16	6376	分量	43
fl	51	16	5835	方略	44
fl	51	16	5941	泛滥	44
fl	51	16	6272	风流	44
fl	51	16	6122	飞来	45
fl	51	16	6123	费力	45
fl	51	16	6270	锋利	45
fl	51	16	6556	腐烂	45
fl	51	16	6565	芙琳	45
fl	51	16	6566	茯苓	45
fl	51	16	5724	乏力	46
fl	51	16	5832	放疗	46
fl	51	16	5834	放流	46
fl	51	16	6269	风浪	46
fl	51	16	6271	风力	46
fl	51	16	5725	发亮	47
fl	51	16	6124	肥力	47
fl	51	16	6273	俸禄	47
fl	51	16	6375	分立	47
fl	51	16	6378	分列	47
fl	51	16	6563	妇联	47
fl	51	16	5717	发来	48
fl	51	16	5718	法郎	48
fl	51	16	5727	发落	48
fl	51	16	5944	翻脸	48
fl	51	16	6125	腓力	48
fl	51	16	6559	父老	48
fl	51	16	6572	附录	48
fl	51	16	5723	法勒	49
fl	51	16	5831	放量	49
fl	51	16	5943	范例	49
fl	51	16	6380	纷乱	49
fl	51	16	6557	扶栏	49
fl	51	16	6561	富丽	49
fl	51	16	6562	浮力	49
fl	51	16	6567	涪陵	49
fl	51	16	5722	法老	50
flb	2	3	6129	菲律宾	41
flb	2	3	5833	方李邦	47
fld	2	3	5716	法拉第	45
fld	2	3	6554	福拉多	49
flf	1	0	6371	分类法	49
flfq	1	0	5940	翻来覆去	48
flk	1	0	5719	法兰克	49
flkf	1	0	5720	法兰克福	44
flkl	1	0	6558	富兰克林	49
flld	1	0	6573	佛罗里达	50
flls	1	0	6458	佛罗伦萨	46
flm	1	0	5945	范蠡庙	47
flp	1	0	6127	飞利浦	48
fls	1	0	6555	弗莱舍	50
flth	1	0	6568	富丽堂皇	48
flx	3	4	5721	法兰西	44
flx	3	4	6128	非理性	49
flx	3	4	6372	分类学	50
fly	1	0	6569	傅里叶	49
flz	1	0	6570	负离子	50
fm	42	15	5838	方面	28
fm	42	15	6584	父母	34
fm	42	15	5733	发明	37
fm	42	15	6382	分泌	40
fm	42	15	6384	分明	40
fm	42	15	5837	房门	42
fm	42	15	5946	贩卖	42
fm	42	15	5947	繁忙	42
fm	42	15	6281	奉命	42
fm	42	15	6574	驸马	43
fm	42	15	6575	负面	43
fm	42	15	6582	抚摸	43
fm	42	15	6280	封面	44
fm	42	15	6387	坟墓	44
fm	42	15	5948	繁茂	45
fm	42	15	6276	风貌	45
fm	42	15	6386	粉末	45
fm	42	15	5836	放慢	46
fm	42	15	5840	放牧	46
fm	42	15	6274	丰满	46
fm	42	15	6278	蜂蜜	46
fm	42	15	6383	分娩	46
fm	42	15	6577	覆灭	46
fm	42	15	6579	复明	46
fm	42	15	5732	法门	47
fm	42	15	5734	法名	47
fm	42	15	5950	反面	47
fm	42	15	5729	发麻	48
fm	42	15	6130	飞马	48
fm	42	15	6277	丰美	48
fm	42	15	6279	风靡	48
fm	42	15	6459	佛门	48
fm	42	15	6576	腹面	48
fm	42	15	5731	发毛	49
fm	42	15	6275	锋芒	49
fm	42	15	6381	愤懑	49
fm	42	15	5730	砝码	50
fm	42	15	5949	烦闷	50
fm	42	15	6131	费米	50
fm	42	15	6578	富民	50
fm	42	15	6580	复命	50
fm	42	15	6583	抚摩	50
fmj	3	4	5839	方面军	47
fmj	3	4	5735	发明家	50
fmj	3	4	6282	冯敏杰	50
fmq	1	0	6585	父母亲	50
fmw	1	0	6385	分泌物	46
fmx	1	0	6581	伏明霞	46
fn	9	9	6588	妇女	34
fn	9	9	6388	愤怒	38
fn	9	9	5951	烦恼	41
fn	9	9	5736	发难	46
fn	9	9	5974	发怒	46
fn	9	9	6589	父女	46
fn	9	9	6587	富农	47
fn	9	9	6389	忿怒	48
fn	9	9	6132	飞鸟	50
fngj	1	0	6283	逢年过节	50
fnks	1	0	6133	菲尼克斯	50
fns	1	0	6586	伏牛山	49
fny	1	0	6134	非农业	46
fp	15	11	6391	分配	34
fp	15	11	6590	扶贫	43
fp	15	11	6135	肥胖	45
fp	15	11	5843	放屁	46
fp	15	11	5952	反叛	46
fp	15	11	6015	发票	46
fp	15	11	5953	饭铺	47
fp	15	11	6390	分派	47
fp	15	11	6392	分批	47
fp	15	11	6136	妃嫔	48
fp	15	11	6137	废品	49
fp	15	11	5954	反扑	50
fp	15	11	6014	发配	50
fp	15	11	6286	丰沛	50
fp	15	11	6287	封皮	50
fpq	1	0	6016	发脾气	46
fq	31	14	6599	父亲	32
fq	31	14	5844	放弃	37
fq	31	14	6017	发起	38
fq	31	14	6591	夫妻	38
fq	31	14	6393	分歧	41
fq	31	14	6288	风气	42
fq	31	14	6289	风情	42
fq	31	14	5956	反潜	43
fq	31	14	6394	奋起	43
fq	31	14	6138	废弃	45
fq	31	14	6395	分期	46
fq	31	14	6397	分区	46
fq	31	14	6592	福气	46
fq	31	14	6596	富强	46
fq	31	14	6140	飞去	47
fq	31	14	5955	泛起	48
fq	31	14	6020	发球	48
fq	31	14	6593	服气	48
fq	31	14	6598	浮桥	48
fq	31	14	5845	防区	49
fq	31	14	6018	发情	49
fq	31	14	6021	罚球	49
fq	31	14	6022	法权	49
fq	31	14	6139	废气	49
fq	31	14	6290	风趣	49
fq	31	14	6396	分清	49
fq	31	14	6594	腹鳍	49
fq	31	14	6595	肤浅	49
fq	31	14	6597	腹腔	49
fq	31	14	5957	番茄	50
fq	31	14	6398	分权	50
fqp	1	0	5959	樊启鹏	47
fqr	1	0	6019	发起人	45
fqx	1	0	5958	反倾销	46
fr	20	12	6601	夫人	34
fr	20	12	5962	繁荣	38
fr	20	12	5960	犯人	39
fr	20	12	5847	放入	41
fr	20	12	6466	否认	41
fr	20	12	6602	妇人	41
fr	20	12	6603	富人	41
fr	20	12	6606	芙蓉	42
fr	20	12	6024	法人	43
fr	20	12	6023	发热	45
fr	20	12	6600	富饶	47
fr	20	12	6608	妇孺	47
fr	20	12	5846	放任	49
fr	20	12	6143	肥肉	49
fr	20	12	6400	纷扰	49
fr	20	12	5961	凡人	50
fr	20	12	6141	废人	50
fr	20	12	6142	非人	50
fr	20	12	6292	锋锐	50
fr	20	12	6399	愤然	50
frc	1	0	6604	夫人城	47
frd	1	0	6605	夫人道	46
frg	1	0	6025	法人股	48
frj	1	0	6291	缝纫机	50
frz	1	0	6607	芙蓉镇	49
fs	97	18	6032	发生	28
fs	97	18	5856	方式	30
fs	97	18	6029	发射	35
fs	97	18	5966	凡是	38
fs	97	18	6615	辐射	38
fs	97	18	5860	防守	39
fs	97	18	6308	封锁	39
fs	97	18	5864	放松	40
fs	97	18	6401	分散	40
fs	97	18	6416	粉碎	40
fs	97	18	5963	反射	41
fs	97	18	5964	翻身	41
fs	97	18	6409	分数	41
fs	97	18	6629	附属	41
fs	97	18	6298	风声	42
fs	97	18	6304	风水	42
fs	97	18	6306	风俗	42
fs	97	18	6619	服侍	42
fs	97	18	6620	腐蚀	42
fs	97	18	5862	防水	43
fs	97	18	5969	反思	43
fs	97	18	6041	发送	43
fs	97	18	6617	俯身	43
fs	97	18	6621	服饰	43
fs	97	18	6634	赋税	43
fs	97	18	5850	放射	44
fs	97	18	5854	放声	44
fs	97	18	5861	放手	44
fs	97	18	5968	反手	44
fs	97	18	5970	繁琐	44
fs	97	18	6303	丰收	45
fs	97	18	6402	焚烧	45
fs	97	18	6408	分手	45
fs	97	18	6637	复苏	45
fs	97	18	5848	纺纱	46
fs	97	18	5863	放肆	46
fs	97	18	5965	繁盛	46
fs	97	18	5967	凡事	46
fs	97	18	6039	发誓	46
fs	97	18	6144	飞身	46
fs	97	18	6150	飞速	46
fs	97	18	6293	风沙	46
fs	97	18	6294	凤山	46
fs	97	18	6410	分属	46
fs	97	18	6612	府上	46
fs	97	18	6635	富水	46
fs	97	18	5851	房舍	47
fs	97	18	5857	方始	47
fs	97	18	6028	发烧	47
fs	97	18	6147	费时	47
fs	97	18	6148	废水	47
fs	97	18	6296	风尚	47
fs	97	18	6299	丰盛	47
fs	97	18	6307	风速	47
fs	97	18	6405	分身	47
fs	97	18	6406	分神	47
fs	97	18	6460	佛山	47
fs	97	18	6609	肤色	47
fs	97	18	6613	负伤	47
fs	97	18	6622	复试	47
fs	97	18	5852	防渗	48
fs	97	18	6033	发声	48
fs	97	18	6040	法师	48
fs	97	18	6145	飞升	48
fs	97	18	6403	分社	48
fs	97	18	6411	粉刷	48
fs	97	18	6415	分送	48
fs	97	18	6610	服色	48
fs	97	18	6623	伏侍	48
fs	97	18	6624	浮式	48
fs	97	18	6630	富庶	48
fs	97	18	6631	复数	48
fs	97	18	6636	抚顺	48
fs	97	18	5853	防身	49
fs	97	18	6026	发散	49
fs	97	18	6027	法商	49
fs	97	18	6297	封赏	49
fs	97	18	6300	风湿	49
fs	97	18	6301	风蚀	49
fs	97	18	6305	丰硕	49
fs	97	18	6404	分设	49
fs	97	18	6461	佛寺	49
fs	97	18	6614	富商	49
fs	97	18	6625	俯视	49
fs	97	18	6632	服输	49
fs	97	18	5849	防晒	50
fs	97	18	5858	方士	50
fs	97	18	5859	房事	50
fs	97	18	6149	沸水	50
fs	97	18	6295	风扇	50
fs	97	18	6414	粉丝	50
fs	97	18	6611	釜山	50
fs	97	18	6618	复生	50
fs	97	18	6626	富士	50
fs	97	18	6627	复式	50
fs	97	18	6628	俯首	50
fs	97	18	6633	复述	50
fsc	1	0	6146	费胜潮	47
fsd	1	0	6034	发生地	46
fsg	2	3	6030	发射管	48
fsg	2	3	6302	封师古	48
fsj	1	0	6031	发射架	48
fsl	3	4	6412	分水岭	43
fsl	3	4	6616	辐射量	46
fsl	3	4	6035	发生率	49
fsq	2	3	6038	发射器	46
fsq	2	3	6036	发生器	50
fssg	1	0	6407	粉身碎骨	47
fsw	1	0	6037	发审委	47
fsx	2	3	5855	放射性	43
fsx	2	3	6413	分数线	43
ft	20	12	6043	法庭	39
ft	20	12	5865	访谈	43
ft	20	12	5971	反弹	45
ft	20	12	6151	沸腾	45
ft	20	12	6309	奉天	45
ft	20	12	6418	分头	45
ft	20	12	6462	佛塔	45
ft	20	12	6640	腹痛	46
ft	20	12	5972	翻腾	47
ft	20	12	6419	分团	47
ft	20	12	6312	风头	48
ft	20	12	6641	斧头	48
ft	20	12	6152	飞天	49
ft	20	12	6310	丰田	49
ft	20	12	6463	佛陀	49
ft	20	12	6638	福特	49
ft	20	12	6042	发帖	50
ft	20	12	6155	匪徒	50
ft	20	12	6417	分摊	50
ft	20	12	6639	福田	50
ftn	1	0	6311	凤天南	47
ftrq	1	0	6313	风土人情	50
ftxc	1	0	6154	非同寻常	49
ftxk	1	0	6153	非同小可	44
ftz	1	0	5973	繁体字	45
fw	29	13	5977	范围	31
fw	29	13	6646	服务	31
fw	29	13	6421	分为	33
fw	29	13	5874	访问	37
fw	29	13	6315	风味	37
fw	29	13	5875	房屋	39
fw	29	13	5876	防务	41
fw	29	13	5871	方位	42
fw	29	13	6044	法王	42
fw	29	13	6157	肥沃	42
fw	29	13	5872	防卫	43
fw	29	13	6158	飞舞	43
fw	29	13	6422	氛围	43
fw	29	13	5975	饭碗	45
fw	29	13	6159	废物	45
fw	29	13	6156	飞往	47
fw	29	13	6420	分外	47
fw	29	13	6643	抚慰	47
fw	29	13	5978	梵文	48
fw	29	13	5979	反问	48
fw	29	13	6046	法文	48
fw	29	13	6644	复位	48
fw	29	13	6645	富翁	48
fw	29	13	5976	藩王	49
fw	29	13	6045	乏味	49
fw	29	13	6316	风闻	49
fw	29	13	6318	蜂窝	49
fw	29	13	6642	父王	49
fw	29	13	6423	分文	50
fwc	1	0	5980	范文程	46
fwq	1	0	6647	服务器	43
fwt	1	0	5873	防卫厅	50
fwx	1	0	6317	冯文修	50
fwy	2	3	6648	服务业	44
fwy	2	3	6649	服务员	46
fx	60	16	6047	发现	28
fx	60	16	6424	分析	32
fx	60	16	5880	方向	33
fx	60	16	6163	飞行	35
fx	60	16	5885	放心	36
fx	60	16	6051	发行	36
fx	60	16	6320	风险	36
fx	60	16	6425	分享	37
fx	60	16	6650	复习	39
fx	60	16	6057	法学	40
fx	60	16	5877	放下	42
fx	60	16	5878	防线	42
fx	60	16	5879	房县	42
fx	60	16	6321	奉献	42
fx	60	16	6658	复兴	42
fx	60	16	5985	翻修	43
fx	60	16	6050	发信	43
fx	60	16	6328	奉行	43
fx	60	16	5886	方形	44
fx	60	16	5982	反响	44
fx	60	16	6049	发泄	44
fx	60	16	6166	废墟	44
fx	60	16	6319	缝隙	44
fx	60	16	5881	芳香	45
fx	60	16	6160	飞翔	45
fx	60	16	6427	分校	45
fx	60	16	6468	佛像	45
fx	60	16	6656	腹泻	45
fx	60	16	6662	腐朽	45
fx	60	16	5882	仿效	46
fx	60	16	5887	放行	46
fx	60	16	5984	反省	46
fx	60	16	6323	风向	46
fx	60	16	6330	风雪	46
fx	60	16	6653	复线	46
fx	60	16	6654	浮现	46
fx	60	16	6659	福星	46
fx	60	16	5889	防汛	47
fx	60	16	5888	放学	48
fx	60	16	6426	焚香	48
fx	60	16	6651	父系	48
fx	60	16	5981	犯下	49
fx	60	16	5983	反向	49
fx	60	16	6052	发型	49
fx	60	16	6162	费心	49
fx	60	16	6327	封信	49
fx	60	16	6329	风行	49
fx	60	16	6432	分心	49
fx	60	16	6469	佛学	49
fx	60	16	6652	附息	49
fx	60	16	6661	父兄	49
fx	60	16	6663	抚恤	49
fx	60	16	6322	锋线	50
fx	60	16	6324	凤翔	50
fx	60	16	6325	风箱	50
fx	60	16	6428	分销	50
fx	60	16	6429	分晓	50
fx	60	16	6655	拂晓	50
fx	60	16	6657	负心	50
fx	60	16	6660	服刑	50
fxd	2	3	6048	发祥地	45
fxd	2	3	5883	方小顿	47
fxf	2	3	6326	冯锡范	47
fxf	2	3	6430	分析法	48
fxj	2	3	6431	分析家	47
fxj	2	3	6058	法学家	49
fxl	2	3	6053	发行量	48
fxl	2	3	5884	方西冷	49
fxq	1	0	6164	飞行器	45
fxr	1	0	6054	发信人	44
fxs	3	4	6056	法西斯	41
fxs	3	4	6433	分析师	44
fxs	3	4	6055	法新社	48
fxx	1	0	6161	非线性	45
fxy	2	3	6165	飞行员	41
fxy	2	3	6059	法学院	50
fy	68	17	5988	反应	33
fy	68	17	5989	反映	34
fy	68	17	6068	发育	36
fy	68	17	6171	费用	36
fy	68	17	5896	防御	37
fy	68	17	6681	富有	37
fy	68	17	5987	翻译	38
fy	68	17	6070	法院	38
fy	68	17	6687	赋予	38
fy	68	17	5890	方言	40
fy	68	17	6061	发言	40
fy	68	17	6672	服役	40
fy	68	17	6680	服用	41
fy	68	17	6063	发扬	42
fy	68	17	6688	富裕	42
fy	68	17	6689	富于	42
fy	68	17	6334	风雨	43
fy	68	17	6436	分院	43
fy	68	17	5986	繁衍	44
fy	68	17	6069	法语	44
fy	68	17	6071	发源	44
fy	68	17	6169	飞扬	44
fy	68	17	6172	飞跃	44
fy	68	17	5892	放养	45
fy	68	17	5995	翻阅	45
fy	68	17	6336	风云	45
fy	68	17	6434	奋勇	45
fy	68	17	6667	抚养	45
fy	68	17	6682	负有	45
fy	68	17	5897	方圆	46
fy	68	17	6067	发音	46
fy	68	17	6664	敷衍	46
fy	68	17	6673	赋役	46
fy	68	17	6692	复原	46
fy	68	17	5891	放眼	47
fy	68	17	5893	放映	47
fy	68	17	6167	肺炎	47
fy	68	17	6331	凤阳	47
fy	68	17	6337	风韵	47
fy	68	17	6675	福银	47
fy	68	17	6683	附有	47
fy	68	17	6060	发芽	48
fy	68	17	6168	飞檐	48
fy	68	17	6332	奉养	48
fy	68	17	6669	服药	48
fy	68	17	6676	复印	48
fy	68	17	6684	浮游	48
fy	68	17	5993	繁育	49
fy	68	17	5994	梵语	49
fy	68	17	5997	贩运	49
fy	68	17	6062	发炎	49
fy	68	17	6333	蜂拥	49
fy	68	17	6665	赴宴	49
fy	68	17	6670	复叶	49
fy	68	17	6674	辅以	49
fy	68	17	6677	辅音	49
fy	68	17	6685	赋有	49
fy	68	17	6693	复员	49
fy	68	17	5996	翻越	50
fy	68	17	6335	风月	50
fy	68	17	6435	分忧	50
fy	68	17	6666	复眼	50
fy	68	17	6668	俯仰	50
fy	68	17	6671	副业	50
fy	68	17	6678	福音	50
fy	68	17	6690	负于	50
fy	68	17	6691	富余	50
fy	68	17	6694	浮云	50
fyd	2	3	6072	发源地	44
fyd	2	3	5990	反应堆	48
fygd	1	0	6064	发扬光大	50
fygs	1	0	5898	防御工事	50
fyj	1	0	6679	复印件	46
fyq	2	3	6338	冯云乔	47
fyq	2	3	6065	发言权	48
fyr	1	0	6066	发言人	32
fys	1	0	5894	放映师	49
fyss	1	0	6170	匪夷所思	47
fysw	1	0	6686	浮游生物	49
fyw	2	3	5992	樊一翁	46
fyw	2	3	5991	反应物	48
fyx	1	0	6339	冯玉祥	45
fyz	2	3	5895	方以智	46
fyz	2	3	6340	丰豫之	49
fz	90	18	6074	发展	24
fz	90	18	6700	负责	31
fz	90	18	5899	放在	34
fz	90	18	6445	分钟	34
fz	90	18	6447	分子	34
fz	90	18	6695	复杂	34
fz	90	18	5903	方针	35
fz	90	18	5907	纺织	35
fz	90	18	6467	否则	35
fz	90	18	5908	防止	36
fz	90	18	6176	非洲	36
fz	90	18	5919	房子	37
fz	90	18	6003	繁殖	37
fz	90	18	6012	犯罪	37
fz	90	18	6002	反正	38
fz	90	18	6078	法制	39
fz	90	18	6441	分支	39
fz	90	18	6720	服装	39
fz	90	18	6723	父子	39
fz	90	18	5909	防治	40
fz	90	18	6083	发作	40
fz	90	18	6718	辅助	40
fz	90	18	6080	法子	41
fz	90	18	5901	方丈	42
fz	90	18	5915	房中	42
fz	90	18	6004	反之	42
fz	90	18	6716	福州	42
fz	90	18	6007	繁重	43
fz	90	18	6707	复制	43
fz	90	18	6712	腹中	43
fz	90	18	5910	放置	44
fz	90	18	6073	法则	44
fz	90	18	6079	法治	44
fz	90	18	5999	烦躁	45
fz	90	18	6341	风筝	45
fz	90	18	6348	疯子	45
fz	90	18	6442	分治	45
fz	90	18	6703	负债	45
fz	90	18	6708	副职	45
fz	90	18	6713	浮肿	45
fz	90	18	6725	副总	45
fz	90	18	6727	辅佐	45
fz	90	18	5902	仿照	46
fz	90	18	5911	仿制	46
fz	90	18	5916	放逐	46
fz	90	18	5921	放纵	46
fz	90	18	6081	发自	46
fz	90	18	6173	肥皂	46
fz	90	18	6438	奋战	46
fz	90	18	6439	纷争	46
fz	90	18	6443	分枝	46
fz	90	18	6714	附中	46
fz	90	18	6721	附着	46
fz	90	18	5904	仿真	47
fz	90	18	6000	反贼	47
fz	90	18	6009	饭桌	47
fz	90	18	6342	奉旨	47
fz	90	18	6440	粉蒸	47
fz	90	18	6471	佛祖	47
fz	90	18	6709	扶植	47
fz	90	18	5917	方砖	48
fz	90	18	5923	房租	48
fz	90	18	6001	藩镇	48
fz	90	18	6005	泛指	48
fz	90	18	6008	翻转	48
fz	90	18	6010	贩子	48
fz	90	18	6077	法政	48
fz	90	18	6175	废止	48
fz	90	18	6178	妃子	48
fz	90	18	6437	分赃	48
fz	90	18	6444	分值	48
fz	90	18	6446	粉状	48
fz	90	18	6697	负载	48
fz	90	18	6698	浮躁	48
fz	90	18	6704	腹胀	48
fz	90	18	6706	辅政	48
fz	90	18	6715	负重	48
fz	90	18	5905	方阵	49
fz	90	18	5906	方正	49
fz	90	18	5922	放走	49
fz	90	18	5998	繁杂	49
fz	90	18	6451	分组	49
fz	90	18	6470	佛珠	49
fz	90	18	6719	扶助	49
fz	90	18	5918	方桌	50
fz	90	18	5920	方子	50
fz	90	18	6082	筏子	50
fz	90	18	6343	缝制	50
fz	90	18	6344	风致	50
fz	90	18	6347	封装	50
fzb	1	0	6705	傅振邦	47
fzc	1	0	5912	纺织厂	47
fzfz	1	0	6013	犯罪分子	47
fzg	1	0	6075	发展观	43
fzh	2	3	6710	傅志寰	47
fzh	2	3	6696	复杂化	50
fzj	1	0	6345	冯之浚	47
fzjg	1	0	6448	分子结构	50
fzl	3	4	6006	繁殖力	46
fzl	3	4	6449	分子量	48
fzl	3	4	6726	傅宗龙	48
fzp	1	0	5913	纺织品	43
fzr	2	3	6701	负责人	36
fzr	2	3	6177	非洲人	49
fzs	4	6	6076	发展史	44
fzs	4	6	6450	分子式	46
fzs	4	6	6174	非正式	47
fzs	4	6	6717	福州市	49
fzss	1	0	6722	付诸实施	50
fzx	1	0	6699	复杂性	46
fzy	5	6	6011	范子愚	44
fzy	5	6	6729	副作用	45
fzy	5	6	6724	傅自应	47
fzy	5	6	5914	纺织业	49
fzy	5	6	6728	傅作义	50
fzyj	1	0	6711	付之一炬	48
fzyl	1	0	5900	放在眼里	46
fzz	2	3	6702	负责制	39
fzz	2	3	6346	封之政	49
ga	10	9	7283	公安	37
ga	10	9	6830	港澳	43
ga	10	9	8037	国安	45
ga	10	9	6952	高昂	46
ga	10	9	7284	公案	46
ga	10	9	7622	关爱	47
ga	10	9	6809	肝癌	48
ga	10	9	6953	高傲	49
ga	10	9	6731	该案	50
ga	10	9	7623	关隘	50
gab	1	0	7285	公安部	46
gabd	1	0	7286	公安部队	47
gabm	1	0	7287	公安部门	48
gad	2	3	8039	国奥队	49
gad	2	3	8038	国安队	50
gaj	1	0	7288	公安局	43
gat	1	0	6831	港澳台	50
gax	1	0	7289	公安县	44
gb	47	15	6734	改变	32
gb	47	15	6812	干部	32
gb	47	15	7184	根本	32
gb	47	15	7293	公布	34
gb	47	15	7110	个别	37
gb	47	15	7113	各部	37
gb	47	15	7625	官兵	37
gb	47	15	6732	丐帮	39
gb	47	15	7294	工部	39
gb	47	15	7624	关闭	39
gb	47	15	7652	广播	39
gb	47	15	7112	胳膊	40
gb	47	15	8040	锅巴	40
gb	47	15	6735	改编	41
gb	47	15	6954	告别	41
gb	47	15	7291	公报	42
gb	47	15	7848	古巴	42
gb	47	15	7655	广布	43
gb	47	15	7108	隔壁	44
gb	47	15	7111	各别	44
gb	47	15	7292	工兵	44
gb	47	15	7850	股本	44
gb	47	15	7900	贵宾	44
gb	47	15	7109	戈壁	45
gb	47	15	8042	国宝	45
gb	47	15	6832	钢板	46
gb	47	15	8024	棍棒	46
gb	47	15	8044	国宾	46
gb	47	15	6810	干贝	47
gb	47	15	7290	公办	47
gb	47	15	7653	光波	47
gb	47	15	7898	跪拜	47
gb	47	15	6736	该病	48
gb	47	15	6811	肝病	48
gb	47	15	7849	古堡	48
gb	47	15	7899	规避	48
gb	47	15	8043	国别	48
gb	47	15	6737	该部	49
gb	47	15	6833	港币	49
gb	47	15	6834	钢笔	49
gb	47	15	7186	根部	49
gb	47	15	7654	广博	49
gb	47	15	8041	过半	49
gb	47	15	6733	该报	50
gb	47	15	6835	钢鞭	50
gb	47	15	6836	港埠	50
gb	47	15	7107	胳臂	50
gbd	2	3	7606	怪不得	44
gbd	2	3	7851	顾不得	45
gbdz	1	0	7599	寡不敌众	49
gbl	1	0	6813	干步廊	49
gbm	1	0	7626	官兵们	47
gbn	1	0	6955	高伯年	49
gbq	1	0	8045	过不去	46
gbs	2	3	7852	顾不上	45
gbs	2	3	7187	跟不上	49
gbx	1	0	7185	根本性	46
gbyq	1	0	7295	供不应求	49
gbz	1	0	7656	广布政	47
gc	65	17	7310	工程	30
gc	65	17	8050	过程	30
gc	65	17	7659	广场	33
gc	65	17	6837	刚才	34
gc	65	17	7562	构成	34
gc	65	17	7304	工厂	36
gc	65	17	7629	观察	36
gc	65	17	6739	改称	37
gc	65	17	7634	贯彻	37
gc	65	17	7627	棺材	39
gc	65	17	7628	观测	39
gc	65	17	7853	古城	39
gc	65	17	6818	干脆	40
gc	65	17	6956	高层	40
gc	65	17	6961	高潮	40
gc	65	17	6964	高出	40
gc	65	17	7145	给出	41
gc	65	17	7116	各处	42
gc	65	17	8047	国产	42
gc	65	17	6838	钢材	43
gc	65	17	6958	高产	43
gc	65	17	6966	告辞	43
gc	65	17	7305	工场	43
gc	65	17	7309	功臣	43
gc	65	17	7311	宫城	43
gc	65	17	7631	官场	43
gc	65	17	7657	光彩	43
gc	65	17	7854	故城	43
gc	65	17	7859	鼓吹	43
gc	65	17	6740	改成	44
gc	65	17	6963	高程	44
gc	65	17	6965	高处	44
gc	65	17	7635	贯穿	44
gc	65	17	7855	古称	44
gc	65	17	6738	该车	45
gc	65	17	7114	歌唱	45
gc	65	17	6839	钢厂	46
gc	65	17	6962	高超	46
gc	65	17	7117	歌词	46
gc	65	17	7901	规程	46
gc	65	17	6743	盖茨	47
gc	65	17	7297	贡茶	47
gc	65	17	7298	公差	47
gc	65	17	7319	共存	47
gc	65	17	7636	灌丛	47
gc	65	17	7856	固城	47
gc	65	17	7857	谷城	47
gc	65	17	8048	过长	47
gc	65	17	8052	过错	47
gc	65	17	6742	该处	48
gc	65	17	6817	感触	48
gc	65	17	6957	高差	48
gc	65	17	6959	高唱	48
gc	65	17	8046	国策	48
gc	65	17	8051	国耻	48
gc	65	17	6741	该城	49
gc	65	17	6814	甘草	49
gc	65	17	6840	纲常	49
gc	65	17	7299	共产	49
gc	65	17	7308	公车	49
gc	65	17	6815	干草	50
gc	65	17	6816	赶车	50
gc	65	17	7118	各村	50
gc	65	17	7300	公产	50
gc	65	17	7632	惯常	50
gcc	1	0	7312	工程处	49
gcd	1	0	7301	共产党	36
gcdm	1	0	7658	光彩夺目	46
gcdr	1	0	7302	共产党人	42
gcdy	1	0	7303	共产党员	41
gcgj	1	0	7306	共产国际	41
gch	2	3	6960	高长河	49
gch	2	3	7296	宫才会	49
gchd	1	0	7313	工程浩大	49
gcj	3	4	7314	工程局	46
gcj	3	4	7115	歌唱家	49
gcj	3	4	7630	观察家	49
gcn	1	0	7315	宫城南	49
gcr	1	0	8049	郭超人	47
gcs	1	0	7316	工程师	39
gcx	2	3	7858	谷城县	47
gcx	2	3	7317	工程学	50
gcxy	1	0	7318	工程学院	41
gcy	1	0	7633	观察员	46
gczy	1	0	7307	共产主义	41
gd	97	18	7905	规定	28
gd	97	18	6820	感到	32
gd	97	18	7121	各地	33
gd	97	18	7860	古代	33
gd	97	18	7873	股东	33
gd	97	18	6979	高度	34
gd	97	18	7643	观点	35
gd	97	18	7660	广大	35
gd	97	18	7666	广东	35
gd	97	18	7862	故道	35
gd	97	18	7871	固定	36
gd	97	18	8058	过渡	37
gd	97	18	6969	高等	38
gd	97	18	7329	宫殿	38
gd	97	18	7903	轨道	38
gd	97	18	6821	赶到	39
gd	97	18	6825	感动	39
gd	97	18	6967	高大	39
gd	97	18	6973	高低	40
gd	97	18	7188	耕地	40
gd	97	18	7868	古典	40
gd	97	18	7639	管道	41
gd	97	18	8059	过度	41
gd	97	18	7326	宫灯	42
gd	97	18	6968	高档	43
gd	97	18	7320	攻打	43
gd	97	18	7323	公道	43
gd	97	18	7327	工地	43
gd	97	18	7663	光电	43
gd	97	18	7865	谷地	43
gd	97	18	7877	孤独	43
gd	97	18	7878	古都	43
gd	97	18	7904	跪倒	43
gd	97	18	8061	果断	43
gd	97	18	6744	该当	44
gd	97	18	6974	高地	44
gd	97	18	6980	高端	44
gd	97	18	7119	疙瘩	44
gd	97	18	7563	勾当	44
gd	97	18	8026	滚动	44
gd	97	18	8055	国道	44
gd	97	18	7189	更迭	45
gd	97	18	7332	攻读	45
gd	97	18	7645	关东	45
gd	97	18	7125	割断	46
gd	97	18	7330	供电	46
gd	97	18	7866	谷底	46
gd	97	18	7874	鼓动	46
gd	97	18	7875	古董	46
gd	97	18	6745	该党	47
gd	97	18	6749	改动	47
gd	97	18	6841	钢刀	47
gd	97	18	7124	格斗	47
gd	97	18	7322	工党	47
gd	97	18	7324	功德	47
gd	97	18	7640	关岛	47
gd	97	18	7668	广度	47
gd	97	18	7669	光度	47
gd	97	18	7861	孤单	47
gd	97	18	6747	盖德	48
gd	97	18	6748	该地	48
gd	97	18	6822	甘地	48
gd	97	18	6978	搞定	48
gd	97	18	7123	格调	48
gd	97	18	7661	光大	48
gd	97	18	7902	归档	48
gd	97	18	6975	高点	49
gd	97	18	6976	糕点	49
gd	97	18	7120	歌德	49
gd	97	18	7122	割地	49
gd	97	18	7127	各队	49
gd	97	18	7325	公德	49
gd	97	18	7328	功底	49
gd	97	18	7637	管带	49
gd	97	18	7638	管待	49
gd	97	18	7642	官邸	49
gd	97	18	7662	广岛	49
gd	97	18	7863	古道	49
gd	97	18	7867	故地	49
gd	97	18	8056	过道	49
gd	97	18	8060	国度	49
gd	97	18	6746	改道	50
gd	97	18	6750	该队	50
gd	97	18	6819	肝胆	50
gd	97	18	6823	干掉	50
gd	97	18	6824	干爹	50
gd	97	18	6977	高调	50
gd	97	18	7126	隔断	50
gd	97	18	7146	给定	50
gd	97	18	7564	购得	50
gd	97	18	7641	官道	50
gd	97	18	7664	广电	50
gd	97	18	7864	孤岛	50
gd	97	18	7876	咕咚	50
gd	97	18	7879	咕嘟	50
gd	97	18	8025	滚蛋	50
gd	97	18	8053	国大	50
gdd	2	3	8054	国大党	47
gdd	2	3	7321	宫大典	49
gdj	1	0	7646	关东军	47
gdjy	1	0	6970	高等教育	40
gdm	1	0	7644	关帝庙	50
gds	2	3	7667	广东省	42
gds	2	3	7331	宫殿式	49
gdwx	1	0	7869	古典文学	49
gdx	2	3	8057	郭大侠	49
gdx	2	3	8062	过渡性	50
gdxx	1	0	6971	高等学校	42
gdyx	1	0	6972	高等院校	43
gdzc	1	0	7872	固定资产	41
gdzj	1	0	7665	广电总局	50
gdzy	1	0	7870	古典主义	49
ge	9	9	8063	过儿	43
ge	9	9	6981	高额	45
ge	9	9	7647	官儿	45
ge	9	9	7880	孤儿	45
ge	9	9	7128	个儿	46
ge	9	9	6826	感恩	48
ge	9	9	7881	故而	48
ge	9	9	7129	哥儿	49
ge	9	9	6730	噶尔	50
ged	1	0	7130	葛尔丹	50
gef	1	0	6982	高尔夫	48
gej	1	0	6983	高尔基	48
gel	1	0	7131	哥儿俩	47
gez	1	0	7906	龟儿子	50
gf	31	14	7670	广泛	33
gf	31	14	7882	股份	34
gf	31	14	7337	功夫	35
gf	31	14	7907	规范	36
gf	31	14	8065	国防	36
gf	31	14	6987	高峰	39
gf	31	14	7648	官方	39
gf	31	14	7649	官府	40
gf	31	14	8069	过分	40
gf	31	14	7336	供奉	41
gf	31	14	7338	工夫	41
gf	31	14	7132	各方	42
gf	31	14	6986	高分	44
gf	31	14	7600	瓜分	44
gf	31	14	7910	贵妃	44
gf	31	14	7602	寡妇	45
gf	31	14	7885	辜负	45
gf	31	14	6984	高法	47
gf	31	14	7565	购房	47
gf	31	14	7671	光复	47
gf	31	14	7911	归附	47
gf	31	14	6827	赶赴	48
gf	31	14	6985	告发	48
gf	31	14	7333	攻防	48
gf	31	14	7335	公愤	48
gf	31	14	7334	公费	49
gf	31	14	7650	官服	49
gf	31	14	8071	国父	49
gf	31	14	7601	刮风	50
gf	31	14	7886	姑父	50
gf	31	14	8064	国法	50
gfb	1	0	8066	国防部	40
gfbz	1	0	8067	国防部长	42
gff	1	0	8068	国防费	50
gfgs	1	0	7883	股份公司	44
gfh	1	0	7908	规范化	43
gfl	1	0	8070	郭凤莲	47
gfq	1	0	6988	高峰期	48
gfr	1	0	8072	郭夫人	50
gfx	1	0	7909	规范性	49
gfz	2	3	6989	高分子	44
gfz	2	3	7884	股份制	46
gg	66	17	6751	改革	29
gg	66	17	7133	各个	34
gg	66	17	7141	各国	34
gg	66	17	6843	刚刚	35
gg	66	17	7134	哥哥	35
gg	66	17	7340	公共	35
gg	66	17	7672	广告	37
gg	66	17	7344	巩固	38
gg	66	17	7345	攻关	38
gg	66	17	7891	姑姑	38
gg	66	17	7135	个个	39
gg	66	17	7339	公告	39
gg	66	17	6828	尴尬	40
gg	66	17	7651	灌溉	40
gg	66	17	7889	故宫	40
gg	66	17	7893	古怪	40
gg	66	17	7341	公公	41
gg	66	17	7887	骨干	41
gg	66	17	7140	个股	42
gg	66	17	7912	规格	42
gg	66	17	8027	滚滚	42
gg	66	17	8074	国共	42
gg	66	17	7607	乖乖	43
gg	66	17	7673	光谷	43
gg	66	17	7694	关公	43
gg	66	17	7705	观光	43
gg	66	17	7888	骨骼	43
gg	66	17	6990	高高	44
gg	66	17	6753	该国	45
gg	66	17	6998	高贵	45
gg	66	17	7190	更改	45
gg	66	17	7346	公关	45
gg	66	17	7707	棺椁	45
gg	66	17	7915	归公	45
gg	66	17	6842	杠杆	46
gg	66	17	6845	刚果	46
gg	66	17	7917	硅谷	46
gg	66	17	7921	归国	46
gg	66	17	8076	过关	46
gg	66	17	6752	改观	47
gg	66	17	6844	钢管	47
gg	66	17	6996	高官	47
gg	66	17	7347	公馆	47
gg	66	17	7348	公国	47
gg	66	17	7604	挂钩	47
gg	66	17	7674	光顾	47
gg	66	17	7892	咕咕	47
gg	66	17	6864	感官	48
gg	66	17	6865	感光	48
gg	66	17	6993	高歌	48
gg	66	17	7136	咯咯	48
gg	66	17	7349	功过	48
gg	66	17	7605	瓜果	48
gg	66	17	7918	鬼怪	48
gg	66	17	7137	格格	49
gg	66	17	7566	沟谷	49
gg	66	17	7603	瓜葛	49
gg	66	17	7675	逛逛	49
gg	66	17	7916	归功	49
gg	66	17	7919	桂冠	49
gg	66	17	7922	贵国	49
gg	66	17	8073	国歌	49
gg	66	17	6994	高阁	50
gg	66	17	7676	光棍	50
gg	66	17	7890	雇工	50
gg	66	17	7894	古国	50
ggcs	1	0	7342	公共场所	50
ggd	1	0	6991	高高的	46
ggdd	1	0	7913	归根到底	50
ggf	1	0	7706	关广富	47
ggh	1	0	6846	刚果河	50
gghl	1	0	6997	高官厚禄	49
gghz	1	0	8075	国共合作	44
ggjd	1	0	7914	归根结底	48
ggjj	2	3	6829	干干净净	44
ggjj	2	3	7343	恭恭敬敬	45
ggjp	1	0	7138	各个击破	48
ggn	1	0	6854	肝功能	50
ggsd	1	0	7139	歌功颂德	47
ggss	1	0	7920	鬼鬼祟祟	47
ggx	1	0	6995	高跟鞋	49
ggxx	1	0	6992	高高兴兴	50
ggy	1	0	6999	高桂英	50
ggyh	1	0	7191	耿耿于怀	49
gh	49	16	7923	规划	34
gh	49	16	7192	更好	38
gh	49	16	7352	共和	39
gh	49	16	7679	光华	39
gh	49	16	6873	干旱	40
gh	49	16	7682	光辉	40
gh	49	16	8082	国会	40
gh	49	16	7003	高呼	41
gh	49	16	7357	工会	41
gh	49	16	8083	国徽	41
gh	49	16	6876	干活	42
gh	49	16	7002	搞好	42
gh	49	16	7194	更换	42
gh	49	16	6847	刚好	43
gh	49	16	6875	赶回	43
gh	49	16	7730	官话	43
gh	49	16	7731	关怀	43
gh	49	16	7926	归还	43
gh	49	16	8080	过后	43
gh	49	16	7680	光滑	44
gh	49	16	7924	桂花	44
gh	49	16	8078	国号	45
gh	49	16	7356	恭候	46
gh	49	16	7000	高喊	47
gh	49	16	7929	鬼魂	47
gh	49	16	8079	过河	47
gh	49	16	6874	干涸	48
gh	49	16	7001	高寒	48
gh	49	16	7143	隔阂	48
gh	49	16	7358	公会	48
gh	49	16	7568	篝火	48
gh	49	16	7681	光环	48
gh	49	16	7897	骨灰	48
gh	49	16	8081	过户	48
gh	49	16	6755	改换	49
gh	49	16	7004	搞活	49
gh	49	16	7350	公害	49
gh	49	16	7359	供货	49
gh	49	16	7729	关乎	49
gh	49	16	6754	改行	50
gh	49	16	6756	该会	50
gh	49	16	7351	公海	50
gh	49	16	7567	媾和	50
gh	49	16	7677	光合	50
gh	49	16	7732	官宦	50
gh	49	16	7925	鬼话	50
gh	49	16	7930	鬼火	50
gh	49	16	8077	国航	50
gh	49	16	8084	过活	50
ghd	1	0	7353	共和党	48
ghg	1	0	7354	共和国	38
ghgy	1	0	7142	各行各业	48
ghk	1	0	7193	更何况	45
ghm	1	0	7895	辜鸿铭	47
ghr	1	0	7896	古华容	47
ghs	2	3	7927	规划师	46
ghs	2	3	7928	硅灰石	46
ghy	2	3	7144	隔河岩	47
ghy	2	3	7728	关洪野	49
ghz	1	0	7355	共和制	50
ghzy	1	0	7678	光合作用	46
gj	107	19	8087	国家	24
gj	107	19	7215	根据	28
gj	107	19	8085	国际	28
gj	107	19	7149	各级	29
gj	107	19	7195	更加	32
gj	107	19	6885	感觉	33
gj	107	19	7005	高级	34
gj	107	19	7737	关键	34
gj	107	19	7360	攻击	35
gj	107	19	7384	工具	35
gj	107	19	7377	公斤	36
gj	107	19	7983	估计	36
gj	107	19	6760	改进	37
gj	107	19	6881	赶紧	37
gj	107	19	7746	冠军	37
gj	107	19	7747	官军	38
gj	107	19	6759	改建	39
gj	107	19	6877	感激	39
gj	107	19	6882	干净	39
gj	107	19	7152	各界	39
gj	107	19	7154	格局	39
gj	107	19	7371	工匠	39
gj	107	19	7937	规矩	39
gj	107	19	7735	官家	40
gj	107	19	7984	古迹	40
gj	107	19	7150	各家	41
gj	107	19	7361	供给	41
gj	107	19	7989	股价	41
gj	107	19	7019	高举	42
gj	107	19	7155	歌剧	42
gj	107	19	7573	勾结	42
gj	107	19	7736	管家	42
gj	107	19	7742	关节	42
gj	107	19	7994	古今	42
gj	107	19	6848	钢筋	43
gj	107	19	7380	恭敬	43
gj	107	19	7570	构件	43
gj	107	19	7997	故居	43
gj	107	19	8102	过境	43
gj	107	19	7156	割据	44
gj	107	19	7362	功绩	44
gj	107	19	7363	共计	44
gj	107	19	7571	构建	44
gj	107	19	7931	轨迹	44
gj	107	19	7985	顾及	44
gj	107	19	8086	国籍	44
gj	107	19	6757	该机	45
gj	107	19	6884	柑橘	45
gj	107	19	6886	杆菌	45
gj	107	19	7212	根基	45
gj	107	19	7367	弓箭	45
gj	107	19	7385	公爵	45
gj	107	19	7684	光景	45
gj	107	19	7932	诡计	45
gj	107	19	7934	归结	45
gj	107	19	7986	古籍	45
gj	107	19	7007	高家	46
gj	107	19	7015	告诫	46
gj	107	19	7153	圪节	46
gj	107	19	7157	隔绝	46
gj	107	19	7372	公交	46
gj	107	19	7741	管教	46
gj	107	19	7987	顾忌	46
gj	107	19	7990	估价	46
gj	107	19	7991	骨架	46
gj	107	19	7008	高价	47
gj	107	19	7010	高检	47
gj	107	19	7197	更具	47
gj	107	19	7213	跟进	47
gj	107	19	7364	公鸡	47
gj	107	19	7366	公家	47
gj	107	19	7368	攻坚	47
gj	107	19	7369	共建	47
gj	107	19	7370	工件	47
gj	107	19	7381	宫颈	47
gj	107	19	8097	过节	47
gj	107	19	8098	国界	47
gj	107	19	8103	国境	47
gj	107	19	8109	国军	47
gj	107	19	6883	干警	48
gj	107	19	7011	稿件	48
gj	107	19	7013	高教	48
gj	107	19	7365	公祭	48
gj	107	19	8110	国君	48
gj	107	19	6762	该剧	49
gj	107	19	7006	告急	49
gj	107	19	7378	恭谨	49
gj	107	19	7569	构架	49
gj	107	19	7572	勾践	49
gj	107	19	7574	购进	49
gj	107	19	7683	逛街	49
gj	107	19	7744	观景	49
gj	107	19	7936	归咎	49
gj	107	19	8095	国教	49
gj	107	19	6758	改嫁	50
gj	107	19	6878	赶集	50
gj	107	19	6879	干将	50
gj	107	19	7012	高见	50
gj	107	19	7017	告警	50
gj	107	19	7214	根茎	50
gj	107	19	7379	攻进	50
gj	107	19	7620	挂架	50
gj	107	19	7734	关机	50
gj	107	19	7745	官爵	50
gj	107	19	7933	贵贱	50
gj	107	19	7988	孤寂	50
gj	107	19	7998	孤军	50
gja	1	0	7382	宫颈癌	50
gjb	2	3	7995	顾金标	47
gjb	2	3	7748	冠军杯	50
gjbz	1	0	8088	国家标准	50
gjc	2	3	7373	公交车	49
gjc	2	3	7738	关键词	50
gjd	3	4	7216	根据地	37
gjd	3	4	8089	国家队	44
gjd	3	4	8096	国际队	47
gjdm	1	0	8090	国家杜马	50
gjf	2	3	8099	国际法	45
gjf	2	3	7992	谷建芬	47
gjgh	1	0	7151	各家各户	46
gjh	2	3	8100	国际化	43
gjh	2	3	6880	干椒含	47
gjj	4	6	8091	国家级	36
gjj	4	6	7375	公积金	44
gjj	4	6	7374	攻击机	47
gjj	4	6	8104	郭靖见	50
gjjg	1	0	8093	国家机关	38
gjjh	1	0	8094	国家计划	43
gjjw	1	0	8092	国家教委	49
gjl	3	4	7009	高家岭	47
gjl	3	4	7376	攻击力	49
gjl	3	4	7020	高句丽	50
gjm	1	0	7016	高基庙	42
gjms	1	0	8101	国计民生	49
gjs	2	3	7014	高加索	47
gjs	2	3	7935	贵金属	47
gjsf	1	0	8105	国际私法	50
gjts	1	0	7158	各具特色	47
gjx	4	6	6761	改进型	45
gjx	4	6	8107	国际性	47
gjx	4	6	7383	攻击型	49
gjx	4	6	7739	关键性	50
gjxq	1	0	8106	国际象棋	49
gjy	2	3	7159	歌剧院	48
gjy	2	3	7743	关节炎	49
gjyb	1	0	7196	更进一步	48
gjyl	1	0	8108	国际羽联	49
gjz	2	3	7993	古建筑	40
gjz	2	3	7740	关键字	49
gjzw	1	0	7996	古今中外	50
gjzx	1	0	7018	高级中学	40
gk	26	13	7386	公开	35
gk	26	13	7022	高考	36
gk	26	13	6849	港口	37
gk	26	13	6888	赶快	37
gk	26	13	6765	概况	38
gk	26	13	7685	广阔	39
gk	26	13	7749	观看	39
gk	26	13	6766	概括	40
gk	26	13	7999	顾客	40
gk	26	13	6887	感慨	42
gk	26	13	7388	攻克	42
gk	26	13	7024	高空	43
gk	26	13	7021	高亢	44
gk	26	13	7389	功课	44
gk	26	13	7750	关口	44
gk	26	13	7160	隔开	45
gk	26	13	7391	公款	45
gk	26	13	8112	国库	45
gk	26	13	6763	该科	46
gk	26	13	7390	工科	48
gk	26	13	7938	贵客	48
gk	26	13	6764	改口	49
gk	26	13	7161	各科	49
gk	26	13	8000	谷口	49
gk	26	13	8031	滚开	49
gk	26	13	7392	工矿	50
gkj	1	0	7023	高科技	48
gkqy	1	0	7393	工矿企业	49
gks	1	0	7387	公开赛	47
gky	1	0	8111	郭柯宇	47
gl	74	17	7751	管理	28
gl	74	17	7395	公里	31
gl	74	17	8113	过来	32
gl	74	17	7402	公路	33
gl	74	17	7943	规律	35
gl	74	17	7163	各类	36
gl	74	17	8002	古老	37
gl	74	17	7752	官吏	38
gl	74	17	8003	鼓励	38
gl	74	17	6767	概览	39
gl	74	17	6851	纲领	40
gl	74	17	6889	赶来	40
gl	74	17	7941	桂林	40
gl	74	17	8004	孤立	40
gl	74	17	8005	故里	40
gl	74	17	7756	官僚	41
gl	74	17	6768	改良	42
gl	74	17	7168	各路	42
gl	74	17	7396	功力	42
gl	74	17	7405	功率	42
gl	74	17	7755	关联	42
gl	74	17	7939	归来	42
gl	74	17	6771	概率	43
gl	74	17	7026	高粱	43
gl	74	17	7164	隔离	43
gl	74	17	7394	功劳	43
gl	74	17	7753	惯例	43
gl	74	17	8114	国立	43
gl	74	17	6770	概论	44
gl	74	17	7028	高陵	44
gl	74	17	7397	宫里	44
gl	74	17	7687	光亮	44
gl	74	17	8015	顾虑	44
gl	74	17	6893	干流	45
gl	74	17	6894	赶路	45
gl	74	17	7398	公理	45
gl	74	17	7686	光缆	45
gl	74	17	8115	国力	45
gl	74	17	8118	锅炉	45
gl	74	17	8120	过滤	45
gl	74	17	7167	阁楼	46
gl	74	17	7688	光临	46
gl	74	17	8117	过量	46
gl	74	17	6892	干粮	47
gl	74	17	7025	高丽	47
gl	74	17	7165	割裂	47
gl	74	17	7399	公立	47
gl	74	17	7406	攻略	47
gl	74	17	6850	钢梁	48
gl	74	17	6890	橄榄	48
gl	74	17	7029	高龄	48
gl	74	17	7033	高楼	48
gl	74	17	7172	格律	48
gl	74	17	7754	观礼	48
gl	74	17	8008	估量	48
gl	74	17	8116	国联	48
gl	74	17	8121	国旅	48
gl	74	17	6891	干练	49
gl	74	17	6895	甘露	49
gl	74	17	7034	高卢	49
gl	74	17	7400	功利	49
gl	74	17	7575	勾勒	49
gl	74	17	7577	佝偻	49
gl	74	17	7940	鬼脸	49
gl	74	17	8006	古力	49
gl	74	17	8012	鼓楼	49
gl	74	17	7035	高炉	50
gl	74	17	7401	工龄	50
gl	74	17	7576	沟里	50
gl	74	17	7768	关露	50
gl	74	17	7942	归路	50
gl	74	17	8007	股利	50
gl	74	17	8013	咕噜	50
gl	74	17	8032	滚落	50
glb	1	0	7171	哥伦布	48
glby	1	0	7170	哥伦比亚	45
glc	2	3	7759	管理层	45
glc	2	3	7760	管理处	49
gld	1	0	7027	高利贷	46
glf	2	3	7030	高凌风	47
glf	2	3	8119	锅炉房	49
glj	2	3	7761	管理局	44
glj	2	3	8001	古兰经	48
gljy	1	0	7169	格鲁吉亚	48
gll	3	4	8009	孤零零	48
gll	3	4	6772	概率论	49
gll	3	4	7166	格陵兰	49
glm	1	0	8014	古罗马	46
glq	3	4	7762	管理权	44
glq	3	4	7403	公路桥	45
glq	3	4	7769	关路圻	47
glt	2	3	7763	观礼台	45
glt	2	3	7031	高岭土	50
glw	1	0	7404	公路网	45
glx	4	6	8010	谷六仙	46
glx	4	6	7944	规律性	47
glx	4	6	6852	纲领性	49
glx	4	6	7765	管理学	50
glxt	1	0	7764	管理系统	48
gly	1	0	7766	管理员	48
glz	4	6	7767	管理者	43
glz	4	6	7162	仡佬族	46
glz	4	6	7032	高陵镇	47
glz	4	6	8011	古隆中	47
glzb	1	0	7758	官僚资本	49
glzy	2	3	7757	官僚主义	48
glzy	2	3	6769	改良主义	50
gm	42	15	7174	革命	29
gm	42	15	7409	公民	31
gm	42	15	7946	规模	32
gm	42	15	7578	购买	35
gm	42	15	8125	国民	36
gm	42	15	6774	改名	38
gm	42	15	7198	更名	38
gm	42	15	7689	光芒	39
gm	42	15	8020	古墓	39
gm	42	15	7690	光明	40
gm	42	15	7038	高明	42
gm	42	15	6897	赶忙	43
gm	42	15	6898	感冒	43
gm	42	15	7775	灌木	43
gm	42	15	8016	姑妈	43
gm	42	15	7408	宫门	44
gm	42	15	7770	关门	44
gm	42	15	8126	过敏	44
gm	42	15	6896	干吗	45
gm	42	15	8123	国门	45
gm	42	15	6773	概貌	46
gm	42	15	6853	肛门	46
gm	42	15	7173	各门	46
gm	42	15	7407	工贸	46
gm	42	15	7776	棺木	46
gm	42	15	8122	国美	46
gm	42	15	6899	干面	47
gm	42	15	7410	功名	47
gm	42	15	7411	共鸣	47
gm	42	15	7774	观摩	47
gm	42	15	8128	国名	47
gm	42	15	7771	冠名	48
gm	42	15	8135	过目	48
gm	42	15	7772	官名	49
gm	42	15	7945	诡秘	49
gm	42	15	7036	高密	50
gm	42	15	7037	告密	50
gm	42	15	7183	隔膜	50
gm	42	15	8017	股民	50
gm	42	15	8019	估摸	50
gm	42	15	8021	姑母	50
gm	42	15	8124	过门	50
gmc	1	0	7777	灌木丛	49
gmd	2	3	8127	国民党	32
gmd	2	3	7175	革命党	46
gmh	2	3	7176	革命化	49
gmh	2	3	7039	高名衡	50
gmj	3	4	7177	革命家	44
gmj	3	4	7178	革命军	48
gmj	3	4	8130	国民军	48
gmjj	1	0	8129	国民经济	36
gml	1	0	7579	购买力	48
gmll	1	0	7691	光明磊落	48
gmm	1	0	7773	关明梅	49
gmp	1	0	7179	革命派	48
gmq	1	0	8022	古墓群	46
gmr	1	0	8134	郭沫若	47
gmsr	1	0	8131	国民收入	47
gmsy	1	0	8018	顾名思义	50
gmx	2	3	7180	革命性	48
gmx	2	3	8132	过敏性	49
gmxk	1	0	7621	刮目相看	49
gmz	1	0	7182	革命者	48
gmzd	1	0	7692	光明正大	50
gmzf	1	0	8133	国民政府	40
gmzz	1	0	7181	革命战争	46
gn	21	12	8136	国内	31
gn	21	12	8029	姑娘	32
gn	21	12	7413	功能	33
gn	21	12	6775	概念	35
gn	21	12	7779	观念	36
gn	21	12	7421	宫女	38
gn	21	12	8138	过年	41
gn	21	12	7416	工农	42
gn	21	12	7947	归纳	43
gn	21	12	7948	闺女	44
gn	21	12	7693	光年	45
gn	21	12	7040	高能	46
gn	21	12	7412	宫内	46
gn	21	12	7778	关内	46
gn	21	12	7733	挂念	47
gn	21	12	6900	赣南	48
gn	21	12	7415	公牛	48
gn	21	12	8033	咕哝	48
gn	21	12	7420	弓弩	50
gn	21	12	8028	顾念	50
gn	21	12	8030	牯牛	50
gnb	2	3	7417	工农兵	46
gnb	2	3	7780	关宁兵	50
gnlm	1	0	7418	工农联盟	49
gnn	1	0	8023	姑奶奶	49
gnq	1	0	7199	更年期	49
gnw	1	0	8137	国内外	39
gnx	1	0	7414	功能性	49
gny	1	0	7419	工农业	43
gp	17	11	8213	股票	37
gp	17	11	7423	公平	39
gp	17	11	7228	各派	42
gp	17	11	7424	攻破	43
gp	17	11	7696	光谱	43
gp	17	11	7695	光盘	45
gp	17	11	7044	高坡	46
gp	17	11	7422	贡品	46
gp	17	11	7840	挂牌	46
gp	17	11	7041	高炮	47
gp	17	11	7042	高频	47
gp	17	11	8139	果品	47
gp	17	11	8214	古朴	48
gp	17	11	7425	公仆	49
gp	17	11	7580	狗屁	49
gp	17	11	6776	该片	50
gp	17	11	7043	高平	50
gq	38	15	8149	过去	30
gq	38	15	6901	感情	36
gq	38	15	8219	股权	36
gq	38	15	6856	钢琴	41
gq	38	15	6904	甘泉	41
gq	38	15	7230	歌曲	41
gq	38	15	8140	国旗	41
gq	38	15	8145	国情	41
gq	38	15	7217	跟前	42
gq	38	15	7428	公顷	42
gq	38	15	7427	宫墙	44
gq	38	15	7431	供求	44
gq	38	15	7781	关切	44
gq	38	15	7582	沟渠	45
gq	38	15	7433	宫阙	46
gq	38	15	7949	归侨	46
gq	38	15	8141	国企	46
gq	38	15	7426	工钱	47
gq	38	15	7432	攻取	47
gq	38	15	7581	枸杞	47
gq	38	15	8216	姑且	47
gq	38	15	6857	港区	48
gq	38	15	7045	高强	48
gq	38	15	8142	过期	48
gq	38	15	7147	给钱	49
gq	38	15	7231	各区	49
gq	38	15	7609	怪圈	49
gq	38	15	7782	灌区	49
gq	38	15	8146	国庆	49
gq	38	15	8215	骨气	49
gq	38	15	6777	该区	50
gq	38	15	6855	刚巧	50
gq	38	15	6902	敢情	50
gq	38	15	7046	高墙	50
gq	38	15	7229	搁浅	50
gq	38	15	7429	公卿	50
gq	38	15	7608	乖巧	50
gq	38	15	8143	过桥	50
gqb	1	0	8144	国旗班	49
gqj	1	0	8147	国庆节	45
gqr	1	0	8148	国庆日	49
gqs	1	0	8218	顾秋水	42
gqt	2	3	8217	古琴台	46
gqt	2	3	7430	共青团	48
gqys	1	0	6903	感情用事	50
gr	32	14	7233	个人	31
gr	32	14	7435	工人	32
gr	32	14	8150	果然	35
gr	32	14	6905	感染	38
gr	32	14	7697	光荣	38
gr	32	14	6908	干扰	39
gr	32	14	7234	各人	39
gr	32	14	8220	固然	39
gr	32	14	8221	古人	40
gr	32	14	7436	公认	41
gr	32	14	7434	公然	43
gr	32	14	7441	攻入	43
gr	32	14	8152	国人	43
gr	32	14	6910	感人	45
gr	32	14	7783	官人	45
gr	32	14	7950	贵人	45
gr	32	14	8153	过人	45
gr	32	14	7437	公人	46
gr	32	14	7610	怪人	47
gr	32	14	7951	归入	47
gr	32	14	8222	故人	47
gr	32	14	8224	骨肉	47
gr	32	14	6778	改任	48
gr	32	14	6858	港人	48
gr	32	14	7232	割让	48
gr	32	14	7583	狗日	48
gr	32	14	7584	狗肉	49
gr	32	14	7841	寡人	49
gr	32	14	8151	过热	49
gr	32	14	6779	改日	50
gr	32	14	6909	干热	50
gr	32	14	7585	购入	50
grcb	1	0	7235	个人崇拜	47
grd	1	0	7438	工人党	48
grjj	1	0	7439	工人阶级	41
grl	2	3	8223	古人类	46
grl	2	3	6906	感染力	49
gryd	1	0	7440	工人运动	44
grz	2	3	8154	过日子	45
grz	2	3	6907	感染者	50
gs	121	19	7469	公司	26
gs	121	19	7060	告诉	32
gs	121	19	7061	高速	34
gs	121	19	8233	故事	34
gs	121	19	6780	改善	35
gs	121	19	7201	更是	35
gs	121	19	6919	感受	37
gs	121	19	6913	干涉	38
gs	121	19	7057	高手	38
gs	121	19	7239	各省	38
gs	121	19	7442	工商	39
gs	121	19	7446	公社	39
gs	121	19	6922	甘肃	40
gs	121	19	7049	高山	40
gs	121	19	7220	跟随	40
gs	121	19	8158	国师	40
gs	121	19	6781	该市	41
gs	121	19	6911	赶上	41
gs	121	19	7050	高尚	41
gs	121	19	7053	高声	41
gs	121	19	7447	躬身	41
gs	121	19	7454	公式	41
gs	121	19	7455	公使	41
gs	121	19	7465	拱手	41
gs	121	19	8234	股市	41
gs	121	19	6784	该书	42
gs	121	19	7241	各市	42
gs	121	19	7456	攻势	42
gs	121	19	8159	果实	42
gs	121	19	8167	果树	42
gs	121	19	7048	高僧	43
gs	121	19	7242	格式	43
gs	121	19	7457	共识	43
gs	121	19	7784	关山	43
gs	121	19	7786	观赏	43
gs	121	19	7791	官署	43
gs	121	19	7794	关税	43
gs	121	19	7953	归属	43
gs	121	19	8156	过剩	43
gs	121	19	6782	该是	44
gs	121	19	6785	概述	44
gs	121	19	7047	高三	44
gs	121	19	7240	歌声	44
gs	121	19	7248	歌颂	44
gs	121	19	7470	公私	44
gs	121	19	7785	官山	44
gs	121	19	7787	关上	44
gs	121	19	7795	官司	44
gs	121	19	6916	干事	45
gs	121	19	7059	高耸	45
gs	121	19	7218	跟上	45
gs	121	19	7449	共生	45
gs	121	19	7458	工事	45
gs	121	19	7586	构思	45
gs	121	19	8245	骨髓	45
gs	121	19	6859	岗哨	46
gs	121	19	7200	更深	46
gs	121	19	7237	各色	46
gs	121	19	7459	公事	46
gs	121	19	7473	公孙	46
gs	121	19	7789	管事	46
gs	121	19	7952	鬼神	46
gs	121	19	8160	过时	46
gs	121	19	8161	国事	46
gs	121	19	8168	果蔬	46
gs	121	19	8228	鼓声	46
gs	121	19	8235	古时	46
gs	121	19	8236	古诗	46
gs	121	19	8240	固守	46
gs	121	19	8241	股数	46
gs	121	19	8243	姑苏	46
gs	121	19	8244	估算	46
gs	121	19	6921	甘薯	47
gs	121	19	7056	告示	47
gs	121	19	7243	各式	47
gs	121	19	7245	歌手	47
gs	121	19	7246	个数	47
gs	121	19	7460	贡士	47
gs	121	19	7468	供水	47
gs	121	19	7699	光是	47
gs	121	19	7700	光束	47
gs	121	19	7702	光速	47
gs	121	19	7788	官绅	47
gs	121	19	7955	归宿	47
gs	121	19	8162	国势	47
gs	121	19	8163	过失	47
gs	121	19	8226	古山	47
gs	121	19	8237	古尸	47
gs	121	19	6786	该死	48
gs	121	19	6917	干尸	48
gs	121	19	7052	高深	48
gs	121	19	7058	高斯	48
gs	121	19	7461	宫室	48
gs	121	19	7466	攻守	48
gs	121	19	7611	怪事	48
gs	121	19	7792	灌输	48
gs	121	19	7954	归顺	48
gs	121	19	8155	过上	48
gs	121	19	8242	古书	48
gs	121	19	6860	钢丝	49
gs	121	19	6912	感伤	49
gs	121	19	6918	干湿	49
gs	121	19	7238	格杀	49
gs	121	19	7450	公生	49
gs	121	19	7462	共事	49
gs	121	19	7613	怪兽	49
gs	121	19	8164	国史	49
gs	121	19	8165	过世	49
gs	121	19	8227	孤身	49
gs	121	19	8238	古史	49
gs	121	19	6783	盖世	50
gs	121	19	6787	该所	50
gs	121	19	6914	肝肾	50
gs	121	19	7054	高盛	50
gs	121	19	7448	公审	50
gs	121	19	7463	公示	50
gs	121	19	7467	公署	50
gs	121	19	7472	公诉	50
gs	121	19	7612	怪石	50
gs	121	19	7793	管束	50
gs	121	19	7842	挂帅	50
gsd	1	0	8229	古生代	48
gsdg	1	0	7219	根深蒂固	49
gsf	1	0	7471	公司法	47
gsfw	1	0	8166	国事访问	50
gsg	1	0	8225	古三国	47
gsgl	1	0	7062	高速公路	37
gsgy	1	0	7244	各式各样	47
gsgz	1	0	7474	公孙谷主	47
gsj	1	0	7443	工商局	45
gsk	1	0	7236	哥萨克	50
gsl	2	3	8157	郭生练	47
gsl	2	3	7475	公孙绿	49
gsm	2	3	6915	干什么	40
gsm	2	3	7451	公生门	49
gsp	2	3	8239	故事片	47
gsp	2	3	7055	高射炮	49
gsq	3	4	7452	公生桥	43
gsq	3	4	6920	感受器	47
gsq	3	4	7843	刮水器	47
gsqz	1	0	7247	各司其职	46
gss	4	6	6923	甘肃省	45
gss	4	6	7476	公孙胜	47
gss	4	6	7701	广水市	47
gss	4	6	7698	光闪闪	49
gsw	1	0	8230	古生物	50
gsx	1	0	7464	公使衔	50
gsxl	1	0	7453	躬身行礼	49
gsy	4	6	7444	工商业	41
gsy	4	6	8169	郭树言	44
gsy	4	6	7956	硅酸盐	48
gsy	4	6	7790	观世音	50
gsyr	1	0	8232	孤身一人	50
gsyz	1	0	7445	工商业者	50
gsz	4	6	7051	高山族	45
gsz	4	6	7148	给事中	45
gsz	4	6	7477	公孙止	46
gsz	4	6	8231	辜胜阻	47
gt	35	14	7479	共同	32
gt	35	14	7844	寡头	35
gt	35	14	7478	宫廷	36
gt	35	14	6862	钢铁	37
gt	35	14	7587	沟通	37
gt	35	14	7250	个体	38
gt	35	14	8174	国土	38
gt	35	14	8247	固体	40
gt	35	14	6924	感叹	42
gt	35	14	8249	骨头	42
gt	35	14	7798	关头	43
gt	35	14	7253	个头	44
gt	35	14	7797	贯通	44
gt	35	14	7065	高铁	45
gt	35	14	7799	罐头	45
gt	35	14	7957	柜台	45
gt	35	14	8248	古田	45
gt	35	14	7202	更替	46
gt	35	14	7251	各条	46
gt	35	14	7063	高台	47
gt	35	14	7203	耕田	47
gt	35	14	7483	公凸	47
gt	35	14	7588	构图	47
gt	35	14	6788	该团	48
gt	35	14	6861	刚体	48
gt	35	14	7066	高通	48
gt	35	14	7480	共通	48
gt	35	14	7703	光头	48
gt	35	14	8173	过头	48
gt	35	14	8246	固态	48
gt	35	14	7067	告退	49
gt	35	14	8034	滚烫	49
gt	35	14	8250	故土	49
gt	35	14	7221	跟头	50
gt	35	14	7958	鬼头	50
gtb	1	0	8170	国台办	50
gtc	1	0	6863	钢铁厂	50
gtgl	1	0	7481	共同纲领	47
gth	2	3	7796	官田湖	47
gth	2	3	7252	个体户	50
gtm	1	0	8172	郭天民	47
gtma	1	0	8171	国泰民安	48
gts	1	0	7249	哥特式	50
gtt	2	3	7482	共同体	46
gtt	2	3	7704	光秃秃	50
gtw	1	0	7064	高太尉	48
gw	34	14	6789	改为	35
gw	34	14	8175	国外	36
gw	34	14	8176	国王	36
gw	34	14	7204	更为	37
gw	34	14	6867	岗位	38
gw	34	14	7255	各位	38
gw	34	14	8253	顾问	39
gw	34	14	7071	高温	40
gw	34	14	7254	格外	40
gw	34	14	7589	购物	41
gw	34	14	8257	鼓舞	41
gw	34	14	7486	公务	42
gw	34	14	7257	歌舞	43
gw	34	14	8179	国务	43
gw	34	14	8258	谷物	43
gw	34	14	7069	高位	44
gw	34	14	7485	公文	44
gw	34	14	7615	怪物	44
gw	34	14	8177	过往	44
gw	34	14	7801	观望	45
gw	34	14	8254	古文	45
gw	34	14	8259	古物	45
gw	34	14	6866	港湾	46
gw	34	14	7800	关外	46
gw	34	14	7068	睾丸	47
gw	34	14	7708	广为	47
gw	34	14	7802	官位	47
gw	34	14	8251	古玩	47
gw	34	14	6925	赶往	48
gw	34	14	6926	感悟	48
gw	34	14	7484	恭维	48
gw	34	14	7614	拐弯	48
gw	34	14	8178	过问	48
gw	34	14	7803	管委	49
gwd	1	0	7070	高纬度	50
gwh	2	3	8255	古文化	46
gwh	2	3	7256	革委会	49
gwjl	1	0	8252	古往今来	49
gwlc	1	0	7709	广为流传	50
gwq	1	0	8180	国务卿	45
gwt	1	0	7258	歌舞团	48
gwwy	1	0	8181	国务委员	40
gwy	2	3	8182	国务院	30
gwy	2	3	7487	公务员	40
gwyl	1	0	8183	国务院令	47
gwz	1	0	8256	古文字	50
gx	67	17	7804	关系	27
gx	67	17	7078	高兴	34
gx	67	17	7490	贡献	34
gx	67	17	7261	各项	35
gx	67	17	7073	高校	36
gx	67	17	7205	更新	36
gx	67	17	7812	关心	36
gx	67	17	7714	光绪	38
gx	67	17	6931	感谢	39
gx	67	17	7710	广西	39
gx	67	17	7805	管辖	39
gx	67	17	7959	跪下	39
gx	67	17	6928	干线	40
gx	67	17	7262	各校	40
gx	67	17	7264	个性	40
gx	67	17	7716	光学	40
gx	67	17	8262	故乡	40
gx	67	17	7074	搞笑	41
gx	67	17	7075	高效	41
gx	67	17	7263	革新	41
gx	67	17	7259	阁下	42
gx	67	17	7712	光线	42
gx	67	17	6791	该校	43
gx	67	17	6932	甘心	43
gx	67	17	7492	共享	43
gx	67	17	7494	功效	43
gx	67	17	7502	工序	43
gx	67	17	7814	惯性	43
gx	67	17	7076	高新	44
gx	67	17	7082	高悬	44
gx	67	17	6927	干系	45
gx	67	17	7077	高薪	45
gx	67	17	7491	攻陷	45
gx	67	17	7590	构想	45
gx	67	17	7713	光纤	45
gx	67	17	6790	该项	46
gx	67	17	7265	各型	46
gx	67	17	7488	恭喜	46
gx	67	17	7489	攻下	46
gx	67	17	7499	拱形	46
gx	67	17	7505	功勋	46
gx	67	17	6792	改写	47
gx	67	17	6793	该行	47
gx	67	17	6794	改型	47
gx	67	17	6933	感性	47
gx	67	17	7222	根系	47
gx	67	17	7260	各县	47
gx	67	17	7806	管线	47
gx	67	17	7072	高下	48
gx	67	17	7495	工效	48
gx	67	17	7503	供需	48
gx	67	17	7960	归降	48
gx	67	17	6868	刚性	49
gx	67	17	6929	感想	49
gx	67	17	6934	甘休	49
gx	67	17	7496	供销	49
gx	67	17	7591	购销	49
gx	67	17	7711	光熙	49
gx	67	17	7807	官衔	49
gx	67	17	8184	国姓	49
gx	67	17	8260	姑息	49
gx	67	17	6795	改选	50
gx	67	17	7266	各行	50
gx	67	17	7500	共性	50
gx	67	17	7501	宫刑	50
gx	67	17	7592	狗熊	50
gx	67	17	8261	股息	50
gxb	2	3	7813	冠心病	47
gxb	2	3	6930	干细胞	50
gxc	1	0	7498	工信处	46
gxd	1	0	7715	光绪帝	47
gxh	1	0	7267	个性化	46
gxjs	1	0	7080	高新技术	37
gxl	2	3	8263	古希腊	42
gxl	2	3	8264	顾秀莲	47
gxn	1	0	7079	高性能	48
gxq	3	4	7081	高新区	46
gxq	3	4	7811	管辖权	48
gxq	3	4	8035	滚雪球	49
gxr	1	0	7815	关系人	43
gxs	2	3	7497	供销社	49
gxs	2	3	7809	管闲事	50
gxy	4	6	7083	高血压	42
gxy	4	6	7504	工学院	44
gxy	4	6	7808	关相云	48
gxy	4	6	7810	管弦乐	50
gxz	2	3	7493	贡献者	39
gxz	2	3	8185	郭锡章	47
gy	82	18	7507	工业	28
gy	82	18	7822	关于	31
gy	82	18	7824	官员	33
gy	82	18	7530	公元	34
gy	82	18	7531	公园	35
gy	82	18	7094	高原	36
gy	82	18	8194	国有	36
gy	82	18	7516	工艺	37
gy	82	18	7519	供应	37
gy	82	18	8268	故意	38
gy	82	18	7093	高于	39
gy	82	18	8197	过于	39
gy	82	18	6938	干预	41
gy	82	18	6939	敢于	41
gy	82	18	7533	公约	41
gy	82	18	7084	高压	42
gy	82	18	7223	根源	42
gy	82	18	7506	供养	42
gy	82	18	7526	共有	42
gy	82	18	7718	广义	42
gy	82	18	7819	观音	42
gy	82	18	7529	公寓	43
gy	82	18	7965	归于	43
gy	82	18	8269	雇佣	43
gy	82	18	8272	固有	43
gy	82	18	8275	鼓乐	43
gy	82	18	6936	感应	44
gy	82	18	7206	哽咽	44
gy	82	18	7527	公有	44
gy	82	18	7616	怪异	44
gy	82	18	7817	冠以	44
gy	82	18	8190	国营	44
gy	82	18	8273	顾源	44
gy	82	18	6796	改用	45
gy	82	18	6869	纲要	45
gy	82	18	6870	刚毅	45
gy	82	18	7270	各异	45
gy	82	18	7517	公益	45
gy	82	18	7962	贵阳	45
gy	82	18	7963	诡异	45
gy	82	18	8199	果园	45
gy	82	18	8270	雇用	45
gy	82	18	6798	该院	46
gy	82	18	6935	肝炎	46
gy	82	18	7085	高雅	46
gy	82	18	7087	高一	46
gy	82	18	7523	共用	46
gy	82	18	7721	光源	46
gy	82	18	7816	关押	46
gy	82	18	7966	鳜鱼	46
gy	82	18	8191	过硬	46
gy	82	18	8198	国语	46
gy	82	18	6797	改由	47
gy	82	18	6799	改元	47
gy	82	18	6871	港元	47
gy	82	18	6940	甘愿	47
gy	82	18	7207	耕耘	47
gy	82	18	7269	歌谣	47
gy	82	18	7524	公用	47
gy	82	18	7823	关羽	47
gy	82	18	7964	皈依	47
gy	82	18	7967	桂鱼	47
gy	82	18	8274	雇员	47
gy	82	18	8276	古月	47
gy	82	18	7086	膏药	48
gy	82	18	7090	高音	48
gy	82	18	7508	功业	48
gy	82	18	7525	功用	48
gy	82	18	7593	勾引	48
gy	82	18	7717	光耀	48
gy	82	18	7820	管用	48
gy	82	18	8187	过夜	48
gy	82	18	8267	姑爷	48
gy	82	18	7092	高邮	49
gy	82	18	7268	格言	49
gy	82	18	7719	光阴	49
gy	82	18	7821	惯用	49
gy	82	18	8189	过瘾	49
gy	82	18	6937	甘油	50
gy	82	18	7720	光影	50
gy	82	18	7818	馆驿	50
gy	82	18	7968	规约	50
gybm	1	0	7509	工业部门	44
gybq	1	0	8188	过意不去	48
gydl	1	0	7088	告一段落	50
gyg	1	0	7089	高一功	47
gygm	1	0	7510	工业革命	48
gyh	3	4	7511	工业化	41
gyh	3	4	8193	郭永宏	47
gyh	3	4	8195	国有化	50
gyl	1	0	7520	供应链	49
gyld	1	0	8271	雇佣劳动	49
gym	2	3	8196	郭有明	47
gym	2	3	8265	顾养民	49
gyms	1	0	7518	工艺美术	48
gyn	1	0	7961	圭亚那	48
gyp	2	3	7522	工艺品	45
gyp	2	3	7512	工业品	48
gyq	3	4	7532	公元前	35
gyq	3	4	7514	工业区	45
gyq	3	4	7513	公冶乾	49
gyqy	1	0	8192	国营企业	48
gys	3	4	8186	郭药师	45
gys	3	4	7521	供应商	46
gys	3	4	8277	鼓乐声	48
gyw	1	0	8266	顾炎武	48
gyx	1	0	7091	高迎祥	48
gyy	1	0	7515	工业园	44
gyz	1	0	7528	公有制	45
gz	126	19	7554	工作	24
gz	126	19	7273	各种	29
gz	126	19	7724	广州	34
gz	126	19	7982	贵族	34
gz	126	19	7100	高中	35
gz	126	19	7277	各自	35
gz	126	19	7552	工资	35
gz	126	19	7835	关注	35
gz	126	19	6800	改造	36
gz	126	19	7549	公主	36
gz	126	19	7969	规则	36
gz	126	19	7544	公众	37
gz	126	19	7832	观众	37
gz	126	19	7594	构造	38
gz	126	19	7545	宫中	39
gz	126	19	7553	公子	39
gz	126	19	6942	干燥	40
gz	126	19	7227	跟踪	40
gz	126	19	7282	各族	40
gz	126	19	7539	公正	40
gz	126	19	7975	贵州	40
gz	126	19	6805	改装	41
gz	126	19	7224	跟着	41
gz	126	19	7536	攻占	41
gz	126	19	7722	光泽	41
gz	126	19	7829	官职	41
gz	126	19	6803	改制	42
gz	126	19	6808	改组	42
gz	126	19	7095	高涨	42
gz	126	19	7542	公职	42
gz	126	19	7837	罐子	42
gz	126	19	8200	过早	42
gz	126	19	6941	肝脏	43
gz	126	19	6943	甘蔗	43
gz	126	19	7098	告知	43
gz	126	19	7210	耕作	43
gz	126	19	7830	管制	43
gz	126	19	7833	关中	43
gz	126	19	7970	规章	43
gz	126	19	7979	鬼子	43
gz	126	19	7208	耕种	44
gz	126	19	7275	各州	44
gz	126	19	8036	棍子	44
gz	126	19	8204	果真	44
gz	126	19	8279	故障	44
gz	126	19	8288	雇主	44
gz	126	19	6802	改正	45
gz	126	19	6944	赶着	45
gz	126	19	6951	赶走	45
gz	126	19	7099	高职	45
gz	126	19	7103	告状	45
gz	126	19	7104	稿子	45
gz	126	19	7278	个子	45
gz	126	19	7598	构筑	45
gz	126	19	7617	拐杖	45
gz	126	19	7846	瓜子	45
gz	126	19	8202	国债	45
gz	126	19	8210	果子	45
gz	126	19	8282	骨折	45
gz	126	19	8284	固执	45
gz	126	19	8285	股指	45
gz	126	19	8291	谷子	45
gz	126	19	6945	感知	46
gz	126	19	6948	干重	46
gz	126	19	6950	杆子	46
gz	126	19	7101	告终	46
gz	126	19	7279	鸽子	46
gz	126	19	7597	购置	46
gz	126	19	7723	光照	46
gz	126	19	7828	关照	46
gz	126	19	7974	贵重	46
gz	126	19	7976	归州	46
gz	126	19	8201	国贼	46
gz	126	19	8280	鼓掌	46
gz	126	19	8283	古镇	46
gz	126	19	6807	盖子	47
gz	126	19	7540	公证	47
gz	126	19	7727	光子	47
gz	126	19	7831	官制	47
gz	126	19	7838	管子	47
gz	126	19	8203	过招	47
gz	126	19	8205	国政	47
gz	126	19	8286	骨质	47
gz	126	19	8289	谷主	47
gz	126	19	6801	盖章	48
gz	126	19	6946	赶制	48
gz	126	19	7105	高宗	48
gz	126	19	7106	高祖	48
gz	126	19	7225	根治	48
gz	126	19	7271	革职	48
gz	126	19	7280	格子	48
gz	126	19	7538	共振	48
gz	126	19	7543	供职	48
gz	126	19	7826	观战	48
gz	126	19	7827	馆长	48
gz	126	19	7972	规整	48
gz	126	19	7980	柜子	48
gz	126	19	8207	果汁	48
gz	126	19	8208	过重	48
gz	126	19	8278	鼓噪	48
gz	126	19	8287	估值	48
gz	126	19	8292	股子	48
gz	126	19	8294	故作	48
gz	126	19	6804	钙质	49
gz	126	19	6872	钢针	49
gz	126	19	6949	赣州	49
gz	126	19	7096	高招	49
gz	126	19	7226	根子	49
gz	126	19	7272	搁置	49
gz	126	19	7537	公章	49
gz	126	19	7541	工整	49
gz	126	19	7550	公转	49
gz	126	19	7596	狗贼	49
gz	126	19	7618	拐子	49
gz	126	19	7619	怪罪	49
gz	126	19	7847	褂子	49
gz	126	19	7977	贵胄	49
gz	126	19	6947	干支	50
gz	126	19	7209	梗阻	50
gz	126	19	7535	公债	50
gz	126	19	7546	工种	50
gz	126	19	7726	光柱	50
gz	126	19	7825	官寨	50
gz	126	19	7839	馆子	50
gz	126	19	7845	挂载	50
gz	126	19	8290	固着	50
gzb	2	3	7276	葛洲坝	45
gzb	2	3	7097	高招办	50
gzbm	1	0	7555	工作部门	44
gzc	1	0	6806	改装车	47
gzd	2	3	8281	古长堤	47
gzd	2	3	7551	公主道	48
gzdm	1	0	7836	冠状动脉	50
gzg	1	0	7547	公众股	47
gzgy	1	0	7274	各种各样	42
gzh	1	0	7281	鸽子花	47
gzj	1	0	8211	国子监	48
gzl	2	3	8293	骨子里	48
gzl	2	3	7556	工作量	49
gzpy	1	0	7834	关中平原	50
gzq	1	0	8206	郭振乾	47
gzr	1	0	7558	工作日	42
gzry	1	0	7557	工作人员	38
gzs	4	6	7725	广州市	44
gzs	4	6	7978	贵州省	46
gzs	4	6	7102	高中生	49
gzs	4	6	7981	刽子手	50
gzt	1	0	7973	桂质廷	47
gzw	2	3	7548	公众网	47
gzw	2	3	8212	国资委	49
gzy	3	4	7211	耕作业	46
gzy	3	4	8209	郭中姚	46
gzy	3	4	7534	龚泽艺	47
gzyd	1	0	7595	构造运动	49
gzz	3	4	7560	工作者	42
gzz	3	4	7561	工作组	45
gzz	3	4	7559	工作站	49
gzzd	1	0	7971	规章制度	46
ha	10	9	8721	黑暗	38
ha	10	9	8304	海岸	39
ha	10	9	9240	黄安	45
ha	10	9	8643	河岸	46
ha	10	9	8949	红安	46
ha	10	9	9710	昏暗	46
ha	10	9	9181	淮安	48
ha	10	9	8642	和蔼	49
ha	10	9	9228	湖岸	49
ha	10	9	9548	灰暗	50
hax	2	3	8305	海岸线	43
hax	2	3	8950	红安县	47
hb	64	17	9513	湖北	27
hb	64	17	9758	货币	33
hb	64	17	8306	海拔	35
hb	64	17	8647	河北	37
hb	64	17	8653	合并	37
hb	64	17	9131	华北	37
hb	64	17	8549	毫不	39
hb	64	17	8650	何必	39
hb	64	17	9139	华表	39
hb	64	17	9551	汇报	39
hb	64	17	9756	伙伴	39
hb	64	17	8425	航班	40
hb	64	17	9519	户部	40
hb	64	17	9230	环保	41
hb	64	17	9552	回报	41
hb	64	17	9553	回避	41
hb	64	17	8655	何不	42
hb	64	17	9044	后边	42
hb	64	17	9182	怀抱	42
hb	64	17	9755	火把	42
hb	64	17	8722	黑白	43
hb	64	17	8309	海边	44
hb	64	17	8310	海滨	44
hb	64	17	8548	好比	44
hb	64	17	8651	河边	44
hb	64	17	9041	后备	44
hb	64	17	9129	花瓣	44
hb	64	17	9520	互不	44
hb	64	17	8407	汉堡	45
hb	64	17	9045	后部	45
hb	64	17	9516	湖边	45
hb	64	17	9757	火爆	45
hb	64	17	8547	好办	46
hb	64	17	9042	后背	46
hb	64	17	9232	患病	46
hb	64	17	9233	缓步	46
hb	64	17	9521	互补	46
hb	64	17	9554	汇编	46
hb	64	17	8307	海报	47
hb	64	17	8308	海豹	47
hb	64	17	9046	候补	47
hb	64	17	9128	花白	47
hb	64	17	8645	荷包	48
hb	64	17	8652	合编	48
hb	64	17	8952	红包	48
hb	64	17	9043	后辈	48
hb	64	17	9140	滑冰	48
hb	64	17	9183	淮北	48
hb	64	17	9231	环抱	48
hb	64	17	9549	灰白	48
hb	64	17	8644	合办	49
hb	64	17	8723	黑板	49
hb	64	17	8724	黑斑	49
hb	64	17	8808	横标	49
hb	64	17	9132	花被	49
hb	64	17	9137	花边	49
hb	64	17	9241	黄榜	49
hb	64	17	9555	会标	49
hb	64	17	8951	红斑	50
hb	64	17	9130	画报	50
hb	64	17	9136	话本	50
hb	64	17	9138	哗变	50
hb	64	17	9517	湖滨	50
hb	64	17	9556	回禀	50
hbc	1	0	9518	胡秉宸	37
hbd	1	0	8801	恨不得	43
hbdq	1	0	9133	华北地区	49
hbdz	1	0	9759	货币地租	50
hbft	1	0	9713	魂不附体	50
hbh	1	0	8550	好不好	43
hbj	1	0	8408	韩宝驹	48
hbjq	1	0	9134	华北军区	49
hbk	1	0	8649	禾本科	49
hbl	1	0	9760	货币量	48
hbpy	1	0	9135	华北平原	48
hbry	1	0	8551	好不容易	43
hbs	4	6	9514	湖北省	29
hbs	4	6	8648	河北省	42
hbs	4	6	8953	红宝石	45
hbs	4	6	9550	灰白色	48
hbsb	1	0	8295	哈布斯堡	50
hbsw	1	0	9515	湖北省委	46
hbwy	1	0	9047	候补委员	44
hbxg	1	0	8552	毫不相干	50
hby	2	3	8406	汉白玉	37
hby	2	3	8654	贺炳炎	47
hbyy	1	0	8553	毫不犹豫	46
hbz	2	3	8646	核爆炸	49
hbz	2	3	9242	黄帮主	50
hbzb	1	0	9761	货币资本	44
hc	58	16	9245	皇城	36
hc	58	16	8556	好吃	37
hc	58	16	8557	好处	38
hc	58	16	8663	合成	38
hc	58	16	8555	号称	39
hc	58	16	8668	何处	39
hc	58	16	8670	河床	40
hc	58	16	9764	火车	40
hc	58	16	9558	会场	42
hc	58	16	8314	害虫	44
hc	58	16	8413	汉川	44
hc	58	16	8426	航程	44
hc	58	16	8658	喝茶	44
hc	58	16	9557	会餐	44
hc	58	16	9559	灰尘	44
hc	58	16	8311	海产	45
hc	58	16	8412	汉城	45
hc	58	16	8660	何尝	45
hc	58	16	8664	合称	45
hc	58	16	8810	横穿	45
hc	58	16	9234	换成	45
hc	58	16	8410	汉朝	46
hc	58	16	8656	喝彩	46
hc	58	16	8657	喝采	46
hc	58	16	8659	核查	46
hc	58	16	9763	火柴	46
hc	58	16	8661	合唱	47
hc	58	16	8958	红绸	47
hc	58	16	9048	后场	47
hc	58	16	9141	花草	47
hc	58	16	9146	划出	47
hc	58	16	9236	缓存	47
hc	58	16	9244	皇朝	47
hc	58	16	9560	汇成	47
hc	58	16	9142	画册	48
hc	58	16	9145	化成	48
hc	58	16	9148	花丛	48
hc	58	16	9235	缓冲	48
hc	58	16	9561	回城	48
hc	58	16	9762	货舱	48
hc	58	16	9765	货车	48
hc	58	16	9769	豁出	48
hc	58	16	8312	海潮	49
hc	58	16	8315	海船	49
hc	58	16	8411	寒潮	49
hc	58	16	8554	蒿草	49
hc	58	16	8667	呵斥	49
hc	58	16	8669	河川	49
hc	58	16	8954	鸿才	49
hc	58	16	9050	后撤	49
hc	58	16	9143	华辰	49
hc	58	16	9147	划船	49
hc	58	16	9243	荒草	49
hc	58	16	9247	蝗虫	49
hc	58	16	9562	荟萃	49
hc	58	16	8313	海城	50
hc	58	16	8955	红茶	50
hc	58	16	8956	红尘	50
hca	1	0	9049	侯长安	47
hcc	3	4	8957	洪承畴	40
hcc	3	4	9144	华辰春	47
hcc	3	4	8725	黑沉沉	49
hcgz	1	0	8672	核磁共振	50
hch	2	3	9523	胡春华	47
hch	2	3	9522	护城河	50
hcl	1	0	8671	何椿霖	47
hcm	1	0	8665	何晟铭	47
hcs	1	0	8414	汉川市	47
hct	2	3	8662	合唱团	47
hct	2	3	9767	火车头	50
hcx	1	0	8673	和慈禧	49
hcxw	1	0	8666	合成纤维	50
hcy	1	0	9766	火成岩	50
hcyx	1	0	8409	汉藏语系	50
hcz	2	3	9768	火车站	41
hcz	2	3	9246	黄橙子	47
hczz	1	0	8809	横冲直撞	47
hd	86	18	9775	活动	28
hd	86	18	9253	皇帝	29
hd	86	18	9771	获得	30
hd	86	18	8804	很多	31
hd	86	18	8802	很大	33
hd	86	18	9563	回答	33
hd	86	18	9565	回到	34
hd	86	18	8676	喝道	36
hd	86	18	8677	河道	38
hd	86	18	8321	海底	39
hd	86	18	8415	汉代	41
hd	86	18	8428	航道	41
hd	86	18	8678	何等	41
hd	86	18	9051	后代	41
hd	86	18	9153	华东	42
hd	86	18	9526	忽地	42
hd	86	18	8419	喊道	43
hd	86	18	8559	好歹	43
hd	86	18	8562	好多	43
hd	86	18	8686	河段	43
hd	86	18	8959	宏大	43
hd	86	18	9053	厚度	43
hd	86	18	9529	互动	43
hd	86	18	8318	海盗	44
hd	86	18	9155	花朵	44
hd	86	18	9256	晃动	44
hd	86	18	9528	蝴蝶	44
hd	86	18	8681	核电	45
hd	86	18	8727	黑点	45
hd	86	18	8962	轰动	45
hd	86	18	9152	划定	45
hd	86	18	9237	环岛	45
hd	86	18	9254	黄帝	45
hd	86	18	9567	挥动	45
hd	86	18	8319	海岛	46
hd	86	18	8417	邯郸	46
hd	86	18	8684	河东	46
hd	86	18	8960	宏达	46
hd	86	18	9257	黄豆	46
hd	86	18	9714	混蛋	46
hd	86	18	9777	火堆	46
hd	86	18	8322	海地	47
hd	86	18	8427	行当	47
hd	86	18	8674	核弹	47
hd	86	18	8728	黑洞	47
hd	86	18	8730	黑豆	47
hd	86	18	8803	狠毒	47
hd	86	18	8811	恒定	47
hd	86	18	9149	花灯	47
hd	86	18	9250	黄道	47
hd	86	18	9255	荒地	47
hd	86	18	9566	毁掉	47
hd	86	18	9568	汇兑	47
hd	86	18	9716	混沌	47
hd	86	18	9773	霍地	47
hd	86	18	8679	河堤	48
hd	86	18	8687	核对	48
hd	86	18	8961	红灯	48
hd	86	18	9776	霍都	48
hd	86	18	8317	海带	49
hd	86	18	8420	旱地	49
hd	86	18	8431	航电	49
hd	86	18	8558	浩大	49
hd	86	18	8683	核定	49
hd	86	18	8963	洪都	49
hd	86	18	9154	滑动	49
hd	86	18	9248	荒诞	49
hd	86	18	9249	黄疸	49
hd	86	18	9251	黄岛	49
hd	86	18	9527	湖底	49
hd	86	18	9564	回荡	49
hd	86	18	9770	豁达	49
hd	86	18	8296	哈达	50
hd	86	18	8316	海大	50
hd	86	18	8323	海淀	50
hd	86	18	8416	寒带	50
hd	86	18	8429	巷道	50
hd	86	18	8680	何地	50
hd	86	18	8726	黑道	50
hd	86	18	9052	厚道	50
hd	86	18	9054	后盾	50
hd	86	18	9150	华灯	50
hd	86	18	9151	花掉	50
hd	86	18	9184	坏蛋	50
hd	86	18	9252	荒岛	50
hd	86	18	9715	昏倒	50
hdb	1	0	8320	海德堡	49
hdc	1	0	8430	杭得茶	48
hdd	2	3	8561	好端端	46
hdd	2	3	8729	黑洞洞	50
hdg	1	0	9524	胡大哥	50
hdhs	1	0	9778	或多或少	45
hdl	1	0	8685	核动力	46
hdls	1	0	8964	洪都拉斯	50
hdn	1	0	8805	很多年	50
hdp	1	0	9525	胡德平	47
hdq	1	0	8324	海淀区	48
hdt	2	3	8675	核弹头	46
hdt	2	3	8560	郝大通	47
hdx	1	0	8418	汉丹线	47
hdz	3	4	8682	核电站	44
hdz	3	4	9774	火电站	46
hdz	3	4	9772	获得者	47
he	11	10	8325	孩儿	40
he	11	10	9779	活儿	44
he	11	10	9569	会儿	45
he	11	10	9156	花儿	46
he	11	10	8326	海尔	47
he	11	10	9055	猴儿	47
he	11	10	9530	忽而	47
he	11	10	9157	话儿	48
he	11	10	8812	横额	49
he	11	10	9238	患儿	50
he	11	10	9259	皇恩	50
heb	1	0	8297	哈尔滨	41
hebs	1	0	8298	哈尔滨市	49
hej	1	0	9158	华尔街	49
hem	1	0	8688	荷尔蒙	50
hewy	1	0	8689	合二为一	48
hez	1	0	9260	黄二州	47
hf	36	14	9571	恢复	33
hf	36	14	9163	划分	35
hf	36	14	8690	合法	37
hf	36	14	9160	花费	41
hf	36	14	9161	化肥	42
hf	36	14	8564	耗费	43
hf	36	14	9057	后方	43
hf	36	14	8421	寒风	44
hf	36	14	9572	回复	44
hf	36	14	8327	海防	45
hf	36	14	8697	合肥	45
hf	36	14	8692	何方	46
hf	36	14	9531	护法	46
hf	36	14	9533	胡风	46
hf	36	14	9780	活佛	46
hf	36	14	8698	鹤峰	47
hf	36	14	8699	和丰	47
hf	36	14	8813	横幅	47
hf	36	14	9059	后妃	47
hf	36	14	9162	话费	47
hf	36	14	9164	花粉	47
hf	36	14	9570	挥发	47
hf	36	14	8693	何妨	48
hf	36	14	9239	焕发	48
hf	36	14	8299	哈佛	49
hf	36	14	8328	海风	49
hf	36	14	8965	洪峰	49
hf	36	14	9056	后发	49
hf	36	14	9165	画风	49
hf	36	14	9262	荒废	49
hf	36	14	9263	黄蜂	49
hf	36	14	9532	互访	49
hf	36	14	8563	豪放	50
hf	36	14	8731	黑发	50
hf	36	14	9159	画法	50
hf	36	14	9781	祸福	50
hfd	1	0	9264	黄封殿	49
hfdx	1	0	8300	哈佛大学	47
hfh	1	0	8691	合法化	50
hfps	1	0	9717	魂飞魄散	49
hfq	1	0	9261	黄泛区	50
hfr	1	0	8966	洪夫人	48
hfx	2	3	8700	鹤峰县	47
hfx	2	3	8696	合法性	48
hfy	2	3	9058	侯方域	46
hfy	2	3	8694	核反应	47
hfyd	1	0	8695	核反应堆	49
hg	53	16	8457	韩国	36
hg	53	16	9167	化工	36
hg	53	16	9265	黄冈	37
hg	53	16	8704	合格	39
hg	53	16	8968	宏观	39
hg	53	16	9061	后果	39
hg	53	16	9579	回国	39
hg	53	16	9580	回过	39
hg	53	16	9269	皇宫	40
hg	53	16	9534	湖广	40
hg	53	16	9575	回顾	40
hg	53	16	9578	回归	40
hg	53	16	8709	河谷	41
hg	53	16	8816	横贯	41
hg	53	16	9784	火光	41
hg	53	16	8332	海关	42
hg	53	16	9353	宦官	42
hg	53	16	8422	涵盖	43
hg	53	16	9060	后宫	43
hg	53	16	8710	何故	44
hg	53	16	9785	火锅	44
hg	53	16	8329	海港	45
hg	53	16	8708	河沟	46
hg	53	16	8815	横沟	46
hg	53	16	9172	划归	46
hg	53	16	9258	还给	46
hg	53	16	9266	皇岗	46
hg	53	16	9576	回鹘	46
hg	53	16	8456	寒光	47
hg	53	16	8565	好感	47
hg	53	16	8814	横亘	47
hg	53	16	8969	红光	47
hg	53	16	9169	花菇	47
hg	53	16	9352	环顾	47
hg	53	16	9581	回锅	47
hg	53	16	8330	海沟	48
hg	53	16	9170	花冠	48
hg	53	16	9270	黄瓜	48
hg	53	16	9577	会馆	48
hg	53	16	8331	骸骨	49
hg	53	16	8566	豪格	49
hg	53	16	8567	壕沟	49
hg	53	16	8702	河港	49
hg	53	16	8711	核果	49
hg	53	16	8967	鸿沟	49
hg	53	16	9173	华贵	49
hg	53	16	9537	护国	49
hg	53	16	9574	回购	49
hg	53	16	9782	活该	49
hg	53	16	9783	火攻	49
hg	53	16	8333	海龟	50
hg	53	16	8701	何干	50
hg	53	16	9271	皇冠	50
hgb	1	0	9535	胡光宝	47
hgc	1	0	9168	化工厂	50
hgd	1	0	8458	韩国队	49
hge	1	0	8732	黑格尔	46
hgf	1	0	9174	华国锋	45
hgh	3	4	8423	韩高湖	47
hgh	3	4	9272	黄古蒿	47
hgh	3	4	9538	胡国华	50
hgj	1	0	9171	花观景	49
hgl	1	0	8705	合格率	49
hgn	1	0	9536	胡桂南	50
hgs	4	6	9267	黄冈市	39
hgs	4	6	8703	核苷酸	49
hgs	4	6	9175	花果山	50
hgs	4	6	9573	惠更斯	50
hgx	1	0	9268	黄格选	47
hgy	2	3	9166	花岗岩	39
hgy	2	3	8707	核工业	50
hgz	2	3	8424	汉高祖	48
hgz	2	3	8706	合格证	50
hgzy	1	0	9062	后顾之忧	50
hh	87	18	8570	好好	37
hh	87	18	9274	黄河	37
hh	87	18	9278	皇后	37
hh	87	18	8432	航海	38
hh	87	18	9385	缓缓	38
hh	87	18	9718	混合	38
hh	87	18	8301	哈哈	39
hh	87	18	9590	绘画	39
hh	87	18	8569	好汉	40
hh	87	18	8973	洪湖	40
hh	87	18	9593	辉煌	40
hh	87	18	8574	豪华	41
hh	87	18	8715	合乎	41
hh	87	18	8735	嘿嘿	41
hh	87	18	8835	狠狠	41
hh	87	18	9069	后悔	41
hh	87	18	9284	黄昏	42
hh	87	18	9382	缓和	42
hh	87	18	9383	欢呼	42
hh	87	18	9583	汇合	42
hh	87	18	9589	会后	42
hh	87	18	8334	还好	43
hh	87	18	8974	红花	43
hh	87	18	9187	淮河	43
hh	87	18	9544	呼呼	43
hh	87	18	9545	呼唤	43
hh	87	18	8434	杭汉	44
hh	87	18	8469	含糊	44
hh	87	18	8718	荷花	44
hh	87	18	8733	黑海	44
hh	87	18	9180	花卉	44
hh	87	18	9539	呼喊	44
hh	87	18	9584	会合	44
hh	87	18	9721	浑厚	44
hh	87	18	8716	河湖	45
hh	87	18	9273	黄海	45
hh	87	18	9280	黄花	45
hh	87	18	9585	回合	45
hh	87	18	9789	火候	45
hh	87	18	9793	活活	45
hh	87	18	8573	好喝	46
hh	87	18	8575	好坏	46
hh	87	18	8818	哼哼	46
hh	87	18	8970	红海	46
hh	87	18	8975	红火	46
hh	87	18	9067	后湖	46
hh	87	18	9279	恍惚	46
hh	87	18	9281	黄骅	46
hh	87	18	9541	呼喝	46
hh	87	18	9592	毁坏	46
hh	87	18	9722	婚后	46
hh	87	18	9790	火花	46
hh	87	18	8335	海河	47
hh	87	18	8719	合伙	47
hh	87	18	8817	恒河	47
hh	87	18	9064	后河	47
hh	87	18	9786	祸害	47
hh	87	18	8717	呵护	48
hh	87	18	9540	护航	48
hh	87	18	9594	挥霍	48
hh	87	18	9791	活化	48
hh	87	18	8435	行会	49
hh	87	18	8737	黑红	49
hh	87	18	9063	后汉	49
hh	87	18	9068	后患	49
hh	87	18	9176	化合	49
hh	87	18	9178	画画	49
hh	87	18	9188	坏话	49
hh	87	18	9285	惶惑	49
hh	87	18	9546	互换	49
hh	87	18	9582	徽号	49
hh	87	18	9723	昏黄	49
hh	87	18	9792	祸患	49
hh	87	18	8712	呵呵	50
hh	87	18	8713	赫赫	50
hh	87	18	8734	黑河	50
hh	87	18	9065	厚厚	50
hh	87	18	9185	淮海	50
hh	87	18	9282	谎话	50
hh	87	18	9384	幻化	50
hh	87	18	9547	互惠	50
hh	87	18	9586	回纥	50
hh	87	18	9587	悔恨	50
hh	87	18	9591	回话	50
hh	87	18	9719	浑河	50
hh	87	18	9787	火海	50
hh	87	18	9788	火红	50
hhcc	1	0	9724	昏昏沉沉	49
hhd	3	4	9066	厚厚的	44
hhd	3	4	9386	缓缓的	48
hhd	3	4	8971	红红的	50
hhdd	1	0	8571	浩浩荡荡	43
hhdx	1	0	8302	哈哈大笑	39
hhe	1	0	8572	好好儿	49
hhh	1	0	8303	哈哈哈	47
hhht	1	0	9542	呼和浩特	47
hhj	1	0	8433	航海家	50
hhk	1	0	9543	胡厚昆	47
hhl	1	0	9276	黄鹤楼	42
hhll	2	3	8972	轰轰烈烈	45
hhll	2	3	9179	花花绿绿	50
hhly	1	0	9275	黄河流域	47
hhr	1	0	8720	合伙人	49
hhs	6	7	9387	欢呼声	45
hhs	6	7	9588	灰褐色	46
hhs	6	7	8976	洪湖市	47
hhs	6	7	9277	黄褐色	49
hhs	6	7	8736	黑褐色	50
hhs	6	7	9794	活火山	50
hhw	2	3	9177	化合物	39
hhw	2	3	9720	混合物	46
hhx	1	0	8738	黑虎星	49
hhy	1	0	8714	何红药	50
hhyq	1	0	9070	后会有期	50
hhz	1	0	8568	好孩子	48
hhzy	1	0	9186	淮海战役	49
hhzz	1	0	9283	慌慌张张	50
hj	67	17	9393	环境	30
hj	67	17	8336	海军	33
hj	67	17	8978	红军	37
hj	67	17	9291	黄金	37
hj	67	17	9597	回家	37
hj	67	17	8474	汉江	39
hj	67	17	9207	画家	39
hj	67	17	9287	皇家	39
hj	67	17	9390	环节	39
hj	67	17	9599	会见	39
hj	67	17	9797	火箭	39
hj	67	17	8472	汉奸	40
hj	67	17	8473	罕见	40
hj	67	17	8769	喝酒	40
hj	67	17	8766	合金	41
hj	67	17	9391	缓解	41
hj	67	17	9799	获奖	41
hj	67	17	8836	痕迹	42
hj	67	17	9210	话剧	42
hj	67	17	9288	黄家	42
hj	67	17	9595	汇集	42
hj	67	17	8763	合计	43
hj	67	17	9209	化解	43
hj	67	17	9679	户籍	43
hj	67	17	9682	呼叫	43
hj	67	17	9802	火炬	43
hj	67	17	8578	豪杰	44
hj	67	17	9795	伙计	44
hj	67	17	8583	好久	45
hj	67	17	8765	和解	45
hj	67	17	8977	轰击	45
hj	67	17	9072	后劲	45
hj	67	17	9205	滑稽	45
hj	67	17	9392	换届	45
hj	67	17	8476	喊叫	46
hj	67	17	8477	焊接	46
hj	67	17	8576	好几	46
hj	67	17	8577	号角	46
hj	67	17	9073	后金	46
hj	67	17	9683	胡椒	46
hj	67	17	8436	行家	47
hj	67	17	8579	浩劫	47
hj	67	17	8581	耗尽	47
hj	67	17	8764	河间	47
hj	67	17	9213	化军	47
hj	67	17	9389	还击	47
hj	67	17	9396	幻觉	47
hj	67	17	9596	回击	47
hj	67	17	9602	汇聚	47
hj	67	17	9680	胡佳	47
hj	67	17	9685	呼救	47
hj	67	17	9071	吼叫	48
hj	67	17	9601	灰烬	48
hj	67	17	9074	后晋	49
hj	67	17	9208	花轿	49
hj	67	17	9211	画卷	49
hj	67	17	9286	惶急	49
hj	67	17	9727	混进	49
hj	67	17	8471	旱季	50
hj	67	17	8819	桁架	50
hj	67	17	9075	侯爵	50
hj	67	17	9189	怀旧	50
hj	67	17	9206	画集	50
hj	67	17	9598	汇价	50
hj	67	17	9600	回见	50
hj	67	17	9681	胡家	50
hj	67	17	9796	活计	50
hjb	1	0	8770	核聚变	50
hjbh	1	0	9394	环境保护	45
hjd	1	0	9798	火箭弹	46
hjg	2	3	8580	好几个	43
hjg	2	3	8767	合金钢	48
hjh	1	0	9289	黄家湖	47
hjhs	1	0	9397	换句话说	46
hjjh	1	0	9803	火炬计划	41
hjl	2	3	9726	混交林	47
hjl	2	3	8478	含金量	50
hjm	1	0	9212	华觉明	49
hjn	1	0	8582	好几年	48
hjp	2	3	9801	火箭炮	46
hjp	2	3	8437	杭嘉平	50
hjq	2	3	8475	汉江全	47
hjq	2	3	8438	杭嘉乔	50
hjs	1	0	8768	核技术	49
hjsd	2	3	9293	黄金水道	49
hjsd	2	3	9292	黄金时代	50
hjt	2	3	9684	胡锦涛	44
hjt	2	3	9290	黄家潭	47
hjw	1	0	9294	黄金湾	47
hjwr	1	0	9395	环境污染	49
hjz	2	3	9295	黄金周	40
hjz	2	3	9800	获奖者	50
hk	22	12	8439	航空	34
hk	22	12	8837	很快	35
hk	22	12	8479	汉口	38
hk	22	12	8773	何况	38
hk	22	12	8771	河口	39
hk	22	12	8584	好看	41
hk	22	12	9687	户口	41
hk	22	12	8585	毫克	43
hk	22	12	8337	海口	44
hk	22	12	8739	黑客	45
hk	22	12	8820	横跨	45
hk	22	12	9804	火控	45
hk	22	12	8772	何苦	46
hk	22	12	8979	烘烤	46
hk	22	12	9297	惶恐	46
hk	22	12	9603	回扣	46
hk	22	12	9398	欢快	47
hk	22	12	9688	虎口	47
hk	22	12	8339	还款	49
hk	22	12	9805	货款	49
hk	22	12	8586	好客	50
hk	22	12	9689	湖口	50
hkb	1	0	8440	航空兵	44
hkd	1	0	8441	航空队	50
hkg	1	0	8442	航空港	45
hkmj	1	0	8443	航空母舰	43
hkq	1	0	8444	航空器	50
hks	3	4	9296	黄康生	47
hks	3	4	9686	胡康生	47
hks	3	4	8338	海口市	50
hkz	1	0	8480	汉口站	47
hl	81	18	9076	后来	31
hl	81	18	9604	回来	31
hl	81	18	8786	河流	35
hl	81	18	8780	合理	36
hl	81	18	8483	含量	37
hl	81	18	8776	荷兰	38
hl	81	18	9729	混乱	38
hl	81	18	9190	怀里	39
hl	81	18	9611	汇率	40
hl	81	18	9807	火力	40
hl	81	18	9400	欢乐	41
hl	81	18	9808	活力	41
hl	81	18	8342	海里	42
hl	81	18	8482	寒冷	42
hl	81	18	8588	号令	42
hl	81	18	8822	衡量	42
hl	81	18	9701	葫芦	42
hl	81	18	9706	忽略	42
hl	81	18	9728	婚礼	42
hl	81	18	8445	行列	43
hl	81	18	9078	喉咙	43
hl	81	18	9299	黄连	43
hl	81	18	9300	荒凉	43
hl	81	18	9608	贿赂	43
hl	81	18	9703	胡乱	43
hl	81	18	8781	合力	44
hl	81	18	8821	亨利	44
hl	81	18	8989	红楼	44
hl	81	18	9220	化疗	44
hl	81	18	9302	黄陵	44
hl	81	18	9305	慌乱	44
hl	81	18	9690	护理	44
hl	81	18	8484	翰林	45
hl	81	18	8980	洪涝	45
hl	81	18	8986	洪流	45
hl	81	18	9218	华丽	45
hl	81	18	9303	皇陵	45
hl	81	18	9304	黄龙	45
hl	81	18	9809	获利	45
hl	81	18	8403	哈里	46
hl	81	18	8782	河里	46
hl	81	18	8982	红莲	46
hl	81	18	9399	换来	46
hl	81	18	9402	环流	46
hl	81	18	9605	回廊	46
hl	81	18	9610	回落	46
hl	81	18	9691	狐狸	46
hl	81	18	8340	海浪	47
hl	81	18	8481	含泪	47
hl	81	18	8984	洪亮	47
hl	81	18	9217	画廊	47
hl	81	18	9692	互利	47
hl	81	18	9810	火龙	47
hl	81	18	8343	海岭	48
hl	81	18	8344	海流	48
hl	81	18	8345	海陆	48
hl	81	18	8347	海轮	48
hl	81	18	8487	寒流	48
hl	81	18	8775	何来	48
hl	81	18	8788	贺龙	48
hl	81	18	8981	红利	48
hl	81	18	9607	回流	48
hl	81	18	9694	互联	48
hl	81	18	8774	赫拉	49
hl	81	18	8785	喝令	49
hl	81	18	8823	横梁	49
hl	81	18	8983	红脸	49
hl	81	18	8987	轰隆	49
hl	81	18	9219	华里	49
hl	81	18	9222	滑落	49
hl	81	18	9609	回路	49
hl	81	18	9693	湖里	49
hl	81	18	9811	火炉	49
hl	81	18	8346	海路	50
hl	81	18	8446	航路	50
hl	81	18	8740	黑脸	50
hl	81	18	8824	桁梁	50
hl	81	18	9077	厚礼	50
hl	81	18	9214	哗啦	50
hl	81	18	9221	滑溜	50
hl	81	18	9702	呼噜	50
hlb	2	3	9704	胡萝卜	44
hlb	2	3	8985	洪凌波	46
hlbs	1	0	9705	胡萝卜素	48
hld	1	0	8777	荷兰队	48
hle	1	0	8485	韩林儿	49
hlg	1	0	9401	欢乐谷	50
hlh	2	3	9301	黄莲湖	47
hlh	2	3	8783	合理化	50
hlht	1	0	9698	糊里糊涂	50
hlj	2	3	8741	黑龙江	40
hlj	2	3	9606	回老家	47
hljs	1	0	8742	黑龙江省	43
hll	6	7	8790	何鲁丽	46
hll	6	7	8789	贺龙来	47
hll	6	7	8784	核力量	49
hll	6	7	8988	轰隆隆	50
hll	6	7	9216	哗啦啦	50
hll	6	7	9806	火辣辣	50
hlm	2	3	8990	红楼梦	46
hlm	2	3	9699	胡黎明	47
hlq	1	0	8341	海老清	50
hlr	1	0	8778	荷兰人	46
hls	4	6	9215	华莱士	48
hls	4	6	8779	贺兰山	50
hls	4	6	9306	黄绿色	50
hls	4	6	9695	胡连生	50
hlw	2	3	9696	互联网	39
hlw	2	3	8587	好莱坞	47
hlwl	1	0	9697	互联网络	49
hlx	2	3	8787	合理性	48
hlx	2	3	9298	黄老邪	50
hlxf	1	0	8791	赫鲁晓夫	47
hly	3	4	8486	翰林院	42
hly	3	4	9700	护理液	48
hly	3	4	8348	海洛因	50
hm	45	15	8593	毫米	34
hm	45	15	9080	后面	35
hm	45	15	8447	航母	40
hm	45	15	9403	缓慢	40
hm	45	15	8349	海面	41
hm	45	15	8589	号码	41
hm	45	15	9224	画面	41
hm	45	15	9314	荒漠	42
hm	45	15	9613	毁灭	42
hm	45	15	9309	慌忙	43
hm	45	15	9708	湖面	43
hm	45	15	9730	昏迷	44
hm	45	15	9226	花木	45
hm	45	15	9313	荒谬	45
hm	45	15	9707	虎门	45
hm	45	15	9079	后门	46
hm	45	15	8404	蛤蟆	47
hm	45	15	8405	哈密	47
hm	45	15	8590	豪迈	47
hm	45	15	8792	荷马	47
hm	45	15	9223	华美	47
hm	45	15	9307	皇马	47
hm	45	15	9612	会面	47
hm	45	15	8350	海绵	48
hm	45	15	8489	汉墓	48
hm	45	15	8591	毫毛	48
hm	45	15	8743	黑马	48
hm	45	15	8795	河面	48
hm	45	15	8797	和睦	48
hm	45	15	8991	红梅	48
hm	45	15	9225	化名	48
hm	45	15	9815	活命	48
hm	45	15	8592	豪门	49
hm	45	15	8794	何门	49
hm	45	15	8796	合谋	49
hm	45	15	8993	轰鸣	49
hm	45	15	8994	红木	49
hm	45	15	9308	黄麻	49
hm	45	15	9615	回民	49
hm	45	15	9812	活埋	49
hm	45	15	9813	豁免	49
hm	45	15	8488	汉末	50
hm	45	15	8793	褐煤	50
hm	45	15	9616	惠民	50
hm	45	15	9814	火苗	50
hmbx	1	0	9731	昏迷不醒	50
hmd	1	0	8744	黑名单	50
hml	2	3	9227	花木兰	46
hml	2	3	8490	韩木林	49
hms	2	3	9312	黄明生	47
hms	2	3	9310	黄眉僧	50
hmx	2	3	9614	毁灭性	46
hmx	2	3	9311	黄梅县	47
hmz	1	0	8992	红苗正	49
hn	20	12	8798	河南	35
hn	20	12	9709	湖南	36
hn	20	12	8351	海南	41
hn	20	12	9191	淮南	41
hn	20	12	9229	华南	43
hn	20	12	9712	胡闹	44
hn	20	12	9192	怀念	45
hn	20	12	8356	海宁	47
hn	20	12	8806	河内	47
hn	20	12	8807	核能	47
hn	20	12	9315	黄牛	47
hn	20	12	9388	花鸟	47
hn	20	12	8995	红娘	48
hn	20	12	9404	患难	48
hn	20	12	8354	海内	49
hn	20	12	8840	和暖	50
hn	20	12	9081	后脑	50
hn	20	12	9082	候鸟	50
hn	20	12	9725	虎年	50
hn	20	12	9733	糊弄	50
hnd	1	0	8352	海南岛	44
hnf	1	0	8492	韩宁夫	47
hnq	1	0	8491	汉南区	44
hnr	1	0	8799	河南人	49
hns	4	6	9711	湖南省	39
hns	4	6	8800	河南省	40
hns	4	6	8353	海南省	44
hns	4	6	8838	很难说	47
hnt	1	0	9732	混凝土	41
hnw	2	3	8355	海内外	43
hnw	2	3	8493	汉诺威	49
hnx	1	0	9405	化脓性	50
hnz	2	3	8470	哈尼族	43
hnz	2	3	8996	红娘子	43
hp	28	13	8846	和平	33
hp	28	13	8357	害怕	36
hp	28	13	9875	湖泊	36
hp	28	13	9816	火炮	39
hp	28	13	9317	黄陂	40
hp	28	13	9818	活泼	42
hp	28	13	8594	好评	44
hp	28	13	9617	汇票	44
hp	28	13	8845	河畔	46
hp	28	13	8358	海盆	47
hp	28	13	9316	黄牌	47
hp	28	13	9441	画派	47
hp	28	13	9320	黄埔	48
hp	28	13	9443	滑坡	48
hp	28	13	9445	花圃	48
hp	28	13	9618	惠普	48
hp	28	13	9734	婚配	48
hp	28	13	9872	湖畔	48
hp	28	13	9876	琥珀	48
hp	28	13	8997	红牌	49
hp	28	13	9442	花瓶	49
hp	28	13	9444	划破	49
hp	28	13	9735	魂魄	49
hp	28	13	9873	湖盆	49
hp	28	13	8998	红袍	50
hp	28	13	9318	荒僻	50
hp	28	13	9817	火盆	50
hp	28	13	9874	虎皮	50
hpgc	1	0	8847	和平共处	47
hpj	1	0	9321	黄浦江	49
hpjx	1	0	9322	黄埔军校	47
hpm	1	0	8359	海平面	48
hpq	1	0	9319	黄陂区	47
hpz	1	0	9819	霍婆子	48
hq	37	14	9620	回去	34
hq	37	14	8448	行情	36
hq	37	14	9083	后期	37
hq	37	14	9084	后勤	40
hq	37	14	9825	获取	40
hq	37	14	8999	红旗	41
hq	37	14	9000	红墙	41
hq	37	14	9324	皇权	41
hq	37	14	9447	华侨	41
hq	37	14	9446	花钱	42
hq	37	14	8595	好奇	43
hq	37	14	9406	唤起	44
hq	37	14	9409	环球	44
hq	37	14	9820	火器	44
hq	37	14	9880	湖区	44
hq	37	14	8361	海区	45
hq	37	14	9410	换取	45
hq	37	14	8494	寒气	46
hq	37	14	8598	豪强	46
hq	37	14	9407	欢庆	47
hq	37	14	9619	晦气	47
hq	37	14	9822	火枪	47
hq	37	14	8596	好气	48
hq	37	14	9821	火气	48
hq	37	14	8597	豪气	49
hq	37	14	8852	合群	49
hq	37	14	9085	后秦	49
hq	37	14	9736	婚前	49
hq	37	14	9824	火球	49
hq	37	14	8360	海气	50
hq	37	14	8599	豪情	50
hq	37	14	8638	哈欠	50
hq	37	14	8848	何其	50
hq	37	14	8851	和亲	50
hq	37	14	9323	黄芪	50
hq	37	14	9408	还清	50
hq	37	14	9448	划清	50
hqf	1	0	9878	胡青风	50
hqg	1	0	9001	洪七公	41
hqm	1	0	9877	胡乔木	49
hqn	1	0	9879	胡青牛	47
hqq	1	0	8745	黑漆漆	50
hqsd	1	0	8849	荷枪实弹	46
hqt	2	3	8850	核潜艇	41
hqt	2	3	9823	霍青桐	43
hqx	1	0	8600	好奇心	46
hr	30	14	9881	忽然	33
hr	30	14	8495	汉人	39
hr	30	14	8746	黑人	41
hr	30	14	9086	后人	41
hr	30	14	9449	华人	41
hr	30	14	9412	环绕	42
hr	30	14	9193	坏人	43
hr	30	14	8601	好人	44
hr	30	14	8853	赫然	44
hr	30	14	8855	何人	44
hr	30	14	9828	活人	44
hr	30	14	8365	海瑞	45
hr	30	14	9087	后任	45
hr	30	14	9454	华瑞	45
hr	30	14	9827	火热	45
hr	30	14	8362	骇然	46
hr	30	14	8363	害人	46
hr	30	14	9002	轰然	46
hr	30	14	9450	华容	46
hr	30	14	9621	汇入	46
hr	30	14	9882	胡人	46
hr	30	14	8858	何如	47
hr	30	14	9325	恍然	47
hr	30	14	9737	混入	47
hr	30	14	9004	红润	48
hr	30	14	9413	换人	48
hr	30	14	9453	划入	48
hr	30	14	9826	豁然	48
hr	30	14	8857	何日	49
hr	30	14	9003	红壤	49
hrdw	1	0	9326	恍然大悟	45
hrj	1	0	9327	黄蓉见	50
hrl	2	3	8856	贺人龙	47
hrl	2	3	8854	核燃料	49
hrq	1	0	9451	华容区	47
hrtw	1	0	8364	骇人听闻	47
hrx	2	3	9452	华容县	42
hrx	2	3	9328	黄蓉笑	47
hry	1	0	8603	好容易	45
hryx	1	0	9411	焕然一新	43
hrz	1	0	8602	好日子	47
hs	127	19	8369	还是	32
hs	127	19	9334	皇上	32
hs	127	19	9005	红色	35
hs	127	19	8839	很少	36
hs	127	19	8861	和尚	36
hs	127	19	8366	海上	37
hs	127	19	8500	函数	37
hs	127	19	9335	黄石	37
hs	127	19	9838	或是	37
hs	127	19	8747	黑色	38
hs	127	19	8863	合适	38
hs	127	19	9329	黄色	38
hs	127	19	9623	会上	38
hs	127	19	8371	海水	39
hs	127	19	9457	华山	39
hs	127	19	9462	化石	39
hs	127	19	9831	火山	39
hs	127	19	8605	好生	40
hs	127	19	8607	好事	40
hs	127	19	9012	洪水	40
hs	127	19	9629	回事	40
hs	127	19	9738	浑身	40
hs	127	19	9887	忽视	40
hs	127	19	9006	洪山	41
hs	127	19	9091	后世	41
hs	127	19	9460	花生	41
hs	127	19	9622	灰色	41
hs	127	19	9634	挥手	41
hs	127	19	9835	火烧	41
hs	127	19	9886	呼声	41
hs	127	19	8372	害死	42
hs	127	19	8502	汉水	42
hs	127	19	8826	恒山	42
hs	127	19	8864	何时	42
hs	127	19	8871	河水	42
hs	127	19	9008	红烧	42
hs	127	19	9336	皇室	42
hs	127	19	9836	获胜	42
hs	127	19	9892	湖水	42
hs	127	19	8497	喊声	43
hs	127	19	9194	坏事	43
hs	127	19	9415	换上	43
hs	127	19	9625	回身	43
hs	127	19	9829	活塞	43
hs	127	19	9888	护士	43
hs	127	19	9893	胡说	43
hs	127	19	8449	航速	44
hs	127	19	8503	汗水	44
hs	127	19	8825	横扫	44
hs	127	19	8827	衡山	44
hs	127	19	8859	褐色	44
hs	127	19	8865	何事	44
hs	127	19	9011	红薯	44
hs	127	19	9195	槐树	44
hs	127	19	9330	黄沙	44
hs	127	19	9331	黄山	44
hs	127	19	9630	会试	44
hs	127	19	9635	回收	44
hs	127	19	9896	护送	44
hs	127	19	8367	海参	45
hs	127	19	8501	汉书	45
hs	127	19	8609	好手	45
hs	127	19	8612	好似	45
hs	127	19	9332	荒山	45
hs	127	19	9333	黄鳝	45
hs	127	19	9455	花色	45
hs	127	19	9627	回升	45
hs	127	19	9631	会师	45
hs	127	19	9739	婚事	45
hs	127	19	8606	毫升	46
hs	127	19	8866	核实	46
hs	127	19	8867	合十	46
hs	127	19	8872	喝水	46
hs	127	19	8874	核算	46
hs	127	19	9089	后生	46
hs	127	19	9092	后市	46
hs	127	19	9456	华沙	46
hs	127	19	9458	花山	46
hs	127	19	9626	会审	46
hs	127	19	9844	火速	46
hs	127	19	9883	虎山	46
hs	127	19	8868	河势	47
hs	127	19	8869	核试	47
hs	127	19	9088	后山	47
hs	127	19	9090	吼声	47
hs	127	19	9196	坏死	47
hs	127	19	9459	化身	47
hs	127	19	9628	回声	47
hs	127	19	9636	回首	47
hs	127	19	9889	胡适	47
hs	127	19	8498	鼾声	48
hs	127	19	8611	豪爽	48
hs	127	19	8748	黑纱	48
hs	127	19	8828	横竖	48
hs	127	19	8860	和善	48
hs	127	19	8875	核酸	48
hs	127	19	9416	患上	48
hs	127	19	9624	毁伤	48
hs	127	19	9839	获释	48
hs	127	19	9884	湖上	48
hs	127	19	9885	护身	48
hs	127	19	8604	好色	49
hs	127	19	8610	好受	49
hs	127	19	8751	黑水	49
hs	127	19	8862	和声	49
hs	127	19	9093	厚实	49
hs	127	19	9339	黄水	49
hs	127	19	9414	涣散	49
hs	127	19	9418	还手	49
hs	127	19	9419	换算	49
hs	127	19	9632	辉石	49
hs	127	19	9633	回师	49
hs	127	19	9740	昏睡	49
hs	127	19	9840	伙食	49
hs	127	19	9841	祸事	49
hs	127	19	9842	火势	49
hs	127	19	8368	海神	50
hs	127	19	8370	海事	50
hs	127	19	8504	寒酸	50
hs	127	19	8608	好使	50
hs	127	19	8749	黑山	50
hs	127	19	8873	核素	50
hs	127	19	9094	后事	50
hs	127	19	9464	划算	50
hs	127	19	9830	货色	50
hs	127	19	9843	火石	50
hs	127	19	9890	沪市	50
hsbd	1	0	9894	胡说八道	43
hsd	3	4	9461	华盛顿	41
hsd	3	4	9463	划时代	48
hsd	3	4	9832	火山岛	50
hsdd	1	0	9891	虎视眈眈	50
hsgq	1	0	9337	黄石港区	47
hsh	2	3	8750	黑社会	48
hsh	2	3	9009	洪胜海	48
hsj	1	0	9014	红四军	50
hsk	2	3	8639	哈萨克	45
hsk	2	3	9833	火山口	48
hskz	1	0	8640	哈萨克族	45
hsl	5	6	9341	黄松龄	44
hsl	5	6	8499	汉施路	47
hsl	5	6	8496	含沙量	48
hsl	5	6	9013	红树林	49
hsl	5	6	9340	黄鼠狼	49
hsld	1	0	9417	欢声雷动	48
hslx	1	0	9895	胡思乱想	47
hsq	1	0	9007	洪山区	35
hss	2	3	9338	黄石市	38
hss	2	3	9837	活生生	46
hsy	2	3	8870	核试验	44
hsy	2	3	9834	火山岩	49
hszh	1	0	9010	红十字会	49
ht	56	16	8884	合同	36
ht	56	16	9641	回头	36
ht	56	16	9467	话题	39
ht	56	16	9637	会谈	39
ht	56	16	9897	胡同	39
ht	56	16	8450	航天	40
ht	56	16	9349	黄土	41
ht	56	16	9900	糊涂	41
ht	56	16	8879	核桃	42
ht	56	16	9639	会同	42
ht	56	16	9104	后退	43
ht	56	16	8373	海滩	44
ht	56	16	8752	黑陶	44
ht	56	16	9016	红土	44
ht	56	16	9345	荒唐	44
ht	56	16	8829	亨特	45
ht	56	16	8877	和谈	45
ht	56	16	9098	后天	45
ht	56	16	9100	猴头	45
ht	56	16	9901	胡涂	45
ht	56	16	8613	好听	46
ht	56	16	9015	红糖	46
ht	56	16	9095	后台	46
ht	56	16	9101	后头	46
ht	56	16	9102	喉头	46
ht	56	16	8506	汉唐	47
ht	56	16	8878	河滩	47
ht	56	16	8886	河头	47
ht	56	16	9096	后唐	47
ht	56	16	9097	后堂	47
ht	56	16	9465	花坛	47
ht	56	16	9469	花厅	47
ht	56	16	9638	灰陶	47
ht	56	16	9898	互通	47
ht	56	16	8374	海棠	48
ht	56	16	8375	孩童	48
ht	56	16	8376	海豚	48
ht	56	16	8880	河套	48
ht	56	16	8881	合体	48
ht	56	16	8882	和田	48
ht	56	16	9470	话筒	48
ht	56	16	8614	号筒	49
ht	56	16	9471	话头	49
ht	56	16	9640	会通	49
ht	56	16	9846	火腿	49
ht	56	16	8455	夯土	50
ht	56	16	8753	黑体	50
ht	56	16	9017	烘托	50
ht	56	16	9105	后腿	50
ht	56	16	9346	皇天	50
ht	56	16	9348	黄铜	50
ht	56	16	9420	欢腾	50
ht	56	16	9466	化痰	50
ht	56	16	9741	馄饨	50
ht	56	16	9845	火头	50
ht	56	16	9899	虎头	50
htb	1	0	9197	怀塔布	49
htc	2	3	9847	火腿肠	46
htc	2	3	8876	何太冲	47
htf	1	0	8885	合同法	50
htfj	1	0	8451	航天飞机	46
htg	3	4	9103	猴头菇	47
htg	3	4	9350	黄土岗	47
htg	3	4	9468	花铁干	47
htgy	1	0	9351	黄土高原	47
hth	2	3	9342	皇太后	41
hth	2	3	9099	侯通海	49
htj	2	3	9343	皇太极	42
htj	2	3	9347	黄庭坚	43
htq	1	0	8452	航天器	46
hts	1	0	8883	何惕守	50
htt	1	0	8505	韩太太	45
htxd	1	0	9421	欢天喜地	50
hty	1	0	8453	航天员	49
htz	2	3	8454	杭天醉	42
htz	2	3	9344	皇太子	46
hw	41	15	8377	海外	37
hw	41	15	8617	毫无	38
hw	41	15	9848	货物	40
hw	41	15	8378	海湾	42
hw	41	15	9020	宏伟	42
hw	41	15	9356	皇位	42
hw	41	15	8510	汉文	43
hw	41	15	9018	红外	43
hw	41	15	9022	洪武	43
hw	41	15	9472	化为	43
hw	41	15	9645	挥舞	43
hw	41	15	9646	会晤	43
hw	41	15	9903	护卫	43
hw	41	15	8508	捍卫	44
hw	41	15	9108	后卫	44
hw	41	15	8888	河网	45
hw	41	15	9473	华为	45
hw	41	15	9474	花纹	45
hw	41	15	8887	河湾	46
hw	41	15	9109	后魏	46
hw	41	15	9904	互为	46
hw	41	15	8507	汉王	47
hw	41	15	8893	喝问	47
hw	41	15	9106	猴王	47
hw	41	15	9902	户外	47
hw	41	15	8615	好玩	48
hw	41	15	8889	合为	48
hw	41	15	8890	何为	48
hw	41	15	8891	合围	48
hw	41	15	9357	荒芜	48
hw	41	15	8509	汉魏	49
hw	41	15	8830	横卧	49
hw	41	15	8895	何物	49
hw	41	15	9642	回味	49
hw	41	15	9644	汇文	49
hw	41	15	8754	黑雾	50
hw	41	15	8892	何谓	50
hw	41	15	8894	和文	50
hw	41	15	8896	核武	50
hw	41	15	9107	厚望	50
hw	41	15	9422	换位	50
hwb	1	0	9021	红卫兵	46
hwd	1	0	8511	汉武帝	44
hwf	1	0	9354	黄瓦飞	45
hwj	3	4	9905	护卫舰	43
hwj	3	4	8512	寒武纪	49
hwj	3	4	8616	好望角	50
hwl	1	0	8897	核物理	49
hwn	1	0	8641	哈瓦那	50
hwq	1	0	8898	核武器	39
hwwq	1	0	9643	回味无穷	46
hwx	1	0	9019	红外线	48
hwyt	1	0	9742	混为一谈	50
hwyw	1	0	8618	毫无疑问	44
hwz	1	0	9355	黄瓦朱	47
hwzz	1	0	8379	海湾战争	47
hx	82	18	8620	好像	34
hx	82	18	9483	化学	34
hx	82	18	8904	核心	35
hx	82	18	9909	互相	35
hx	82	18	8459	航线	37
hx	82	18	9906	呼吸	37
hx	82	18	8380	海峡	39
hx	82	18	8902	和谐	39
hx	82	18	9477	画像	39
hx	82	18	9855	或许	39
hx	82	18	8461	航行	40
hx	82	18	9423	欢喜	40
hx	82	18	9475	华夏	40
hx	82	18	8621	好象	41
hx	82	18	8832	恒星	41
hx	82	18	8841	很小	41
hx	82	18	9426	幻想	41
hx	82	18	9849	获悉	42
hx	82	18	9655	回旋	43
hx	82	18	8899	河西	44
hx	82	18	8903	河蟹	44
hx	82	18	9476	化纤	44
hx	82	18	9648	回想	44
hx	82	18	9852	活性	44
hx	82	18	9853	火星	44
hx	82	18	9907	湖西	44
hx	82	18	9912	呼啸	44
hx	82	18	9914	弧形	44
hx	82	18	8514	含笑	45
hx	82	18	8624	好些	45
hx	82	18	8831	横向	45
hx	82	18	8901	和县	45
hx	82	18	9110	后续	45
hx	82	18	9647	麾下	45
hx	82	18	9743	混淆	45
hx	82	18	8517	含蓄	46
hx	82	18	8833	横行	46
hx	82	18	9484	滑雪	46
hx	82	18	9649	回乡	46
hx	82	18	9915	胡须	46
hx	82	18	8385	害羞	47
hx	82	18	8518	寒暄	47
hx	82	18	8842	狠心	47
hx	82	18	8905	合兴	47
hx	82	18	9429	唤醒	47
hx	82	18	9430	环形	47
hx	82	18	9653	彗星	47
hx	82	18	8381	海鲜	48
hx	82	18	8383	海啸	48
hx	82	18	8384	海信	48
hx	82	18	8460	航向	48
hx	82	18	8516	韩信	48
hx	82	18	8519	汉学	48
hx	82	18	8625	好心	48
hx	82	18	8755	黑熊	48
hx	82	18	9023	红霞	48
hx	82	18	9424	换下	48
hx	82	18	9428	欢心	48
hx	82	18	9431	缓刑	48
hx	82	18	9480	滑行	48
hx	82	18	9481	花序	48
hx	82	18	9650	诙谐	48
hx	82	18	8619	好戏	49
hx	82	18	8622	好笑	49
hx	82	18	9024	红线	49
hx	82	18	9027	红星	49
hx	82	18	9028	红袖	49
hx	82	18	9111	候选	49
hx	82	18	9425	环线	49
hx	82	18	9427	欢笑	49
hx	82	18	9478	花香	49
hx	82	18	9479	滑翔	49
hx	82	18	9482	花絮	49
hx	82	18	9651	回信	49
hx	82	18	9850	火线	49
hx	82	18	8900	贺喜	50
hx	82	18	9025	哄笑	50
hx	82	18	9358	黄兴	50
hx	82	18	9652	灰心	50
hx	82	18	9851	活像	50
hx	82	18	9856	活血	50
hx	82	18	9908	弧线	50
hxb	1	0	9026	红细胞	45
hxc	1	0	8513	韩先楚	47
hxd	1	0	9913	呼吸道	46
hxfy	1	0	9485	化学反应	45
hxgy	1	0	9486	化学工业	45
hxj	1	0	9487	化学家	45
hxp	1	0	9488	化学品	50
hxq	1	0	9029	洪秀全	48
hxr	1	0	9112	候选人	36
hxrl	1	0	9854	活性染料	47
hxs	2	3	9910	胡贤生	47
hxs	2	3	9911	胡先生	50
hxt	2	3	8520	韩雪亭	49
hxt	2	3	8382	海香亭	50
hxwq	1	0	9489	化学武器	49
hxx	1	0	8623	好消息	47
hxxz	1	0	9490	化学性质	48
hxy	2	3	8906	何心隐	46
hxy	2	3	8515	韩小莹	48
hxys	1	0	9491	化学元素	47
hxzl	1	0	8907	河西走廊	47
hxzr	1	0	9744	混血种人	49
hxzy	1	0	9654	回心转意	49
hy	106	19	9657	会议	28
hy	106	19	8395	还有	30
hy	106	19	8462	行业	33
hy	106	19	8391	还要	34
hy	106	19	9433	欢迎	35
hy	106	19	8388	海洋	36
hy	106	19	8533	含有	37
hy	106	19	9745	婚姻	37
hy	106	19	8761	黑鱼	38
hy	106	19	9198	怀疑	38
hy	106	19	8463	航运	39
hy	106	19	8536	汉语	39
hy	106	19	9859	活跃	39
hy	106	19	8396	海域	40
hy	106	19	8528	含义	40
hy	106	19	8911	何以	40
hy	106	19	9499	花园	40
hy	106	19	9658	回忆	40
hy	106	19	9667	会员	40
hy	106	19	9925	呼吁	40
hy	106	19	8522	汉阳	41
hy	106	19	8923	和约	42
hy	106	19	9114	后裔	42
hy	106	19	9201	怀孕	42
hy	106	19	9437	还原	42
hy	106	19	9857	火焰	42
hy	106	19	9858	火药	42
hy	106	19	8757	黑夜	43
hy	106	19	8909	荷叶	43
hy	106	19	8398	海运	44
hy	106	19	8529	寒意	44
hy	106	19	8758	黑衣	44
hy	106	19	9361	皇爷	44
hy	106	19	9366	鳇鱼	44
hy	106	19	9493	花样	44
hy	106	19	9662	回应	44
hy	106	19	9747	婚育	44
hy	106	19	8630	好友	45
hy	106	19	8759	黑影	45
hy	106	19	8912	合一	45
hy	106	19	8916	合营	45
hy	106	19	9032	弘扬	45
hy	106	19	9118	后院	45
hy	106	19	9497	话音	45
hy	106	19	9498	话语	45
hy	106	19	9860	货运	45
hy	106	19	9916	呼延	45
hy	106	19	8530	含意	46
hy	106	19	8532	汉英	46
hy	106	19	8917	合影	46
hy	106	19	8919	何用	46
hy	106	19	9030	红眼	46
hy	106	19	9367	黄原	46
hy	106	19	9435	患有	46
hy	106	19	9492	化验	46
hy	106	19	9495	划一	46
hy	106	19	9659	会意	46
hy	106	19	9665	回游	46
hy	106	19	9922	呼应	46
hy	106	19	8921	河鱼	47
hy	106	19	8922	河源	47
hy	106	19	9034	红晕	47
hy	106	19	9200	怀有	47
hy	106	19	9359	谎言	47
hy	106	19	9368	荒原	47
hy	106	19	9663	辉映	47
hy	106	19	9923	忽悠	47
hy	106	19	8627	好意	48
hy	106	19	8834	衡阳	48
hy	106	19	8924	合约	48
hy	106	19	9033	红衣	48
hy	106	19	9115	后移	48
hy	106	19	9434	幻影	48
hy	106	19	9496	华裔	48
hy	106	19	9661	回音	48
hy	106	19	9921	狐疑	48
hy	106	19	9924	护佑	48
hy	106	19	8386	海牙	49
hy	106	19	8387	海盐	49
hy	106	19	8392	骇异	49
hy	106	19	8521	旱烟	49
hy	106	19	8531	涵义	49
hy	106	19	8537	韩愈	49
hy	106	19	8631	好运	49
hy	106	19	8913	和议	49
hy	106	19	8914	合宜	49
hy	106	19	9113	后腰	49
hy	106	19	9199	淮阴	49
hy	106	19	9362	荒野	49
hy	106	19	9436	欢娱	49
hy	106	19	9656	灰岩	49
hy	106	19	9746	昏庸	49
hy	106	19	8393	海印	50
hy	106	19	8394	海鹰	50
hy	106	19	8397	海员	50
hy	106	19	8523	涵养	50
hy	106	19	8534	罕有	50
hy	106	19	8535	含油	50
hy	106	19	8538	韩语	50
hy	106	19	8908	合眼	50
hy	106	19	8920	合用	50
hy	106	19	9031	红颜	50
hy	106	19	9119	后缘	50
hy	106	19	9500	画院	50
hy	106	19	9666	洄游	50
hy	106	19	9748	昏晕	50
hyb	4	6	9363	黄一彪	46
hyb	4	6	9116	侯义斌	47
hyb	4	6	9919	胡耀邦	47
hyb	4	6	8628	郝一标	49
hyc	1	0	8915	贺一诚	47
hyf	1	0	8524	汉阳府	44
hyg	1	0	9668	会员国	49
hyh	2	3	8910	何晔晖	47
hyh	2	3	8925	何月华	49
hyj	1	0	8525	汉阳军	47
hyl	3	4	9917	胡杨林	46
hyl	3	4	9660	回忆录	47
hyl	3	4	9861	货运量	50
hyly	1	0	9918	胡言乱语	48
hyq	3	4	8526	汉阳区	44
hyq	3	4	8918	何应钦	44
hyq	3	4	8626	郝摇旗	45
hyqy	1	0	9494	花言巧语	50
hys	4	6	9360	黄药师	41
hys	4	6	9664	会议室	43
hys	4	6	9365	黄永胜	46
hys	4	6	8629	好意思	50
hysw	1	0	8389	海洋生物	49
hyt	1	0	8527	汉阳铁	50
hyx	2	3	9920	胡雅歆	47
hyx	2	3	8390	海洋性	50
hyy	4	6	9364	黄依依	41
hyy	4	6	9369	黄月英	47
hyy	4	6	8756	黑压压	48
hyy	4	6	8760	黑黝黝	49
hyz	2	3	9117	后遗症	49
hyz	2	3	9432	换言之	49
hz	103	19	8401	孩子	30
hz	103	19	9864	或者	30
hz	103	19	8946	合作	31
hz	103	19	9438	患者	36
hz	103	19	8465	杭州	37
hz	103	19	9121	后者	37
hz	103	19	8399	海藻	38
hz	103	19	8543	汉子	38
hz	103	19	8546	汉族	38
hz	103	19	9678	回族	38
hz	103	19	8634	号召	39
hz	103	19	9375	黄州	39
hz	103	19	9671	会长	39
hz	103	19	9204	怀中	40
hz	103	19	9506	华中	40
hz	103	19	9865	活着	40
hz	103	19	9931	胡子	40
hz	103	19	8541	汉中	41
hz	103	19	8544	汉字	42
hz	103	19	8635	好转	42
hz	103	19	8937	合资	42
hz	103	19	9203	怀着	42
hz	103	19	9036	轰炸	43
hz	103	19	8926	何在	44
hz	103	19	8938	盒子	44
hz	103	19	9126	猴子	44
hz	103	19	9381	皇族	44
hz	103	19	9669	会战	44
hz	103	19	9672	绘制	44
hz	103	19	9750	混战	44
hz	103	19	9862	火灾	44
hz	103	19	9930	互助	44
hz	103	19	8400	海战	45
hz	103	19	8464	行长	45
hz	103	19	8927	合葬	45
hz	103	19	8934	何种	45
hz	103	19	9123	厚重	45
hz	103	19	9378	皇子	45
hz	103	19	9870	获准	45
hz	103	19	9871	活捉	45
hz	103	19	8636	耗资	46
hz	103	19	8929	菏泽	46
hz	103	19	9125	后主	46
hz	103	19	9508	化妆	46
hz	103	19	9673	会址	46
hz	103	19	9676	回转	46
hz	103	19	9749	混杂	46
hz	103	19	9928	湖中	46
hz	103	19	8637	耗子	47
hz	103	19	8843	很早	47
hz	103	19	8932	何者	47
hz	103	19	8936	核准	47
hz	103	19	8939	河子	47
hz	103	19	8945	喝醉	47
hz	103	19	9038	弘治	47
hz	103	19	9039	红肿	47
hz	103	19	9370	慌张	47
hz	103	19	9371	黄纸	47
hz	103	19	9439	换装	47
hz	103	19	9674	徽州	47
hz	103	19	9926	护照	47
hz	103	19	9929	湖州	47
hz	103	19	8542	汗珠	48
hz	103	19	8762	黑子	48
hz	103	19	8844	狠抓	48
hz	103	19	8933	何止	48
hz	103	19	8935	合著	48
hz	103	19	9124	后周	48
hz	103	19	9440	环状	48
hz	103	19	9501	画展	48
hz	103	19	9512	化作	48
hz	103	19	9670	会展	48
hz	103	19	9677	汇总	48
hz	103	19	9753	浑浊	48
hz	103	19	8539	旱灾	49
hz	103	19	8632	豪宅	49
hz	103	19	8633	好战	49
hz	103	19	8930	何曾	49
hz	103	19	8943	合奏	49
hz	103	19	9035	红枣	49
hz	103	19	9122	后肢	49
hz	103	19	9373	黄忠	49
hz	103	19	9379	幌子	49
hz	103	19	9504	华筝	49
hz	103	19	9509	化装	49
hz	103	19	9511	化子	49
hz	103	19	9754	混浊	49
hz	103	19	9869	火种	49
hz	103	19	8402	海子	50
hz	103	19	8540	寒战	50
hz	103	19	8931	合掌	50
hz	103	19	8940	赫兹	50
hz	103	19	9040	红烛	50
hz	103	19	9127	后座	50
hz	103	19	9202	坏账	50
hz	103	19	9502	花招	50
hz	103	19	9503	划着	50
hz	103	19	9675	惠州	50
hz	103	19	9751	混账	50
hz	103	19	9752	混帐	50
hz	103	19	9863	火葬	50
hz	103	19	9868	获知	50
hz	103	19	9927	湖沼	50
hzc	1	0	9376	黄州菜	47
hzd	1	0	8944	何足道	49
hzdq	1	0	9507	华中地区	46
hzf	1	0	9505	花正芳	48
hzfw	1	0	9934	胡作非为	49
hzg	2	3	9932	胡自皋	46
hzg	2	3	9374	黄钟公	50
hzh	1	0	8947	合作化	49
hzj	1	0	9037	轰炸机	42
hzjs	1	0	9866	货真价实	50
hzm	1	0	8928	合葬墓	46
hzp	1	0	9510	化妆品	44
hzq	2	3	8545	韩子奇	42
hzq	2	3	9377	黄州区	47
hzqy	1	0	8941	合资企业	50
hzr	1	0	8466	杭州人	50
hzs	3	4	9867	或者说	42
hzs	3	4	8948	合作社	45
hzs	3	4	8467	杭州市	49
hzw	1	0	8468	杭州湾	50
hzx	3	4	9380	黄宗羲	39
hzx	3	4	9933	胡宗宪	45
hzx	3	4	9120	侯张信	47
hzz	2	3	9372	黄知真	47
hzz	2	3	8942	贺子珍	49
ja	8	8	10395	骄傲	42
ja	8	8	10084	激昂	44
ja	8	8	10026	建安	46
ja	8	8	10027	煎熬	47
ja	8	8	10085	江岸	49
ja	8	8	11145	近岸	49
ja	8	8	10022	吉安	50
ja	8	8	11202	敬爱	50
jaq	1	0	10086	江岸区	44
jb	77	17	10704	基本	29
jb	77	17	10715	疾病	35
jb	77	17	11158	进步	35
jb	77	17	12040	具备	35
jb	77	17	12038	举办	36
jb	77	17	10398	脚步	38
jb	77	17	10712	即便	38
jb	77	17	12047	局部	38
jb	77	17	10696	击败	39
jb	77	17	10028	肩膀	40
jb	77	17	10087	江北	40
jb	77	17	10716	几步	40
jb	77	17	12063	绝不	40
jb	77	17	10029	兼备	41
jb	77	17	10397	脚本	41
jb	77	17	10714	级别	41
jb	77	17	11148	紧闭	41
jb	77	17	10032	兼并	42
jb	77	17	12042	剧本	42
jb	77	17	12064	决不	42
jb	77	17	9935	加班	43
jb	77	17	9936	甲板	43
jb	77	17	11785	酒杯	43
jb	77	17	9941	嘉宾	44
jb	77	17	10031	鉴别	44
jb	77	17	11154	进兵	44
jb	77	17	11208	精兵	44
jb	77	17	12039	举报	44
jb	77	17	10396	搅拌	45
jb	77	17	10717	基部	45
jb	77	17	10792	洁白	45
jb	77	17	10798	戒备	45
jb	77	17	11157	金箔	45
jb	77	17	12164	军备	45
jb	77	17	9939	加倍	46
jb	77	17	10030	简便	46
jb	77	17	10697	几百	46
jb	77	17	11205	警报	46
jb	77	17	11210	颈部	46
jb	77	17	11783	酒吧	46
jb	77	17	10089	江边	47
jb	77	17	10701	几杯	47
jb	77	17	10702	脊背	47
jb	77	17	10711	击毙	47
jb	77	17	10713	几遍	47
jb	77	17	11159	禁捕	47
jb	77	17	11784	酒保	47
jb	77	17	12166	军部	47
jb	77	17	9940	驾崩	48
jb	77	17	10088	奖杯	48
jb	77	17	10718	缉捕	48
jb	77	17	11149	进逼	48
jb	77	17	11155	金兵	48
jb	77	17	11207	警备	48
jb	77	17	11786	救兵	48
jb	77	17	12041	举杯	48
jb	77	17	9937	假扮	49
jb	77	17	10703	几倍	49
jb	77	17	10794	结伴	49
jb	77	17	10796	解宝	49
jb	77	17	10800	结冰	49
jb	77	17	11150	金币	49
jb	77	17	11151	金边	49
jb	77	17	11206	京报	49
jb	77	17	11788	旧部	49
jb	77	17	12043	剧变	49
jb	77	17	12045	举兵	49
jb	77	17	12062	绝壁	49
jb	77	17	12163	军报	49
jb	77	17	10033	坚冰	50
jb	77	17	10695	几把	50
jb	77	17	10719	几部	50
jb	77	17	10793	结拜	50
jb	77	17	10797	捷报	50
jb	77	17	11787	久病	50
jb	77	17	12044	巨变	50
jb	77	17	12048	拘捕	50
jbbw	1	0	11147	津巴布韦	47
jbd	1	0	10090	江波渡	47
jbdr	1	0	10034	见不得人	49
jbf	1	0	10705	基本法	48
jbg	1	0	10706	基本功	50
jbgz	1	0	10707	基本工资	46
jbh	2	3	12065	决不会	45
jbh	2	3	11156	金炳华	47
jbhh	1	0	11153	金碧辉煌	45
jbj	1	0	10698	几百斤	46
jbjd	1	0	9938	加班加点	50
jbjs	1	0	10708	基本建设	46
jbm	1	0	10709	基本面	48
jbn	2	3	12066	决不能	42
jbn	2	3	10699	几百年	43
jbq	2	3	11211	经不起	48
jbq	2	3	10720	记不清	50
jbqj	1	0	11209	精兵强将	49
jbr	1	0	10795	接班人	47
jbs	3	4	10710	基本上	37
jbs	3	4	11152	锦标赛	42
jbs	3	4	10399	脚步声	43
jbsy	1	0	10799	戒备森严	48
jbw	1	0	10700	几百万	50
jbx	1	0	12046	聚丙烯	50
jbz	2	3	11160	禁不住	43
jbz	2	3	12165	军兵种	48
jc	104	19	10739	基础	30
jc	104	19	10052	坚持	32
jc	104	19	10727	机场	33
jc	104	19	11215	经常	33
jc	104	19	10038	检查	34
jc	104	19	10050	建成	34
jc	104	19	10051	简称	36
jc	104	19	10804	接触	36
jc	104	19	10039	检察	37
jc	104	19	10731	继承	37
jc	104	19	10750	几次	37
jc	104	19	11164	进程	37
jc	104	19	12067	决策	37
jc	104	19	10723	基层	38
jc	104	19	11212	精彩	38
jc	104	19	11218	京城	38
jc	104	19	11213	警察	39
jc	104	19	10036	检测	40
jc	104	19	10040	监察	40
jc	104	19	10400	教材	40
jc	104	19	10801	阶层	40
jc	104	19	10805	杰出	40
jc	104	19	11165	进城	40
jc	104	19	11797	就此	40
jc	104	19	10037	监测	41
jc	104	19	10802	结成	41
jc	104	19	10806	解除	41
jc	104	19	11169	进出	41
jc	104	19	12054	据此	41
jc	104	19	10035	建材	42
jc	104	19	10092	奖惩	42
jc	104	19	10401	较差	42
jc	104	19	10402	交叉	42
jc	104	19	10732	集成	42
jc	104	19	12055	举措	42
jc	104	19	10407	交错	43
jc	104	19	11791	纠缠	43
jc	104	19	12049	剧场	43
jc	104	19	10054	舰船	44
jc	104	19	10404	轿车	44
jc	104	19	10725	级差	44
jc	104	19	10745	机床	44
jc	104	19	12167	君臣	44
jc	104	19	9951	家畜	45
jc	104	19	10044	减产	45
jc	104	19	10406	交出	45
jc	104	19	10722	计策	45
jc	104	19	10753	急促	45
jc	104	19	11796	救出	45
jc	104	19	12069	觉察	45
jc	104	19	9943	家产	46
jc	104	19	10049	奸臣	46
jc	104	19	10093	江城	46
jc	104	19	10729	机车	46
jc	104	19	10737	疾驰	46
jc	104	19	10740	几处	46
jc	104	19	10741	挤出	46
jc	104	19	11170	近处	46
jc	104	19	11214	惊诧	46
jc	104	19	11792	旧城	46
jc	104	19	11794	九尺	46
jc	104	19	12050	据称	46
jc	104	19	12052	举出	46
jc	104	19	9948	驾车	47
jc	104	19	10094	僵持	47
jc	104	19	10724	几层	47
jc	104	19	10730	击沉	47
jc	104	19	12051	锯齿	47
jc	104	19	9944	家常	48
jc	104	19	10055	渐次	48
jc	104	19	10721	机舱	48
jc	104	19	10742	击出	48
jc	104	19	10754	寄存	48
jc	104	19	11166	近程	48
jc	104	19	11174	紧凑	48
jc	104	19	11219	颈椎	48
jc	104	19	11789	酒菜	48
jc	104	19	11795	九重	48
jc	104	19	9949	加成	49
jc	104	19	9952	家传	49
jc	104	19	9953	甲醇	49
jc	104	19	10091	将才	49
jc	104	19	10726	稽查	49
jc	104	19	10728	几场	49
jc	104	19	10738	急驰	49
jc	104	19	10744	击穿	49
jc	104	19	10751	讥刺	49
jc	104	19	10803	劫持	49
jc	104	19	11162	进场	49
jc	104	19	11167	金城	49
jc	104	19	11168	矜持	49
jc	104	19	11790	韭菜	49
jc	104	19	11793	九成	49
jc	104	19	9942	夹层	50
jc	104	19	9950	甲虫	50
jc	104	19	9954	架次	50
jc	104	19	10405	教程	50
jc	104	19	10743	积储	50
jc	104	19	10807	结出	50
jc	104	19	10808	揭穿	50
jc	104	19	11163	金昌	50
jc	104	19	11171	金川	50
jc	104	19	11217	警车	50
jc	104	19	12053	据传	50
jcbf	1	0	9945	家常便饭	49
jcbx	1	0	10053	坚持不懈	48
jcc	1	0	10752	急匆匆	48
jcd	1	0	10403	交叉点	48
jcdl	1	0	10733	集成电路	44
jcg	2	3	10041	检察官	48
jcg	2	3	10042	监察官	49
jch	1	0	10043	检查和	50
jcj	1	0	11161	晋察冀	49
jcjh	1	0	10809	借此机会	50
jcjy	1	0	10746	基础教育	48
jck	1	0	11172	进出口	41
jcll	1	0	10747	基础理论	50
jcq	1	0	10734	继承权	50
jcr	1	0	10735	继承人	45
jcs	1	0	9946	钾长石	46
jcss	1	0	10748	基础设施	50
jcx	3	4	9947	贾朝轩	44
jcx	3	4	11216	经常性	47
jcx	3	4	10749	基础性	49
jcy	4	6	10045	检察院	33
jcy	4	6	11173	仅次于	38
jcy	4	6	10046	检察员	47
jcy	4	6	10047	监察院	49
jcz	3	4	10048	检察长	35
jcz	3	4	12068	决策者	48
jcz	3	4	10736	继承者	50
jd	128	19	12073	决定	27
jd	128	19	12072	觉得	30
jd	128	19	10767	基地	31
jd	128	19	10824	阶段	32
jd	128	19	12169	军队	32
jd	128	19	10056	简单	33
jd	128	19	10058	见到	33
jd	128	19	10070	监督	33
jd	128	19	12056	巨大	33
jd	128	19	10408	较大	34
jd	128	19	10097	降低	35
jd	128	19	12078	绝对	35
jd	128	19	10418	角度	36
jd	128	19	10755	极大	36
jd	128	19	10814	街道	36
jd	128	19	10765	记得	37
jd	128	19	10779	激动	37
jd	128	19	11175	近代	37
jd	128	19	9955	加大	38
jd	128	19	10784	季度	38
jd	128	19	10811	接待	38
jd	128	19	11226	景点	38
jd	128	19	11227	经典	38
jd	128	19	11799	酒店	38
jd	128	19	10075	舰队	39
jd	128	19	10788	极端	39
jd	128	19	9959	假定	40
jd	128	19	10065	坚定	40
jd	128	19	10066	鉴定	40
jd	128	19	10760	鸡蛋	40
jd	128	19	10780	机动	40
jd	128	19	10815	接到	40
jd	128	19	11184	金殿	40
jd	128	19	10415	焦点	41
jd	128	19	11231	精度	41
jd	128	19	12058	举动	41
jd	128	19	10071	建都	42
jd	128	19	10410	交代	42
jd	128	19	10770	机电	42
jd	128	19	10810	解答	42
jd	128	19	11183	禁地	42
jd	128	19	9958	家电	43
jd	128	19	10059	剪刀	43
jd	128	19	10412	教导	43
jd	128	19	10785	极度	43
jd	128	19	10822	解读	43
jd	128	19	11176	金代	43
jd	128	19	11224	境地	43
jd	128	19	11229	惊动	43
jd	128	19	12060	居多	43
jd	128	19	10061	见得	44
jd	128	19	10062	歼敌	44
jd	128	19	10064	间谍	44
jd	128	19	10812	借贷	44
jd	128	19	10818	节点	44
jd	128	19	11186	筋斗	44
jd	128	19	11228	静电	44
jd	128	19	11230	荆东	44
jd	128	19	12059	剧毒	44
jd	128	19	9956	家当	45
jd	128	19	10072	间断	45
jd	128	19	10095	降到	45
jd	128	19	10099	江东	45
jd	128	19	10411	交待	45
jd	128	19	10771	几点	45
jd	128	19	10786	嫉妒	45
jd	128	19	10823	解毒	45
jd	128	19	11187	进度	45
jd	128	19	11802	就读	45
jd	128	19	12074	绝顶	45
jd	128	19	12077	决断	45
jd	128	19	9960	家丁	46
jd	128	19	10073	尖端	46
jd	128	19	10074	简短	46
jd	128	19	10098	江底	46
jd	128	19	10101	江段	46
jd	128	19	10761	忌惮	46
jd	128	19	10762	激荡	46
jd	128	19	10763	几道	46
jd	128	19	10768	极地	46
jd	128	19	10772	极点	46
jd	128	19	10778	既定	46
jd	128	19	10819	界定	46
jd	128	19	10825	截断	46
jd	128	19	11177	晋代	46
jd	128	19	11221	粳稻	46
jd	128	19	11232	京都	46
jd	128	19	10060	尖刀	47
jd	128	19	10096	江道	47
jd	128	19	10787	基督	47
jd	128	19	11188	禁毒	47
jd	128	19	11225	劲敌	47
jd	128	19	11798	九大	47
jd	128	19	12057	据点	47
jd	128	19	9961	嘉定	48
jd	128	19	10413	交到	48
jd	128	19	10756	击打	48
jd	128	19	10758	几代	48
jd	128	19	10773	祭奠	48
jd	128	19	10817	接地	48
jd	128	19	11220	惊呆	48
jd	128	19	9957	驾到	49
jd	128	19	10057	建党	49
jd	128	19	10063	减低	49
jd	128	19	10100	江都	49
jd	128	19	10414	脚底	49
jd	128	19	10757	吉达	49
jd	128	19	10766	基德	49
jd	128	19	10769	基底	49
jd	128	19	10777	基调	49
jd	128	19	10816	戒刀	49
jd	128	19	11182	今德	49
jd	128	19	11189	锦缎	49
jd	128	19	11800	九点	49
jd	128	19	11801	九鼎	49
jd	128	19	12025	倦怠	49
jd	128	19	12076	决斗	49
jd	128	19	12168	均等	49
jd	128	19	10067	尖顶	50
jd	128	19	10409	交大	50
jd	128	19	10416	胶东	50
jd	128	19	10759	亟待	50
jd	128	19	10764	击倒	50
jd	128	19	10774	积淀	50
jd	128	19	10775	基点	50
jd	128	19	10821	解冻	50
jd	128	19	11179	金丹	50
jd	128	19	11185	金蝶	50
jdbf	1	0	12070	绝大部分	41
jdby	1	0	10068	坚定不移	47
jdc	1	0	10781	机动车	45
jdds	1	0	12071	绝大多数	40
jdh	1	0	10069	鉴定会	47
jdj	1	0	10789	基督教	38
jdjt	1	0	10790	基督教徒	49
jdl	1	0	10417	角动量	50
jdq	3	4	10077	监督权	44
jdq	3	4	11222	经得起	47
jdq	3	4	10776	继电器	50
jdr	1	0	10813	接待日	47
jdrx	1	0	10782	激动人心	50
jds	2	3	10827	节度使	39
jds	2	3	11178	近代史	46
jdsg	1	0	10076	见多识广	49
jdx	4	6	12075	决定性	42
jdx	4	6	10783	机动性	45
jdx	4	6	10826	阶段性	48
jdx	4	6	11180	金刀绣	49
jdz	2	3	11223	景德镇	49
jdz	2	3	11181	金大中	50
jdzz	1	0	10820	结缔组织	49
je	11	10	11190	金额	40
je	11	10	11194	进而	40
je	11	10	10791	饥饿	43
je	11	10	11195	今儿	43
je	11	10	12061	巨额	43
je	11	10	10925	继而	44
je	11	10	11196	劲儿	45
je	11	10	10419	焦耳	47
je	11	10	10828	姐儿	48
je	11	10	11233	惊愕	49
je	11	10	10926	基尔	50
jeg	1	0	11197	今儿个	47
jegd	1	0	9962	加尔各答	50
jejz	1	0	11803	久而久之	47
jels	1	0	10829	接二连三	49
jez	1	0	10103	姜恩柱	46
jf	52	16	10831	解放	35
jf	52	16	12170	军阀	38
jf	52	16	10078	剑法	39
jf	52	16	11237	经费	39
jf	52	16	11002	激发	40
jf	52	16	12172	军方	40
jf	52	16	11010	几分	41
jf	52	16	11804	纠纷	41
jf	52	16	10424	交付	42
jf	52	16	11011	积分	42
jf	52	16	11019	肌肤	42
jf	52	16	10423	交锋	43
jf	52	16	11236	警方	43
jf	52	16	12173	军费	43
jf	52	16	10081	减肥	44
jf	52	16	11198	进发	44
jf	52	16	12125	巨幅	44
jf	52	16	10079	见方	45
jf	52	16	10830	揭发	45
jf	52	16	10832	街坊	45
jf	52	16	10843	姐夫	45
jf	52	16	11003	技法	45
jf	52	16	11013	季风	45
jf	52	16	12079	绝非	45
jf	52	16	10083	肩负	46
jf	52	16	10420	教法	46
jf	52	16	11020	极富	46
jf	52	16	11200	进犯	46
jf	52	16	12080	决非	46
jf	52	16	11006	己方	47
jf	52	16	11238	劲风	47
jf	52	16	11239	荆府	47
jf	52	16	10082	剑锋	48
jf	52	16	11014	讥讽	48
jf	52	16	11015	疾风	48
jf	52	16	11021	基辅	48
jf	52	16	12124	飓风	48
jf	52	16	9963	家父	49
jf	52	16	10080	建房	49
jf	52	16	10422	剿匪	49
jf	52	16	10425	轿夫	49
jf	52	16	11004	继发	49
jf	52	16	11005	几番	49
jf	52	16	11007	机房	49
jf	52	16	11199	金发	49
jf	52	16	11201	今番	49
jf	52	16	12171	军法	49
jf	52	16	12175	军服	49
jf	52	16	10105	降幅	50
jf	52	16	10421	教坊	50
jf	52	16	10842	接风	50
jf	52	16	11022	畿辅	50
jfb	1	0	11012	积分榜	49
jfgy	1	0	10833	解放公园	47
jfh	1	0	10834	解放后	44
jfj	1	0	10835	解放军	36
jfjb	1	0	10836	解放军报	50
jfl	1	0	10837	解放路	44
jfq	3	4	10839	解放区	40
jfq	3	4	10838	解放前	48
jfq	3	4	12174	军分区	50
jfqh	1	0	11016	季风气候	41
jfsx	1	0	10840	解放思想	45
jft	1	0	11008	激发态	50
jfx	2	3	11017	季风性	47
jfx	2	3	11009	继发性	50
jfz	2	3	11018	几分钟	46
jfz	2	3	10104	蒋方舟	47
jfzz	1	0	10841	解放战争	41
jg	77	17	11031	机关	28
jg	77	17	11028	机构	29
jg	77	17	11253	经过	30
jg	77	17	9965	价格	31
jg	77	17	10846	结构	31
jg	77	17	10851	结果	31
jg	77	17	11024	几个	31
jg	77	17	11343	进攻	33
jg	77	17	11399	尽管	33
jg	77	17	9967	加工	35
jg	77	17	10186	建国	37
jg	77	17	10428	交给	37
jg	77	17	12179	军官	38
jg	77	17	10852	接过	39
jg	77	17	11244	景观	39
jg	77	17	11034	激光	40
jg	77	17	10183	监管	41
jg	77	17	11243	警告	41
jg	77	17	11344	进宫	42
jg	77	17	11810	救国	42
jg	77	17	10152	建工	43
jg	77	17	10180	兼顾	43
jg	77	17	10181	坚固	43
jg	77	17	11203	金刚	43
jg	77	17	11245	警官	43
jg	77	17	11805	九个	43
jg	77	17	12177	竣工	43
jg	77	17	10102	间隔	44
jg	77	17	10849	接管	44
jg	77	17	11027	技工	44
jg	77	17	11023	技改	45
jg	77	17	11240	竟敢	45
jg	77	17	11246	经管	45
jg	77	17	9972	架构	46
jg	77	17	10850	接轨	46
jg	77	17	11248	京广	46
jg	77	17	11402	金光	46
jg	77	17	12178	军工	46
jg	77	17	9968	夹攻	47
jg	77	17	9973	加固	47
jg	77	17	10430	脚跟	47
jg	77	17	10432	教官	47
jg	77	17	10845	借给	47
jg	77	17	11026	几根	47
jg	77	17	11249	精光	47
jg	77	17	11397	筋骨	47
jg	77	17	11400	金冠	47
jg	77	17	11806	纠葛	47
jg	77	17	10106	将官	48
jg	77	17	11234	紧跟	48
jg	77	17	11241	精干	48
jg	77	17	11345	进贡	48
jg	77	17	11398	禁锢	48
jg	77	17	11405	金国	48
jg	77	17	11406	晋国	48
jg	77	17	12128	鞠躬	48
jg	77	17	12176	军港	48
jg	77	17	9964	加盖	49
jg	77	17	9974	甲骨	49
jg	77	17	10107	浆果	49
jg	77	17	10153	建构	49
jg	77	17	10184	兼管	49
jg	77	17	10187	坚果	49
jg	77	17	10429	教给	49
jg	77	17	10844	秸秆	49
jg	77	17	10848	解雇	49
jg	77	17	11025	及格	49
jg	77	17	11032	籍贯	49
jg	77	17	11247	京官	49
jg	77	17	11401	进关	49
jg	77	17	10182	见怪	50
jg	77	17	10427	交割	50
jg	77	17	11029	击鼓	50
jg	77	17	11030	记挂	50
jg	77	17	11035	极光	50
jg	77	17	11807	九宫	50
jg	77	17	11809	酒馆	50
jgb	2	3	11033	机关报	49
jgb	2	3	11404	金箍棒	49
jgbm	1	0	10185	监管部门	49
jgbx	1	0	12126	居高不下	50
jgc	1	0	9969	加工厂	49
jgck	1	0	11346	仅供参考	43
jggb	1	0	11036	机关干部	49
jgj	1	0	9970	加工机	49
jgl	1	0	10431	焦公礼	49
jglx	1	0	12127	居高临下	48
jgq	1	0	11037	激光器	47
jgrc	1	0	11403	尽管如此	45
jgs	3	4	11242	井冈山	44
jgs	3	4	11204	金刚石	46
jgs	3	4	11808	九宫山	46
jgsj	1	0	10426	交感神经	49
jgt	1	0	11811	救国团	47
jgtl	1	0	11250	京广铁路	43
jgw	1	0	9975	甲骨文	45
jgx	2	3	11251	京广线	44
jgx	2	3	10847	结构性	48
jgy	1	0	9971	加工业	48
jgz	2	3	9966	价格战	49
jgz	2	3	11235	紧跟着	49
jgzx	1	0	11252	京广中心	49
jgzy	1	0	12180	军国主义	48
jh	89	18	11047	计划	29
jh	89	18	11046	几乎	32
jh	89	18	11055	机会	32
jh	89	18	10853	结合	33
jh	89	18	10441	交换	36
jh	89	18	10114	江湖	37
jh	89	18	10116	讲话	37
jh	89	18	10858	结婚	37
jh	89	18	11480	今后	37
jh	89	18	9978	家伙	39
jh	89	18	10109	江汉	39
jh	89	18	11040	集合	39
jh	89	18	11259	精华	39
jh	89	18	11041	几何	40
jh	89	18	10449	教会	41
jh	89	18	11056	集会	41
jh	89	18	11482	进化	41
jh	89	18	10118	江淮	42
jh	89	18	10225	简化	42
jh	89	18	11483	金花	42
jh	89	18	12133	聚会	42
jh	89	18	12181	均衡	42
jh	89	18	10112	江河	43
jh	89	18	11038	极好	43
jh	89	18	11257	惊呼	43
jh	89	18	11261	惊慌	43
jh	89	18	12130	聚合	43
jh	89	18	10224	监护	44
jh	89	18	10444	教皇	44
jh	89	18	11481	近乎	44
jh	89	18	12132	菊花	44
jh	89	18	10437	叫化	45
jh	89	18	10438	狡猾	45
jh	89	18	10450	交汇	45
jh	89	18	10453	交货	45
jh	89	18	11039	记号	45
jh	89	18	11048	激化	45
jh	89	18	11057	忌讳	45
jh	89	18	11255	京汉	45
jh	89	18	11260	净化	45
jh	89	18	11479	近海	45
jh	89	18	11486	金黄	45
jh	89	18	12182	军火	45
jh	89	18	9976	加害	46
jh	89	18	10108	江海	46
jh	89	18	10226	建华	46
jh	89	18	10433	叫喊	46
jh	89	18	10434	叫好	46
jh	89	18	10436	交互	46
jh	89	18	10445	焦黄	46
jh	89	18	10451	教诲	46
jh	89	18	11262	惊惶	46
jh	89	18	11264	精魂	46
jh	89	18	11813	救护	46
jh	89	18	9977	假话	47
jh	89	18	10117	僵化	47
jh	89	18	10442	叫唤	47
jh	89	18	10443	交还	47
jh	89	18	10454	缴获	47
jh	89	18	10854	结核	47
jh	89	18	11061	激活	47
jh	89	18	11254	惊骇	47
jh	89	18	11484	金华	47
jh	89	18	11814	酒壶	47
jh	89	18	10223	建行	48
jh	89	18	10227	减缓	48
jh	89	18	10439	教化	48
jh	89	18	10452	交会	48
jh	89	18	10857	节后	48
jh	89	18	11049	极化	48
jh	89	18	11051	疾患	48
jh	89	18	11052	饥荒	48
jh	89	18	11812	酒后	48
jh	89	18	11817	救火	48
jh	89	18	9979	假货	49
jh	89	18	10228	间或	49
jh	89	18	10855	界河	49
jh	89	18	11058	击毁	49
jh	89	18	11059	几回	49
jh	89	18	11258	京沪	49
jh	89	18	11816	酒会	49
jh	89	18	11818	救活	49
jh	89	18	11819	旧货	49
jh	89	18	12129	句号	49
jh	89	18	10115	江户	50
jh	89	18	10435	骄横	50
jh	89	18	10440	脚踝	50
jh	89	18	10859	截获	50
jh	89	18	11265	惊魂	50
jhb	1	0	10856	结合部	46
jhc	1	0	11815	救护车	48
jhj	1	0	10446	交换机	49
jhjj	1	0	11050	计划经济	46
jhjz	1	0	10447	交换价值	48
jhl	2	3	11485	进化论	48
jhl	2	3	11042	集合论	49
jhpy	1	0	10110	江汉平原	38
jhq	1	0	10111	江汉区	47
jhr	1	0	10229	监护人	48
jhs	3	4	11045	季后赛	43
jhs	3	4	11487	金黄色	45
jhs	3	4	11054	计划数	49
jhsc	1	0	11263	惊慌失措	48
jhsy	1	0	11053	计划生育	40
jht	1	0	11043	集合体	50
jhtl	1	0	11266	京沪铁路	50
jhw	1	0	12131	聚合物	47
jhx	2	3	11044	几何学	45
jhx	2	3	10113	蒋红星	47
jhyh	1	0	11256	京杭运河	49
jhz	2	3	10455	交货值	47
jhz	2	3	10448	叫化子	49
jhzy	1	0	11060	机会主义	48
jj	173	21	11267	经济	26
jj	173	21	10884	解决	31
jj	173	21	11062	积极	32
jj	173	21	10133	将军	34
jj	173	21	10860	阶级	35
jj	173	21	10231	渐渐	36
jj	173	21	10877	接近	36
jj	173	21	11087	几句	36
jj	173	21	11512	仅仅	36
jj	173	21	11826	究竟	36
jj	173	21	12143	拒绝	36
jj	173	21	12188	军警	36
jj	173	21	10237	简介	37
jj	173	21	10250	坚决	37
jj	173	21	10872	姐姐	37
jj	173	21	11070	即将	37
jj	173	21	11074	季节	37
jj	173	21	11078	基金	37
jj	173	21	11498	紧急	37
jj	173	21	9996	嘉靖	38
jj	173	21	11513	紧紧	38
jj	173	21	10131	讲究	39
jj	173	21	11279	境界	39
jj	173	21	12134	聚集	39
jj	173	21	10233	尖椒	40
jj	173	21	9993	加紧	41
jj	173	21	10128	奖金	41
jj	173	21	10238	间接	41
jj	173	21	11274	荆江	41
jj	173	21	11517	进军	41
jj	173	21	12186	军舰	41
jj	173	21	9998	家具	42
jj	173	21	9999	加剧	42
jj	173	21	10239	见解	42
jj	173	21	10456	焦急	42
jj	173	21	10866	借鉴	42
jj	173	21	10867	接见	42
jj	173	21	10878	结晶	42
jj	173	21	10883	结局	42
jj	173	21	11075	集结	42
jj	173	21	11088	急剧	42
jj	173	21	11304	京剧	42
jj	173	21	11824	九江	42
jj	173	21	12081	决计	42
jj	173	21	10120	降价	43
jj	173	21	10462	交界	43
jj	173	21	11064	几家	43
jj	173	21	11072	计较	43
jj	173	21	11081	寂静	43
jj	173	21	11082	几经	43
jj	173	21	11514	进京	43
jj	173	21	11820	救济	43
jj	173	21	11823	九间	43
jj	173	21	12141	聚居	43
jj	173	21	9997	家境	44
jj	173	21	10129	将近	44
jj	173	21	10234	建交	44
jj	173	21	10243	监禁	44
jj	173	21	10246	艰巨	44
jj	173	21	11065	几件	44
jj	173	21	11276	惊叫	44
jj	173	21	11280	警戒	44
jj	173	21	11822	酒家	44
jj	173	21	11827	酒精	44
jj	173	21	11831	舅舅	44
jj	173	21	12082	绝技	44
jj	173	21	9980	夹击	45
jj	173	21	10124	讲解	45
jj	173	21	10235	尖叫	45
jj	173	21	10247	检举	45
jj	173	21	10869	结交	45
jj	173	21	10882	解救	45
jj	173	21	11063	唧唧	45
jj	173	21	11268	竞技	45
jj	173	21	11499	禁忌	45
jj	173	21	11518	禁军	45
jj	173	21	11832	久久	45
jj	173	21	12184	军机	45
jj	173	21	9984	家家	46
jj	173	21	10132	僵局	46
jj	173	21	10232	见见	46
jj	173	21	10240	简洁	46
jj	173	21	10244	渐近	46
jj	173	21	10463	交接	46
jj	173	21	10465	交警	46
jj	173	21	11085	急救	46
jj	173	21	11089	积聚	46
jj	173	21	11306	警觉	46
jj	173	21	12085	倔强	46
jj	173	21	12138	聚焦	46
jj	173	21	12144	咀嚼	46
jj	173	21	12185	军纪	46
jj	173	21	9981	甲基	47
jj	173	21	9982	甲级	47
jj	173	21	9988	家教	47
jj	173	21	10861	借机	47
jj	173	21	10879	洁净	47
jj	173	21	11079	激进	47
jj	173	21	11273	精简	47
jj	173	21	11284	静静	47
jj	173	21	11294	敬酒	47
jj	173	21	11305	惊惧	47
jj	173	21	11307	精绝	47
jj	173	21	11500	晋级	47
jj	173	21	11509	近郊	47
jj	173	21	11825	就近	47
jj	173	21	12086	绝境	47
jj	173	21	9990	假借	48
jj	173	21	9991	佳节	48
jj	173	21	10001	家眷	48
jj	173	21	10119	降级	48
jj	173	21	10248	间距	48
jj	173	21	10251	建军	48
jj	173	21	10457	交际	48
jj	173	21	10868	节俭	48
jj	173	21	10880	捷径	48
jj	173	21	11066	基建	48
jj	173	21	11083	机警	48
jj	173	21	11269	荆棘	48
jj	173	21	11308	惊觉	48
jj	173	21	11501	金鸡	48
jj	173	21	11504	进谏	48
jj	173	21	11505	晋见	48
jj	173	21	11507	锦江	48
jj	173	21	11821	纠集	48
jj	173	21	12083	绝迹	48
jj	173	21	12135	狙击	48
jj	173	21	12137	举荐	48
jj	173	21	12142	句句	48
jj	173	21	9987	嘉奖	49
jj	173	21	9992	嫁接	49
jj	173	21	9994	加进	49
jj	173	21	10000	家居	49
jj	173	21	10123	讲讲	49
jj	173	21	10125	疆界	49
jj	173	21	10230	奸计	49
jj	173	21	10249	兼具	49
jj	173	21	10458	交集	49
jj	173	21	10862	截击	49
jj	173	21	10863	接济	49
jj	173	21	10873	结节	49
jj	173	21	11067	纪检	49
jj	173	21	11090	集聚	49
jj	173	21	11270	经纪	49
jj	173	21	11271	经籍	49
jj	173	21	11502	进击	49
jj	173	21	11508	金奖	49
jj	173	21	12139	拘谨	49
jj	173	21	9983	佳绩	50
jj	173	21	9985	加价	50
jj	173	21	9989	夹角	50
jj	173	21	9995	加劲	50
jj	173	21	10126	降解	50
jj	173	21	10236	见教	50
jj	173	21	10245	渐进	50
jj	173	21	10459	脚尖	50
jj	173	21	10460	矫健	50
jj	173	21	10864	结集	50
jj	173	21	10865	接驾	50
jj	173	21	11068	击剑	50
jj	173	21	11069	几间	50
jj	173	21	11080	几近	50
jj	173	21	11272	京畿	50
jj	173	21	11277	京郊	50
jj	173	21	11309	惊厥	50
jj	173	21	11503	金价	50
jj	173	21	11506	觐见	50
jj	173	21	11828	久经	50
jj	173	21	11833	救救	50
jj	173	21	12084	绝佳	50
jj	173	21	12087	绝经	50
jj	173	21	12088	绝句	50
jj	173	21	12136	举家	50
jjb	1	0	11275	经江波	47
jjbb	1	0	10874	结结巴巴	48
jjbt	1	0	10875	节节败退	48
jjbx	1	0	11295	经久不息	49
jjc	4	6	10122	蒋家冲	44
jjc	4	6	10464	交界处	44
jjc	4	6	10121	江家岔	47
jjc	4	6	12187	军机处	49
jjd	4	6	11286	静静地	42
jjd	4	6	11278	经济带	46
jjd	4	6	11285	静静的	49
jjd	4	6	11829	酒精灯	49
jjdz	1	0	10871	阶级斗争	41
jjf	1	0	11281	经济法	50
jjg	1	0	10130	蒋经国	50
jjh	1	0	11084	基金会	43
jjhh	1	0	9986	家家户户	49
jjj	1	0	10242	歼击机	46
jjjc	1	0	11282	经济基础	46
jjl	1	0	11283	经济林	45
jjly	1	0	11511	晋冀鲁豫	48
jjmm	1	0	11077	急急忙忙	49
jjq	1	0	11288	经济区	50
jjql	1	0	10881	竭尽全力	48
jjr	2	3	11289	经纪人	45
jjr	2	3	10870	节假日	47
jjs	5	6	10127	蒋介石	37
jjs	5	6	11830	旧金山	47
jjs	5	6	11519	金俊山	49
jjs	5	6	11291	经济史	50
jjs	5	6	12140	狙击手	50
jjsh	1	0	11290	经济社会	44
jjss	1	0	10876	结结实实	50
jjtl	1	0	11296	京九铁路	46
jjtq	1	0	11292	经济特区	39
jjtz	1	0	11293	经济体制	44
jjw	1	0	11520	金俊武	46
jjwj	1	0	11298	经济危机	49
jjx	5	6	11301	经济学	39
jjx	5	6	11086	积极性	40
jjx	5	6	11300	经济型	45
jjx	5	6	11297	京九线	46
jjx	5	6	11076	季节性	47
jjxj	2	3	10241	间接选举	42
jjxj	2	3	11302	经济学家	42
jjxy	1	0	11299	经济效益	41
jjyw	1	0	11515	津津有味	49
jjyy	1	0	11287	兢兢业业	50
jjz	4	6	11510	紧接着	43
jjz	4	6	11073	季家嘴	47
jjz	4	6	10461	佼佼者	49
jjz	4	6	11071	纪检组	49
jjzt	1	0	11516	紧急状态	43
jjzw	1	0	11303	经济作物	42
jk	38	15	10252	健康	34
jk	38	15	10003	加快	36
jk	38	15	11523	进口	36
jk	38	15	11524	尽快	39
jk	38	15	10889	借口	40
jk	38	15	10255	艰苦	41
jk	38	15	10885	解开	41
jk	38	15	10886	揭开	41
jk	38	15	11091	即可	41
jk	38	15	10890	接口	42
jk	38	15	10887	捷克	43
jk	38	15	10891	借款	43
jk	38	15	10254	监控	44
jk	38	15	11096	几口	44
jk	38	15	12026	捐款	44
jk	38	15	11092	即刻	45
jk	38	15	11098	几块	45
jk	38	15	11310	惊恐	45
jk	38	15	11312	井口	45
jk	38	15	11099	击溃	46
jk	38	15	10134	讲课	47
jk	38	15	11097	疾苦	47
jk	38	15	11313	境况	47
jk	38	15	10253	建康	48
jk	38	15	11093	几颗	48
jk	38	15	11525	近况	48
jk	38	15	10466	校勘	49
jk	38	15	10468	叫苦	49
jk	38	15	10892	解困	49
jk	38	15	11311	净空	49
jk	38	15	11521	紧靠	49
jk	38	15	11526	金矿	49
jk	38	15	12089	决口	49
jk	38	15	10002	架空	50
jk	38	15	10135	江口	50
jk	38	15	11094	饥渴	50
jk	38	15	11095	几棵	50
jk	38	15	12145	巨款	50
jkcy	1	0	10256	艰苦创业	50
jkfd	1	0	10257	艰苦奋斗	45
jkn	1	0	11522	尽可能	41
jks	1	0	10467	教科书	44
jkx	1	0	10888	杰克逊	49
jl	109	19	10258	建立	29
jl	109	19	11527	进来	33
jl	109	19	10006	家里	34
jl	109	19	10474	交流	35
jl	109	19	11314	经历	35
jl	109	19	12148	距离	35
jl	109	19	10140	江陵	36
jl	109	19	11122	记录	36
jl	109	19	10136	将来	37
jl	109	19	10141	将领	37
jl	109	19	11101	积累	37
jl	109	19	11114	激烈	37
jl	109	19	11315	经理	37
jl	109	19	10901	结论	38
jl	109	19	11533	尽量	38
jl	109	19	10469	教练	39
jl	109	19	10259	简历	40
jl	109	19	10900	揭露	40
jl	109	19	11100	极了	40
jl	109	19	11123	纪录	40
jl	109	19	11127	纪律	40
jl	109	19	11316	精力	40
jl	109	19	11528	近来	40
jl	109	19	10137	奖励	41
jl	109	19	10260	监利	41
jl	109	19	10894	竭力	41
jl	109	19	10897	接连	41
jl	109	19	11103	激励	41
jl	109	19	12152	剧烈	41
jl	109	19	10470	较量	42
jl	109	19	10479	角落	42
jl	109	19	11104	极力	42
jl	109	19	11529	尽力	42
jl	109	19	10145	降落	43
jl	109	19	10480	焦虑	43
jl	109	19	11119	急流	43
jl	109	19	11537	金轮	43
jl	109	19	10139	降临	44
jl	109	19	10899	界岭	44
jl	109	19	11105	机理	44
jl	109	19	11108	计量	44
jl	109	19	11109	剂量	44
jl	109	19	11120	激流	44
jl	109	19	11125	击落	44
jl	109	19	11324	径流	44
jl	109	19	11530	劲力	44
jl	109	19	11838	酒楼	44
jl	109	19	10264	简陋	45
jl	109	19	11106	吉利	45
jl	109	19	11535	金陵	45
jl	109	19	11536	禁令	45
jl	109	19	10144	江流	46
jl	109	19	11116	即令	46
jl	109	19	11320	竟陵	46
jl	109	19	11326	痉挛	46
jl	109	19	11327	经络	46
jl	109	19	11532	金莲	46
jl	109	19	12149	举例	46
jl	109	19	12189	军力	46
jl	109	19	10142	将令	47
jl	109	19	10266	简略	47
jl	109	19	10902	戒律	47
jl	109	19	11110	季梁	47
jl	109	19	11117	机灵	47
jl	109	19	11128	几率	47
jl	109	19	11319	精良	47
jl	109	19	11329	经略	47
jl	109	19	11531	金利	47
jl	109	19	11539	金锣	47
jl	109	19	11837	九龙	47
jl	109	19	12153	拘留	47
jl	109	19	12191	军令	47
jl	109	19	10478	角楼	48
jl	109	19	10895	接力	48
jl	109	19	10896	借力	48
jl	109	19	10903	节律	48
jl	109	19	10904	劫掠	48
jl	109	19	11107	祭礼	48
jl	109	19	11317	敬礼	48
jl	109	19	11321	精灵	48
jl	109	19	12150	居里	48
jl	109	19	12154	居留	48
jl	109	19	12156	巨轮	48
jl	109	19	12157	聚落	48
jl	109	19	12190	军粮	48
jl	109	19	10262	简练	49
jl	109	19	10265	箭楼	49
jl	109	19	11102	几类	49
jl	109	19	11111	伎俩	49
jl	109	19	11112	脊梁	49
jl	109	19	11121	基隆	49
jl	109	19	11328	劲旅	49
jl	109	19	11835	酒量	49
jl	109	19	11836	久留	49
jl	109	19	12090	决裂	49
jl	109	19	12091	绝伦	49
jl	109	19	12146	巨浪	49
jl	109	19	12151	聚敛	49
jl	109	19	12193	军旅	49
jl	109	19	10007	加里	50
jl	109	19	10009	驾临	50
jl	109	19	10261	尖利	50
jl	109	19	10893	借来	50
jl	109	19	11113	几两	50
jl	109	19	11124	辑录	50
jl	109	19	11318	精炼	50
jl	109	19	11534	近邻	50
jl	109	19	11834	酒类	50
jl	109	19	12155	巨龙	50
jlb	2	3	12147	俱乐部	39
jlb	2	3	10005	加勒比	48
jlbd	1	0	10898	接连不断	45
jlbh	1	0	10004	加勒比海	46
jld	1	0	10475	交流电	50
jlf	1	0	11538	金轮法	48
jlgl	1	0	11115	叽哩咕噜	50
jlh	1	0	10476	交流会	50
jlj	2	3	10471	教练机	46
jlj	2	3	10010	嘉陵江	50
jll	3	4	11325	径流量	42
jll	3	4	10138	蒋丽莉	44
jll	3	4	10008	伽利略	47
jlmg	1	0	11540	紧锣密鼓	50
jlp	1	0	11126	纪录片	48
jlr	3	4	11322	经理人	44
jlr	3	4	11323	净利润	44
jlr	3	4	10011	家里人	46
jls	3	4	11118	吉林省	45
jls	3	4	11541	金鲁生	46
jls	3	4	10146	降落伞	50
jlx	3	4	10143	江陵县	44
jlx	3	4	10263	监利县	44
jlx	3	4	10477	焦柳线	47
jly	1	0	10472	教练员	48
jlz	2	3	12192	军令状	48
jlz	2	3	10473	教练组	49
jm	72	17	12159	居民	33
jm	72	17	12158	局面	36
jm	72	17	10269	见面	38
jm	72	17	10912	节目	38
jm	72	17	11130	急忙	38
jm	72	17	11334	荆门	38
jm	72	17	11545	紧密	39
jm	72	17	12198	军民	39
jm	72	17	11333	精美	40
jm	72	17	12194	军马	40
jm	72	17	11332	经贸	41
jm	72	17	10148	江面	42
jm	72	17	10271	歼灭	42
jm	72	17	10906	姐妹	42
jm	72	17	11133	机密	42
jm	72	17	11140	寂寞	42
jm	72	17	11543	进门	42
jm	72	17	10014	家门	43
jm	72	17	10482	叫卖	43
jm	72	17	11134	羁縻	43
jm	72	17	11138	几名	43
jm	72	17	11330	静脉	43
jm	72	17	12161	剧目	43
jm	72	17	10015	加盟	44
jm	72	17	11331	经脉	44
jm	72	17	11336	精密	44
jm	72	17	11339	精明	44
jm	72	17	11841	救命	44
jm	72	17	10012	假冒	45
jm	72	17	10268	健美	45
jm	72	17	10908	结盟	45
jm	72	17	10910	界面	45
jm	72	17	11136	饥民	45
jm	72	17	11338	精妙	45
jm	72	17	10017	甲醚	46
jm	72	17	10020	家庙	46
jm	72	17	10270	减免	46
jm	72	17	10272	简明	46
jm	72	17	11142	极目	46
jm	72	17	11340	静默	46
jm	72	17	10483	剿灭	47
jm	72	17	10905	睫毛	47
jm	72	17	11135	吉米	47
jm	72	17	11839	久美	47
jm	72	17	12093	绝灭	47
jm	72	17	12195	骏马	47
jm	72	17	10273	缄默	48
jm	72	17	10485	角膜	48
jm	72	17	10911	截面	48
jm	72	17	11129	挤满	48
jm	72	17	11137	机敏	48
jm	72	17	11141	计谋	48
jm	72	17	11840	九门	48
jm	72	17	10018	加密	49
jm	72	17	10267	减慢	49
jm	72	17	10481	叫骂	49
jm	72	17	10484	教民	49
jm	72	17	10909	解密	49
jm	72	17	10913	揭幕	49
jm	72	17	11544	金门	49
jm	72	17	12092	绝妙	49
jm	72	17	12197	俊美	49
jm	72	17	10019	加冕	50
jm	72	17	10147	将门	50
jm	72	17	10487	酵母	50
jm	72	17	10907	解闷	50
jm	72	17	11131	鸡毛	50
jm	72	17	11139	鸡鸣	50
jm	72	17	11143	继母	50
jm	72	17	11337	镜面	50
jm	72	17	12162	举目	50
jm	72	17	12196	军帽	50
jmgj	1	0	10274	肩摩毂击	49
jmk	1	0	10016	家门口	47
jmq	1	0	12160	居民区	49
jms	2	3	11335	荆门市	39
jms	2	3	11542	金毛狮	50
jmsc	1	0	11132	集贸市场	49
jmwl	1	0	10013	假冒伪劣	50
jmy	2	3	10021	嘉木样	47
jmy	2	3	10486	角膜炎	50
jmze	1	0	11842	救命之恩	49
jn	28	13	11548	今年	32
jn	28	13	11342	境内	34
jn	28	13	10150	江南	35
jn	28	13	11488	几年	36
jn	28	13	11489	纪念	37
jn	28	13	10275	艰难	39
jn	28	13	11144	济南	40
jn	28	13	11192	技能	40
jn	28	13	11843	九年	41
jn	28	13	11193	机能	42
jn	28	13	11549	近年	43
jn	28	13	10488	缴纳	44
jn	28	13	10489	交纳	44
jn	28	13	10914	接纳	44
jn	28	13	11623	妓女	44
jn	28	13	11622	激怒	45
jn	28	13	10916	节能	46
jn	28	13	11490	纪年	46
jn	28	13	10023	加纳	47
jn	28	13	11546	津南	47
jn	28	13	10490	胶囊	48
jn	28	13	10024	戛纳	49
jn	28	13	10333	家奴	49
jn	28	13	10491	娇嫩	49
jn	28	13	11547	晋南	49
jn	28	13	10276	建宁	50
jn	28	13	10915	劫难	50
jn	28	13	12183	拘泥	50
jnb	1	0	11491	纪念碑	47
jnc	1	0	11550	今年初	50
jnd	1	0	10025	加拿大	38
jnf	1	0	11341	荆南府	47
jng	1	0	11492	纪念馆	43
jnl	1	0	11551	近年来	36
jnm	2	3	10149	江纳苗	44
jnm	2	3	11497	吉尼玛	47
jnp	1	0	11493	纪念品	45
jnr	1	0	11494	纪念日	47
jns	2	3	11146	济南市	47
jns	2	3	11495	纪念室	49
jnx	1	0	10151	江南西	47
jny	1	0	11191	几内亚	45
jnz	1	0	11496	纪念展	49
jp	35	14	11350	精品	39
jp	35	14	11552	金牌	41
jp	35	14	11678	机票	43
jp	35	14	10280	建平	44
jp	35	14	10494	交配	44
jp	35	14	10919	解剖	44
jp	35	14	11555	金平	44
jp	35	14	11557	紧迫	44
jp	35	14	10277	键盘	45
jp	35	14	10492	教派	45
jp	35	14	12247	惧怕	45
jp	35	14	11553	浸泡	46
jp	35	14	10278	舰炮	47
jp	35	14	10281	俭朴	47
jp	35	14	10593	加蓬	47
jp	35	14	11347	敬佩	47
jp	35	14	11844	九品	47
jp	35	14	11349	镜片	48
jp	35	14	11681	击破	48
jp	35	14	11682	吉普	48
jp	35	14	10154	奖牌	49
jp	35	14	10279	简朴	49
jp	35	14	10493	绞盘	49
jp	35	14	10496	胶片	49
jp	35	14	10917	节拍	49
jp	35	14	11348	精辟	49
jp	35	14	11559	金铺	49
jp	35	14	11560	津浦	49
jp	35	14	11672	窘迫	49
jp	35	14	11675	机炮	49
jp	35	14	11679	极品	49
jp	35	14	10918	揭批	50
jp	35	14	11677	几片	50
jp	35	14	11680	祭品	50
jp	35	14	11845	酒瓶	50
jpc	1	0	11683	吉普车	46
jpd	1	0	11676	吉佩定	47
jpg	1	0	11558	紧迫感	49
jplj	1	0	11554	筋疲力尽	50
jpm	1	0	11556	金瓶梅	47
jprw	1	0	10594	家破人亡	50
jpx	1	0	10920	解剖学	48
jpy	1	0	10495	交朋友	50
jpz	1	0	10282	柬埔寨	43
jq	82	18	11684	及其	31
jq	82	18	10598	加强	32
jq	82	18	11571	进去	35
jq	82	18	11685	机器	36
jq	82	18	11686	极其	38
jq	82	18	10292	健全	39
jq	82	18	11358	景区	39
jq	82	18	11692	技巧	39
jq	82	18	10290	减轻	40
jq	82	18	11360	精确	40
jq	82	18	11561	近期	40
jq	82	18	11694	激情	40
jq	82	18	12203	军区	40
jq	82	18	10284	坚强	41
jq	82	18	11355	精巧	41
jq	82	18	11563	金钱	41
jq	82	18	11569	进球	41
jq	82	18	11687	激起	41
jq	82	18	11690	机枪	41
jq	82	18	10155	江青	42
jq	82	18	11351	惊奇	42
jq	82	18	11572	禁区	42
jq	82	18	12094	崛起	42
jq	82	18	10156	讲求	43
jq	82	18	10500	郊区	43
jq	82	18	10595	假期	43
jq	82	18	10597	价钱	44
jq	82	18	11568	尽情	44
jq	82	18	12096	绝情	44
jq	82	18	10283	建起	45
jq	82	18	10596	架起	45
jq	82	18	11573	进取	45
jq	82	18	11689	几千	45
jq	82	18	11693	急切	45
jq	82	18	12027	卷起	45
jq	82	18	12202	军情	45
jq	82	18	12250	俱全	45
jq	82	18	10599	架桥	46
jq	82	18	10602	嘉庆	46
jq	82	18	11352	旌旗	46
jq	82	18	11697	汲取	46
jq	82	18	11847	九曲	46
jq	82	18	12204	君权	46
jq	82	18	12249	剧情	46
jq	82	18	10285	建桥	47
jq	82	18	10286	剑桥	47
jq	82	18	10498	交情	47
jq	82	18	10601	家禽	47
jq	82	18	10603	甲醛	47
jq	82	18	11562	锦旗	47
jq	82	18	11564	近前	47
jq	82	18	11574	紧缺	47
jq	82	18	11699	集群	47
jq	82	18	11846	九卿	47
jq	82	18	11848	酒泉	47
jq	82	18	12097	攫取	47
jq	82	18	10291	减去	48
jq	82	18	10499	角球	48
jq	82	18	10921	借钱	48
jq	82	18	10923	节庆	48
jq	82	18	11353	景气	48
jq	82	18	11570	金秋	48
jq	82	18	11688	祭器	48
jq	82	18	11696	击球	48
jq	82	18	12095	诀窍	48
jq	82	18	12199	军器	48
jq	82	18	12248	举起	48
jq	82	18	10287	剑鞘	49
jq	82	18	10600	甲壳	49
jq	82	18	10922	节前	49
jq	82	18	11357	敬请	49
jq	82	18	11359	警犬	49
jq	82	18	11567	近亲	49
jq	82	18	11700	机群	49
jq	82	18	10289	剪切	50
jq	82	18	10497	交钱	50
jq	82	18	10501	教区	50
jq	82	18	10924	街区	50
jq	82	18	11354	经期	50
jq	82	18	11698	集权	50
jq	82	18	12200	军旗	50
jq	82	18	12201	俊俏	50
jqb	1	0	11565	金钱豹	46
jqd	2	3	11361	精确度	50
jqd	2	3	11566	进气道	50
jqdx	1	0	10288	剑桥大学	48
jqhc	1	0	11849	九曲回肠	41
jqn	1	0	11691	几千年	44
jqq	1	0	11356	静悄悄	46
jqr	1	0	11695	机器人	45
jr	57	16	11583	进入	30
jr	57	16	11577	今日	32
jr	57	16	11362	竟然	34
jr	57	16	11580	金融	34
jr	57	16	11701	既然	34
jr	57	16	10610	加入	35
jr	57	16	12205	军人	37
jr	57	16	12251	居然	37
jr	57	16	10931	节日	38
jr	57	16	11578	近日	38
jr	57	16	11708	肌肉	39
jr	57	16	10611	假如	40
jr	57	16	11364	惊人	40
jr	57	16	11850	就让	40
jr	57	16	10293	兼任	41
jr	57	16	10298	尖锐	41
jr	57	16	10604	加热	41
jr	57	16	10605	家人	42
jr	57	16	10299	减弱	43
jr	57	16	10932	介入	43
jr	57	16	11365	精锐	43
jr	57	16	11706	几日	43
jr	57	16	12252	举人	43
jr	57	16	11851	救人	44
jr	57	16	10930	接任	45
jr	57	16	11707	即日	45
jr	57	16	11852	就任	45
jr	57	16	12253	巨人	45
jr	57	16	10294	贱人	46
jr	57	16	10297	兼容	46
jr	57	16	10608	假日	46
jr	57	16	10612	假若	46
jr	57	16	10929	接壤	46
jr	57	16	10933	接入	46
jr	57	16	11704	继任	46
jr	57	16	12028	卷入	46
jr	57	16	12206	军容	46
jr	57	16	10295	坚韧	47
jr	57	16	10502	叫嚷	47
jr	57	16	10296	奸人	48
jr	57	16	10606	嫁人	48
jr	57	16	10607	佳人	48
jr	57	16	10927	截然	48
jr	57	16	11585	浸润	48
jr	57	16	11709	鸡肉	48
jr	57	16	11853	旧日	48
jr	57	16	11855	酒肉	48
jr	57	16	10157	匠人	49
jr	57	16	11575	浸染	49
jr	57	16	11576	今人	49
jr	57	16	11705	己任	49
jr	57	16	11710	计入	49
jr	57	16	11854	九日	49
jr	57	16	10503	交融	50
jr	57	16	11363	惊扰	50
jr	57	16	11584	浸入	50
jr	57	16	11702	寂然	50
jrb	1	0	10609	假日办	50
jrbt	2	3	10928	截然不同	44
jrbt	2	3	11673	迥然不同	50
jrc	1	0	11579	金日成	49
jrql	1	0	12254	拒人千里	49
jrrc	1	0	11703	既然如此	46
jrsc	1	0	11581	金融市场	48
jry	1	0	11582	金融业	48
js	190	21	11742	技术	27
js	190	21	10303	建设	28
js	190	21	12207	军事	30
js	190	21	11374	精神	31
js	190	21	10937	介绍	32
js	190	21	10947	接受	32
js	190	21	10951	结束	32
js	190	21	11858	就是	32
js	190	21	10302	减少	33
js	190	21	10513	教授	33
js	190	21	10940	解释	33
js	190	21	10509	教师	34
js	190	21	10615	加上	34
js	190	21	11722	即使	34
js	190	21	11601	金属	35
js	190	21	11759	计算	35
js	190	21	10174	江苏	36
js	190	21	10632	加速	36
js	190	21	11723	及时	36
js	190	21	11865	就算	37
js	190	21	12267	据说	37
js	190	21	10163	将士	38
js	190	21	11378	竟是	38
js	190	21	11596	进士	38
js	190	21	11754	祭祀	38
js	190	21	12257	局势	38
js	190	21	10935	街上	39
js	190	21	11756	激素	39
js	190	21	12098	决赛	39
js	190	21	12099	角色	39
js	190	21	10158	江山	40
js	190	21	11366	竞赛	40
js	190	21	10169	降水	41
js	190	21	10308	监视	41
js	190	21	10309	见识	41
js	190	21	10507	交涉	41
js	190	21	10617	假设	41
js	190	21	10628	家属	41
js	190	21	10941	揭示	41
js	190	21	10942	届时	41
js	190	21	10948	接收	41
js	190	21	11379	京师	41
js	190	21	11591	谨慎	41
js	190	21	11592	进深	41
js	190	21	11715	极少	41
js	190	21	12208	军师	41
js	190	21	12209	军士	41
js	190	21	10167	讲述	42
js	190	21	10170	江水	42
js	190	21	10508	叫声	42
js	190	21	10619	加深	42
js	190	21	10620	驾驶	42
js	190	21	11367	景色	42
js	190	21	11602	尽数	42
js	190	21	11607	近似	42
js	190	21	11719	几声	42
js	190	21	11743	记述	42
js	190	21	10164	僵尸	43
js	190	21	10300	肩上	43
js	190	21	10305	健身	43
js	190	21	10310	坚实	43
js	190	21	10316	坚守	43
js	190	21	10510	教室	43
js	190	21	10621	假使	43
js	190	21	10934	解散	43
js	190	21	10939	节省	43
js	190	21	10955	结算	43
js	190	21	11382	经受	43
js	190	21	11594	晋升	43
js	190	21	11608	金丝	43
js	190	21	11720	寄生	43
js	190	21	12256	剧社	43
js	190	21	10943	结实	44
js	190	21	10944	结识	44
js	190	21	11371	经商	44
js	190	21	11597	金石	44
js	190	21	11717	跻身	44
js	190	21	11718	机身	44
js	190	21	11724	几时	44
js	190	21	11757	急速	44
js	190	21	12255	沮丧	44
js	190	21	10166	讲授	45
js	190	21	10318	剑术	45
js	190	21	10618	架设	45
js	190	21	11380	晶石	45
js	190	21	11383	经书	45
js	190	21	11586	金色	45
js	190	21	11725	即时	45
js	190	21	11726	几十	45
js	190	21	11744	基数	45
js	190	21	12258	巨石	45
js	190	21	12264	举手	45
js	190	21	10160	缰绳	46
js	190	21	10311	简史	46
js	190	21	10312	监事	46
js	190	21	10511	教士	46
js	190	21	10515	教书	46
js	190	21	10613	袈裟	46
js	190	21	10616	架上	46
js	190	21	10936	接上	46
js	190	21	10952	解说	46
js	190	21	11369	京山	46
js	190	21	11588	金山	46
js	190	21	11611	紧缩	46
js	190	21	11711	集散	46
js	190	21	11713	机上	46
js	190	21	11741	棘手	46
js	190	21	11745	级数	46
js	190	21	11749	积水	46
js	190	21	11755	祭司	46
js	190	21	11762	脊髓	46
js	190	21	11859	九十	46
js	190	21	10319	建树	47
js	190	21	10323	检索	47
js	190	21	10631	假说	47
js	190	21	10945	街市	47
js	190	21	11368	荆沙	47
js	190	21	11370	景山	47
js	190	21	11589	进山	47
js	190	21	11590	金蛇	47
js	190	21	11598	进食	47
js	190	21	11727	集市	47
js	190	21	11728	纪事	47
js	190	21	11763	几岁	47
js	190	21	12029	眷属	47
js	190	21	12101	爵士	47
js	190	21	12214	军售	47
js	190	21	12259	居士	47
js	190	21	10301	鉴赏	48
js	190	21	10322	减速	48
js	190	21	10514	交手	48
js	190	21	10614	假山	48
js	190	21	10946	结石	48
js	190	21	11381	警示	48
js	190	21	11385	精髓	48
js	190	21	11610	紧随	48
js	190	21	11729	急事	48
js	190	21	11730	纪实	48
js	190	21	11746	计数	48
js	190	21	11857	救生	48
js	190	21	11860	酒食	48
js	190	21	11861	旧时	48
js	190	21	12104	决算	48
js	190	21	12260	居室	48
js	190	21	10159	奖赏	49
js	190	21	10165	讲师	49
js	190	21	10168	将帅	49
js	190	21	10320	减数	49
js	190	21	10504	脚色	49
js	190	21	10505	交上	49
js	190	21	10622	家事	49
js	190	21	10629	家数	49
js	190	21	10630	加水	49
js	190	21	10634	枷锁	49
js	190	21	10953	接送	49
js	190	21	10954	借宿	49
js	190	21	11375	精深	49
js	190	21	11593	缙绅	49
js	190	21	11595	今生	49
js	190	21	11599	近世	49
js	190	21	11600	近视	49
js	190	21	11603	进水	49
js	190	21	11731	计时	49
js	190	21	11732	记事	49
js	190	21	11733	基石	49
js	190	21	11734	技师	49
js	190	21	11747	记数	49
js	190	21	11862	旧事	49
js	190	21	12100	决胜	49
js	190	21	12102	绝世	49
js	190	21	12261	举世	49
js	190	21	12266	拘束	49
js	190	21	10161	降生	50
js	190	21	10313	剑士	50
js	190	21	10317	监守	50
js	190	21	10321	减税	50
js	190	21	10512	礁石	50
js	190	21	10623	架势	50
js	190	21	10624	加试	50
js	190	21	10625	家室	50
js	190	21	10938	结社	50
js	190	21	10949	接手	50
js	190	21	11384	精熟	50
js	190	21	11714	击伤	50
js	190	21	11748	奇数	50
js	190	21	11758	寄宿	50
js	190	21	11863	旧式	50
js	190	21	12103	绝食	50
js	190	21	12265	据守	50
js	190	21	12268	居所	50
jsb	1	0	11376	精神病	47
jsc	2	3	10626	驾驶舱	49
jsc	2	3	11721	寄生虫	49
jsd	2	3	10633	加速度	47
jsd	2	3	11712	集散地	47
jsf	1	0	10306	健身房	50
jsfy	1	0	12210	军事法院	44
jsg	1	0	11735	几十个	44
jsh	5	6	11604	金水河	41
jsh	5	6	10506	焦山河	42
jsh	5	6	10314	监事会	45
jsh	5	6	11609	金丝猴	45
jsh	5	6	11856	旧社会	47
jsj	6	7	11760	计算机	34
jsj	6	7	11736	几十斤	46
jsj	6	7	10172	蒋硕杰	47
jsj	6	7	11587	金沙江	47
jsj	6	7	12211	军事家	47
jsj	6	7	10950	接收机	49
jsjd	1	0	12212	军事基地	49
jsk	1	0	11606	金属矿	49
jsl	3	4	10171	降水量	37
jsl	3	4	10304	建设路	44
jsl	3	4	11737	几十里	50
jsn	1	0	11738	几十年	40
jsq	3	4	11605	金水桥	43
jsq	3	4	10635	加速器	46
jsq	3	4	11761	计算器	49
jsry	1	0	11750	技术人员	50
jss	5	6	10175	江苏省	41
jss	5	6	11864	就是说	44
jss	5	6	11716	极少数	45
jss	5	6	10173	蒋树声	47
jss	5	6	11373	荆沙市	47
jsw	1	0	11739	几十万	47
jswm	2	3	11377	精神文明	41
jswm	2	3	12262	举世闻名	46
jsx	4	6	11372	京山县	44
jsx	4	6	10307	建设性	47
jsx	4	6	10315	建始县	47
jsx	4	6	11751	技术性	47
jsxy	1	0	12213	军事学院	50
jsy	3	4	10627	驾驶员	44
jsy	3	4	10162	姜声扬	47
jsy	3	4	11752	技术员	49
jsz	1	0	11740	几十张	49
jszb	1	0	11753	技术装备	50
jszm	1	0	12263	举世瞩目	50
jt	70	17	11613	今天	30
jt	70	17	11777	集团	31
jt	70	17	10526	交通	32
jt	70	17	10637	家庭	32
jt	70	17	12269	具体	32
jt	70	17	11770	几天	35
jt	70	17	11767	集体	36
jt	70	17	10963	街头	39
jt	70	17	11389	晶体	39
jt	70	17	10327	舰艇	40
jt	70	17	10330	肩头	40
jt	70	17	10519	教堂	40
jt	70	17	10521	交替	41
jt	70	17	11768	机体	41
jt	70	17	11782	寄托	41
jt	70	17	10517	交谈	42
jt	70	17	11390	警惕	42
jt	70	17	11616	津贴	42
jt	70	17	10533	教徒	43
jt	70	17	10956	阶梯	43
jt	70	17	10957	解体	43
jt	70	17	11394	精通	43
jt	70	17	11395	镜头	43
jt	70	17	11618	尽头	43
jt	70	17	11771	祭天	43
jt	70	17	11772	几条	43
jt	70	17	12215	军团	43
jt	70	17	12273	剧团	43
jt	70	17	10179	江豚	44
jt	70	17	10958	接替	44
jt	70	17	10965	解脱	44
jt	70	17	11612	金台	44
jt	70	17	12271	剧痛	44
jt	70	17	12272	巨头	44
jt	70	17	10959	解题	45
jt	70	17	11766	鸡汤	45
jt	70	17	11781	击退	45
jt	70	17	10325	检讨	46
jt	70	17	10332	减退	46
jt	70	17	11387	惊叹	46
jt	70	17	10324	践踏	47
jt	70	17	10516	脚踏	47
jt	70	17	10522	胶体	47
jt	70	17	10532	教头	47
jt	70	17	10962	接通	47
jt	70	17	11619	浸透	47
jt	70	17	11621	进退	47
jt	70	17	11778	基团	47
jt	70	17	11866	九天	47
jt	70	17	10176	讲台	48
jt	70	17	10331	箭头	48
jt	70	17	10961	接听	48
jt	70	17	11386	静态	48
jt	70	17	11396	净土	48
jt	70	17	11617	紧贴	48
jt	70	17	11620	劲头	48
jt	70	17	11765	祭坛	48
jt	70	17	11776	机头	48
jt	70	17	10178	疆土	49
jt	70	17	10518	焦炭	49
jt	70	17	10525	教廷	49
jt	70	17	11393	静听	49
jt	70	17	10326	见天	50
jt	70	17	10328	监听	50
jt	70	17	10523	教条	50
jt	70	17	10960	揭帖	50
jt	70	17	10964	接头	50
jt	70	17	11615	金条	50
jt	70	17	11764	吉他	50
jt	70	17	11769	计提	50
jtb	1	0	10527	交通部	48
jtcl	1	0	12030	卷土重来	49
jtdd	1	0	11391	惊天动地	47
jtg	2	3	11392	晶体管	46
jtg	2	3	10177	姜太公	50
jtgj	1	0	10528	交通工具	47
jtgl	1	0	10529	交通管理	50
jtgs	1	0	11779	集团公司	40
jth	1	0	12270	具体化	50
jthl	1	0	11388	惊涛骇浪	50
jtj	2	3	11780	集团军	42
jtj	2	3	10636	迦太基	44
jtjj	1	0	11773	集体经济	48
jtjy	1	0	10638	家庭教育	49
jtqy	1	0	11614	金田起义	49
jtsd	1	0	10520	脚踏实地	50
jtsy	1	0	11775	集体所有	44
jtt	1	0	11774	季婷婷	49
jty	1	0	10531	交通员	49
jtyh	1	0	10530	交通银行	50
jtz	1	0	10329	简体字	46
jtzy	1	0	10524	教条主义	48
jw	50	16	11911	极为	36
jw	50	16	10537	较为	38
jw	50	16	10536	交往	39
jw	50	16	11624	今晚	40
jw	50	16	11912	几位	40
jw	50	16	11913	即位	40
jw	50	16	10641	家务	41
jw	50	16	11407	境外	42
jw	50	16	11914	继位	42
jw	50	16	12105	绝望	42
jw	50	16	12216	君王	42
jw	50	16	11917	积温	43
jw	50	16	11408	警卫	44
jw	50	16	11873	九五	44
jw	50	16	11909	几万	44
jw	50	16	12107	觉悟	44
jw	50	16	10539	教务	45
jw	50	16	11628	进屋	45
jw	50	16	12108	绝无	45
jw	50	16	12218	军委	45
jw	50	16	12220	军务	45
jw	50	16	10534	郊外	46
jw	50	16	10966	结为	46
jw	50	16	10967	解围	46
jw	50	16	10968	结尾	46
jw	50	16	11409	敬畏	46
jw	50	16	11413	经文	46
jw	50	16	11414	景物	46
jw	50	16	11872	旧闻	46
jw	50	16	11915	计委	46
jw	50	16	11916	纪委	46
jw	50	16	10188	降温	47
jw	50	16	10335	见闻	47
jw	50	16	10639	甲烷	47
jw	50	16	10640	价位	47
jw	50	16	12106	爵位	47
jw	50	16	12109	决无	47
jw	50	16	10538	教委	48
jw	50	16	11410	精微	48
jw	50	16	11626	金文	48
jw	50	16	11918	祭文	48
jw	50	16	12217	郡王	48
jw	50	16	10642	甲午	49
jw	50	16	11870	就位	49
jw	50	16	11871	久违	49
jw	50	16	11919	机务	49
jw	50	16	10334	见外	50
jw	50	16	11625	进位	50
jw	50	16	11627	紧握	50
jw	50	16	11867	救亡	50
jwd	2	3	10336	建文帝	48
jwd	2	3	11411	警卫队	48
jwe	1	0	10535	焦宛儿	48
jwh	2	3	12274	居委会	45
jwh	2	3	12219	军委会	46
jwjy	1	0	12110	绝无仅有	47
jwp	2	3	12275	居文沛	47
jwp	2	3	11910	几万片	49
jwtc	1	0	11868	救亡图存	49
jwy	1	0	11412	警卫员	50
jwyd	1	0	11869	救亡运动	46
jwzz	2	3	11874	九五之尊	45
jwzz	2	3	10643	甲午战争	46
jx	110	19	11632	进行	25
jx	110	19	11946	继续	30
jx	110	19	12280	举行	30
jx	110	19	11932	机械	33
jx	110	19	10548	教学	36
jx	110	19	10189	江西	37
jx	110	19	10550	教训	38
jx	110	19	12111	决心	38
jx	110	19	10191	江夏	39
jx	110	19	10540	脚下	39
jx	110	19	11415	精细	39
jx	110	19	10645	家乡	40
jx	110	19	11423	景象	40
jx	110	19	11429	精心	40
jx	110	19	11920	几下	40
jx	110	19	12276	据悉	40
jx	110	19	11936	急性	41
jx	110	19	10972	界限	42
jx	110	19	11433	竞选	42
jx	110	19	11924	吉祥	42
jx	110	19	11925	迹象	42
jx	110	19	12277	局限	42
jx	110	19	10341	减小	43
jx	110	19	10545	侥幸	43
jx	110	19	11431	惊醒	43
jx	110	19	11633	金星	43
jx	110	19	11922	极限	43
jx	110	19	11937	畸形	43
jx	110	19	11949	积雪	43
jx	110	19	12112	觉醒	43
jx	110	19	10346	碱性	44
jx	110	19	10969	解析	44
jx	110	19	11416	惊喜	44
jx	110	19	11434	精选	44
jx	110	19	11947	积蓄	44
jx	110	19	11948	急需	44
jx	110	19	10200	讲学	45
jx	110	19	10648	加薪	45
jx	110	19	10649	嘉兴	45
jx	110	19	10973	界线	45
jx	110	19	11424	竞相	45
jx	110	19	11636	进修	45
jx	110	19	11938	机型	45
jx	110	19	11950	集训	45
jx	110	19	12225	军校	45
jx	110	19	12226	军械	45
jx	110	19	12227	军心	45
jx	110	19	12278	巨响	45
jx	110	19	10190	讲习	46
jx	110	19	10337	间隙	46
jx	110	19	10344	艰辛	46
jx	110	19	10345	坚信	46
jx	110	19	10644	加息	46
jx	110	19	11417	京西	46
jx	110	19	11875	酒席	46
jx	110	19	11929	极小	46
jx	110	19	12221	军衔	46
jx	110	19	12229	军训	46
jx	110	19	12281	巨型	46
jx	110	19	10974	街巷	47
jx	110	19	10975	揭晓	47
jx	110	19	11419	惊吓	47
jx	110	19	11631	尽心	47
jx	110	19	11876	九线	47
jx	110	19	11926	吉象	47
jx	110	19	11927	几项	47
jx	110	19	11930	绩效	47
jx	110	19	12031	捐献	47
jx	110	19	12222	郡县	47
jx	110	19	12223	军饷	47
jx	110	19	12228	军需	47
jx	110	19	12282	矩形	47
jx	110	19	10193	奖项	48
jx	110	19	10194	将校	48
jx	110	19	10338	奸细	48
jx	110	19	10340	艰险	48
jx	110	19	10342	见效	48
jx	110	19	10343	间歇	48
jx	110	19	10546	叫醒	48
jx	110	19	10646	假象	48
jx	110	19	10970	结下	48
jx	110	19	11420	井下	48
jx	110	19	11421	敬献	48
jx	110	19	11422	惊险	48
jx	110	19	11425	径向	48
jx	110	19	11637	锦绣	48
jx	110	19	11879	就绪	48
jx	110	19	11880	就学	48
jx	110	19	11921	记下	48
jx	110	19	11939	极性	48
jx	110	19	11940	记性	48
jx	110	19	11945	吉凶	48
jx	110	19	12283	巨星	48
jx	110	19	10544	叫嚣	49
jx	110	19	10647	假想	49
jx	110	19	11418	晶系	49
jx	110	19	11426	经销	49
jx	110	19	11435	经学	49
jx	110	19	11931	讥笑	49
jx	110	19	11941	即兴	49
jx	110	19	11942	剂型	49
jx	110	19	11943	几行	49
jx	110	19	10197	江心	50
jx	110	19	10339	见习	50
jx	110	19	10347	饯行	50
jx	110	19	10348	检修	50
jx	110	19	11432	警醒	50
jx	110	19	11877	酒香	50
jx	110	19	11878	救星	50
jx	110	19	11923	基线	50
jxc	2	3	11638	金学曾	43
jxc	2	3	11933	机械厂	45
jxd	1	0	11629	近现代	46
jxdp	1	0	11430	惊心动魄	46
jxh	1	0	11934	机械化	42
jxj	3	4	10192	江夏郡	42
jxj	3	4	10201	奖学金	44
jxj	3	4	10547	绞刑架	49
jxjj	1	0	11428	惊喜交集	49
jxjl	1	0	11635	尽心竭力	50
jxjy	1	0	10198	将信将疑	48
jxl	1	0	10971	接下来	41
jxn	2	3	11630	近些年	47
jxn	2	3	11935	机械能	50
jxp	2	3	11928	吉象牌	47
jxp	2	3	11944	吉新鹏	47
jxq	3	4	10195	江夏区	36
jxq	3	4	11634	进行曲	45
jxq	3	4	10541	交响曲	46
jxs	2	3	10199	江西省	43
jxs	2	3	11427	经销商	47
jxx	1	0	12279	局限性	46
jxy	1	0	10542	交响乐	50
jxyt	1	0	10543	交响乐团	46
jxz	2	3	12224	郡县制	46
jxz	2	3	10196	江夏治	47
jxzl	1	0	10549	教学质量	50
jy	145	20	12286	具有	28
jy	145	20	10563	教育	29
jy	145	20	10353	建议	32
jy	145	20	11437	经验	32
jy	145	20	11446	经营	33
jy	145	20	12113	决议	33
jy	145	20	11885	就业	34
jy	145	20	10655	加以	35
jy	145	20	10554	交易	36
jy	145	20	11969	给予	36
jy	145	20	10361	建有	37
jy	145	20	11884	就要	38
jy	145	20	11966	基因	38
jy	145	20	11968	既有	38
jy	145	20	10350	检验	39
jy	145	20	10652	佳肴	39
jy	145	20	11961	技艺	39
jy	145	20	11962	记忆	39
jy	145	20	11970	基于	39
jy	145	20	10363	见于	40
jy	145	20	11436	惊讶	40
jy	145	20	11647	金银	40
jy	145	20	12233	均匀	40
jy	145	20	10364	监狱	41
jy	145	20	10365	建于	41
jy	145	20	10366	鉴于	41
jy	145	20	11896	九月	41
jy	145	20	11971	机遇	41
jy	145	20	12232	军用	41
jy	145	20	10982	接应	42
jy	145	20	10984	介于	42
jy	145	20	10985	节约	42
jy	145	20	11447	精英	42
jy	145	20	11643	今夜	42
jy	145	20	11972	急于	42
jy	145	20	12288	剧院	42
jy	145	20	10358	坚硬	43
jy	145	20	10362	兼有	43
jy	145	20	10665	甲鱼	43
jy	145	20	11639	金牙	43
jy	145	20	11894	救援	43
jy	145	20	10204	将要	44
jy	145	20	10555	教义	44
jy	145	20	10667	家园	44
jy	145	20	10979	借以	44
jy	145	20	11442	惊异	44
jy	145	20	11640	金嫣	44
jy	145	20	11888	就医	44
jy	145	20	11963	机翼	44
jy	145	20	12114	决意	44
jy	145	20	12231	军营	44
jy	145	20	12287	居于	44
jy	145	20	10209	疆域	45
jy	145	20	10354	简易	45
jy	145	20	10368	检阅	45
jy	145	20	10662	加油	45
jy	145	20	10976	戒严	45
jy	145	20	11440	敬业	45
jy	145	20	11451	经由	45
jy	145	20	11452	精于	45
jy	145	20	11958	纪要	45
jy	145	20	12118	绝缘	45
jy	145	20	10207	僵硬	46
jy	145	20	10552	教养	46
jy	145	20	10564	教员	46
jy	145	20	10983	借用	46
jy	145	20	11438	敬仰	46
jy	145	20	11443	惊疑	46
jy	145	20	11448	晶莹	46
jy	145	20	11650	金庸	46
jy	145	20	11951	挤压	46
jy	145	20	11955	寄养	46
jy	145	20	11964	计议	46
jy	145	20	11976	妓院	46
jy	145	20	12032	卷烟	46
jy	145	20	10203	讲演	47
jy	145	20	10206	江阴	47
jy	145	20	10210	降雨	47
jy	145	20	10355	检疫	47
jy	145	20	10357	奸淫	47
jy	145	20	10654	家业	47
jy	145	20	10666	驾驭	47
jy	145	20	11444	敬意	47
jy	145	20	11654	金元	47
jy	145	20	11882	九阳	47
jy	145	20	11895	久远	47
jy	145	20	11953	几眼	47
jy	145	20	11954	基岩	47
jy	145	20	11977	机缘	47
jy	145	20	10205	讲义	48
jy	145	20	10208	酱油	48
jy	145	20	10351	简要	48
jy	145	20	10359	兼营	48
jy	145	20	10360	兼用	48
jy	145	20	10558	脚印	48
jy	145	20	10561	交由	48
jy	145	20	10656	假意	48
jy	145	20	10980	介意	48
jy	145	20	11453	境遇	48
jy	145	20	11641	紧要	48
jy	145	20	11645	锦衣	48
jy	145	20	11652	近于	48
jy	145	20	11656	禁运	48
jy	145	20	11881	酒宴	48
jy	145	20	11883	久仰	48
jy	145	20	11956	几样	48
jy	145	20	11957	给养	48
jy	145	20	11973	给与	48
jy	145	20	11974	觊觎	48
jy	145	20	10349	减压	49
jy	145	20	10356	坚毅	49
jy	145	20	10367	减员	49
jy	145	20	10551	娇艳	49
jy	145	20	10556	交椅	49
jy	145	20	10650	加压	49
jy	145	20	10660	家用	49
jy	145	20	10977	戒烟	49
jy	145	20	10981	结义	49
jy	145	20	11441	精液	49
jy	145	20	11454	经院	49
jy	145	20	11651	禁用	49
jy	145	20	11886	九叶	49
jy	145	20	11889	久已	49
jy	145	20	11893	旧有	49
jy	145	20	11952	积压	49
jy	145	20	11960	基业	49
jy	145	20	11978	激越	49
jy	145	20	12230	军医	49
jy	145	20	12284	居庸	49
jy	145	20	10202	降压	50
jy	145	20	10352	建业	50
jy	145	20	10562	交友	50
jy	145	20	10651	钾盐	50
jy	145	20	10653	假药	50
jy	145	20	10657	加意	50
jy	145	20	10978	结业	50
jy	145	20	11439	景仰	50
jy	145	20	11644	津液	50
jy	145	20	11653	金鱼	50
jy	145	20	11674	迥异	50
jy	145	20	11890	就义	50
jy	145	20	11891	救应	50
jy	145	20	11959	机要	50
jy	145	20	11975	寄予	50
jy	145	20	12115	绝艺	50
jya	1	0	12116	决议案	46
jyb	4	6	11646	进一步	32
jyb	4	6	10565	教育部	40
jyb	4	6	11655	金元宝	46
jyb	4	6	10658	贾亦斌	47
jybm	1	0	10566	教育部门	50
jyc	1	0	11445	荆宜菜	47
jycb	1	0	11648	金银财宝	49
jydq	1	0	10661	家用电器	49
jyg	1	0	12285	居庸关	48
jygt	1	0	11642	紧要关头	47
jyh	2	3	10211	蒋远华	47
jyh	2	3	10557	交易会	47
jyhx	1	0	10668	家喻户晓	47
jyj	3	4	10568	教育局	47
jyj	3	4	10663	加油机	47
jyj	3	4	10567	教育家	49
jyl	3	4	10212	降雨量	46
jyl	3	4	11887	就业率	48
jyl	3	4	11965	记忆力	48
jyq	1	0	11449	经营权	50
jyqc	1	0	11979	急于求成	49
jyr	1	0	10559	交易日	44
jys	2	3	10560	交易所	43
jys	2	3	10553	教研室	49
jysz	1	0	12117	决一死战	49
jyt	2	3	10569	教育厅	45
jyt	2	3	10659	贾英廷	49
jyw	2	3	11649	锦衣卫	42
jyw	2	3	12289	局域网	49
jyx	2	3	10669	嘉鱼县	47
jyx	2	3	10570	教育学	49
jyyx	1	0	11967	记忆犹新	50
jyz	2	3	11450	经营者	44
jyz	2	3	10664	加油站	50
jyzj	1	0	11892	九阴真经	46
jz	190	21	11990	记者	28
jz	190	21	10674	价值	30
jz	190	21	10386	建筑	31
jz	190	21	11469	荆州	32
jz	190	21	12001	集中	32
jz	190	21	10986	接着	34
jz	190	21	11458	竞争	34
jz	190	21	11660	紧张	35
jz	190	21	11980	记载	35
jz	190	21	10370	建造	36
jz	190	21	10591	叫做	36
jz	190	21	11993	机制	36
jz	190	21	12299	居住	36
jz	190	21	10671	家长	37
jz	190	21	10988	截止	37
jz	190	21	11665	禁止	37
jz	190	21	12240	君主	37
jz	190	21	10379	简直	38
jz	190	21	10585	教主	38
jz	190	21	11659	进展	38
jz	190	21	12290	局长	38
jz	190	21	10380	建制	39
jz	190	21	10681	家中	39
jz	190	21	10693	家族	39
jz	190	21	10989	截至	39
jz	190	21	12002	几种	39
jz	190	21	10373	见长	40
jz	190	21	11902	纠正	40
jz	190	21	11903	旧址	40
jz	190	21	12010	记住	40
jz	190	21	10592	叫作	41
jz	190	21	10682	加重	41
jz	190	21	10990	介质	41
jz	190	21	10996	借助	41
jz	190	21	11000	节奏	41
jz	190	21	12238	军中	41
jz	190	21	10573	交战	42
jz	190	21	10675	加之	42
jz	190	21	10691	架子	42
jz	190	21	10991	节制	42
jz	190	21	10992	戒指	42
jz	190	21	11472	镜子	42
jz	190	21	12120	决战	42
jz	190	21	12234	军长	42
jz	190	21	12236	军政	42
jz	190	21	12246	君子	42
jz	190	21	10217	江中	43
jz	190	21	10377	见证	43
jz	190	21	10381	兼职	43
jz	190	21	10589	轿子	43
jz	190	21	10687	假装	43
jz	190	21	11461	精致	43
jz	190	21	11462	径直	43
jz	190	21	11463	静止	43
jz	190	21	11668	锦州	43
jz	190	21	11669	进驻	43
jz	190	21	11986	激战	43
jz	190	21	12003	击中	43
jz	190	21	12119	抉择	43
jz	190	21	10214	奖章	44
jz	190	21	10222	讲座	44
jz	190	21	10387	健壮	44
jz	190	21	10987	借着	44
jz	190	21	11467	敬重	44
jz	190	21	11473	精子	44
jz	190	21	11658	尽早	44
jz	190	21	11897	救灾	44
jz	190	21	11908	救助	44
jz	190	21	11994	及至	44
jz	190	21	12241	郡主	44
jz	190	21	12293	举止	44
jz	190	21	12303	句子	44
jz	190	21	12306	剧作	44
jz	190	21	10369	舰载	45
jz	190	21	10571	焦躁	45
jz	190	21	10576	交织	45
jz	190	21	10590	饺子	45
jz	190	21	10670	夹杂	45
jz	190	21	11455	精湛	45
jz	190	21	11464	精制	45
jz	190	21	11670	金子	45
jz	190	21	11981	机载	45
jz	190	21	11983	及早	45
jz	190	21	11992	集镇	45
jz	190	21	11995	极致	45
jz	190	21	11996	几只	45
jz	190	21	12020	机组	45
jz	190	21	12021	祭祖	45
jz	190	21	12033	捐赠	45
jz	190	21	12123	角逐	45
jz	190	21	12239	军种	45
jz	190	21	10215	江浙	46
jz	190	21	10371	奸贼	46
jz	190	21	10584	教众	46
jz	190	21	10586	浇注	46
jz	190	21	10688	加装	46
jz	190	21	10997	截住	46
jz	190	21	11001	杰作	46
jz	190	21	11465	景致	46
jz	190	21	11474	径自	46
jz	190	21	11477	京族	46
jz	190	21	11899	九章	46
jz	190	21	11904	救治	46
jz	190	21	11905	旧制	46
jz	190	21	11987	几张	46
jz	190	21	11997	机智	46
jz	190	21	12019	集资	46
jz	190	21	12037	卷宗	46
jz	190	21	12121	绝招	46
jz	190	21	12122	觉着	46
jz	190	21	12242	军装	46
jz	190	21	10219	江猪	47
jz	190	21	10577	角质	47
jz	190	21	10578	较之	47
jz	190	21	10676	茄汁	47
jz	190	21	10683	加州	47
jz	190	21	10684	加筑	47
jz	190	21	10993	接种	47
jz	190	21	11662	金针	47
jz	190	21	11901	就诊	47
jz	190	21	11906	就职	47
jz	190	21	11907	九州	47
jz	190	21	11984	急躁	47
jz	190	21	11989	几招	47
jz	190	21	12011	机主	47
jz	190	21	12012	寄主	47
jz	190	21	12018	基准	47
jz	190	21	12022	基座	47
jz	190	21	12291	剧照	47
jz	190	21	12292	矩阵	47
jz	190	21	12294	居中	47
jz	190	21	12295	剧中	47
jz	190	21	12296	剧种	47
jz	190	21	12297	聚众	47
jz	190	21	12304	举子	47
jz	190	21	10218	江州	48
jz	190	21	10374	舰长	48
jz	190	21	10382	舰只	48
jz	190	21	10388	见状	48
jz	190	21	10394	剪子	48
jz	190	21	10574	校正	48
jz	190	21	10575	矫正	48
jz	190	21	10685	家主	48
jz	190	21	10694	佳作	48
jz	190	21	11478	静坐	48
jz	190	21	11667	尽忠	48
jz	190	21	12007	济州	48
jz	190	21	12008	蓟州	48
jz	190	21	12009	冀州	48
jz	190	21	12023	极左	48
jz	190	21	12035	卷子	48
jz	190	21	10579	胶质	49
jz	190	21	10587	叫住	49
jz	190	21	10689	嫁妆	49
jz	190	21	11468	警钟	49
jz	190	21	11475	竟自	49
jz	190	21	11661	今朝	49
jz	190	21	11900	九丈	49
jz	190	21	11982	积攒	49
jz	190	21	11985	激增	49
jz	190	21	11998	基质	49
jz	190	21	12013	脊柱	49
jz	190	21	12024	几座	49
jz	190	21	12298	举重	49
jz	190	21	12300	巨著	49
jz	190	21	12305	巨资	49
jz	190	21	10372	奸诈	50
jz	190	21	10375	简章	50
jz	190	21	10383	减值	50
jz	190	21	10384	减至	50
jz	190	21	10385	剪纸	50
jz	190	21	10572	狡诈	50
jz	190	21	10580	脚趾	50
jz	190	21	10588	焦灼	50
jz	190	21	10672	加长	50
jz	190	21	10673	家政	50
jz	190	21	10686	家住	50
jz	190	21	10999	介子	50
jz	190	21	11456	京兆	50
jz	190	21	11466	净值	50
jz	190	21	11666	金质	50
jz	190	21	11988	机长	50
jz	190	21	11999	几支	50
jz	190	21	12000	继之	50
jz	190	21	12004	机种	50
jz	190	21	12014	急转	50
jz	190	21	12016	脊椎	50
jz	190	21	12034	捐助	50
jz	190	21	12036	捐资	50
jz	190	21	12235	军帐	50
jzbq	1	0	10376	坚贞不屈	49
jzc	1	0	11476	净资产	48
jzd	2	3	12301	居住地	48
jzd	2	3	12005	集中地	49
jzdw	1	0	12017	脊椎动物	44
jzel	1	0	10994	接踵而来	47
jzez	1	0	10995	接踵而至	50
jzf	1	0	12237	军政府	44
jzg	4	6	10677	价值观	44
jzg	4	6	10581	教职工	48
jzg	4	6	10692	架子工	49
jzg	4	6	11898	九寨沟	50
jzgl	1	0	10678	价值规律	48
jzh	2	3	11991	记者会	43
jzh	2	3	10216	蒋正华	47
jzj	2	3	10679	贾志杰	42
jzj	2	3	12307	剧作家	45
jzl	2	3	11459	竞争力	40
jzl	2	3	10680	价值量	46
jzlx	1	0	12243	君主立宪	50
jzm	1	0	10213	江泽民	38
jzp	1	0	10220	蒋祝平	42
jzq	3	4	10389	建筑群	39
jzq	3	4	11470	荆州区	44
jzq	3	4	12302	居住区	49
jzqz	1	0	12308	举足轻重	47
jzr	2	3	11663	金正日	45
jzr	2	3	10378	见证人	48
jzs	2	3	11471	荆州市	37
jzs	2	3	10390	建筑师	46
jzt	1	0	11671	金字塔	45
jzw	1	0	10391	建筑物	41
jzx	4	6	12015	集装箱	45
jzx	4	6	10690	甲状腺	46
jzx	4	6	10582	焦枝线	47
jzx	4	6	10392	建筑学	49
jzy	6	7	10393	建筑业	41
jzy	6	7	10998	借助于	47
jzy	6	7	10583	教职员	48
jzy	6	7	12006	集中营	48
jzy	6	7	11457	京兆尹	49
jzy	6	7	11664	今正阳	49
jzz	3	4	10221	江醉章	46
jzz	3	4	12244	君主制	47
jzz	3	4	11460	竞争者	49
jzzc	1	0	11657	近在咫尺	47
jzzz	1	0	12245	君主专制	49
ka	4	6	12550	可爱	41
ka	4	6	12755	口岸	44
ka	4	6	12432	抗癌	48
ka	4	6	12804	酷爱	49
kb	24	13	12560	可不	40
kb	24	13	12697	恐怖	40
kb	24	13	12554	可比	42
kb	24	13	12696	空白	42
kb	24	13	12806	快步	42
kb	24	13	12315	开办	43
kb	24	13	12415	看病	44
kb	24	13	12552	课本	44
kb	24	13	12555	科比	44
kb	24	13	12433	抗病	46
kb	24	13	12553	刻本	46
kb	24	13	12561	可怖	46
kb	24	13	12840	狂奔	46
kb	24	13	12896	溃败	47
kb	24	13	12925	捆绑	47
kb	24	13	12414	看吧	48
kb	24	13	12556	可变	48
kb	24	13	12504	拷贝	49
kb	24	13	12551	可悲	49
kb	24	13	12559	刻薄	49
kb	24	13	12756	口碑	50
kb	24	13	12798	挎包	50
kb	24	13	12805	快报	50
kb	24	13	12897	亏本	50
kbd	2	3	12416	看不到	43
kbd	2	3	12434	抗病毒	50
kbj	1	0	12558	可比价	47
kbq	2	3	12417	看不起	49
kbq	2	3	12309	卡宾枪	50
kbs	1	0	12562	可不是	40
kbz	1	0	12505	靠不住	49
kbzb	1	0	12557	可变资本	42
kbzy	1	0	12698	恐怖主义	47
kc	38	15	12842	矿产	35
kc	38	15	12506	考察	36
kc	38	15	12565	课程	37
kc	38	15	12323	开创	39
kc	38	15	12423	看出	39
kc	38	15	12316	开采	40
kc	38	15	12926	昆虫	40
kc	38	15	12421	堪称	41
kc	38	15	12321	开出	42
kc	38	15	12422	看成	42
kc	38	15	12844	矿床	42
kc	38	15	12563	客场	43
kc	38	15	12564	客车	43
kc	38	15	12841	矿藏	43
kc	38	15	12941	扩充	43
kc	38	15	12311	卡车	44
kc	38	15	12319	开车	44
kc	38	15	12322	开除	44
kc	38	15	12507	考查	45
kc	38	15	12508	考场	45
kc	38	15	12892	库存	45
kc	38	15	12760	扣除	46
kc	38	15	12808	快船	46
kc	38	15	12835	宽敞	46
kc	38	15	12317	开场	47
kc	38	15	12418	勘测	48
kc	38	15	12419	勘察	48
kc	38	15	12567	可耻	48
kc	38	15	12757	口才	48
kc	38	15	12891	苦楚	48
kc	38	15	12310	咔嚓	49
kc	38	15	12420	勘查	49
kc	38	15	12758	口齿	49
kc	38	15	12759	口吃	49
kc	38	15	12807	快车	49
kc	38	15	12320	开城	50
kc	38	15	12761	口唇	50
kc	38	15	12890	库车	50
kcb	1	0	12318	开场白	47
kcd	1	0	12843	矿产地	46
kct	1	0	12509	考察团	49
kczj	1	0	12566	可乘之机	49
kd	38	15	12425	看到	31
kd	38	15	12942	扩大	33
kd	38	15	12618	肯定	34
kd	38	15	12762	口袋	41
kd	38	15	12424	看待	42
kd	38	15	12428	刊登	43
kd	38	15	12436	抗敌	43
kd	38	15	12569	客店	43
kd	38	15	12800	跨度	43
kd	38	15	12328	开端	44
kd	38	15	12836	宽大	44
kd	38	15	12839	宽度	44
kd	38	15	12621	坑道	45
kd	38	15	12701	空地	45
kd	38	15	12799	夸大	45
kd	38	15	12570	蝌蚪	46
kd	38	15	12700	孔道	46
kd	38	15	12702	空洞	46
kd	38	15	12837	款待	46
kd	38	15	12435	康德	47
kd	38	15	12512	考点	47
kd	38	15	12568	柯达	47
kd	38	15	12622	坑洞	47
kd	38	15	12810	快点	47
kd	38	15	12838	宽带	47
kd	38	15	12326	开店	48
kd	38	15	12510	拷打	48
kd	38	15	12571	客队	48
kd	38	15	12703	崆峒	48
kd	38	15	12899	亏得	48
kd	38	15	12324	开导	49
kd	38	15	12327	开动	49
kd	38	15	12429	砍掉	49
kd	38	15	12898	亏待	49
kd	38	15	12325	开刀	50
kd	38	15	12513	考订	50
kd	38	15	12809	快递	50
kd	38	15	12893	裤带	50
kdc	1	0	12426	看得出	47
kdd	1	0	12699	空荡荡	47
kdj	1	0	12427	看得见	48
kdz	1	0	12511	靠得住	50
ke	4	6	12312	卡尔	49
ke	4	6	12329	开恩	49
ke	4	6	12572	科尔	50
ke	4	6	12704	空儿	50
kes	1	0	12330	凯恩斯	50
kf	18	12	12331	开发	32
kf	18	12	12332	开放	33
kf	18	12	12430	看法	38
kf	18	12	12337	开封	39
kf	18	12	12313	咖啡	40
kf	18	12	12575	克服	40
kf	18	12	12438	康复	41
kf	18	12	12573	客房	45
kf	18	12	12845	狂风	45
kf	18	12	12764	口服	46
kf	18	12	12339	开赴	47
kf	18	12	12574	可否	47
kf	18	12	12900	匮乏	47
kf	18	12	12431	砍伐	49
kf	18	12	12763	扣发	49
kf	18	12	12894	库房	49
kf	18	12	12437	亢奋	50
kf	18	12	12927	困乏	50
kff	1	0	12338	开封府	48
kfg	1	0	12314	咖啡馆	48
kfl	1	0	12901	隗福临	47
kfq	1	0	12334	开发区	36
kfs	3	4	12335	开发商	45
kfs	3	4	12439	抗辐射	46
kfs	3	4	12333	开放式	47
kfx	1	0	12336	开发型	47
kg	23	13	12576	客观	37
kg	23	13	12343	开国	38
kg	23	13	12465	看过	41
kg	23	13	12514	考古	41
kg	23	13	12341	开工	42
kg	23	13	12707	控股	42
kg	23	13	12862	宽广	43
kg	23	13	12342	开关	45
kg	23	13	12577	可观	45
kg	23	13	12705	控告	45
kg	23	13	12515	考官	46
kg	23	13	12801	跨国	46
kg	23	13	12802	跨过	46
kg	23	13	12579	可贵	47
kg	23	13	12846	矿工	47
kg	23	13	12464	看管	48
kg	23	13	12811	快感	48
kg	23	13	12578	客官	49
kg	23	13	12765	口感	49
kg	23	13	12847	旷古	49
kg	23	13	12340	凯歌	50
kg	23	13	12706	空格	50
kg	23	13	12812	快攻	50
kgd	1	0	12516	考古队	50
kggs	1	0	12803	跨国公司	45
kgr	1	0	12440	抗干扰	50
kgx	1	0	12517	考古学	44
kgxj	1	0	12518	考古学家	47
kh	26	13	12583	客户	36
kh	26	13	12519	考核	38
kh	26	13	12766	口号	39
kh	26	13	12345	开会	40
kh	26	13	12476	看好	43
kh	26	13	12584	刻画	44
kh	26	13	12813	快活	44
kh	26	13	12928	困惑	44
kh	26	13	12344	开花	45
kh	26	13	12442	抗衡	45
kh	26	13	12710	恐慌	45
kh	26	13	12902	葵花	45
kh	26	13	12443	抗洪	47
kh	26	13	12581	可好	47
kh	26	13	12849	狂欢	47
kh	26	13	12708	恐吓	48
kh	26	13	12871	宽厚	48
kh	26	13	12441	抗旱	49
kh	26	13	12580	可汗	49
kh	26	13	12582	可恨	49
kh	26	13	12709	空话	49
kh	26	13	12895	哭喊	49
kh	26	13	12477	看护	50
kh	26	13	12585	客货	50
kh	26	13	12625	垦荒	50
kh	26	13	12943	括号	50
khd	1	0	12848	矿化度	50
khl	1	0	12586	客货轮	46
khs	1	0	12767	口号声	48
kj	42	15	12587	科技	30
kj	42	15	12478	看见	32
kj	42	15	12711	空间	34
kj	42	15	12717	空军	34
kj	42	15	12589	可见	37
kj	42	15	12769	口径	38
kj	42	15	12944	扩建	39
kj	42	15	12716	恐惧	40
kj	42	15	12814	会计	40
kj	42	15	12521	靠近	41
kj	42	15	12594	科举	41
kj	42	15	12929	困境	41
kj	42	15	12850	框架	42
kj	42	15	12444	抗击	43
kj	42	15	12350	开局	44
kj	42	15	12446	抗拒	44
kj	42	15	12524	考卷	44
kj	42	15	12712	空降	44
kj	42	15	12520	烤鸡	46
kj	42	15	12588	客机	46
kj	42	15	12591	科教	46
kj	42	15	12714	空姐	46
kj	42	15	12815	快捷	46
kj	42	15	12349	开进	47
kj	42	15	12522	考究	47
kj	42	15	12770	口诀	47
kj	42	15	12832	夸奖	47
kj	42	15	12851	矿井	47
kj	42	15	12903	盔甲	48
kj	42	15	12913	哭叫	48
kj	42	15	12914	枯竭	48
kj	42	15	12347	铠甲	49
kj	42	15	12348	开奖	49
kj	42	15	12447	抗菌	49
kj	42	15	12715	孔径	49
kj	42	15	12768	口角	49
kj	42	15	12833	跨进	49
kj	42	15	12904	愧疚	49
kj	42	15	12346	开机	50
kj	42	15	12445	康佳	50
kj	42	15	12523	考据	50
kj	42	15	12930	困倦	50
kjb	1	0	12713	空降兵	46
kjg	1	0	12590	可见光	48
kjs	1	0	12816	会计师	43
kjxs	1	0	12592	科教兴市	47
kjyq	1	0	12593	科技园区	47
kk	23	13	12479	看看	34
kk	23	13	12595	可靠	39
kk	23	13	12353	开口	40
kk	23	13	12872	宽阔	41
kk	23	13	12354	开阔	43
kk	23	13	12448	慷慨	43
kk	23	13	12597	可可	43
kk	23	13	12599	可口	43
kk	23	13	12817	快快	43
kk	23	13	12916	苦苦	43
kk	23	13	12602	刻苦	46
kk	23	13	12352	开垦	47
kk	23	13	12598	苛刻	47
kk	23	13	12720	空旷	47
kk	23	13	12480	坎坷	48
kk	23	13	12718	空空	48
kk	23	13	12771	口渴	48
kk	23	13	12834	夸克	48
kk	23	13	12915	库克	48
kk	23	13	12931	困苦	48
kk	23	13	12853	框框	49
kk	23	13	12351	开开	50
kk	23	13	12600	克扣	50
kkdd	1	0	12719	空空导弹	47
kkj	1	0	12450	康克俭	49
kkja	1	0	12449	慷慨激昂	46
kkkl	1	0	12601	可口可乐	49
kkss	1	0	12772	口口声声	48
kkt	1	0	12852	旷开田	48
kkx	1	0	12596	可靠性	44
kl	32	14	12527	考虑	33
kl	32	14	12481	看来	34
kl	32	14	12818	快乐	38
kl	32	14	12607	可怜	39
kl	32	14	12355	开来	41
kl	32	14	12605	颗粒	43
kl	32	14	12932	昆仑	43
kl	32	14	12359	开罗	44
kl	32	14	12773	口里	44
kl	32	14	12906	傀儡	44
kl	32	14	12603	克拉	45
kl	32	14	12919	窟窿	45
kl	32	14	12409	卡拉	46
kl	32	14	12613	克隆	46
kl	32	14	12721	恐龙	46
kl	32	14	12356	开朗	47
kl	32	14	12526	靠拢	47
kl	32	14	12606	克里	47
kl	32	14	12612	客流	47
kl	32	14	12614	科隆	47
kl	32	14	12918	苦练	47
kl	32	14	12920	骷髅	47
kl	32	14	12776	扣留	48
kl	32	14	12358	开裂	49
kl	32	14	12774	口粮	49
kl	32	14	12775	口令	49
kl	32	14	12905	亏了	49
kl	32	14	12357	凯利	50
kl	32	14	12410	喀拉	50
kl	32	14	12525	考量	50
kl	32	14	12604	可乐	50
kl	32	14	12917	苦力	50
klb	1	0	12819	蒯鲁班	47
kld	1	0	12608	克林顿	46
kldy	1	0	12615	克罗地亚	46
kls	3	4	12933	昆仑山	45
kls	3	4	12609	科林斯	47
kls	3	4	12411	卡洛斯	49
klt	1	0	12610	克里特	44
kltd	1	0	12611	克里特岛	48
km	12	10	12934	昆明	40
km	12	10	12360	开门	41
km	12	10	12723	孔明	41
km	12	10	12616	科目	42
km	12	10	12364	开幕	43
km	12	10	12617	课目	44
km	12	10	12362	开明	46
km	12	10	12921	苦闷	47
km	12	10	12363	楷模	48
km	12	10	12722	孔庙	48
km	12	10	12820	快慢	49
km	12	10	12922	苦命	49
kmc	1	0	12365	开幕词	48
kmjs	1	0	12361	开门见山	49
kml	2	3	12412	喀麦隆	47
kml	2	3	12413	卡米拉	50
kms	2	3	12366	开幕式	45
kms	2	3	12935	昆明市	50
kmx	1	0	12452	康明逊	49
kmyc	1	0	12451	抗美援朝	46
kn	7	8	12619	可能	27
kn	7	8	12936	困难	33
kn	7	8	12923	苦难	43
kn	7	8	12924	苦恼	44
kn	7	8	12626	可逆	47
kn	7	8	12453	康宁	48
kn	7	8	12854	狂怒	50
knd	1	0	12627	肯尼迪	48
kng	1	0	12937	坤宁宫	47
knx	2	3	12620	可能性	39
knx	2	3	12454	抗逆性	46
kny	1	0	12628	肯尼亚	45
kp	10	9	12724	恐怕	36
kp	10	9	12369	开辟	38
kp	10	9	12632	可怕	39
kp	10	9	12634	科普	46
kp	10	9	12370	开平	47
kp	10	9	12544	卡片	48
kp	10	9	12367	开盘	49
kp	10	9	12368	开炮	49
kp	10	9	12633	客票	49
kp	10	9	12528	考评	50
kpd	1	0	12371	开普敦	49
kq	26	13	12725	空气	36
kq	26	13	12635	客气	40
kq	26	13	12726	空前	40
kq	26	13	12777	口气	40
kq	26	13	12855	况且	42
kq	26	13	12483	看清	43
kq	26	13	12779	口腔	43
kq	26	13	12952	哭泣	44
kq	26	13	12372	开启	45
kq	26	13	12373	开枪	45
kq	26	13	12375	开去	45
kq	26	13	12530	考取	45
kq	26	13	12728	孔雀	45
kq	26	13	12856	矿区	45
kq	26	13	12529	考前	46
kq	26	13	12630	恳求	46
kq	26	13	12637	可取	46
kq	26	13	12729	空缺	47
kq	26	13	12455	抗清	48
kq	26	13	12629	恳切	48
kq	26	13	12938	昆曲	48
kq	26	13	12374	开窍	50
kq	26	13	12623	铿锵	50
kq	26	13	12636	渴求	50
kq	26	13	12727	控球	50
kq	26	13	12778	口器	50
kqd	1	0	12780	口气道	50
kql	1	0	12482	看起来	43
kqs	1	0	12857	矿泉水	49
kqw	1	0	12456	康亲王	48
kr	9	9	12457	抗日	35
kr	9	9	12638	客人	36
kr	9	9	12939	困扰	43
kr	9	9	12873	宽容	44
kr	9	9	12531	考入	45
kr	9	9	12858	狂热	45
kr	9	9	12881	跨入	49
kr	9	9	12953	库容	49
kr	9	9	12376	慨然	50
krjw	1	0	12458	抗日救亡	44
krzz	1	0	12459	抗日战争	38
ks	49	16	12381	开始	27
ks	49	16	12640	可是	30
ks	49	16	12534	考生	33
ks	49	16	12535	考试	33
ks	49	16	12822	快速	35
ks	49	16	12646	咳嗽	40
ks	49	16	12859	矿山	40
ks	49	16	12380	开设	41
ks	49	16	12909	亏损	41
ks	49	16	12945	扩散	41
ks	49	16	12955	哭声	42
ks	49	16	12486	看似	43
ks	49	16	12487	看守	44
ks	49	16	12533	考上	44
ks	49	16	12639	客商	44
ks	49	16	12860	矿石	44
ks	49	16	12489	看书	45
ks	49	16	12624	吭声	45
ks	49	16	12382	开时	46
ks	49	16	12384	开水	46
ks	49	16	12545	喀什	46
ks	49	16	12731	控诉	46
ks	49	16	12383	楷书	47
ks	49	16	12532	靠山	47
ks	49	16	12643	恪守	47
ks	49	16	12730	空手	47
ks	49	16	12875	宽恕	47
ks	49	16	12876	宽松	47
ks	49	16	12954	苦涩	47
ks	49	16	12378	开赛	48
ks	49	16	12379	开山	48
ks	49	16	12484	看上	48
ks	49	16	12641	科室	48
ks	49	16	12781	口舌	48
ks	49	16	12874	款式	48
ks	49	16	12958	酷似	48
ks	49	16	12377	凯撒	49
ks	49	16	12644	瞌睡	49
ks	49	16	12783	口水	49
ks	49	16	12784	口说	49
ks	49	16	12882	跨上	49
ks	49	16	12907	溃散	49
ks	49	16	12940	昆山	49
ks	49	16	12959	苦思	49
ks	49	16	12960	哭诉	49
ks	49	16	12460	康生	50
ks	49	16	12782	口述	50
ks	49	16	12908	窥视	50
ks	49	16	12956	酷暑	50
ksj	1	0	12883	跨世纪	48
ksl	1	0	12821	蒯侍郎	49
ksme	1	0	12642	克什米尔	48
ksq	2	3	12485	看上去	40
ksq	2	3	12957	枯水期	45
kss	3	4	12461	抗生素	43
kss	3	4	12645	可说是	45
kss	3	4	12488	看守所	48
kst	1	0	12546	喀斯特	48
ksw	1	0	12647	科索沃	45
ksy	1	0	12536	考试院	47
kt	32	14	12652	课题	38
kt	32	14	12387	开通	40
kt	32	14	12657	磕头	40
kt	32	14	12389	开拓	41
kt	32	14	12785	叩头	41
kt	32	14	12655	客厅	42
kt	32	14	12388	开头	43
kt	32	14	12648	课堂	43
kt	32	14	12732	空调	43
kt	32	14	12462	抗体	44
kt	32	14	12491	勘探	44
kt	32	14	12786	口头	44
kt	32	14	12885	夸特	44
kt	32	14	12961	苦头	45
kt	32	14	12733	空投	46
kt	32	14	12537	考题	47
kt	32	14	12548	卡特	47
kt	32	14	12490	看台	48
kt	32	14	12653	客体	48
kt	32	14	12884	垮台	48
kt	32	14	12386	开庭	49
kt	32	14	12492	看透	49
kt	32	14	12649	客堂	49
kt	32	14	12823	快艇	49
kt	32	14	12861	矿体	49
kt	32	14	12910	窥探	49
kt	32	14	12385	慨叹	50
kt	32	14	12390	开脱	50
kt	32	14	12463	炕头	50
kt	32	14	12549	卡通	50
kt	32	14	12650	客套	50
kt	32	14	12654	壳体	50
ktdw	1	0	12651	科特迪瓦	49
kte	1	0	12547	卡塔尔	50
ktz	2	3	12391	开拓者	50
ktz	2	3	12656	课题组	50
kw	17	11	12787	口味	38
kw	17	11	12661	可谓	40
kw	17	11	12864	矿物	40
kw	17	11	12494	刊物	41
kw	17	11	12659	渴望	41
kw	17	11	12493	看望	43
kw	17	11	12392	开挖	45
kw	17	11	12788	口吻	45
kw	17	11	12395	开胃	46
kw	17	11	12660	可望	46
kw	17	11	12663	可恶	46
kw	17	11	12863	狂妄	47
kw	17	11	12911	魁梧	47
kw	17	11	12393	开往	48
kw	17	11	12877	宽慰	48
kw	17	11	12658	课外	49
kw	17	11	12962	枯萎	50
kwj	1	0	12865	矿务局	50
kwt	1	0	12662	科威特	47
kwx	1	0	12394	开玩笑	43
kwz	1	0	12866	矿物质	46
kx	27	13	12672	科学	31
kx	27	13	12466	康熙	36
kx	27	13	12664	可惜	36
kx	27	13	12963	苦笑	42
kx	27	13	12667	可笑	43
kx	27	13	12669	可行	43
kx	27	13	12397	开心	44
kx	27	13	12742	空虚	44
kx	27	13	12665	可喜	45
kx	27	13	12734	空隙	45
kx	27	13	12735	空袭	45
kx	27	13	12399	凯旋	46
kx	27	13	12668	可信	46
kx	27	13	12878	款项	46
kx	27	13	12401	开学	47
kx	27	13	12965	苦心	47
kx	27	13	12396	开销	48
kx	27	13	12738	空想	48
kx	27	13	12740	空心	48
kx	27	13	12879	宽心	48
kx	27	13	12966	酷刑	48
kx	27	13	12495	刊行	49
kx	27	13	12670	克星	49
kx	27	13	12736	孔隙	49
kx	27	13	12737	空闲	49
kx	27	13	12867	狂喜	49
kx	27	13	12398	开行	50
kxbd	1	0	12964	哭笑不得	48
kxc	1	0	12741	空心菜	50
kxez	1	0	12666	可想而知	44
kxf	1	0	12739	孔祥复	47
kxg	1	0	12824	蒯祥官	49
kxgl	1	0	12400	凯旋归来	44
kxh	1	0	12673	科学化	50
kxj	2	3	12674	科学家	37
kxj	2	3	12675	科学界	50
kxjs	1	0	12676	科学技术	38
kxs	1	0	12825	蒯祥死	49
kxt	2	3	12826	蒯祥同	47
kxt	2	3	12789	口香糖	50
kxx	2	3	12671	可行性	46
kxx	2	3	12677	科学性	48
kxy	1	0	12678	科学院	41
ky	37	14	12681	可以	24
ky	37	14	12679	科研	37
ky	37	14	12538	考研	38
ky	37	14	12685	可用	39
ky	37	14	12690	客运	39
ky	37	14	12468	抗议	40
ky	37	14	12539	考验	40
ky	37	14	12402	开业	43
ky	37	14	12686	刻有	43
ky	37	14	12744	空运	43
ky	37	14	12827	快要	43
ky	37	14	12868	矿冶	43
ky	37	14	12887	跨越	43
ky	37	14	12471	抗原	44
ky	37	14	12792	口音	44
ky	37	14	12869	旷野	44
ky	37	14	12403	开元	45
ky	37	14	12870	矿业	45
ky	37	14	12541	烤鱼	46
ky	37	14	12680	可言	46
ky	37	14	12682	可疑	46
ky	37	14	12683	刻意	46
ky	37	14	12793	口语	46
ky	37	14	12912	溃疡	46
ky	37	14	12790	扣押	47
ky	37	14	12967	苦于	47
ky	37	14	12687	客源	48
ky	37	14	12743	空域	48
ky	37	14	12880	宽裕	48
ky	37	14	12470	抗御	49
ky	37	14	12540	烤烟	49
ky	37	14	12946	阔叶	49
ky	37	14	12684	刻印	50
ky	37	14	12688	科员	50
ky	37	14	12791	口译	50
ky	37	14	12828	快意	50
ky	37	14	12886	夸耀	50
kyhj	1	0	12467	抗氧化剂	48
kyl	1	0	12947	阔叶林	45
kys	2	3	12948	阔叶树	43
kys	2	3	12689	柯约瑟	47
kyw	1	0	12469	康有为	41
kyz	1	0	12496	看样子	47
kz	43	15	12746	控制	31
kz	43	15	12405	开展	33
kz	43	15	12498	看着	34
kz	43	15	12753	空中	35
kz	43	15	12472	抗战	37
kz	43	15	12949	扩展	37
kz	43	15	12950	扩张	38
kz	43	15	12795	口中	39
kz	43	15	12502	看作	40
kz	43	15	12408	开支	41
kz	43	15	12543	考证	41
kz	43	15	12692	科长	41
kz	43	15	12754	孔子	41
kz	43	15	12694	可知	42
kz	43	15	12796	口子	42
kz	43	15	12829	快照	42
kz	43	15	12831	筷子	42
kz	43	15	12474	抗争	43
kz	43	15	12499	看重	43
kz	43	15	12889	夸张	43
kz	43	15	12972	裤子	43
kz	43	15	12695	克制	44
kz	43	15	12404	开凿	45
kz	43	15	12500	看中	45
kz	43	15	12542	靠着	45
kz	43	15	12745	空战	45
kz	43	15	12406	开战	46
kz	43	15	12501	看准	47
kz	43	15	12691	客栈	47
kz	43	15	12969	苦战	47
kz	43	15	12407	开张	48
kz	43	15	12503	看做	48
kz	43	15	12830	块状	48
kz	43	15	12968	枯燥	48
kz	43	15	12971	苦衷	48
kz	43	15	12794	口罩	49
kz	43	15	12951	扩招	49
kz	43	15	12970	枯枝	49
kz	43	15	12497	刊载	50
kz	43	15	12631	垦殖	50
kz	43	15	12747	空智	50
kz	43	15	12797	扣子	50
kz	43	15	12888	夸赞	50
kze	1	0	12693	柯镇恶	43
kzjz	1	0	12475	抗震救灾	46
kzl	1	0	12748	控制论	49
kzq	2	3	12749	控制器	49
kzq	2	3	12750	控制权	49
kzsq	1	0	12473	抗战时期	49
kzx	1	0	12751	控制线	50
kzxt	1	0	12752	控制系统	43
la	5	6	13310	两岸	37
la	5	6	13289	恋爱	42
la	5	6	13781	临安	45
la	5	6	13288	立案	47
la	5	6	13309	里昂	47
lb	60	16	13083	老板	35
lb	60	16	13620	礼部	37
lb	60	16	13290	联邦	39
lb	60	16	13320	两边	39
lb	60	16	14021	刘备	39
lb	60	16	13621	吏部	40
lb	60	16	13786	林彪	40
lb	60	16	13220	类别	41
lb	60	16	13325	两步	41
lb	60	16	14023	六部	41
lb	60	16	14020	刘邦	42
lb	60	16	13041	狼狈	43
lb	60	16	13616	里边	43
lb	60	16	14350	路边	43
lb	60	16	13032	篮板	44
lb	60	16	13326	两部	44
lb	60	16	13649	列表	44
lb	60	16	12973	喇叭	45
lb	60	16	13295	练兵	45
lb	60	16	13612	李白	45
lb	60	16	13613	礼拜	45
lb	60	16	14423	萝卜	45
lb	60	16	13084	老伴	46
lb	60	16	13087	老兵	46
lb	60	16	13088	老伯	46
lb	60	16	13294	联苯	46
lb	60	16	13312	两把	46
lb	60	16	13314	凉拌	46
lb	60	16	13648	裂变	46
lb	60	16	14351	卢布	46
lb	60	16	14388	伦比	46
lb	60	16	14552	吕布	46
lb	60	16	13081	老爸	47
lb	60	16	13315	两半	47
lb	60	16	13317	两倍	47
lb	60	16	13611	篱笆	47
lb	60	16	13782	淋巴	47
lb	60	16	13784	邻邦	47
lb	60	16	12985	来宾	48
lb	60	16	13617	离别	48
lb	60	16	14349	卢比	48
lb	60	16	14389	论辩	48
lb	60	16	13033	栏板	49
lb	60	16	13036	蓝布	49
lb	60	16	13086	老本	49
lb	60	16	13296	脸部	49
lb	60	16	13318	两杯	49
lb	60	16	13321	两遍	49
lb	60	16	13800	领班	49
lb	60	16	14309	搂抱	49
lb	60	16	14421	落败	49
lb	60	16	13219	类比	50
lb	60	16	13316	两班	50
lb	60	16	13319	两本	50
lb	60	16	13322	量变	50
lb	60	16	13323	两鬓	50
lb	60	16	13615	利弊	50
lb	60	16	13647	猎豹	50
lb	60	16	13801	灵便	50
lb	60	16	14422	落榜	50
lbb	1	0	13256	冷冰冰	49
lbc	1	0	14022	刘伯承	44
lbcx	1	0	13622	力不从心	48
lbd	1	0	13578	了不得	48
lbdg	1	0	13291	联邦德国	47
lbf	1	0	13257	冷不防	49
lbj	3	4	13802	零部件	40
lbj	3	4	12987	来不及	41
lbj	3	4	13783	淋巴结	47
lbjs	1	0	13313	两败俱伤	50
lbk	1	0	13623	离不开	45
lbly	1	0	13618	利比里亚	50
lbn	2	3	13614	黎巴嫩	46
lbn	2	3	13085	老板娘	49
lbp	1	0	14425	罗布泊	48
lbq	4	6	13579	了不起	42
lbq	4	6	13787	林伯渠	47
lbq	4	6	13034	篮板球	49
lbq	4	6	14551	滤波器	50
lbs	1	0	13035	蓝宝石	50
lbt	1	0	14424	罗伯特	48
lbx	2	3	13082	老百姓	37
lbx	2	3	12986	莱比锡	47
lbxb	1	0	13785	淋巴细胞	48
lby	3	4	13619	利比亚	45
lby	3	4	13292	联邦院	47
lby	3	4	13324	梁冰玉	48
lbz	1	0	14348	卢邦正	47
lbzf	1	0	13293	联邦政府	49
lc	54	16	13329	两侧	35
lc	54	16	13337	两次	36
lc	54	16	13626	立场	36
lc	54	16	14354	露出	37
lc	54	16	13792	临床	38
lc	54	16	13650	列车	39
lc	54	16	14030	流传	39
lc	54	16	13627	里程	40
lc	54	16	13331	两层	41
lc	54	16	13628	历程	42
lc	54	16	14028	流出	42
lc	54	16	13624	理财	43
lc	54	16	13803	凌晨	43
lc	54	16	14390	轮船	43
lc	54	16	14426	罗刹	43
lc	54	16	13042	浪潮	44
lc	54	16	13625	理睬	44
lc	54	16	13791	林冲	44
lc	54	16	14027	流程	44
lc	54	16	14428	落成	44
lc	54	16	13328	粮草	45
lc	54	16	13335	两处	45
lc	54	16	13651	列出	45
lc	54	16	14025	流畅	45
lc	54	16	14330	卵巢	45
lc	54	16	14427	落差	45
lc	54	16	12975	拉扯	46
lc	54	16	13332	两场	46
lc	54	16	13635	历次	46
lc	54	16	14270	龙船	46
lc	54	16	14352	路程	46
lc	54	16	14555	屡次	46
lc	54	16	14024	流产	47
lc	54	16	14026	六朝	47
lc	54	16	14029	留出	47
lc	54	16	13089	老臣	48
lc	54	16	13297	连成	48
lc	54	16	13330	良策	48
lc	54	16	13333	两城	48
lc	54	16	13788	林场	48
lc	54	16	13804	凌迟	48
lc	54	16	14429	罗城	48
lc	54	16	12974	拉长	49
lc	54	16	13298	联城	49
lc	54	16	13327	粮仓	49
lc	54	16	13336	亮出	49
lc	54	16	13580	疗程	49
lc	54	16	14031	留存	49
lc	54	16	14553	绿茶	49
lc	54	16	14554	旅程	49
lc	54	16	13090	老城	50
lc	54	16	13299	连城	50
lc	54	16	13334	两尺	50
lc	54	16	13789	临场	50
lcb	1	0	13629	里程碑	47
lcj	2	3	13636	李从军	47
lcj	2	3	13037	澜沧江	48
lcl	1	0	13630	李成梁	49
lcs	1	0	13632	利川市	47
lct	1	0	13633	李春亭	47
lcw	3	4	13631	李闯王	46
lcw	3	4	14353	陆承伟	47
lcw	3	4	13634	李处温	50
lcy	1	0	13790	林朝英	50
lcyp	1	0	13300	连成一片	45
lcyt	1	0	14331	乱成一团	49
ld	87	18	13806	领导	27
ld	87	18	13098	劳动	31
ld	87	18	12988	来到	33
ld	87	18	13221	雷达	37
ld	87	18	14040	流动	37
ld	87	18	13637	历代	38
ld	87	18	14393	伦敦	38
ld	87	18	13338	两代	39
ld	87	18	13646	力度	39
ld	87	18	14274	垄断	39
ld	87	18	13091	老大	41
ld	87	18	13340	两地	41
ld	87	18	13581	料到	41
ld	87	18	13583	辽东	41
ld	87	18	14359	陆地	41
ld	87	18	14432	落地	41
ld	87	18	12989	来得	42
ld	87	18	13814	领地	42
ld	87	18	14430	落到	42
ld	87	18	13339	两道	43
ld	87	18	13341	两点	43
ld	87	18	13345	两端	43
ld	87	18	14561	绿豆	43
ld	87	18	14564	掠夺	43
ld	87	18	13096	老弟	44
ld	87	18	13306	联队	44
ld	87	18	14032	六大	44
ld	87	18	14271	龙大	44
ld	87	18	14312	漏洞	44
ld	87	18	14332	乱打	44
ld	87	18	14358	路灯	44
ld	87	18	14392	论断	44
ld	87	18	12982	拉动	45
ld	87	18	13222	雷电	45
ld	87	18	13258	冷淡	45
ld	87	18	13307	连队	45
ld	87	18	13342	亮点	45
ld	87	18	13347	两队	45
ld	87	18	13638	力道	45
ld	87	18	13815	零点	45
ld	87	18	14391	论点	45
ld	87	18	14559	旅店	45
ld	87	18	13038	懒得	46
ld	87	18	13093	老道	46
ld	87	18	13301	连带	46
ld	87	18	13302	炼丹	46
ld	87	18	13348	两对	46
ld	87	18	13807	领到	46
ld	87	18	13817	领队	46
ld	87	18	14431	落得	46
ld	87	18	14556	履带	46
ld	87	18	13303	脸蛋	47
ld	87	18	13343	亮度	47
ld	87	18	13582	了得	47
ld	87	18	14035	榴弹	47
ld	87	18	14273	隆冬	47
ld	87	18	14311	楼顶	47
ld	87	18	14563	略带	47
ld	87	18	12977	拉丁	48
ld	87	18	13094	唠叨	48
ld	87	18	13097	老爹	48
ld	87	18	13259	冷冻	48
ld	87	18	13304	镰刀	48
ld	87	18	13305	联动	48
ld	87	18	13344	两度	48
ld	87	18	13346	两段	48
ld	87	18	13653	列队	48
ld	87	18	13796	林地	48
ld	87	18	13805	领带	48
ld	87	18	13816	灵动	48
ld	87	18	14034	留待	48
ld	87	18	14313	漏斗	48
ld	87	18	14360	路段	48
ld	87	18	14558	绿地	48
ld	87	18	12991	来电	49
ld	87	18	13039	懒惰	49
ld	87	18	13652	列岛	49
ld	87	18	14039	六点	49
ld	87	18	12976	拉大	50
ld	87	18	12992	莱顿	50
ld	87	18	13641	里德	50
ld	87	18	13644	立定	50
ld	87	18	13793	林带	50
ld	87	18	13795	临到	50
ld	87	18	14310	楼道	50
ld	87	18	14333	乱动	50
ld	87	18	14357	路德	50
ldbd	1	0	13584	辽东半岛	49
ldbz	1	0	13808	领导班子	44
ldc	1	0	13809	领导层	47
ldd	1	0	14041	刘冬冬	47
lddx	1	0	14394	伦敦大学	50
ldf	1	0	14355	卢大夫	50
ldh	1	0	14033	柳大华	46
ldj	1	0	12990	来得及	42
ldl	2	3	13099	劳动力	36
ldl	2	3	13100	劳动量	48
ldmf	1	0	13101	劳动模范	48
ldmz	1	0	12978	拉丁美洲	45
ldn	2	3	13095	劳德诺	47
ldn	2	3	13092	老大难	48
ldp	1	0	14036	榴弹炮	46
ldq	2	3	13810	领导权	44
ldq	2	3	13643	李德全	49
ldqd	1	0	13102	劳动强度	49
ldr	1	0	13811	领导人	35
ldry	1	0	13812	领导人员	46
lds	3	4	13639	李大双	47
lds	3	4	14557	履带式	48
lds	3	4	14272	隆达斯	50
ldw	1	0	12979	拉丁文	47
ldx	2	3	14042	流动性	46
ldx	2	3	14038	刘大响	47
ldy	7	8	13794	林黛玉	46
ldy	7	8	14037	刘道玉	47
ldy	7	8	12980	拉丁语	48
ldy	7	8	14560	吕调阳	48
ldy	7	8	13642	李登云	50
ldy	7	8	13645	李东阳	50
ldy	7	8	14356	陆大有	50
ldz	3	4	13103	劳动者	40
ldz	3	4	13640	李大钊	40
ldz	3	4	13813	领导者	44
ldzb	1	0	14275	垄断资本	50
ldzj	1	0	14043	流动资金	50
ldzl	1	0	13104	劳动资料	47
ldzm	1	0	12981	拉丁字母	48
le	2	3	14562	绿萼	43
le	2	3	13105	老二	46
lf	32	14	13685	立法	37
lf	32	14	13043	浪费	41
lf	32	14	13690	立方	41
lf	32	14	12993	来访	42
lf	32	14	13108	老夫	42
lf	32	14	13349	两方	43
lf	32	14	13585	疗法	43
lf	32	14	13109	老妇	44
lf	32	14	14044	流芳	44
lf	32	14	14395	轮番	44
lf	32	14	13654	裂缝	45
lf	32	14	13686	礼法	45
lf	32	14	14314	楼房	45
lf	32	14	13106	牢房	46
lf	32	14	13354	两幅	46
lf	32	14	13687	历法	46
lf	32	14	13696	礼服	46
lf	32	14	13797	磷肥	46
lf	32	14	14045	流放	46
lf	32	14	13223	雷锋	47
lf	32	14	13350	两份	47
lf	32	14	13260	冷风	48
lf	32	14	13308	连发	48
lf	32	14	13799	临汾	48
lf	32	14	13351	两分	49
lf	32	14	13689	力帆	49
lf	32	14	14276	龙凤	49
lf	32	14	14277	龙服	49
lf	32	14	13110	老父	50
lf	32	14	13352	凉粉	50
lf	32	14	13353	凉风	50
lf	32	14	14570	氯仿	50
lfbs	1	0	14046	流芳百世	44
lfc	1	0	13798	磷肥厂	47
lfh	2	3	13695	李飞黄	48
lfh	2	3	13688	立法会	50
lfl	1	0	14047	刘芳亮	46
lfm	1	0	13691	立方米	44
lfq	2	3	13692	立法权	40
lfq	2	3	14361	陆菲青	44
lfs	1	0	13693	理发师	50
lfx	1	0	12994	来凤县	47
lfy	1	0	13107	老佛爷	46
lfz	1	0	13694	立法者	47
lg	38	15	13355	两个	28
lg	38	15	14049	六个	40
lg	38	15	13114	老公	41
lg	38	15	13040	栏杆	42
lg	38	15	13218	乐观	42
lg	38	15	14050	留给	42
lg	38	15	13118	牢固	43
lg	38	15	14565	掠过	43
lg	38	15	14571	旅馆	43
lg	38	15	13357	两根	44
lg	38	15	13698	理工	44
lg	38	15	13873	邻国	44
lg	38	15	14365	路过	44
lg	38	15	13404	练功	45
lg	38	15	12984	拉古	46
lg	38	15	13115	劳工	46
lg	38	15	13359	两广	46
lg	38	15	13699	立功	46
lg	38	15	13818	灵感	46
lg	38	15	14278	龙宫	46
lg	38	15	14315	楼阁	46
lg	38	15	14433	锣鼓	46
lg	38	15	13112	老高	47
lg	38	15	13113	老哥	47
lg	38	15	13225	肋骨	47
lg	38	15	13705	立国	47
lg	38	15	13226	擂鼓	48
lg	38	15	13311	炼钢	48
lg	38	15	13358	两股	48
lg	38	15	13360	亮光	48
lg	38	15	13655	裂谷	48
lg	38	15	14279	龙骨	48
lg	38	15	13440	连贯	49
lg	38	15	13656	列国	49
lg	38	15	13051	蓝光	50
lg	38	15	13111	劳改	50
lg	38	15	13224	雷公	50
lg	38	15	14048	流感	50
lgc	2	3	13697	李高成	38
lgc	2	3	14364	鲁桂成	47
lgdx	1	0	13700	理工大学	50
lgf	1	0	13704	李贵妃	45
lgfs	1	0	13356	两个凡是	46
lgg	1	0	13116	老公公	48
lgn	2	3	12983	拉根尼	46
lgn	2	3	14052	刘国能	50
lgr	2	3	13117	老工人	49
lgr	2	3	13706	李国瑞	50
lgx	2	3	13707	李国香	48
lgx	2	3	14362	陆高轩	49
lgxy	1	0	13701	理工学院	40
lgy	1	0	14363	陆冠英	46
lgyc	1	0	14051	流光溢彩	48
lgz	3	4	14053	刘国正	47
lgz	3	4	13702	李公子	48
lgz	3	4	13703	李光昭	48
lh	52	16	13488	联合	33
lh	52	16	13362	良好	34
lh	52	16	13708	厉害	36
lh	52	16	14435	落后	37
lh	52	16	13829	灵魂	38
lh	52	16	13709	利害	39
lh	52	16	13717	理会	40
lh	52	16	13822	菱花	40
lh	52	16	13830	灵活	40
lh	52	16	12996	来回	41
lh	52	16	14573	绿化	41
lh	52	16	13119	老汉	42
lh	52	16	13121	老虎	42
lh	52	16	13364	两湖	42
lh	52	16	13718	离婚	42
lh	52	16	14367	芦花	42
lh	52	16	13261	冷汗	43
lh	52	16	13057	兰花	44
lh	52	16	13366	两会	44
lh	52	16	13494	莲花	44
lh	52	16	13820	令狐	44
lh	52	16	13828	领会	44
lh	52	16	12995	来华	45
lh	52	16	13493	脸红	45
lh	52	16	13658	烈火	45
lh	52	16	14054	六合	45
lh	52	16	14397	轮回	45
lh	52	16	13122	老化	46
lh	52	16	13496	连环	46
lh	52	16	13586	辽河	46
lh	52	16	14368	炉火	46
lh	52	16	13056	兰湖	47
lh	52	16	13363	两河	47
lh	52	16	13710	里海	47
lh	52	16	13819	领海	47
lh	52	16	13821	菱湖	47
lh	52	16	14396	轮换	47
lh	52	16	14434	罗汉	47
lh	52	16	13227	泪痕	48
lh	52	16	13228	泪花	48
lh	52	16	13361	两汉	48
lh	52	16	13712	利好	48
lh	52	16	14436	落户	48
lh	52	16	13044	浪花	49
lh	52	16	13657	猎户	49
lh	52	16	14058	硫化	49
lh	52	16	14574	氯化	49
lh	52	16	13123	老话	50
lh	52	16	13365	量化	50
lh	52	16	13497	联欢	50
lh	52	16	13715	梨花	50
lh	52	16	13716	理化	50
lhb	3	4	13055	拦河坝	46
lhb	3	4	14055	刘合炳	47
lhb	3	4	14061	柳湖坝	47
lhc	2	3	13823	令狐冲	35
lhc	2	3	13495	莲花池	49
lhcq	1	0	14369	炉火纯青	48
lhcx	2	3	13824	令狐冲笑	48
lhcx	2	3	13825	令狐冲心	50
lhd	2	3	13498	连皇帝	49
lhd	2	3	14575	绿化带	49
lhdg	1	0	13826	令狐大哥	47
lhf	1	0	14281	龙画凤	49
lhg	1	0	13489	联合国	37
lhgz	1	0	13827	令狐公子	49
lhh	2	3	13490	联合会	40
lhh	2	3	14334	乱哄哄	50
lhj	2	3	13711	李汉俊	46
lhj	2	3	14572	铝合金	49
lhk	1	0	14366	陆海空	50
lhks	1	0	13120	老河口市	47
lhls	1	0	14437	落花流水	49
lhn	1	0	14576	氯化钠	50
lhq	1	0	14059	刘华清	46
lht	1	0	13491	联合体	48
lhw	1	0	14060	硫化物	49
lhx	2	3	13831	灵活性	46
lhx	2	3	14280	龙合玺	47
lhz	4	6	13713	李鸿章	37
lhz	4	6	13714	李鸿忠	41
lhz	4	6	14056	刘和珍	47
lhz	4	6	14057	刘鹤真	50
lhzf	1	0	13492	联合政府	44
lj	95	18	13587	了解	31
lj	95	18	13719	立即	33
lj	95	18	13734	理解	34
lj	95	18	13229	累计	36
lj	95	18	14376	陆军	36
lj	95	18	13501	连接	37
lj	95	18	14438	逻辑	38
lj	95	18	13021	垃圾	41
lj	95	18	13059	拦截	41
lj	95	18	13262	冷静	41
lj	95	18	13367	两级	41
lj	95	18	13372	两家	41
lj	95	18	13378	两届	41
lj	95	18	13382	良久	41
lj	95	18	13383	两句	41
lj	95	18	14070	流经	41
lj	95	18	12997	来讲	42
lj	95	18	13374	两件	42
lj	95	18	13502	链接	42
lj	95	18	13508	联军	42
lj	95	18	13737	历经	42
lj	95	18	13901	邻近	42
lj	95	18	14374	鹿角	42
lj	95	18	13125	老家	43
lj	95	18	13499	脸颊	43
lj	95	18	13659	列举	43
lj	95	18	13902	临近	43
lj	95	18	13903	邻居	43
lj	95	18	13500	廉价	44
lj	95	18	13722	李家	44
lj	95	18	13735	历届	44
lj	95	18	13744	李俊	44
lj	95	18	13835	灵柩	44
lj	95	18	14370	卤鸡	44
lj	95	18	14375	路径	44
lj	95	18	13022	辣椒	45
lj	95	18	13127	老将	45
lj	95	18	13368	良机	45
lj	95	18	13369	两极	45
lj	95	18	13833	零件	45
lj	95	18	13834	领教	45
lj	95	18	14066	六角	45
lj	95	18	12998	来京	46
lj	95	18	13045	郎君	46
lj	95	18	13230	累积	46
lj	95	18	13380	两晋	46
lj	95	18	13503	联结	46
lj	95	18	13588	了结	46
lj	95	18	13728	丽江	46
lj	95	18	13900	临界	46
lj	95	18	14064	刘家	46
lj	95	18	14068	六届	46
lj	95	18	14373	庐江	46
lj	95	18	14439	罗家	46
lj	95	18	13124	牢记	47
lj	95	18	13231	雷击	47
lj	95	18	13373	两架	47
lj	95	18	13375	两间	47
lj	95	18	13379	谅解	47
lj	95	18	13504	连结	47
lj	95	18	13505	联接	47
lj	95	18	13506	廉洁	47
lj	95	18	13736	礼节	47
lj	95	18	14062	六级	47
lj	95	18	14282	龙井	47
lj	95	18	14440	珞珈	47
lj	95	18	13723	离家	48
lj	95	18	13726	利剑	48
lj	95	18	13727	里间	48
lj	95	18	13837	领军	48
lj	95	18	14335	乱叫	48
lj	95	18	14398	论及	48
lj	95	18	13370	两季	49
lj	95	18	13376	两江	49
lj	95	18	13384	两具	49
lj	95	18	13507	练就	49
lj	95	18	13720	礼记	49
lj	95	18	13729	漓江	49
lj	95	18	13738	离京	49
lj	95	18	13743	力矩	49
lj	95	18	13832	凌驾	49
lj	95	18	14063	刘基	49
lj	95	18	14069	镏金	49
lj	95	18	14399	论据	49
lj	95	18	13024	拉近	50
lj	95	18	13232	累及	50
lj	95	18	13263	冷峻	50
lj	95	18	13371	量级	50
lj	95	18	13377	良将	50
lj	95	18	13721	痢疾	50
lj	95	18	13724	里加	50
lj	95	18	13899	临江	50
lj	95	18	14371	路基	50
lj	95	18	14372	陆基	50
lj	95	18	14442	落脚	50
ljb	1	0	14067	刘积斌	47
ljbx	1	0	14577	屡见不鲜	49
ljc	2	3	14065	刘建超	48
ljc	2	3	14283	龙井茶	50
ljd	2	3	13725	李家墩	47
ljd	2	3	14441	罗家墩	47
ljdx	1	0	14377	陆军大学	46
ljg	1	0	13233	雷家沟	47
ljh	2	3	13126	老家伙	48
ljh	2	3	14578	旅交会	48
ljj	2	3	13023	辣椒酱	47
ljj	2	3	13381	亮晶晶	50
ljl	2	3	13739	李景林	49
ljl	2	3	13740	李景隆	49
ljm	1	0	13730	李建明	47
ljn	1	0	13234	雷吉纳	50
ljq	2	3	13731	李建群	47
ljq	2	3	13732	立交桥	50
ljs	1	0	14071	刘精松	47
ljt	2	3	13733	李嘉图	48
ljt	2	3	14072	柳敬亭	48
ljx	1	0	14443	逻辑学	48
ljy	3	4	14378	卢俊义	44
ljy	3	4	13741	李金羽	49
ljy	3	4	14316	楼九楹	49
ljyd	1	0	13836	灵机一动	47
ljz	1	0	13742	李金早	47
lk	28	13	13745	离开	33
lk	28	13	13746	立刻	34
lk	28	13	12999	来看	35
lk	28	13	14579	旅客	39
lk	28	13	13025	拉开	40
lk	28	13	13750	李逵	41
lk	28	13	13388	两块	43
lk	28	13	14400	轮廓	44
lk	28	13	13385	两颗	45
lk	28	13	13386	两口	45
lk	28	13	13510	脸孔	45
lk	28	13	13589	辽阔	45
lk	28	13	13747	理科	45
lk	28	13	13905	磷矿	45
lk	28	13	14380	路口	45
lk	28	13	13838	凌空	46
lk	28	13	14336	乱砍	46
lk	28	13	13265	冷酷	47
lk	28	13	13904	林肯	47
lk	28	13	13660	裂开	48
lk	28	13	13128	劳苦	49
lk	28	13	13839	领空	49
lk	28	13	14073	流寇	49
lk	28	13	14317	镂空	49
lk	28	13	14445	落空	49
lk	28	13	13000	来客	50
lk	28	13	13509	联考	50
lk	28	13	14284	龙口	50
lkn	1	0	14379	卢克纳	50
lkq	1	0	13264	冷空气	48
lkx	1	0	13748	李可秀	49
lkxd	1	0	14444	洛克希德	47
lkz	2	3	13387	两口子	47
lkz	2	3	13749	李克智	50
ll	79	17	13764	理论	30
ll	79	17	13755	力量	32
ll	79	17	13752	历来	38
ll	79	17	13389	两类	40
ll	79	17	13512	连连	40
ll	79	17	13514	联络	40
ll	79	17	13768	利率	40
ll	79	17	14074	浏览	40
ll	79	17	14084	流量	40
ll	79	17	13001	来历	42
ll	79	17	13002	来临	42
ll	79	17	13130	牢牢	42
ll	79	17	14088	流露	42
ll	79	17	13590	料理	43
ll	79	17	13907	林立	43
ll	79	17	14401	伦理	43
ll	79	17	14402	轮流	43
ll	79	17	13395	两路	44
ll	79	17	13841	凌厉	44
ll	79	17	14080	流泪	44
ll	79	17	14081	琉璃	44
ll	79	17	13133	劳累	45
ll	79	17	13390	亮丽	45
ll	79	17	13843	玲珑	45
ll	79	17	14287	笼络	45
ll	79	17	14449	裸露	45
ll	79	17	13134	劳力	46
ll	79	17	13135	老李	46
ll	79	17	13138	老龄	46
ll	79	17	13267	冷落	46
ll	79	17	13760	醴陵	46
ll	79	17	13845	领略	46
ll	79	17	14089	六路	46
ll	79	17	14286	隆隆	46
ll	79	17	14383	陆路	46
ll	79	17	14583	屡屡	46
ll	79	17	13027	拉拢	47
ll	79	17	13131	姥姥	47
ll	79	17	13394	两列	47
ll	79	17	13511	连累	47
ll	79	17	13592	聊聊	47
ll	79	17	14075	流浪	47
ll	79	17	14082	流利	47
ll	79	17	14083	留恋	47
ll	79	17	14090	流落	47
ll	79	17	14319	喽罗	47
ll	79	17	14382	绿林	47
ll	79	17	13235	累累	48
ll	79	17	13593	寥寥	48
ll	79	17	13758	莅临	48
ll	79	17	13767	利落	48
ll	79	17	13840	另类	48
ll	79	17	13842	伶俐	48
ll	79	17	13908	淋漓	48
ll	79	17	14384	掳掠	48
ll	79	17	14566	略略	48
ll	79	17	14580	律例	48
ll	79	17	13026	拉拉	49
ll	79	17	13060	拦路	49
ll	79	17	13255	勒令	49
ll	79	17	13392	两辆	49
ll	79	17	13763	利禄	49
ll	79	17	13765	立论	49
ll	79	17	14318	楼兰	49
ll	79	17	14404	沦落	49
ll	79	17	14447	罗列	49
ll	79	17	14581	膂力	49
ll	79	17	14582	律令	49
ll	79	17	13004	来路	50
ll	79	17	13046	朗朗	50
ll	79	17	13136	老练	50
ll	79	17	13391	两粒	50
ll	79	17	13396	两轮	50
ll	79	17	13591	嘹亮	50
ll	79	17	13751	里拉	50
ll	79	17	13844	凌乱	50
ll	79	17	13909	凛冽	50
ll	79	17	14446	落泪	50
ll	79	17	14448	洛林	50
llbs	1	0	13513	恋恋不舍	50
lld	2	3	13266	冷冷的	43
lld	2	3	14381	陆立鼎	50
llf	2	3	13906	林乐丰	49
llf	2	3	13759	李林甫	50
llh	3	4	14285	龙乐豪	46
llh	3	4	13753	李来亨	49
llh	3	4	14076	流浪汉	50
llj	1	0	13766	理论家	47
lljz	1	0	13910	淋漓尽致	49
llk	1	0	13137	老两口	49
lll	1	0	14079	刘姥姥	46
llm	1	0	14086	刘黎敏	47
llmm	1	0	13236	泪流满面	49
lln	1	0	13756	李连宁	47
llp	1	0	14077	刘郎浦	44
llq	2	3	13754	李岚清	46
llq	2	3	14078	浏览器	49
llqm	1	0	13003	来龙去脉	50
llqq	1	0	13393	踉踉跄跄	50
lls	1	0	13139	劳伦斯	49
llss	1	0	13132	老老实实	47
llw	1	0	14087	琉璃瓦	40
llwf	1	0	14085	流连忘返	48
llwj	1	0	13594	寥寥无几	49
llww	1	0	13762	里里外外	47
llx	2	3	13515	联络线	44
llx	2	3	14403	伦理学	47
lly	1	0	13757	李莲英	43
llz	3	4	13129	老莱子	47
llz	3	4	13761	栗林嘴	47
llz	3	4	14450	洛伦兹	50
lm	49	16	13776	里面	34
lm	49	16	13775	厘米	36
lm	49	16	13517	联盟	37
lm	49	16	14451	罗马	37
lm	49	16	13516	连忙	38
lm	49	16	13402	两名	39
lm	49	16	13028	喇嘛	41
lm	49	16	13400	两面	41
lm	49	16	13521	联名	41
lm	49	16	13047	浪漫	42
lm	49	16	14289	龙门	42
lm	49	16	13777	黎明	43
lm	49	16	13849	陵墓	43
lm	49	16	14091	流氓	43
lm	49	16	13030	拉美	44
lm	49	16	13061	栏目	44
lm	49	16	13769	立马	44
lm	49	16	13772	礼貌	44
lm	49	16	14386	路面	44
lm	49	16	13269	冷漠	45
lm	49	16	13397	两枚	45
lm	49	16	13911	林木	45
lm	49	16	14320	露面	45
lm	49	16	13140	老马	46
lm	49	16	13398	两门	46
lm	49	16	13518	脸面	46
lm	49	16	13520	怜悯	46
lm	49	16	13847	灵敏	46
lm	49	16	13145	老母	47
lm	49	16	13237	勒马	47
lm	49	16	13268	冷门	47
lm	49	16	13399	两米	47
lm	49	16	14385	鲁莽	47
lm	49	16	14452	骡马	47
lm	49	16	13031	拉姆	48
lm	49	16	13141	老妈	48
lm	49	16	13144	劳模	48
lm	49	16	13401	良民	48
lm	49	16	13519	连绵	48
lm	49	16	13770	黎曼	48
lm	49	16	14093	流民	48
lm	49	16	14453	落马	48
lm	49	16	13238	雷鸣	49
lm	49	16	14092	六门	49
lm	49	16	14094	六名	49
lm	49	16	14288	龙脉	49
lm	49	16	13773	礼帽	50
lm	49	16	13846	灵猫	50
lm	49	16	14456	落幕	50
lmc	1	0	13779	李莫愁	39
lmd	1	0	13848	灵敏度	48
lmdg	1	0	14454	罗马帝国	43
lmg	1	0	13771	黎满庚	49
lmj	1	0	13029	喇嘛教	50
lml	1	0	14387	鲁磨路	47
lmm	1	0	13142	老妈妈	49
lmny	1	0	14455	罗马尼亚	43
lmt	1	0	13774	李梅亭	49
lmy	1	0	13778	李明豫	47
lmz	2	3	14095	刘明祖	47
lmz	2	3	13143	老妈子	50
lmzy	1	0	13048	浪漫主义	45
ln	18	12	13403	两年	36
ln	18	12	14096	六年	39
ln	18	12	13896	理念	40
ln	18	12	13595	辽宁	41
ln	18	12	13661	列宁	42
ln	18	12	13146	老衲	45
ln	18	12	13147	老年	45
ln	18	12	13522	连年	45
ln	18	12	13780	李娜	45
ln	18	12	13850	岭南	45
ln	18	12	13897	历年	45
ln	18	12	13148	老娘	46
ln	18	12	13898	利尿	48
ln	18	12	13912	琳娜	49
ln	18	12	14097	留念	49
ln	18	12	13058	拉尼	50
ln	18	12	13062	烂泥	50
ln	18	12	13270	冷暖	50
lnd	1	0	13596	辽宁队	45
lned	1	0	14457	罗纳尔迪	50
lngl	1	0	13662	列宁格勒	49
lnr	1	0	13149	老年人	44
lns	1	0	13597	辽宁省	44
loc	1	0	13913	林藕初	48
lp	28	13	13152	老婆	37
lp	28	13	13408	两旁	41
lp	28	13	13525	莲蓬	41
lp	28	13	14098	流派	41
lp	28	13	13946	李鹏	43
lp	28	13	14290	龙袍	44
lp	28	13	13405	两派	45
lp	28	13	14497	路旁	45
lp	28	13	13947	礼品	46
lp	28	13	13409	两匹	47
lp	28	13	13410	两片	47
lp	28	13	13523	脸庞	47
lp	28	13	13526	脸皮	47
lp	28	13	13914	鳞片	47
lp	28	13	13527	脸谱	48
lp	28	13	13945	礼炮	48
lp	28	13	14100	六品	48
lp	28	13	14321	楼盘	48
lp	28	13	14458	罗盘	48
lp	28	13	13150	老牌	49
lp	28	13	13406	两排	49
lp	28	13	13407	两盘	49
lp	28	13	13524	脸盆	49
lp	28	13	14099	六篇	49
lp	28	13	13411	两篇	50
lp	28	13	13663	裂片	50
lp	28	13	14337	乱跑	50
lp	28	13	14459	落魄	50
lpls	1	0	13206	拉普拉斯	50
lpp	1	0	13153	老婆婆	48
lps	1	0	13948	李平水	50
lpy	1	0	13151	老朋友	45
lpz	2	3	13154	老婆子	46
lpz	2	3	13915	林平之	46
lq	41	15	14500	录取	35
lq	41	15	13917	林区	38
lq	41	15	13949	力气	40
lq	41	15	13955	力求	41
lq	41	15	13273	冷却	42
lq	41	15	13957	离去	42
lq	41	15	13063	篮球	43
lq	41	15	13412	两栖	43
lq	41	15	13664	列强	43
lq	41	15	14292	隆庆	43
lq	41	15	14498	路桥	43
lq	41	15	13280	乐趣	44
lq	41	15	13854	领取	44
lq	41	15	14291	隆起	44
lq	41	15	13415	踉跄	45
lq	41	15	14293	龙泉	45
lq	41	15	13855	陵区	46
lq	41	15	14103	留情	46
lq	41	15	13049	狼群	47
lq	41	15	13156	老区	47
lq	41	15	13271	冷气	47
lq	41	15	13414	两千	47
lq	41	15	13950	利器	47
lq	41	15	13954	沥青	47
lq	41	15	14101	六期	47
lq	41	15	13239	类群	48
lq	41	15	13272	冷清	48
lq	41	15	13413	凉气	48
lq	41	15	13851	灵气	48
lq	41	15	13852	灵巧	48
lq	41	15	13207	拉齐	49
lq	41	15	13528	恋情	49
lq	41	15	13665	猎枪	49
lq	41	15	13953	李强	49
lq	41	15	14322	楼前	49
lq	41	15	14584	氯气	49
lq	41	15	13666	猎犬	50
lq	41	15	13853	陵寝	50
lq	41	15	13916	临清	50
lq	41	15	13951	礼器	50
lq	41	15	13952	离奇	50
lqb	1	0	13155	老前辈	46
lqbz	1	0	14338	乱七八糟	46
lqc	2	3	13416	梁启超	43
lqc	2	3	13064	篮球场	49
lqd	3	4	13208	拉栖第	44
lqd	3	4	14102	刘七爹	49
lqd	3	4	14499	鹿清笃	50
lql	1	0	14501	录取率	46
lqq	1	0	14460	罗清泉	42
lqs	1	0	13956	李秋水	48
lqw	1	0	14104	六七万	48
lr	26	13	13961	例如	34
lr	26	13	13157	老人	35
lr	26	13	13856	令人	35
lr	26	13	13963	利润	35
lr	26	13	13670	列入	38
lr	26	13	13958	历任	40
lr	26	13	14105	流入	40
lr	26	13	13858	凌辱	42
lr	26	13	14463	落入	42
lr	26	13	13209	腊肉	43
lr	26	13	13417	两日	45
lr	26	13	13529	连任	46
lr	26	13	13530	恋人	46
lr	26	13	13531	连日	46
lr	26	13	13667	猎人	46
lr	26	13	13959	利刃	46
lr	26	13	13533	莲肉	47
lr	26	13	13918	凛然	47
lr	26	13	13005	来日	48
lr	26	13	13240	类人	48
lr	26	13	13598	缭绕	48
lr	26	13	13960	丽人	49
lr	26	13	13668	烈日	50
lr	26	13	14461	落日	50
lr	26	13	14502	路人	50
lr	26	13	14503	鹿茸	50
lrc	2	3	14464	罗汝才	45
lrc	2	3	14106	柳若晨	48
lrh	3	4	13962	李瑞环	47
lrh	3	4	14504	卢瑞华	47
lrh	3	4	14462	罗荣桓	50
lrj	1	0	13158	老人家	39
lrl	2	3	13964	利润率	40
lrl	2	3	13532	连日来	50
lrmy	1	0	13857	令人满意	50
lrnf	1	0	13669	列日涅夫	50
lrq	1	0	14465	罗瑞卿	50
lrs	1	0	13965	李如松	46
lrx	1	0	13966	李儒雄	47
lry	1	0	14107	柳如玉	46
lrzz	1	0	13599	了如指掌	49
ls	120	19	13973	历史	27
ls	120	19	13008	来说	32
ls	120	19	13536	脸上	33
ls	120	19	13163	老师	34
ls	120	19	13243	类似	34
ls	120	19	13424	粮食	34
ls	120	19	13920	临时	35
ls	120	19	13535	脸色	36
ls	120	19	14508	路上	37
ls	120	19	14585	绿色	37
ls	120	19	13534	联赛	38
ls	120	19	14407	论述	38
ls	120	19	14469	落实	38
ls	120	19	13974	立时	39
ls	120	19	13975	历时	39
ls	120	19	14587	律师	39
ls	120	19	13242	泪水	40
ls	120	19	13864	零售	40
ls	120	19	13066	蓝色	41
ls	120	19	13971	厉声	41
ls	120	19	13994	隶属	41
ls	120	19	14323	楼上	41
ls	120	19	13161	老山	42
ls	120	19	13164	老实	42
ls	120	19	13167	老鼠	42
ls	120	19	13421	梁山	42
ls	120	19	13537	连声	42
ls	120	19	14470	珞狮	42
ls	120	19	13006	来时	43
ls	120	19	13210	拉萨	43
ls	120	19	13423	两声	43
ls	120	19	13426	两手	43
ls	120	19	13539	联手	43
ls	120	19	13998	利税	43
ls	120	19	14111	流失	43
ls	120	19	14120	流水	43
ls	120	19	13540	连锁	44
ls	120	19	13671	烈士	44
ls	120	19	13923	临死	44
ls	120	19	13976	理事	44
ls	120	19	14118	留守	44
ls	120	19	14123	硫酸	44
ls	120	19	14507	庐山	44
ls	120	19	14509	陆上	44
ls	120	19	13431	两艘	45
ls	120	19	13672	劣势	45
ls	120	19	13862	零食	45
ls	120	19	14112	六十	45
ls	120	19	13241	雷声	46
ls	120	19	13275	冷水	46
ls	120	19	13861	铃声	46
ls	120	19	13863	领事	46
ls	120	19	14110	留神	46
ls	120	19	14122	流速	46
ls	120	19	14466	洛桑	46
ls	120	19	13007	来势	47
ls	120	19	13050	朗诵	47
ls	120	19	13165	老式	47
ls	120	19	13427	凉爽	47
ls	120	19	13967	离散	47
ls	120	19	13969	李珊	47
ls	120	19	14119	柳树	47
ls	120	19	14340	乱石	47
ls	120	19	14406	轮式	47
ls	120	19	14473	罗斯	47
ls	120	19	13159	老三	48
ls	120	19	13160	牢骚	48
ls	120	19	13168	老四	48
ls	120	19	13283	勒索	48
ls	120	19	13422	两扇	48
ls	120	19	13429	凉水	48
ls	120	19	13432	两岁	48
ls	120	19	13600	疗伤	48
ls	120	19	13924	磷酸	48
ls	120	19	14108	流沙	48
ls	120	19	14294	龙山	48
ls	120	19	14341	乱世	48
ls	120	19	14343	乱说	48
ls	120	19	14405	沦丧	48
ls	120	19	14511	卤素	48
ls	120	19	14513	卢梭	48
ls	120	19	14588	旅顺	48
ls	120	19	13162	老少	49
ls	120	19	13274	冷杉	49
ls	120	19	13282	乐声	49
ls	120	19	13538	连胜	49
ls	120	19	13601	了事	49
ls	120	19	13859	零散	49
ls	120	19	13865	领受	49
ls	120	19	13866	零碎	49
ls	120	19	13977	李氏	49
ls	120	19	13978	砾石	49
ls	120	19	13995	礼数	49
ls	120	19	13999	理顺	49
ls	120	19	14006	利索	49
ls	120	19	14113	流逝	49
ls	120	19	14472	落水	49
ls	120	19	14510	露水	49
ls	120	19	13065	懒散	50
ls	120	19	13211	拉屎	50
ls	120	19	13244	累死	50
ls	120	19	13281	乐山	50
ls	120	19	13860	灵山	50
ls	120	19	13919	吝啬	50
ls	120	19	13970	立身	50
ls	120	19	13979	立誓	50
ls	120	19	13980	力士	50
ls	120	19	13996	隶书	50
ls	120	19	14002	李四	50
ls	120	19	14005	俚俗	50
ls	120	19	14114	六世	50
ls	120	19	14124	六岁	50
ls	120	19	14324	楼市	50
ls	120	19	14339	卵生	50
ls	120	19	14342	卵石	50
ls	120	19	14467	罗山	50
ls	120	19	14471	罗氏	50
ls	120	19	14475	罗素	50
ls	120	19	14512	鲁肃	50
ls	120	19	14586	旅舍	50
lsb	2	3	14506	卢森堡	46
lsb	2	3	14003	里斯本	50
lsc	3	4	13968	李三春	47
lsc	3	4	13430	梁思成	49
lsc	3	4	14000	李舜臣	50
lsd	2	3	13541	连锁店	49
lsd	2	3	13921	林师弟	50
lsdr	1	0	14007	理所当然	45
lsf	2	3	14474	罗斯福	46
lsf	2	3	14505	卢瑟福	50
lsg	6	7	13428	梁曙光	45
lsg	6	7	13418	两三个	46
lsg	6	7	14004	李四光	46
lsg	6	7	13982	理事国	49
lsg	6	7	14115	六十根	49
lsg	6	7	13981	历史观	50
lsh	1	0	13983	理事会	44
lsj	2	3	14468	洛杉矶	44
lsj	2	3	13984	历史剧	49
lsl	2	3	13067	兰世立	47
lsl	2	3	14121	刘司令	50
lsm	3	4	13972	李慎明	47
lsm	3	4	14325	楼式木	47
lsm	3	4	13985	李世民	48
lsn	3	4	13419	两三年	48
lsn	3	4	13986	李十娘	50
lsn	3	4	14116	六十年	50
lsq	2	3	14109	刘少奇	41
lsq	2	3	14117	刘石泉	47
lsr	1	0	13166	老实人	49
lss	2	3	14589	绿松石	46
lss	2	3	13987	李师师	48
lst	1	0	13420	两三天	48
lsw	1	0	14001	李树文	47
lswh	1	0	14295	龙山文化	48
lsx	5	6	13989	历史性	43
lsx	5	6	13990	历史学	48
lsx	5	6	13997	李双喜	48
lsx	5	6	13988	历史系	49
lsx	5	6	13922	临时性	50
lsxj	1	0	13991	历史学家	45
lsy	1	0	13925	磷酸盐	48
lsz	2	3	13992	理事长	44
lsz	2	3	13993	李时珍	45
lszw	1	0	13425	粮食作物	43
lt	60	16	14131	流通	36
lt	60	16	14409	论坛	36
lt	60	16	13435	两天	38
lt	60	16	13437	两条	38
lt	60	16	13872	领土	38
lt	60	16	13176	老头	40
lt	60	16	14299	龙头	40
lt	60	16	13545	连同	41
lt	60	16	14012	立体	42
lt	60	16	14126	流体	42
lt	60	16	14477	罗田	42
lt	60	16	13068	蓝天	43
lt	60	16	13439	两头	43
lt	60	16	14009	礼堂	43
lt	60	16	14016	里头	43
lt	60	16	14018	力图	43
lt	60	16	14327	楼梯	43
lt	60	16	14479	骆驼	43
lt	60	16	14515	露天	43
lt	60	16	13602	聊天	44
lt	60	16	14410	论题	44
lt	60	16	13546	联通	45
lt	60	16	14297	龙亭	45
lt	60	16	13070	蓝图	46
lt	60	16	13871	领头	46
lt	60	16	14017	犁头	46
lt	60	16	14408	轮胎	46
lt	60	16	14590	旅途	46
lt	60	16	13169	老太	47
lt	60	16	13245	擂台	47
lt	60	16	13246	雷霆	47
lt	60	16	13673	猎头	47
lt	60	16	13926	临头	47
lt	60	16	14125	流淌	47
lt	60	16	14296	弄堂	47
lt	60	16	14518	路途	47
lt	60	16	13173	老天	48
lt	60	16	13433	两台	48
lt	60	16	13434	两套	48
lt	60	16	13543	链条	48
lt	60	16	13868	灵堂	48
lt	60	16	14011	里特	48
lt	60	16	14013	李铁	48
lt	60	16	14476	裸体	48
lt	60	16	14516	路透	48
lt	60	16	13069	蓝田	49
lt	60	16	13544	炼铁	49
lt	60	16	13547	连通	49
lt	60	16	13869	聆听	49
lt	60	16	14298	笼统	49
lt	60	16	14591	铝土	49
lt	60	16	13284	乐天	50
lt	60	16	13436	良田	50
lt	60	16	13438	凉亭	50
lt	60	16	13542	连天	50
lt	60	16	13867	灵台	50
lt	60	16	13870	灵通	50
lt	60	16	14127	六天	50
lt	60	16	14128	六条	50
lt	60	16	14326	楼台	50
ltc	1	0	14129	刘体纯	46
lte	1	0	13177	老头儿	45
ltg	1	0	14132	流通股	38
ltgs	1	0	13674	猎头公司	49
lth	1	0	14008	李太后	41
ltk	1	0	14592	铝土矿	49
ltlx	1	0	14130	流体力学	47
ltly	1	0	14133	流通领域	47
ltp	1	0	13170	老太婆	47
lts	2	3	14514	鲁特氏	49
lts	2	3	14517	路透社	49
ltt	1	0	13171	老太太	38
ltw	1	0	14010	立陶宛	46
ltwy	1	0	13212	拉脱维亚	49
ltx	2	3	14478	罗田县	44
ltx	2	3	14019	离退休	48
lty	3	4	13174	老天爷	44
lty	3	4	13172	老太爷	46
lty	3	4	14014	李铁映	46
ltz	3	4	13178	老头子	42
ltz	3	4	13175	老同志	47
ltz	3	4	14015	李铁嘴	50
lw	35	14	13874	另外	32
lw	35	14	13675	列为	35
lw	35	14	13443	两位	36
lw	35	14	14413	论文	39
lw	35	14	14188	例外	40
lw	35	14	13009	来往	41
lw	35	14	14193	礼物	41
lw	35	14	13183	劳务	42
lw	35	14	13213	辣味	42
lw	35	14	14412	沦为	43
lw	35	14	14520	芦苇	43
lw	35	14	14134	流亡	44
lw	35	14	13876	领悟	45
lw	35	14	14300	龙王	45
lw	35	14	13182	老挝	46
lw	35	14	13676	列位	46
lw	35	14	13677	裂纹	46
lw	35	14	13678	猎物	46
lw	35	14	14567	略微	46
lw	35	14	13441	两万	47
lw	35	14	13442	两碗	47
lw	35	14	13548	联网	47
lw	35	14	13549	练武	47
lw	35	14	14135	六位	47
lw	35	14	13179	老外	48
lw	35	14	13180	老王	48
lw	35	14	13603	瞭望	48
lw	35	14	14189	里外	48
lw	35	14	13181	老翁	49
lw	35	14	14411	沦亡	49
lw	35	14	14480	螺纹	49
lw	35	14	13875	灵位	50
lw	35	14	13927	临危	50
lw	35	14	14190	立委	50
lw	35	14	14194	里屋	50
lwd	2	3	14136	刘卫东	47
lwd	2	3	14519	卢旺达	50
lwm	1	0	14191	李为民	46
lwp	1	0	14195	利物浦	46
lws	1	0	14521	陆无双	42
lww	1	0	14196	厉无畏	47
lwx	1	0	14192	李文秀	42
lwy	1	0	13928	林文漪	47
lx	76	17	13550	联系	32
lx	76	17	13247	类型	34
lx	76	17	13558	连续	34
lx	76	17	14137	留下	34
lx	76	17	14522	路线	35
lx	76	17	14200	理想	36
lx	76	17	13884	领袖	37
lx	76	17	14146	流行	37
lx	76	17	13276	冷笑	38
lx	76	17	14527	陆续	38
lx	76	17	13878	领先	39
lx	76	17	14209	理性	39
lx	76	17	14215	力学	39
lx	76	17	14593	履行	39
lx	76	17	13554	联想	40
lx	76	17	14197	利息	40
lx	76	17	14528	鲁迅	40
lx	76	17	13214	落下	41
lx	76	17	13551	练习	41
lx	76	17	14150	留学	41
lx	76	17	14594	旅行	41
lx	76	17	13010	来信	42
lx	76	17	13451	良心	42
lx	76	17	13605	料想	42
lx	76	17	13679	列席	42
lx	76	17	14144	流血	42
lx	76	17	14210	例行	42
lx	76	17	14328	楼下	42
lx	76	17	13187	老兄	43
lx	76	17	13444	两下	43
lx	76	17	13446	亮相	43
lx	76	17	13452	两行	43
lx	76	17	13606	疗效	43
lx	76	17	13880	零星	43
lx	76	17	13447	两项	44
lx	76	17	13881	另行	44
lx	76	17	14138	流下	44
lx	76	17	14140	流向	44
lx	76	17	14145	留心	44
lx	76	17	14198	立下	44
lx	76	17	14216	理学	44
lx	76	17	14485	螺旋	44
lx	76	17	13184	老乡	45
lx	76	17	13453	良性	45
lx	76	17	13454	两性	45
lx	76	17	13882	菱形	45
lx	76	17	14141	刘翔	45
lx	76	17	14147	流星	45
lx	76	17	14201	立项	45
lx	76	17	14414	沦陷	45
lx	76	17	13277	棱形	46
lx	76	17	13552	怜惜	46
lx	76	17	14523	录像	46
lx	76	17	13604	辽西	47
lx	76	17	13879	领衔	47
lx	76	17	14199	立宪	47
lx	76	17	13553	连线	48
lx	76	17	13680	裂隙	48
lx	76	17	14142	六项	48
lx	76	17	14344	卵形	48
lx	76	17	13052	朗讯	49
lx	76	17	13186	老小	49
lx	76	17	13188	老朽	49
lx	76	17	13448	粮饷	49
lx	76	17	13877	零下	49
lx	76	17	13883	灵性	49
lx	76	17	13930	临行	49
lx	76	17	14143	留校	49
lx	76	17	14214	离休	49
lx	76	17	14301	陇西	49
lx	76	17	13445	两线	50
lx	76	17	13449	两响	50
lx	76	17	13931	遴选	50
lx	76	17	14208	离心	50
lx	76	17	14302	龙虾	50
lx	76	17	14486	落选	50
lxb	1	0	14206	粒细胞	49
lxbd	1	0	13559	连续不断	50
lxe	1	0	14217	李绪鄂	47
lxf	1	0	13929	林小芳	48
lxg	1	0	14202	理想国	47
lxhy	1	0	13555	联席会议	49
lxj	4	6	14212	李新觉	47
lxj	4	6	14487	螺旋桨	47
lxj	4	6	14595	旅行家	47
lxj	4	6	13560	连续剧	49
lxl	6	7	14139	留下来	43
lxl	6	7	14207	利息率	44
lxl	6	7	14148	刘醒龙	47
lxl	6	7	14211	李行亮	47
lxl	6	7	14213	李新良	47
lxl	6	7	13607	廖锡龙	50
lxm	3	4	13071	蓝小梅	45
lxm	3	4	14482	罗小梅	47
lxm	3	4	14481	罗小蛮	49
lxn	1	0	14204	李先念	41
lxq	2	3	13556	连心桥	47
lxq	2	3	14203	李向前	50
lxr	3	4	14151	刘雪荣	47
lxr	3	4	14526	陆希荣	48
lxr	3	4	13557	联系人	50
lxs	5	6	14596	旅行社	38
lxs	5	6	14152	留学生	44
lxs	5	6	13185	老先生	45
lxs	5	6	14524	卢象升	45
lxs	5	6	14205	李小双	47
lxw	1	0	14483	罗晓维	49
lxx	4	6	13450	梁孝宣	47
lxx	4	6	13561	连续性	47
lxx	4	6	13885	领袖像	49
lxx	4	6	14149	流行性	50
lxy	2	3	14153	刘絮云	46
lxy	2	3	14525	陆小艺	50
lxz	2	3	14484	罗秀竹	48
lxz	2	3	14597	旅行者	48
ly	80	18	14601	旅游	30
ly	80	18	14226	利用	31
ly	80	18	13890	领域	32
ly	80	18	14220	利益	33
ly	80	18	13016	来源	35
ly	80	18	14229	理由	36
ly	80	18	14163	流域	37
ly	80	18	13189	老爷	38
ly	80	18	14489	洛阳	38
ly	80	18	13194	老营	40
ly	80	18	13287	乐园	41
ly	80	18	13464	两院	41
ly	80	18	13932	林业	41
ly	80	18	14221	礼仪	41
ly	80	18	13562	连夜	42
ly	80	18	14168	六月	42
ly	80	18	14491	落叶	42
ly	80	18	13286	乐于	43
ly	80	18	13455	两眼	43
ly	80	18	14225	理应	43
ly	80	18	14230	利于	43
ly	80	18	14536	陆游	43
ly	80	18	14568	略有	43
ly	80	18	13075	滥用	44
ly	80	18	13285	乐意	44
ly	80	18	13459	两翼	44
ly	80	18	14158	留意	44
ly	80	18	14534	录用	44
ly	80	18	13191	劳役	45
ly	80	18	13565	联姻	45
ly	80	18	14154	流言	45
ly	80	18	14231	鲤鱼	45
ly	80	18	14530	录音	45
ly	80	18	13456	两样	46
ly	80	18	13457	良药	46
ly	80	18	13461	两用	46
ly	80	18	13563	联谊	46
ly	80	18	13567	炼油	46
ly	80	18	14162	留有	46
ly	80	18	14538	陆羽	46
ly	80	18	13011	赖以	47
ly	80	18	13215	腊月	47
ly	80	18	13887	羚羊	47
ly	80	18	14218	利亚	47
ly	80	18	14232	立于	47
ly	80	18	14238	礼乐	47
ly	80	18	14415	论语	47
ly	80	18	13013	莱茵	48
ly	80	18	13196	老远	48
ly	80	18	13249	雷雨	48
ly	80	18	13608	辽阳	48
ly	80	18	13682	猎鹰	48
ly	80	18	14164	刘裕	48
ly	80	18	14303	龙眼	48
ly	80	18	14598	绿叶	48
ly	80	18	13012	来意	49
ly	80	18	13072	蓝牙	49
ly	80	18	13074	拦腰	49
ly	80	18	13193	烙印	49
ly	80	18	13248	泪眼	49
ly	80	18	13609	疗养	49
ly	80	18	13681	烈焰	49
ly	80	18	13933	临沂	49
ly	80	18	14155	留言	49
ly	80	18	14222	立意	49
ly	80	18	14233	礼遇	49
ly	80	18	14529	路易	49
ly	80	18	13195	老鹰	50
ly	80	18	13458	两夜	50
ly	80	18	13463	粮油	50
ly	80	18	13465	两员	50
ly	80	18	13566	联营	50
ly	80	18	13569	联运	50
ly	80	18	13886	灵验	50
ly	80	18	13888	灵药	50
ly	80	18	13891	陵园	50
ly	80	18	14219	砾岩	50
ly	80	18	14234	李渊	50
ly	80	18	14599	绿衣	50
ly	80	18	14600	绿营	50
lyb	2	3	14227	李永波	46
lyb	2	3	13192	老一辈	47
lybj	1	0	14493	络绎不绝	48
lyc	4	6	14166	刘玉尺	47
lyc	4	6	14490	洛阳城	47
lyc	4	6	13568	炼油厂	48
lyc	4	6	14167	刘玉翠	49
lyd	2	3	14531	录音带	50
lyd	2	3	14602	旅游点	50
lyf	3	4	14239	李云风	45
lyf	3	4	14156	刘雁飞	47
lyf	3	4	14159	刘亦菲	47
lyfm	1	0	13889	另一方面	36
lyg	1	0	13570	连云港	49
lyh	5	6	14235	黎元洪	44
lyh	5	6	13014	莱茵河	47
lyh	5	6	14223	李义河	49
lyh	5	6	13564	联谊会	50
lyh	5	6	14165	刘元鹤	50
lyj	4	6	14603	旅游局	42
lyj	4	6	14224	李翊君	47
lyj	4	6	14537	鲁有脚	48
lyj	4	6	14532	录音机	49
lyl	2	3	14228	利用率	47
lyl	2	3	13934	林玉龙	50
lym	2	3	14160	刘应明	47
lym	2	3	14488	罗亚蒙	47
lyq	4	6	14604	旅游区	38
lyq	4	6	13460	梁亦清	48
lyq	4	6	14157	刘延庆	49
lyq	4	6	13462	两用桥	50
lys	3	4	14329	楼阳生	47
lys	3	4	14492	落叶松	49
lys	3	4	14533	路易斯	50
lysc	1	0	13015	赖以生存	50
lysd	1	0	14605	旅游胜地	47
lyt	1	0	14606	旅游团	50
lyx	1	0	14535	路甬祥	46
lyy	3	4	14607	旅游业	40
lyy	3	4	13017	来源于	41
lyy	3	4	13073	懒洋洋	49
lyz	6	7	13466	两院制	40
lyz	6	7	14237	李沅芷	44
lyz	6	7	13190	老爷子	45
lyz	6	7	14608	旅游者	45
lyz	6	7	14236	李元正	47
lyz	6	7	14161	刘一舟	49
lyzw	1	0	13610	聊以自慰	49
lz	112	19	13474	两种	33
lz	112	19	13020	来自	34
lz	112	19	13469	两者	36
lz	112	19	13470	两只	37
lz	112	19	13200	老子	38
lz	112	19	14169	留在	38
lz	112	19	13198	老者	39
lz	112	19	14257	例子	39
lz	112	19	13487	两座	40
lz	112	19	13575	莲子	40
lz	112	19	14258	粒子	40
lz	112	19	14259	离子	40
lz	112	19	14418	论证	40
lz	112	19	14246	理智	41
lz	112	19	14304	笼罩	41
lz	112	19	13077	兰州	42
lz	112	19	13078	拦住	42
lz	112	19	13216	蜡烛	42
lz	112	19	13471	两支	42
lz	112	19	14305	隆重	42
lz	112	19	14306	隆中	42
lz	112	19	13278	冷战	43
lz	112	19	13481	量子	43
lz	112	19	13940	林中	43
lz	112	19	14170	流贼	43
lz	112	19	14242	力争	43
lz	112	19	14265	立足	43
lz	112	19	14266	黎族	43
lz	112	19	14494	骡子	43
lz	112	19	13053	郎中	44
lz	112	19	13202	老总	44
lz	112	19	13571	连长	44
lz	112	19	13894	岭子	44
lz	112	19	14548	路子	44
lz	112	19	13467	两张	45
lz	112	19	13572	廉政	45
lz	112	19	13573	炼制	45
lz	112	19	13942	林子	45
lz	112	19	13944	临走	45
lz	112	19	14260	李子	45
lz	112	19	14549	炉子	45
lz	112	19	14613	绿洲	45
lz	112	19	13079	篮子	46
lz	112	19	13204	劳作	46
lz	112	19	13486	两组	46
lz	112	19	13576	帘子	46
lz	112	19	13941	临终	46
lz	112	19	14419	论著	46
lz	112	19	14615	驴子	46
lz	112	19	13080	拦阻	47
lz	112	19	13197	老张	47
lz	112	19	13252	泪珠	47
lz	112	19	13254	嫘祖	47
lz	112	19	13279	愣住	47
lz	112	19	13472	良知	47
lz	112	19	13478	两周	47
lz	112	19	13684	列传	47
lz	112	19	13895	令尊	47
lz	112	19	14176	六中	47
lz	112	19	14180	留住	47
lz	112	19	14247	荔枝	47
lz	112	19	14248	离职	47
lz	112	19	14255	力主	47
lz	112	19	14307	龙舟	47
lz	112	19	14416	论战	47
lz	112	19	14611	率众	47
lz	112	19	13018	来者	48
lz	112	19	13203	老祖	48
lz	112	19	13468	两招	48
lz	112	19	13475	良种	48
lz	112	19	13479	凉州	48
lz	112	19	13893	领主	48
lz	112	19	14181	流转	48
lz	112	19	14243	例证	48
lz	112	19	14249	立志	48
lz	112	19	14250	吏治	48
lz	112	19	14308	笼子	48
lz	112	19	14420	轮子	48
lz	112	19	14539	陆战	48
lz	112	19	14544	录制	48
lz	112	19	14546	泸州	48
lz	112	19	14609	旅长	48
lz	112	19	13076	兰芝	49
lz	112	19	13201	劳资	49
lz	112	19	13480	梁柱	49
lz	112	19	13574	连珠	49
lz	112	19	13577	链子	49
lz	112	19	13683	劣质	49
lz	112	19	13892	灵芝	49
lz	112	19	14177	六种	49
lz	112	19	14179	柳州	49
lz	112	19	14187	溜走	49
lz	112	19	14240	力战	49
lz	112	19	14261	栗子	49
lz	112	19	14346	卵子	49
lz	112	19	14347	乱子	49
lz	112	19	14417	论者	49
lz	112	19	14496	落座	49
lz	112	19	14569	掠走	49
lz	112	19	13054	浪子	50
lz	112	19	13217	拉走	50
lz	112	19	13251	雷州	50
lz	112	19	13253	累赘	50
lz	112	19	13473	两枝	50
lz	112	19	13476	两重	50
lz	112	19	13937	临阵	50
lz	112	19	13943	临淄	50
lz	112	19	14174	柳枝	50
lz	112	19	14244	立正	50
lz	112	19	14256	粒状	50
lz	112	19	14268	力作	50
lz	112	19	14614	绿竹	50
lza	1	0	14253	李重庵	47
lzby	1	0	13019	来之不易	49
lzc	1	0	14262	李自成	34
lzd	2	3	14540	陆战队	49
lzd	2	3	14267	立足点	50
lze	1	0	14171	刘湛恩	47
lzf	1	0	14172	刘正风	47
lzg	1	0	14251	李志高	47
lzh	5	6	14183	刘子华	42
lzh	5	6	13482	梁子湖	46
lzh	5	6	14182	刘子厚	47
lzh	5	6	14263	李宗翰	47
lzh	5	6	14542	鹿兆海	49
lzhq	1	0	13483	梁子湖区	47
lzj	1	0	14175	刘志军	46
lzk	1	0	14541	鹿杖客	48
lzl	2	3	14550	鹿子霖	42
lzl	2	3	13199	老洲岭	47
lzlx	1	0	13484	量子力学	47
lzm	2	3	14185	刘宗敏	40
lzm	2	3	14612	吕忠梅	47
lzn	1	0	13938	林震南	47
lzp	1	0	14543	鹿兆鹏	44
lzqh	1	0	14178	六中全会	47
lzqz	1	0	14252	理直气壮	47
lzr	2	3	14269	李作荣	47
lzr	2	3	14264	李宗仁	49
lzs	3	4	14545	鲁智深	46
lzs	3	4	13936	林兆枢	47
lzs	3	4	13477	梁中书	49
lzt	1	0	14254	李中堂	47
lzw	2	3	13485	梁子翁	47
lzw	2	3	14173	刘振伟	47
lzx	3	4	14241	李肇星	44
lzx	3	4	13939	林之孝	49
lzx	3	4	13935	林则徐	50
lzy	3	4	13250	雷阵雨	47
lzy	3	4	14610	吕之悦	49
lzy	3	4	14245	李振邺	50
lzz	5	6	13205	老祖宗	48
lzz	5	6	14184	刘子政	49
lzz	5	6	14186	刘宗周	49
lzz	5	6	14547	陆庄主	49
lzz	5	6	14345	乱糟糟	50
lzzw	1	0	14495	裸子植物	50
ma	3	4	14616	马鞍	47
ma	3	4	15074	棉袄	47
ma	3	4	15506	母爱	50
mam	1	0	14652	迈阿密	49
mas	1	0	14617	马鞍山	46
mb	32	14	15513	目标	31
mb	32	14	15208	明白	32
mb	32	14	15204	民兵	41
mb	32	14	14794	毛病	42
mb	32	14	15076	面包	42
mb	32	14	15158	密布	42
mb	32	14	15159	弥补	42
mb	32	14	15508	木板	43
mb	32	14	14618	马背	44
mb	32	14	15078	面部	44
mb	32	14	15202	民办	44
mb	32	14	14621	麻布	45
mb	32	14	14793	毛笔	45
mb	32	14	15510	木棒	45
mb	32	14	15512	母本	45
mb	32	14	14619	麻痹	46
mb	32	14	14729	漫步	46
mb	32	14	14620	马鞭	47
mb	32	14	14653	买办	47
mb	32	14	14654	脉搏	47
mb	32	14	14982	门板	47
mb	32	14	14983	门边	47
mb	32	14	15075	面板	47
mb	32	14	15404	漠北	47
mb	32	14	15405	莫不	47
mb	32	14	15511	墓碑	47
mb	32	14	14655	迈步	48
mb	32	14	15077	棉被	48
mb	32	14	15079	棉布	48
mb	32	14	15474	某部	48
mb	32	14	15157	密闭	50
mb	32	14	15509	模板	50
mbd	1	0	14739	忙不迭	49
mbjs	1	0	15203	民办教师	46
mbjx	1	0	14730	漫不经心	49
mbkf	1	0	15160	密不可分	50
mbl	1	0	15080	免不了	45
mblk	1	0	15507	穆巴拉克	49
mbq	1	0	14656	买不起	50
mbr	1	0	15209	明白人	50
mbs	1	0	15406	莫不是	48
mbtt	1	0	14622	马不停蹄	49
mbxc	1	0	15211	名不虚传	48
mbz	1	0	15210	明摆着	48
mbzh	1	0	14731	满不在乎	49
mbzj	1	0	15514	目不转睛	47
mbzs	1	0	15407	默不作声	48
mc	30	14	15214	名称	34
mc	30	14	15213	明朝	36
mc	30	14	14871	每次	37
mc	30	14	15515	木材	38
mc	30	14	15215	名城	39
mc	30	14	14627	麻城	41
mc	30	14	14732	漫长	41
mc	30	14	15217	名词	41
mc	30	14	15212	名茶	42
mc	30	14	15408	摩擦	42
mc	30	14	14659	脉冲	43
mc	30	14	14630	马刺	44
mc	30	14	14984	门窗	44
mc	30	14	15218	名次	44
mc	30	14	15518	牧场	44
mc	30	14	14626	马车	45
mc	30	14	14660	迈出	45
mc	30	14	15081	免除	45
mc	30	14	14623	马场	46
mc	30	14	14657	埋藏	46
mc	30	14	14661	卖出	46
mc	30	14	14797	冒充	46
mc	30	14	15517	牧草	47
mc	30	14	14624	马超	48
mc	30	14	14733	满城	48
mc	30	14	14868	每场	48
mc	30	14	14658	卖场	49
mc	30	14	14795	茅草	49
mc	30	14	14867	煤层	49
mc	30	14	15519	木船	49
mcc	1	0	15516	木材厂	49
mcf	2	3	14869	梅超风	44
mcf	2	3	15161	迷彩服	50
mcg	1	0	15475	牟春光	48
mch	2	3	14629	马春花	47
mch	2	3	14992	孟尝湖	47
mcj	1	0	14796	茅草街	47
mcq	1	0	14993	孟春祈	49
mcs	1	0	14628	麻城市	47
mcst	1	0	14734	曼彻斯特	49
mcx	2	3	14625	马朝旭	39
mcx	2	3	14870	没出息	50
mcz	1	0	15216	明成祖	42
md	39	15	15524	目的	32
md	39	15	14798	矛盾	34
md	39	15	15084	面对	34
md	39	15	15219	明代	35
md	39	15	15163	密度	38
md	39	15	15220	名单	39
md	39	15	14872	每当	40
md	39	15	14988	门洞	41
md	39	15	14994	猛地	41
md	39	15	15082	免得	41
md	39	15	15083	缅甸	42
md	39	15	15410	蓦地	42
md	39	15	15528	目睹	42
md	39	15	14631	麻袋	44
md	39	15	15409	莫大	44
md	39	15	15411	末端	44
md	39	15	15520	牡丹	44
md	39	15	15525	墓地	44
md	39	15	15526	木雕	44
md	39	15	14638	马丁	45
md	39	15	14736	满地	45
md	39	15	15522	墓道	45
md	39	15	14633	马道	46
md	39	15	14664	卖掉	46
md	39	15	14873	美德	47
md	39	15	14874	美的	47
md	39	15	14875	没底	47
md	39	15	14634	马刀	48
md	39	15	14985	门道	48
md	39	15	14799	茅盾	49
md	39	15	14876	煤电	49
md	39	15	14877	梅毒	49
md	39	15	14987	门店	49
md	39	15	15476	某地	49
md	39	15	14632	马岱	50
md	39	15	14635	马岛	50
md	39	15	14663	买点	50
md	39	15	14986	门第	50
md	39	15	15162	谜底	50
mdcg	1	0	14636	马到成功	46
mdd	1	0	15527	目的地	40
mdj	1	0	15521	牡丹江	50
mdkd	1	0	15523	目瞪口呆	44
mdl	3	4	14637	马德里	47
mdl	3	4	14662	麦当劳	49
mdl	3	4	14735	曼德拉	50
mdm	1	0	15085	面对面	46
mdn	1	0	14665	麦地那	50
me	6	7	15221	名额	39
me	6	7	15223	明儿	44
me	6	7	14878	妹儿	47
me	6	7	15412	摩尔	47
me	6	7	15529	木耳	48
me	6	7	14639	马儿	50
meb	1	0	15413	墨尔本	50
medf	1	0	14640	马尔代夫	50
met	1	0	14641	马耳他	49
mf	35	14	14642	麻烦	38
mf	35	14	15088	免费	39
mf	35	14	15414	模范	39
mf	35	14	15089	面粉	40
mf	35	14	15172	米粉	40
mf	35	14	15417	莫非	40
mf	35	14	14879	没法	41
mf	35	14	15415	模仿	41
mf	35	14	14669	埋伏	42
mf	35	14	14883	每逢	42
mf	35	14	14644	马夫	44
mf	35	14	15173	密封	44
mf	35	14	14801	冒犯	45
mf	35	14	14880	美方	45
mf	35	14	14990	门扉	45
mf	35	14	15086	棉纺	45
mf	35	14	15169	米饭	45
mf	35	14	15174	蜜蜂	45
mf	35	14	15171	米芾	46
mf	35	14	15205	民法	46
mf	35	14	15477	谋反	46
mf	35	14	15532	幕府	46
mf	35	14	14666	买房	47
mf	35	14	14667	买方	47
mf	35	14	14800	毛发	47
mf	35	14	14882	美分	47
mf	35	14	14989	门阀	47
mf	35	14	14995	萌发	47
mf	35	14	14668	卖方	48
mf	35	14	14738	满腹	48
mf	35	14	14991	门缝	48
mf	35	14	15530	木筏	48
mf	35	14	14643	蚂蜂	49
mf	35	14	14737	满分	49
mf	35	14	15170	秘方	50
mfqs	1	0	15224	名副其实	42
mfx	2	3	15416	模范县	44
mfx	2	3	15531	木凤衔	49
mfz	2	3	15087	棉纺织	43
mfz	2	3	14881	没法子	49
mg	33	14	14892	美国	27
mg	33	14	14885	每个	34
mg	33	14	14999	蒙古	34
mg	33	14	15536	目光	36
mg	33	14	15206	敏感	39
mg	33	14	15295	民国	39
mg	33	14	15533	木工	39
mg	33	14	15226	名贵	40
mg	33	14	15478	某个	40
mg	33	14	14670	卖国	42
mg	33	14	14887	每股	43
mg	33	14	15175	米格	43
mg	33	14	15420	蘑菇	43
mg	33	14	14890	玫瑰	44
mg	33	14	15261	民工	44
mg	33	14	14748	曼谷	45
mg	33	14	15002	盟国	45
mg	33	14	15222	民歌	45
mg	33	14	15421	魔鬼	45
mg	33	14	14888	美观	46
mg	33	14	14998	猛攻	46
mg	33	14	15176	迷宫	46
mg	33	14	15537	木棍	46
mg	33	14	14996	梦鸽	47
mg	33	14	14997	蒙哥	48
mg	33	14	15534	木构	48
mg	33	14	14645	马褂	50
mg	33	14	14740	芒果	50
mg	33	14	14884	美感	50
mg	33	14	15000	梦姑	50
mg	33	14	15225	命官	50
mg	33	14	15419	摩根	50
mg	33	14	15535	木瓜	50
mgc	1	0	15177	米公祠	47
mgd	1	0	14893	美国队	47
mgg	1	0	15001	蒙古国	47
mggh	1	0	14894	美国国会	45
mgh	3	4	14886	湄公河	50
mgh	3	4	14891	玫瑰花	50
mgh	3	4	14895	美国会	50
mgk	1	0	15418	莫高窟	50
mgkj	1	0	14896	美国空军	45
mgl	1	0	14802	毛冠鹿	46
mgqr	1	0	14671	卖国求荣	46
mgr	1	0	15003	蒙古人	43
mgrz	1	0	15004	蒙古人种	49
mgsr	1	0	14803	毛骨悚然	48
mgwy	1	0	14897	美国务院	50
mgx	2	3	14889	没关系	47
mgx	2	3	15207	敏感性	50
mgy	3	4	15422	莫过于	46
mgy	3	4	15005	蒙古语	48
mgy	3	4	15227	明顾炎	49
mgz	4	6	15006	蒙古族	39
mgz	4	6	14672	卖国贼	40
mgz	4	6	14646	马光佐	49
mgz	4	6	14647	麻光佐	49
mgzf	1	0	14898	美国政府	44
mh	32	14	15091	棉花	36
mh	32	14	15043	门户	38
mh	32	14	14899	美好	40
mh	32	14	14901	梅花	41
mh	32	14	15137	描绘	41
mh	32	14	15424	模糊	41
mh	32	14	14755	满怀	44
mh	32	14	15341	民航	44
mh	32	14	14741	忙活	45
mh	32	14	15181	迷惑	45
mh	32	14	14754	漫画	46
mh	32	14	15539	木盒	46
mh	32	14	15008	猛虎	47
mh	32	14	15009	梦幻	47
mh	32	14	15092	缅怀	47
mh	32	14	15164	灭火	47
mh	32	14	15180	迷糊	47
mh	32	14	15480	谋划	47
mh	32	14	15540	幕后	47
mh	32	14	14649	马赫	48
mh	32	14	14650	马虎	48
mh	32	14	14902	美化	48
mh	32	14	14751	满汉	49
mh	32	14	15228	名号	49
mh	32	14	14648	马号	50
mh	32	14	14752	蛮横	50
mh	32	14	14900	每户	50
mh	32	14	15138	庙会	50
mh	32	14	15178	猕猴	50
mh	32	14	15343	民和	50
mh	32	14	15423	磨合	50
mh	32	14	15479	谋害	50
mhc	1	0	14651	马湖村	47
mhec	1	0	15090	面红耳赤	49
mhh	1	0	15230	明晃晃	47
mhmd	1	0	15538	穆罕默德	44
mhr	1	0	15007	孟浩然	46
mht	1	0	15179	猕猴桃	49
mhw	1	0	15229	明洪武	44
mhwl	1	0	14753	蛮横无理	49
mhzj	1	0	15342	民航总局	50
mj	57	16	15093	面积	29
mj	57	16	14909	美军	35
mj	57	16	15345	民间	36
mj	57	16	15233	名叫	38
mj	57	16	15182	密集	41
mj	57	16	15427	墨镜	41
mj	57	16	15165	灭绝	42
mj	57	16	15232	名将	42
mj	57	16	14677	迈进	43
mj	57	16	14905	媒介	43
mj	57	16	15234	明教	43
mj	57	16	15426	魔教	43
mj	57	16	14804	毛尖	44
mj	57	16	14806	毛巾	44
mj	57	16	15095	面具	44
mj	57	16	15231	名家	44
mj	57	16	15350	敏捷	44
mj	57	16	15541	募集	44
mj	57	16	15013	梦见	45
mj	57	16	15017	盟军	45
mj	57	16	15094	面颊	45
mj	57	16	15235	鸣叫	45
mj	57	16	15351	民警	45
mj	57	16	15543	木匠	45
mj	57	16	14673	麦加	46
mj	57	16	15044	门将	46
mj	57	16	15186	秘诀	46
mj	57	16	15346	民建	46
mj	57	16	15546	募捐	46
mj	57	16	14703	麻将	47
mj	57	16	15016	梦境	47
mj	57	16	15139	妙计	47
mj	57	16	15140	庙街	47
mj	57	16	14674	买家	48
mj	57	16	14904	每家	48
mj	57	16	14906	美景	48
mj	57	16	14910	霉菌	48
mj	57	16	15166	灭菌	48
mj	57	16	15183	秘笈	48
mj	57	16	15352	民居	48
mj	57	16	15542	母鸡	48
mj	57	16	14704	马脚	49
mj	57	16	14807	冒进	49
mj	57	16	14903	美籍	49
mj	57	16	14908	美酒	49
mj	57	16	15010	猛击	49
mj	57	16	15236	名教	49
mj	57	16	15425	墨迹	49
mj	57	16	15545	模具	49
mj	57	16	14675	卖家	50
mj	57	16	14676	麦秸	50
mj	57	16	14678	买进	50
mj	57	16	14757	满街	50
mj	57	16	15014	猛将	50
mj	57	16	15184	蜜饯	50
mj	57	16	15237	明镜	50
mj	57	16	15347	闽江	50
mjg	1	0	15544	木结构	44
mjl	1	0	15011	孟加拉	47
mjlg	1	0	15012	孟加拉国	47
mjm	1	0	14907	梅津美	49
mjp	1	0	14705	马家棚	47
mjq	1	0	14805	茅箭区	47
mjwx	1	0	15348	民间文学	48
mjx	2	3	15185	密集型	49
mjx	2	3	15015	孟健雄	50
mjxw	1	0	15428	摸金校尉	45
mjys	1	0	15349	民间艺术	50
mjz	1	0	15238	明景宗	49
mk	15	11	15046	门口	36
mk	15	11	14912	煤矿	41
mk	15	11	15045	门槛	42
mk	15	11	15096	面孔	42
mk	15	11	14706	马克	44
mk	15	11	15429	模块	44
mk	15	11	14708	马口	46
mk	15	11	14758	满口	47
mk	15	11	14911	每块	47
mk	15	11	15548	募款	47
mk	15	11	15239	明快	48
mk	15	11	14679	迈开	49
mk	15	11	15547	木刻	49
mk	15	11	15018	锰矿	50
mk	15	11	15047	门框	50
mkas	1	0	14680	麦克阿瑟	50
mke	1	0	14681	迈克尔	50
mkh	1	0	15430	模块化	49
mkll	1	0	14682	麦克拉伦	49
mks	1	0	14707	马克思	41
mksw	1	0	14683	麦克斯韦	49
ml	59	16	15247	命令	33
ml	59	16	15100	面临	36
ml	59	16	14915	美丽	37
ml	59	16	14759	满脸	38
ml	59	16	15193	麋鹿	38
ml	59	16	15556	目录	38
ml	59	16	14916	魅力	41
ml	59	16	15019	猛烈	41
ml	59	16	15242	明亮	42
ml	59	16	14718	马良	43
ml	59	16	14724	马路	43
ml	59	16	14742	忙碌	43
ml	59	16	15020	朦胧	43
ml	59	16	15048	门类	43
ml	59	16	15051	门楼	43
ml	59	16	15187	米兰	43
ml	59	16	15244	名列	43
ml	59	16	15551	幕僚	43
ml	59	16	14710	马来	44
ml	59	16	14715	马力	44
ml	59	16	14920	梅林	45
ml	59	16	15141	庙里	45
ml	59	16	15191	迷恋	45
ml	59	16	14684	买来	46
ml	59	16	14716	马里	46
ml	59	16	15240	明朗	46
ml	59	16	14760	曼联	47
ml	59	16	15052	门路	47
ml	59	16	15192	密林	47
ml	59	16	15241	名利	47
ml	59	16	15250	名录	47
ml	59	16	15482	谋略	47
ml	59	16	15049	门帘	48
ml	59	16	15188	糜烂	48
ml	59	16	15431	磨练	48
ml	59	16	15432	末了	48
ml	59	16	15433	没落	48
ml	59	16	15549	木兰	48
ml	59	16	15552	木料	48
ml	59	16	14685	卖力	49
ml	59	16	14686	脉络	49
ml	59	16	14743	忙乱	49
ml	59	16	14811	毛驴	49
ml	59	16	15050	门联	49
ml	59	16	15097	勉励	49
ml	59	16	15099	面料	49
ml	59	16	15189	弥勒	49
ml	59	16	15194	迷路	49
ml	59	16	15481	牟利	49
ml	59	16	15553	睦邻	49
ml	59	16	14709	马拉	50
ml	59	16	14714	马兰	50
ml	59	16	14717	玛丽	50
ml	59	16	14719	马列	50
ml	59	16	14917	没脸	50
ml	59	16	15098	勉力	50
ml	59	16	15190	迷离	50
ml	59	16	15248	明令	50
ml	59	16	15249	名流	50
mlb	2	3	15243	明礼部	47
mlb	2	3	15555	牧刘表	47
mlbd	1	0	14711	马来半岛	50
mlbs	1	0	15245	名列榜首	49
mlc	1	0	14918	美联储	49
mlf	1	0	14914	梅兰芳	50
mlg	2	3	15434	摩洛哥	44
mlg	2	3	14721	马林工	47
mlj	2	3	14713	麻辣酱	47
mlj	2	3	15550	木梁均	49
mlk	1	0	14809	茅林口	47
mll	1	0	14808	毛利率	48
mlqm	1	0	15246	名列前茅	45
mlqs	1	0	14810	毛里求斯	49
mls	2	3	14722	马铃薯	45
mls	2	3	14919	美联社	47
mlxy	1	0	14712	马来西亚	42
mly	2	3	14723	玛利亚	48
mly	2	3	14913	没来由	50
mlyh	1	0	15554	睦邻友好	50
mlzy	1	0	14720	马列主义	45
mm	50	16	14725	妈妈	35
mm	50	16	14761	慢慢	35
mm	50	16	15198	秘密	36
mm	50	16	14924	妹妹	38
mm	50	16	15254	命名	38
mm	50	16	14687	买卖	39
mm	50	16	15101	面貌	40
mm	50	16	15255	明明	40
mm	50	16	15195	密码	41
mm	50	16	14745	盲目	42
mm	50	16	15104	面目	42
mm	50	16	15257	明末	42
mm	50	16	15437	默默	42
mm	50	16	14922	眉毛	43
mm	50	16	15196	弥漫	43
mm	50	16	14744	茫茫	44
mm	50	16	14923	美貌	44
mm	50	16	14727	麻木	45
mm	50	16	14813	茂密	45
mm	50	16	15483	某某	45
mm	50	16	15558	慕名	45
mm	50	16	14766	满面	46
mm	50	16	14925	每每	46
mm	50	16	14927	每秒	46
mm	50	16	14928	美妙	46
mm	50	16	15353	民盟	46
mm	50	16	15438	摸摸	46
mm	50	16	15557	牧民	46
mm	50	16	14930	眉目	47
mm	50	16	15197	迷茫	47
mm	50	16	15201	密谋	47
mm	50	16	15251	命脉	47
mm	50	16	15435	莫名	47
mm	50	16	14762	满满	48
mm	50	16	14763	漫漫	48
mm	50	16	14926	美梦	48
mm	50	16	15024	蒙面	48
mm	50	16	15142	渺茫	48
mm	50	16	15253	名门	48
mm	50	16	15259	名目	48
mm	50	16	14929	没命	49
mm	50	16	15021	孟买	49
mm	50	16	15053	门面	49
mm	50	16	15102	绵绵	49
mm	50	16	15252	明媚	49
mm	50	16	14689	埋没	50
mm	50	16	14726	嬷嬷	50
mm	50	16	14765	满门	50
mm	50	16	14812	冒昧	50
mm	50	16	14921	美满	50
mmbb	1	0	15256	明明白白	47
mmd	2	3	15439	默默地	42
mmd	2	3	14764	满满的	48
mmhh	2	3	15199	迷迷糊糊	46
mmhh	2	3	15440	模模糊糊	49
mmll	1	0	15023	朦朦胧胧	50
mmmm	1	0	15200	密密麻麻	47
mmqc	1	0	15258	明末清初	45
mmqf	1	0	15105	面目全非	50
mmqm	1	0	15436	莫名其妙	43
mmt	1	0	14688	买买提	46
mmww	1	0	15441	默默无闻	50
mmxq	1	0	15103	面面相觑	45
mmyq	1	0	15022	梦寐以求	50
mn	12	10	14931	每年	32
mn	12	10	15444	模拟	39
mn	12	10	14932	美女	41
mn	12	10	15260	明年	41
mn	12	10	15445	末年	42
mn	12	10	15054	门内	43
mn	12	10	15562	母女	45
mn	12	10	14728	玛瑙	47
mn	12	10	14814	牦牛	47
mn	12	10	15443	磨难	48
mn	12	10	14690	卖弄	49
mn	12	10	15344	泌尿	49
mnc	1	0	15560	穆念慈	46
mnh	2	3	15561	慕尼黑	44
mnh	2	3	15442	没奈何	50
mnl	1	0	14756	马尼拉	48
mns	1	0	15360	米诺斯	49
mny	1	0	15559	木乃伊	49
mo	1	0	15563	木偶	49
mp	12	10	15262	名牌	38
mp	12	10	15263	名片	39
mp	12	10	14841	马匹	42
mp	12	10	15057	门票	43
mp	12	10	15564	木牌	45
mp	12	10	15106	面皮	46
mp	12	10	14815	毛皮	47
mp	12	10	15025	猛扑	47
mp	12	10	15055	门派	47
mp	12	10	15056	门牌	49
mp	12	10	14842	马屁	50
mp	12	10	15264	名篇	50
mq	30	14	15565	目前	30
mq	30	14	15107	面前	33
mq	30	14	15566	母亲	33
mq	30	14	15270	明确	34
mq	30	14	15269	明清	36
mq	30	14	15385	密切	36
mq	30	14	15059	门前	37
mq	30	14	15108	勉强	40
mq	30	14	15446	末期	43
mq	30	14	14767	满腔	44
mq	30	14	14768	满清	44
mq	30	14	15484	谋求	44
mq	30	14	14844	麻雀	45
mq	30	14	15265	名气	45
mq	30	14	14933	煤气	46
mq	30	14	15026	猛禽	46
mq	30	14	15266	明器	46
mq	30	14	15447	默契	46
mq	30	14	15567	牧区	46
mq	30	14	15109	免去	47
mq	30	14	15355	民权	47
mq	30	14	15060	门墙	48
mq	30	14	15485	谋取	48
mq	30	14	15267	名企	49
mq	30	14	15268	鸣枪	49
mq	30	14	15354	民情	49
mq	30	14	15448	摸清	49
mq	30	14	14816	毛钱	50
mq	30	14	14934	没趣	50
mq	30	14	15058	闷气	50
mqd	1	0	14843	马其顿	44
mql	1	0	14817	毛奇龄	49
mqn	1	0	15027	孟庆南	47
mr	29	13	14938	每日	39
mr	29	13	15273	明日	39
mr	29	13	14935	每人	40
mr	29	13	15028	猛然	41
mr	29	13	15062	门人	41
mr	29	13	15271	名人	41
mr	29	13	15571	慕容	42
mr	29	13	14746	茫然	43
mr	29	13	14747	盲人	45
mr	29	13	14818	贸然	45
mr	29	13	14845	骂人	45
mr	29	13	14939	美容	45
mr	29	13	15110	面容	45
mr	29	13	15356	敏锐	45
mr	29	13	15386	迷人	45
mr	29	13	15449	默然	45
mr	29	13	15486	某人	45
mr	29	13	14691	买入	47
mr	29	13	15452	默认	47
mr	29	13	15450	蓦然	48
mr	29	13	15453	末日	48
mr	29	13	15061	闷热	49
mr	29	13	15272	明人	49
mr	29	13	15454	没入	49
mr	29	13	15569	牧人	49
mr	29	13	14936	媒人	50
mr	29	13	15387	泌乳	50
mr	29	13	15451	漠然	50
mr	29	13	15568	木然	50
mrb	2	3	14820	毛如柏	47
mrb	2	3	15572	慕容博	50
mre	1	0	14937	美人儿	49
mrf	2	3	15573	慕容复	43
mrf	2	3	15143	苗人凤	44
mrgz	1	0	15574	慕容公子	47
mrl	1	0	15144	苗若兰	47
mrq	1	0	15570	穆人清	49
mrr	1	0	14819	毛茸茸	50
mrs	1	0	15575	慕容氏	48
ms	67	17	15459	模式	36
ms	67	17	15115	面试	37
ms	67	17	15392	秘书	37
ms	67	17	14848	马上	38
ms	67	17	15146	描述	38
ms	67	17	14945	美术	39
ms	67	17	15358	民事	40
ms	67	17	14942	美食	41
ms	67	17	15114	面上	41
ms	67	17	15276	名胜	42
ms	67	17	15456	陌生	42
ms	67	17	15461	没收	42
ms	67	17	15111	面色	43
ms	67	17	15277	名声	43
ms	67	17	15577	墓室	43
ms	67	17	14943	没事	44
ms	67	17	15063	门上	44
ms	67	17	15275	名山	44
ms	67	17	15357	民生	44
ms	67	17	15359	民俗	44
ms	67	17	15112	棉纱	45
ms	67	17	15280	名师	45
ms	67	17	15281	明史	45
ms	67	17	15466	摸索	45
ms	67	17	15487	谋杀	45
ms	67	17	15488	谋生	45
ms	67	17	14769	满身	46
ms	67	17	15282	名士	46
ms	67	17	15388	觅食	46
ms	67	17	15465	磨损	46
ms	67	17	15578	牧师	46
ms	67	17	14846	马赛	47
ms	67	17	15065	门生	47
ms	67	17	15145	藐视	47
ms	67	17	15167	蔑视	47
ms	67	17	15389	迷失	47
ms	67	17	15390	密室	47
ms	67	17	15576	暮色	47
ms	67	17	14822	茂盛	48
ms	67	17	14849	麻绳	48
ms	67	17	15031	猛兽	48
ms	67	17	15067	门闩	48
ms	67	17	15113	面纱	48
ms	67	17	15462	魔术	48
ms	67	17	15489	谋士	48
ms	67	17	15579	目视	48
ms	67	17	15582	目送	48
ms	67	17	14821	毛色	49
ms	67	17	15029	萌生	49
ms	67	17	15032	蒙受	49
ms	67	17	15117	免受	49
ms	67	17	15118	免税	49
ms	67	17	15274	命丧	49
ms	67	17	15283	明示	49
ms	67	17	15391	密使	49
ms	67	17	15463	墨水	49
ms	67	17	15580	木薯	49
ms	67	17	14823	貌似	50
ms	67	17	14850	骂声	50
ms	67	17	14940	眉梢	50
ms	67	17	14950	霉素	50
ms	67	17	15030	盟誓	50
ms	67	17	15064	门神	50
ms	67	17	15066	门首	50
ms	67	17	15116	面世	50
ms	67	17	15285	明说	50
ms	67	17	15460	漠视	50
msbk	1	0	15455	莫桑比克	47
msc	1	0	15393	秘书处	48
mse	1	0	14944	没事儿	50
msg	2	3	14946	美术馆	46
msg	2	3	15457	莫声谷	50
msgj	1	0	15278	名胜古迹	40
msj	2	3	14847	马三俊	47
msj	2	3	14947	美术家	50
msk	3	4	15464	莫斯科	39
msk	3	4	15286	明斯克	48
msk	3	4	15287	明思克	50
msl	1	0	15581	穆斯林	40
msln	1	0	15467	墨索里尼	48
msm	1	0	14941	没什么	38
msq	1	0	15279	名胜区	41
msr	1	0	15458	陌生人	46
mss	1	0	14948	美术史	47
msy	2	3	14852	马士英	45
msy	2	3	14851	马世耀	50
msz	3	4	15394	秘书长	34
msz	3	4	15284	明世宗	44
msz	3	4	14949	美术字	47
mt	35	14	14952	媒体	34
mt	35	14	14953	每天	34
mt	35	14	15293	明天	36
mt	35	14	14857	码头	38
mt	35	14	14951	煤炭	39
mt	35	14	15292	命题	39
mt	35	14	14955	眉头	41
mt	35	14	14772	馒头	42
mt	35	14	15121	面条	42
mt	35	14	15586	木头	42
mt	35	14	14854	马蹄	44
mt	35	14	14858	马头	44
mt	35	14	14825	矛头	45
mt	35	14	15294	名头	45
mt	35	14	15469	魔头	45
mt	35	14	14773	满头	46
mt	35	14	15122	面团	46
mt	35	14	15468	模特	46
mt	35	14	15585	母体	46
mt	35	14	14693	埋头	47
mt	35	14	14853	麻糖	47
mt	35	14	14954	煤田	47
mt	35	14	15290	名堂	47
mt	35	14	14770	漫天	48
mt	35	14	15120	腼腆	48
mt	35	14	15583	木炭	48
mt	35	14	14692	麦田	49
mt	35	14	14771	满天	49
mt	35	14	15119	面谈	49
mt	35	14	15148	苗条	49
mt	35	14	15470	摩托	49
mt	35	14	14824	毛毯	50
mt	35	14	14856	马桶	50
mt	35	14	15068	门徒	50
mt	35	14	15147	庙堂	50
mtc	2	3	15471	摩托车	45
mtc	2	3	15584	木糖醇	50
mtdh	1	0	14774	满头大汗	49
mth	1	0	15472	摩托化	49
mtkg	1	0	14694	埋头苦干	50
mtle	1	0	15033	蒙特利尔	50
mtll	1	0	15473	摩托罗拉	48
mtmn	1	0	14956	没头没脑	50
mts	1	0	14855	马蹄声	46
mtt	1	0	14775	慢吞吞	50
mty	2	3	15291	名特优	47
mty	2	3	14826	猫头鹰	50
mtyz	1	0	14957	眉头一皱	50
mtz	1	0	15289	明太祖	46
mtzt	1	0	15288	明太子太	47
mw	20	12	15069	门外	36
mw	20	12	15298	名为	40
mw	20	12	15168	灭亡	41
mw	20	12	14961	美味	42
mw	20	12	14828	茅屋	44
mw	20	12	15300	铭文	44
mw	20	12	15299	名位	45
mw	20	12	15296	名望	46
mw	20	12	15301	明文	46
mw	20	12	15395	谬误	46
mw	20	12	15494	魔王	46
mw	20	12	14776	满文	47
mw	20	12	14958	媚外	47
mw	20	12	14959	每晚	48
mw	20	12	14962	每位	48
mw	20	12	15070	门卫	48
mw	20	12	15396	迷惘	48
mw	20	12	15397	迷雾	48
mw	20	12	15588	木屋	48
mw	20	12	15490	某位	50
mwc	1	0	15297	明王朝	45
mwgd	1	0	15302	明文规定	49
mwj	1	0	15303	明文禁	47
mwl	1	0	14827	毛文龙	47
mwml	1	0	14960	没完没了	48
mwq	1	0	15587	木婉清	43
mws	1	0	14859	马尾松	45
mwxe	1	0	15304	名闻遐迩	46
mwy	1	0	15305	明武英	47
mx	30	14	15307	明显	32
mx	30	14	15491	某些	33
mx	30	14	15499	模型	37
mx	30	14	15310	明星	38
mx	30	14	15123	面向	39
mx	30	14	15150	描写	39
mx	30	14	14778	慢性	41
mx	30	14	15034	梦想	41
mx	30	14	15071	门下	41
mx	30	14	14829	冒险	42
mx	30	14	15398	迷信	43
mx	30	14	14965	美学	44
mx	30	14	15362	民心	45
mx	30	14	14777	满心	46
mx	30	14	15593	墓穴	46
mx	30	14	14695	买下	47
mx	30	14	15309	名校	47
mx	30	14	15361	闽西	47
mx	30	14	15592	木星	47
mx	30	14	14696	迈向	48
mx	30	14	15363	民选	48
mx	30	14	15306	明晰	49
mx	30	14	15589	母系	49
mx	30	14	15590	目下	49
mx	30	14	15591	木箱	49
mx	30	14	14697	脉象	50
mx	30	14	15124	面相	50
mx	30	14	15149	渺小	50
mx	30	14	15495	摩西	50
mx	30	14	15500	默许	50
mxb	1	0	14779	慢性病	50
mxd	1	0	14963	没想到	37
mxdx	1	0	15125	面向对象	49
mxe	1	0	14860	马歇尔	48
mxg	1	0	15496	墨西哥	40
mxgc	1	0	15497	墨西哥城	48
mxgw	1	0	15498	墨西哥湾	48
mxj	1	0	14831	茅新进	49
mxk	1	0	14861	马行空	49
mxxg	1	0	14832	毛细血管	47
mxy	1	0	14964	梅新育	47
mxz	1	0	15308	明宪宗	49
mxzy	1	0	14830	冒险主义	47
my	56	16	14969	没有	23
my	56	16	14834	贸易	34
my	56	16	14973	美元	34
my	56	16	14782	满意	36
my	56	16	15323	命运	37
my	56	16	15594	模样	38
my	56	16	15314	名义	39
my	56	16	14974	每月	40
my	56	16	15129	免疫	40
my	56	16	15366	民用	40
my	56	16	15127	沔阳	41
my	56	16	15320	名誉	42
my	56	16	14780	蔓延	43
my	56	16	14971	美誉	43
my	56	16	15126	绵延	43
my	56	16	15319	名优	43
my	56	16	14785	埋怨	44
my	56	16	14968	没用	44
my	56	16	15365	民营	44
my	56	16	15596	牧业	44
my	56	16	14749	忙于	45
my	56	16	15035	萌芽	45
my	56	16	15132	免于	45
my	56	16	15321	明月	45
my	56	16	15364	民意	45
my	56	16	14784	漫游	46
my	56	16	14833	冒烟	46
my	56	16	14864	蚂蚁	46
my	56	16	15128	绵羊	46
my	56	16	15151	庙宇	46
my	56	16	15322	名曰	46
my	56	16	15502	墨鱼	46
my	56	16	15598	沐浴	46
my	56	16	15036	盟友	47
my	56	16	15130	棉衣	47
my	56	16	15311	名言	47
my	56	16	15399	米业	47
my	56	16	15597	木业	47
my	56	16	15313	名扬	48
my	56	16	15315	名医	48
my	56	16	15400	蜜月	48
my	56	16	14781	满眼	49
my	56	16	14786	满月	49
my	56	16	14862	玛雅	49
my	56	16	14865	马尾	49
my	56	16	14970	煤油	49
my	56	16	15401	密云	49
my	56	16	14698	卖淫	50
my	56	16	14835	毛衣	50
my	56	16	14966	眉眼	50
my	56	16	14972	梅雨	50
my	56	16	15037	盟约	50
my	56	16	15312	明言	50
my	56	16	15316	命意	50
my	56	16	15595	牧羊	50
my	56	16	15599	木鱼	50
myc	1	0	14863	马瑶草	50
myd	1	0	14783	满意度	49
mye	1	0	14836	贸易额	48
myl	4	6	15318	明永乐	40
myl	4	6	15131	免疫力	47
myl	4	6	15367	民院路	47
myl	4	6	15501	莫艳琳	47
myq	2	3	14975	梅雨期	47
myq	2	3	14837	贸易区	50
mys	1	0	14967	没意思	50
myz	2	3	15324	明玉珍	46
myz	2	3	15317	明英宗	48
mz	63	17	15380	民族	29
mz	63	17	15370	民主	33
mz	63	17	15338	名字	34
mz	63	17	14790	满足	35
mz	63	17	15492	某种	36
mz	63	17	15368	民政	38
mz	63	17	14788	满洲	39
mz	63	17	15369	民众	39
mz	63	17	14791	满族	40
mz	63	17	14977	美洲	40
mz	63	17	15136	面子	40
mz	63	17	15156	苗族	40
mz	63	17	14840	帽子	41
mz	63	17	14978	每周	41
mz	63	17	14980	妹子	41
mz	63	17	15153	瞄准	42
mz	63	17	15330	明知	42
mz	63	17	15334	命中	42
mz	63	17	15336	明珠	43
mz	63	17	15600	墓葬	43
mz	63	17	14702	麦子	44
mz	63	17	15040	盟主	44
mz	63	17	15608	母子	44
mz	63	17	14699	埋葬	45
mz	63	17	14787	满载	45
mz	63	17	14981	梅子	45
mz	63	17	15042	孟子	45
mz	63	17	15072	门诊	45
mz	63	17	15601	拇指	45
mz	63	17	15602	木质	45
mz	63	17	14700	买者	46
mz	63	17	15152	秒钟	46
mz	63	17	15331	明智	46
mz	63	17	15337	名著	46
mz	63	17	15402	蜜枣	46
mz	63	17	15504	磨制	46
mz	63	17	14866	麻醉	47
mz	63	17	15603	木制	47
mz	63	17	15605	木柱	47
mz	63	17	14789	蛮子	48
mz	63	17	14976	每种	48
mz	63	17	14979	没准	48
mz	63	17	15134	免职	48
mz	63	17	14701	买主	49
mz	63	17	14750	莽撞	49
mz	63	17	14792	满嘴	49
mz	63	17	15073	门子	49
mz	63	17	15133	免遭	49
mz	63	17	15155	苗子	49
mz	63	17	15326	明哲	49
mz	63	17	15332	明治	49
mz	63	17	15339	名子	49
mz	63	17	14839	毛竹	50
mz	63	17	15039	猛增	50
mz	63	17	15041	蒙住	50
mz	63	17	15135	面值	50
mz	63	17	15325	明早	50
mz	63	17	15327	明证	50
mz	63	17	15340	名作	50
mz	63	17	15403	密宗	50
mz	63	17	15493	眸子	50
mz	63	17	15505	墨子	50
mz	63	17	15606	木桩	50
mzb	1	0	15604	木质部	50
mzd	2	3	14838	毛泽东	32
mzd	2	3	15371	民主党	45
mzdp	1	0	15372	民主党派	43
mzgg	1	0	15373	民主改革	50
mzgl	1	0	15038	蒙在鼓里	49
mzgm	1	0	15374	民主革命	44
mzh	2	3	15375	民主化	49
mzh	2	3	15379	闵子华	49
mzj	1	0	15154	瞄准镜	48
mzl	2	3	15335	命中率	47
mzl	2	3	15607	木卓伦	49
mzp	1	0	15376	民主派	48
mzrs	1	0	15377	民主人士	46
mzt	1	0	15503	莫扎特	50
mzwx	1	0	15333	明治维新	50
mzx	2	3	15381	民族乡	36
mzx	2	3	15382	民族学	50
mzy	1	0	15328	明正言	49
mzys	1	0	15329	名正言顺	50
mzzy	2	3	15378	民主主义	43
mzzy	2	3	15383	民族主义	43
mzzz	1	0	15384	民族自治	40
na	4	6	15653	南岸	41
na	4	6	15655	难熬	48
na	4	6	15654	南安	49
na	4	6	15979	尼奥	49
nag	1	0	16056	牛爱国	44
nax	1	0	16057	牛爱香	49
nb	17	11	15844	内部	33
nb	17	11	15659	南北	34
nb	17	11	15663	南部	34
nb	17	11	15610	那边	39
nb	17	11	16145	奴婢	42
nb	17	11	16015	宁波	44
nb	17	11	15657	难保	45
nb	17	11	15662	南边	46
nb	17	11	16185	女兵	46
nb	17	11	15609	那般	48
nb	17	11	15843	内壁	48
nb	17	11	15893	能比	48
nb	17	11	15911	年报	48
nb	17	11	15658	南堡	49
nb	17	11	15912	年表	49
nb	17	11	16086	脓包	49
nb	17	11	15988	泥巴	50
nbc	2	3	15660	南北朝	42
nbc	2	3	15989	尼布楚	50
nbe	1	0	16165	诺贝尔	48
nbej	1	0	16166	诺贝尔奖	49
nbke	1	0	16146	怒不可遏	47
nbls	1	0	15611	那不勒斯	49
nbq	1	0	15656	南半球	49
nbx	1	0	15661	南北向	50
nbz	1	0	16058	牛鼻子	50
nc	28	13	16091	农村	31
nc	28	13	15613	拿出	39
nc	28	13	15916	年初	39
nc	28	13	16147	奴才	39
nc	28	13	15669	南朝	41
nc	28	13	15664	南侧	42
nc	28	13	15666	南昌	42
nc	28	13	15847	内城	42
nc	28	13	15848	内存	42
nc	28	13	15913	年产	42
nc	28	13	15614	那次	43
nc	28	13	16088	农场	43
nc	28	13	15615	纳粹	44
nc	28	13	15925	酿成	44
nc	28	13	15612	那场	45
nc	28	13	16059	牛车	45
nc	28	13	15846	内侧	46
nc	28	13	15845	内参	47
nc	28	13	15671	南城	48
nc	28	13	15990	逆差	49
nc	28	13	16148	怒潮	49
nc	28	13	15665	难测	50
nc	28	13	15673	难处	50
nc	28	13	15915	粘稠	50
nc	28	13	16016	佞臣	50
nc	28	13	16087	农产	50
nc	28	13	16092	弄错	50
nc	28	13	16149	怒斥	50
ncd	1	0	15616	纳粹党	49
ncl	1	0	15914	年产量	47
ncp	1	0	16090	农产品	39
ncqy	1	0	15667	南昌起义	46
ncs	1	0	15668	南昌市	50
ncx	1	0	15670	南朝鲜	48
ncz	2	3	16089	农场主	47
ncz	2	3	15672	南池子	49
nd	32	14	15917	年代	30
nd	32	14	15676	难道	34
nd	32	14	15921	年底	35
nd	32	14	15922	年度	36
nd	32	14	15801	脑袋	38
nd	32	14	15849	内地	38
nd	32	14	15678	难得	39
nd	32	14	15618	拿到	40
nd	32	14	15680	难度	40
nd	32	14	15681	南端	41
nd	32	14	16093	浓度	41
nd	32	14	15991	拟定	42
nd	32	14	16062	牛顿	43
nd	32	14	15617	那大	45
nd	32	14	15619	那段	45
nd	32	14	15675	难当	45
nd	32	14	16187	女队	45
nd	32	14	15679	难点	46
nd	32	14	15919	念道	47
nd	32	14	15980	尿道	47
nd	32	14	16060	纽带	47
nd	32	14	16188	虐待	47
nd	32	14	15992	拟订	48
nd	32	14	16186	女单	48
nd	32	14	15677	南岛	49
nd	32	14	15682	南段	49
nd	32	14	15894	能带	49
nd	32	14	15920	念叨	49
nd	32	14	16061	扭动	49
nd	32	14	16167	挪动	49
nd	32	14	15674	男单	50
nd	32	14	15895	能动	50
ndx	2	3	15896	能动性	50
ndx	2	3	15918	年代学	50
ne	8	8	16190	女儿	34
ne	8	8	15620	哪儿	38
ne	8	8	15621	那儿	39
ne	8	8	15981	鸟儿	46
ne	8	8	15683	男儿	47
ne	8	8	15926	娘儿	48
ne	8	8	16063	妞儿	49
ne	8	8	16150	努尔	49
neh	1	0	16151	努尔哈	45
nf	11	10	15684	南方	36
nf	11	10	15687	南非	39
nf	11	10	15897	能否	39
nf	11	10	15923	年份	41
nf	11	10	15628	奶粉	44
nf	11	10	16094	农夫	46
nf	11	10	16191	女方	47
nf	11	10	15685	男方	48
nf	11	10	15688	南风	48
nf	11	10	15924	念佛	49
nf	11	10	15622	那幅	50
nfcp	1	0	16095	农副产品	47
nfj	1	0	15686	南方局	50
nfm	1	0	15850	内分泌	44
nfz	1	0	15993	聂凤智	47
ng	20	12	15623	那个	30
ng	20	12	15899	能够	31
ng	20	12	15851	内阁	37
ng	20	12	15624	哪个	39
ng	20	12	15853	内功	41
ng	20	12	15693	难怪	42
ng	20	12	15696	难过	43
ng	20	12	15999	尼姑	43
ng	20	12	16017	凝固	45
ng	20	12	16192	女工	45
ng	20	12	15689	南港	46
ng	20	12	15694	难关	46
ng	20	12	15625	那根	47
ng	20	12	15692	南瓜	48
ng	20	12	16096	农耕	48
ng	20	12	16140	暖阁	48
ng	20	12	15695	南关	49
ng	20	12	15697	南国	49
ng	20	12	16097	农工	49
ng	20	12	15691	南宫	50
ngl	2	3	15998	尼格罗	49
ngl	2	3	16000	尼古拉	50
ngqj	1	0	15898	能工巧匠	48
ngz	1	0	15852	内阁制	50
nh	32	14	15699	南海	38
nh	32	14	15706	南湖	39
nh	32	14	15857	内河	40
nh	32	14	16099	浓厚	40
nh	32	14	16193	女孩	40
nh	32	14	15700	男孩	41
nh	32	14	15854	内涵	41
nh	32	14	15859	内讧	42
nh	32	14	16001	你好	42
nh	32	14	15626	呐喊	43
nh	32	14	15630	奈何	43
nh	32	14	15802	脑海	43
nh	32	14	16154	怒火	43
nh	32	14	15703	南航	45
nh	32	14	16098	农行	45
nh	32	14	16100	农户	45
nh	32	14	15934	年后	46
nh	32	14	16141	暖和	46
nh	32	14	15804	恼火	47
nh	32	14	16153	怒吼	47
nh	32	14	15629	耐寒	48
nh	32	14	15855	内含	48
nh	32	14	15858	内核	48
nh	32	14	15933	年号	48
nh	32	14	15935	年画	48
nh	32	14	16018	宁海	48
nh	32	14	15803	恼恨	49
nh	32	14	15900	能耗	49
nh	32	14	15936	年华	49
nh	32	14	16152	怒喝	49
nh	32	14	15856	内行	50
nh	32	14	16039	您好	50
nhe	2	3	16194	女孩儿	45
nhe	2	3	15627	那会儿	47
nhjd	1	0	15701	南海舰队	50
nhl	1	0	15707	南环路	41
nhs	1	0	15994	聂海胜	47
nht	1	0	15704	南河头	47
nhy	1	0	16002	泥灰岩	46
nhz	3	4	16195	女孩子	41
nhz	3	4	15702	男孩子	47
nhz	3	4	15705	南河洲	47
nj	45	15	15714	南京	33
nj	45	15	15940	年间	35
nj	45	15	15937	年纪	36
nj	45	15	15945	年均	36
nj	45	15	15710	南极	42
nj	45	15	15938	年级	43
nj	45	15	15944	拈阄	43
nj	45	15	16003	你家	43
nj	45	15	16021	宁静	43
nj	45	15	16022	凝聚	43
nj	45	15	15927	娘家	44
nj	45	15	16102	农家	44
nj	45	15	15928	酿酒	45
nj	45	15	15712	南郊	46
nj	45	15	16020	凝结	46
nj	45	15	16065	牛筋	46
nj	45	15	15711	南疆	47
nj	45	15	15806	脑筋	47
nj	45	15	15901	能级	47
nj	45	15	16104	农具	47
nj	45	15	16155	奴家	47
nj	45	15	15643	纳谏	48
nj	45	15	15860	内疚	48
nj	45	15	15943	念经	48
nj	45	15	16066	牛津	48
nj	45	15	16101	农机	48
nj	45	15	16189	疟疾	48
nj	45	15	16196	女家	48
nj	45	15	15910	嫩江	49
nj	45	15	15929	娘舅	49
nj	45	15	15939	念及	49
nj	45	15	16005	泥浆	49
nj	45	15	16156	怒江	49
nj	45	15	16197	女将	49
nj	45	15	15642	哪家	50
nj	45	15	15713	难解	50
nj	45	15	15805	脑浆	50
nj	45	15	15807	闹剧	50
nj	45	15	15941	年鉴	50
nj	45	15	15942	年节	50
nj	45	15	15946	捻军	50
nj	45	15	16007	逆境	50
nj	45	15	16019	凝胶	50
nj	45	15	16064	牛角	50
nj	45	15	16198	女眷	50
njc	1	0	15715	南京城	45
njd	1	0	15902	能见度	48
njdx	2	3	16067	牛津大学	48
njdx	2	3	15716	南京大学	50
njg	1	0	15903	能进宫	49
njl	2	3	16103	农家乐	46
njl	2	3	16023	凝聚力	47
njlg	1	0	16004	尼加拉瓜	49
njs	1	0	15717	南京市	38
njt	1	0	16006	倪家塔	47
njx	1	0	16068	牛金星	42
njy	1	0	16168	诺基亚	46
njz	1	0	15718	南极洲	48
nk	12	10	16024	宁可	42
nk	12	10	15723	南口	43
nk	12	10	15982	鸟瞰	43
nk	12	10	15721	难看	45
nk	12	10	15722	难堪	45
nk	12	10	15808	脑壳	48
nk	12	10	15861	内科	48
nk	12	10	15690	囊括	49
nk	12	10	15719	南开	49
nk	12	10	15862	内裤	50
nk	12	10	16025	宁肯	50
nk	12	10	16069	纽扣	50
nkdx	1	0	15720	南开大学	47
nks	1	0	16008	尼克松	49
nkz	1	0	15724	南口镇	47
nl	30	14	15904	能力	29
nl	30	14	15645	那里	31
nl	30	14	15646	哪里	33
nl	30	14	16157	努力	33
nl	30	14	15948	年龄	36
nl	30	14	16158	奴隶	36
nl	30	14	15905	能量	37
nl	30	14	15727	南路	39
nl	30	14	15863	内力	39
nl	30	14	15865	内陆	41
nl	30	14	15644	拿来	42
nl	30	14	15983	鸟类	42
nl	30	14	16200	女郎	42
nl	30	14	16105	农历	43
nl	30	14	15866	内乱	45
nl	30	14	15947	年老	46
nl	30	14	16009	你老	46
nl	30	14	16142	暖流	46
nl	30	14	15728	南麓	47
nl	30	14	15864	内里	47
nl	30	14	16106	浓烈	47
nl	30	14	15725	男篮	48
nl	30	14	16010	逆流	48
nl	30	14	16107	农林	48
nl	30	14	16199	女篮	48
nl	30	14	15631	耐力	49
nl	30	14	16041	您老	49
nl	30	14	15726	南岭	50
nl	30	14	16011	尼龙	50
nl	30	14	16201	女流	50
nlb	1	0	16070	纽伦堡	49
nld	1	0	15949	年龄段	50
nlh	1	0	16012	尼罗河	45
nlsh	1	0	16159	奴隶社会	49
nlz	2	3	16160	奴隶制	44
nlz	2	3	16162	奴隶主	45
nlzd	1	0	16161	奴隶制度	50
nm	30	14	15648	那么	29
nm	30	14	16013	你们	29
nm	30	14	16109	农民	31
nm	30	14	15652	那末	41
nm	30	14	15732	难免	41
nm	30	14	15731	南门	42
nm	30	14	15733	南面	42
nm	30	14	15734	难民	42
nm	30	14	15952	年末	43
nm	30	14	16170	糯米	43
nm	30	14	15735	楠木	44
nm	30	14	15649	纳闷	45
nm	30	14	15729	南美	45
nm	30	14	15951	年满	45
nm	30	14	16071	牛马	46
nm	30	14	15647	那马	47
nm	30	14	15650	纳米	47
nm	30	14	15809	脑门	47
nm	30	14	15869	内膜	47
nm	30	14	16113	农牧	47
nm	30	14	15633	耐磨	49
nm	30	14	15867	内蒙	49
nm	30	14	15870	内幕	49
nm	30	14	15953	黏膜	49
nm	30	14	16026	柠檬	49
nm	30	14	16108	浓密	49
nm	30	14	16163	怒骂	49
nm	30	14	16164	怒目	49
nm	30	14	15632	奶妈	50
nm	30	14	15950	年迈	50
nmby	1	0	15651	纳米比亚	49
nmd	1	0	16169	诺曼底	50
nmf	2	3	16171	糯米饭	44
nmf	2	3	16172	糯米粉	46
nmg	2	3	15868	内蒙古	40
nmg	2	3	16110	农民工	47
nmqy	1	0	16111	农民起义	46
nms	1	0	16027	柠檬酸	50
nmx	1	0	16014	尼摩星	45
nmy	1	0	16114	农牧业	46
nmz	1	0	15730	南美洲	44
nmzz	1	0	16112	农民战争	49
nn	14	11	15634	奶奶	37
nn	14	11	15930	娘娘	41
nn	14	11	15736	喃喃	42
nn	14	11	16072	牛奶	42
nn	14	11	15708	那年	43
nn	14	11	16116	农奴	43
nn	14	11	15740	男女	44
nn	14	11	15810	恼怒	44
nn	14	11	15954	年内	45
nn	14	11	15739	南宁	46
nn	14	11	15906	能耐	46
nn	14	11	16040	泥泞	48
nn	14	11	15709	拿捏	49
nn	14	11	15984	袅袅	50
nnbw	1	0	15955	念念不忘	47
nnd	2	3	16143	暖暖的	48
nnd	2	3	16115	浓浓的	50
nnkg	1	0	15738	难能可贵	50
nnls	1	0	15741	男女老少	49
nnz	1	0	16117	农奴制	49
nnzy	1	0	15737	喃喃自语	50
no	1	0	15742	南欧	50
np	7	8	15817	哪怕	41
np	7	8	15745	南平	45
np	7	8	16178	奴仆	46
np	7	8	16073	牛皮	47
np	7	8	16202	女排	47
np	7	8	15743	男排	49
np	7	8	16204	女仆	50
npe	1	0	16042	尼泊尔	45
npl	1	0	15818	拿破仑	44
npy	2	3	15744	男朋友	46
npy	2	3	16203	女朋友	47
npz	1	0	15819	那婆子	50
nq	9	9	15957	年轻	35
nq	9	9	16179	怒气	43
nq	9	9	15956	年前	44
nq	9	9	16043	泥鳅	45
nq	9	9	16074	扭曲	45
nq	9	9	16118	弄清	45
nq	9	9	16144	暖气	49
nq	9	9	15871	内情	50
nq	9	9	15958	年青	50
nqcc	1	0	16180	怒气冲冲	50
nqlz	1	0	15959	年轻力壮	48
nqr	1	0	15960	年轻人	39
nr	11	10	15873	内容	30
nr	11	10	15746	男人	33
nr	11	10	16205	女人	33
nr	11	10	15821	纳入	40
nr	11	10	16075	牛肉	41
nr	11	10	15820	那日	42
nr	11	10	15747	难忍	46
nr	11	10	16173	懦弱	48
nr	11	10	15996	嗫嚅	49
nr	11	10	15907	能人	50
nr	11	10	16047	呢绒	50
nre	1	0	16044	尼日尔	47
nreh	1	0	16045	尼日尔河	50
nrj	1	0	15872	内燃机	48
nrly	1	0	16046	尼日利亚	45
nrxw	1	0	15635	耐人寻味	50
nrz	1	0	15995	聂荣臻	49
ns	45	15	15823	那时	35
ns	45	15	15636	乃是	39
ns	45	15	15758	南宋	40
ns	45	15	16208	女士	40
ns	45	15	15753	难受	42
ns	45	15	16028	凝神	43
ns	45	15	16029	凝视	43
ns	45	15	16048	泥沙	43
ns	45	15	16121	浓缩	43
ns	45	15	16207	女生	43
ns	45	15	15811	闹事	44
ns	45	15	15822	纳什	44
ns	45	15	15750	男生	45
ns	45	15	15825	那双	45
ns	45	15	15826	纳税	45
ns	45	15	15875	内设	45
ns	45	15	16209	女尸	45
ns	45	15	15749	南山	46
ns	45	15	16206	女神	46
ns	45	15	15751	男士	47
ns	45	15	15877	内侍	47
ns	45	15	15964	念书	47
ns	45	15	16076	牛市	47
ns	45	15	15756	难说	48
ns	45	15	15824	拿手	48
ns	45	15	15874	内伤	48
ns	45	15	15908	能手	48
ns	45	15	16051	尼斯	48
ns	45	15	15748	南沙	49
ns	45	15	15876	内生	49
ns	45	15	15961	年少	49
ns	45	15	15965	年岁	49
ns	45	15	16030	凝思	49
ns	45	15	16053	泥塑	49
ns	45	15	15752	难事	50
ns	45	15	15754	男双	50
ns	45	15	15812	闹市	50
ns	45	15	15878	内室	50
ns	45	15	15985	鸟兽	50
ns	45	15	15986	尿素	50
ns	45	15	16031	宁死	50
ns	45	15	16050	泥水	50
ns	45	15	16119	农舍	50
ns	45	15	16120	农事	50
ns	45	15	16181	怒色	50
nsbd	1	0	15755	南水北调	46
nsdk	1	0	15828	纳斯达克	50
nsfr	1	0	15829	纳孙夫人	47
nsl	1	0	16049	泥石流	48
nslf	1	0	15757	南斯拉夫	43
nsq	1	0	15813	闹市区	48
nsr	2	3	15827	纳税人	48
nsr	2	3	15963	年收入	48
nswh	1	0	16052	你死我活	48
nsyg	1	0	15962	年事已高	48
nt	17	11	15830	那天	38
nt	17	11	15966	念头	40
nt	17	11	15761	难题	41
nt	17	11	15831	那条	42
nt	17	11	16055	泥土	43
nt	17	11	16122	农田	43
nt	17	11	15759	南唐	44
nt	17	11	15763	南通	44
nt	17	11	15967	年头	44
nt	17	11	15968	粘土	45
nt	17	11	16077	扭头	46
nt	17	11	16210	女童	46
nt	17	11	15760	难逃	47
nt	17	11	15814	闹腾	48
nt	17	11	16054	泥炭	48
nt	17	11	16182	怒涛	48
nt	17	11	15762	难听	49
nts	1	0	16078	牛头山	46
ntsl	1	0	16123	农田水利	45
nw	11	10	15833	那位	39
nw	11	10	15879	内外	39
nw	11	10	16174	挪威	42
nw	11	10	16211	女王	44
nw	11	10	15764	难忘	45
nw	11	10	15765	南纬	46
nw	11	10	15880	内务	46
nw	11	10	16032	凝望	47
nw	11	10	15832	那晚	48
nw	11	10	15834	哪位	49
nw	11	10	16124	浓雾	50
nwys	1	0	16033	宁为玉碎	49
nx	26	13	15837	那些	30
nx	26	13	16212	女性	35
nx	26	13	15771	男性	37
nx	26	13	15838	哪些	37
nx	26	13	15883	内心	38
nx	26	13	15637	耐心	42
nx	26	13	15836	拿下	42
nx	26	13	16034	宁夏	42
nx	26	13	15767	南县	43
nx	26	13	16213	女婿	43
nx	26	13	15766	南下	44
nx	26	13	15970	年薪	44
nx	26	13	15768	南湘	45
nx	26	13	15969	年限	46
nx	26	13	15769	南襄	47
nx	26	13	15770	南向	48
nx	26	13	15774	南巡	48
nx	26	13	15881	内线	48
nx	26	13	15882	内向	48
nx	26	13	15884	内需	48
nx	26	13	15835	纳西	49
nx	26	13	16125	农学	49
nx	26	13	16183	奴性	49
nx	26	13	15772	南行	50
nx	26	13	16035	狞笑	50
nx	26	13	16081	逆行	50
nxr	1	0	15773	南希仁	50
nxy	1	0	16126	农学院	50
nxz	1	0	15839	纳西族	45
nxzj	1	0	16127	弄虚作假	50
ny	39	15	16130	农业	30
ny	39	15	15840	那样	33
ny	39	15	15780	难以	34
ny	39	15	15909	能源	38
ny	39	15	15777	南阳	39
ny	39	15	16079	纽约	39
ny	39	15	16134	浓郁	40
ny	39	15	15787	南岳	41
ny	39	15	16184	奴役	42
ny	39	15	15775	南亚	43
ny	39	15	15781	南移	44
ny	39	15	16036	宁愿	44
ny	39	15	16037	宁远	44
ny	39	15	16129	农药	44
ny	39	15	15778	南洋	45
ny	39	15	15785	难于	45
ny	39	15	16133	农用	45
ny	39	15	15973	年幼	46
ny	39	15	15974	鲇鱼	46
ny	39	15	16216	女友	46
ny	39	15	15784	男友	47
ny	39	15	15971	粘液	47
ny	39	15	16128	浓烟	47
ny	39	15	15788	南越	48
ny	39	15	16082	尼亚	48
ny	39	15	16175	诺言	48
ny	39	15	16177	挪用	48
ny	39	15	15638	耐用	49
ny	39	15	15639	奶油	49
ny	39	15	15776	难言	49
ny	39	15	15786	南缘	49
ny	39	15	15885	内衣	49
ny	39	15	15887	内应	49
ny	39	15	15987	尿液	49
ny	39	15	16176	挪移	49
ny	39	15	15886	内因	50
ny	39	15	15972	黏液	50
ny	39	15	16214	女婴	50
ny	39	15	16215	女佣	50
nyb	1	0	16131	农业部	41
nyf	1	0	16083	倪岳峰	47
nyg	1	0	15779	南岩宫	44
nyj	1	0	15789	南岳尖	47
nyq	1	0	16132	农业区	45
nys	1	0	15790	南岳山	47
nyxx	1	0	15782	难以想象	48
nyzx	1	0	15783	难以置信	48
nz	35	14	16220	女子	34
nz	35	14	15841	那种	35
nz	35	14	15799	男子	36
nz	35	14	15890	内战	39
nz	35	14	15640	乃至	40
nz	35	14	15816	脑子	40
nz	35	14	15932	娘子	41
nz	35	14	15888	内在	43
nz	35	14	15891	内政	43
nz	35	14	16080	扭转	43
nz	35	14	16217	女真	44
nz	35	14	15889	内脏	45
nz	35	14	15792	南漳	46
nz	35	14	15798	楠竹	46
nz	35	14	15978	碾子	46
nz	35	14	16085	逆转	46
nz	35	14	15975	年长	47
nz	35	14	16038	凝重	47
nz	35	14	16135	浓重	47
nz	35	14	15641	奶子	48
nz	35	14	15698	囊中	48
nz	35	14	15795	南征	48
nz	35	14	15842	拿走	48
nz	35	14	15977	念珠	48
nz	35	14	15997	捏造	48
nz	35	14	16084	逆贼	48
nz	35	14	16221	女足	48
nz	35	14	15931	酿造	49
nz	35	14	15976	年终	49
nz	35	14	16138	农作	49
nz	35	14	15791	南站	50
nz	35	14	15794	南诏	50
nz	35	14	15892	内置	50
nz	35	14	16136	脓肿	50
nz	35	14	16137	农庄	50
nzh	1	0	15800	男子汉	45
nzr	2	3	16218	女真人	50
nzr	2	3	16219	女主人	50
nzw	2	3	16139	农作物	40
nzw	2	3	15815	闹着玩	49
nzx	1	0	15793	南漳县	47
nzz	2	3	15796	南振中	47
nzz	2	3	15797	南洲子	47
od	1	0	16222	殴打	49
oe	1	0	16223	偶尔	40
og	1	0	16224	讴歌	50
ogt	1	0	16225	欧共体	46
oh	1	0	16226	耦合	48
ojld	1	0	16227	欧几里得	47
ol	2	3	16228	欧拉	46
ol	2	3	16229	欧里	50
om	2	3	16231	欧盟	40
om	2	3	16230	欧美	48
opk	1	0	16232	欧佩克	49
or	1	0	16233	偶然	40
orx	1	0	16234	偶然性	49
ot	1	0	16235	呕吐	43
ow	1	0	16236	欧文	50
ox	1	0	16237	偶像	45
oy	3	4	16246	欧元	40
oy	3	4	16238	欧亚	46
oy	3	4	16240	欧阳	47
oydl	1	0	16239	欧亚大陆	45
oyf	1	0	16241	欧阳锋	40
oyk	1	0	16242	欧阳克	45
oyt	1	0	16243	欧阳天	50
oyx	2	3	16244	欧阳祥	47
oyx	2	3	16245	欧阳修	48
oz	1	0	16247	欧洲	32
ozr	1	0	16248	欧洲人	43
pa	2	3	16575	平安	40
pa	2	3	16472	偏爱	48
paws	1	0	16576	平安无事	49
pb	25	13	16782	普遍	35
pb	25	13	16315	旁边	36
pb	25	13	16784	瀑布	40
pb	25	13	16387	配备	41
pb	25	13	16357	炮兵	42
pb	25	13	16252	派兵	43
pb	25	13	16251	派别	44
pb	25	13	16434	蓬勃	44
pb	25	13	16528	疲惫	44
pb	25	13	16386	陪伴	45
pb	25	13	16577	平板	45
pb	25	13	16735	破败	45
pb	25	13	16304	叛变	46
pb	25	13	16563	拼搏	46
pb	25	13	16358	跑步	48
pb	25	13	16578	屏蔽	48
pb	25	13	16781	扑鼻	48
pb	25	13	16305	判别	49
pb	25	13	16508	漂泊	49
pb	25	13	16527	皮包	49
pb	25	13	16530	批驳	49
pb	25	13	16579	评比	49
pb	25	13	16250	拍板	50
pb	25	13	16303	攀比	50
pb	25	13	16306	盘剥	50
pbbk	1	0	16529	疲惫不堪	50
pbdy	1	0	16736	迫不得已	48
pbjd	1	0	16737	迫不及待	46
pbx	1	0	16783	普遍性	47
pc	24	13	16256	派出	38
pc	24	13	16785	普查	38
pc	24	13	16257	排除	40
pc	24	13	16581	平常	40
pc	24	13	16389	赔偿	41
pc	24	13	16738	破产	41
pc	24	13	16309	判处	42
pc	24	13	16255	排斥	43
pc	24	13	16258	排出	43
pc	24	13	16431	喷出	44
pc	24	13	16532	批次	44
pc	24	13	16473	偏差	45
pc	24	13	16254	排成	46
pc	24	13	16565	品尝	46
pc	24	13	16531	皮层	47
pc	24	13	16308	盘缠	48
pc	24	13	16739	破除	48
pc	24	13	16253	排场	49
pc	24	13	16388	胚层	49
pc	24	13	16566	拼凑	49
pc	24	13	16786	噗哧	49
pc	24	13	16307	盘查	50
pc	24	13	16564	品茶	50
pc	24	13	16580	评测	50
pcs	1	0	16259	派出所	45
pd	39	15	16312	判断	35
pd	39	15	16583	平等	35
pd	39	15	16432	盆地	37
pd	39	15	16569	品德	38
pd	39	15	16316	庞大	39
pd	39	15	16359	炮弹	39
pd	39	15	16436	碰到	39
pd	39	15	16567	频道	41
pd	39	15	16587	平定	42
pd	39	15	16261	排队	43
pd	39	15	16585	平地	43
pd	39	15	16311	判定	45
pd	39	15	16360	跑道	45
pd	39	15	16588	评定	45
pd	39	15	16742	坡度	45
pd	39	15	16392	配殿	46
pd	39	15	16568	贫道	46
pd	39	15	16586	平底	46
pd	39	15	16788	浦东	46
pd	39	15	16260	拍打	47
pd	39	15	16390	佩戴	47
pd	39	15	16582	平淡	47
pd	39	15	16310	攀登	48
pd	39	15	16474	片断	48
pd	39	15	16509	飘荡	48
pd	39	15	16533	皮带	48
pd	39	15	16740	朴刀	48
pd	39	15	16317	庞德	49
pd	39	15	16510	飘动	49
pd	39	15	16534	匹敌	49
pd	39	15	16262	派对	50
pd	39	15	16391	佩刀	50
pd	39	15	16393	配电	50
pd	39	15	16394	配对	50
pd	39	15	16435	膨大	50
pd	39	15	16475	片段	50
pd	39	15	16570	频段	50
pd	39	15	16741	坡地	50
pd	39	15	16787	铺垫	50
pdg	1	0	16318	庞德公	47
pdh	1	0	16437	彭德怀	44
pdhl	1	0	16584	平等互利	50
pdl	1	0	16313	判断力	50
pe	3	4	16590	平儿	43
pe	3	4	16395	配额	49
pe	3	4	16789	普尔	50
pem	1	0	16249	帕尔马	50
pf	31	14	16542	皮肤	37
pf	31	14	16572	频繁	39
pf	31	14	16398	佩服	40
pf	31	14	16263	牌坊	41
pf	31	14	16264	排放	44
pf	31	14	16543	批复	44
pf	31	14	16573	嫔妃	44
pf	31	14	16574	贫富	44
pf	31	14	16591	平反	44
pf	31	14	16433	喷发	45
pf	31	14	16539	批发	45
pf	31	14	16592	平凡	45
pf	31	14	16601	屏风	45
pf	31	14	16790	普法	45
pf	31	14	16476	篇幅	46
pf	31	14	16512	漂浮	46
pf	31	14	16593	平方	46
pf	31	14	16397	配方	47
pf	31	14	16571	贫乏	47
pf	31	14	16540	疲乏	48
pf	31	14	16594	平房	48
pf	31	14	16314	判罚	49
pf	31	14	16599	评分	49
pf	31	14	16791	匍匐	49
pf	31	14	16396	配发	50
pf	31	14	16511	票房	50
pf	31	14	16513	飘浮	50
pf	31	14	16541	披风	50
pf	31	14	16600	平分	50
pf	31	14	16770	剖腹	50
pf	31	14	16792	仆妇	50
pfb	1	0	16544	皮肤病	50
pfgl	1	0	16595	平方公里	36
pflm	1	0	16596	平方厘米	46
pfm	1	0	16597	平方米	38
pfqm	1	0	16598	平方千米	33
pg	15	11	16546	屁股	40
pg	15	11	16602	评估	40
pg	15	11	16603	苹果	40
pg	15	11	16545	皮革	44
pg	15	11	16329	判官	45
pg	15	11	16265	排灌	46
pg	15	11	16319	旁观	46
pg	15	11	16320	膀胱	46
pg	15	11	16589	品格	46
pg	15	11	16547	披挂	47
pg	15	11	16328	盘古	49
pg	15	11	16400	培根	49
pg	15	11	16743	颇感	49
pg	15	11	16744	破格	49
pg	15	11	16793	铺盖	49
pgc	1	0	16399	裴高才	47
pgz	1	0	16321	旁观者	50
ph	19	12	16401	配合	35
ph	19	12	16746	破坏	35
ph	19	12	16605	平衡	36
ph	19	12	16268	徘徊	43
ph	19	12	16745	迫害	43
ph	19	12	16362	炮火	44
ph	19	12	16604	平和	44
ph	19	12	16674	贫寒	45
ph	19	12	16361	炮轰	46
ph	19	12	16608	平缓	46
ph	19	12	16266	排行	47
ph	19	12	16322	彷徨	49
ph	19	12	16333	盘桓	49
ph	19	12	16463	喷火	49
ph	19	12	16514	飘忽	49
ph	19	12	16606	平滑	49
ph	19	12	16439	澎湖	50
ph	19	12	16477	偏好	50
ph	19	12	16748	破获	50
phb	1	0	16267	排行榜	47
phj	1	0	16607	平滑肌	49
phw	1	0	16440	彭桓武	47
phx	1	0	16747	破坏性	48
phy	1	0	16438	彭红艳	47
pj	44	15	16620	平均	32
pj	44	15	16610	评价	36
pj	44	15	16614	凭借	39
pj	44	15	16617	平静	39
pj	44	15	16794	普及	40
pj	44	15	16337	判决	41
pj	44	15	16404	配件	42
pj	44	15	16515	票价	43
pj	44	15	16550	啤酒	43
pj	44	15	16616	平津	43
pj	44	15	16441	抨击	44
pj	44	15	16675	品级	44
pj	44	15	16752	破旧	44
pj	44	15	16269	排挤	45
pj	44	15	16363	炮击	45
pj	44	15	16479	偏见	45
pj	44	15	16551	疲倦	45
pj	44	15	16618	瓶颈	45
pj	44	15	16442	碰见	46
pj	44	15	16516	票据	46
pj	44	15	16548	披甲	46
pj	44	15	16609	评级	46
pj	44	15	16750	破解	46
pj	44	15	16338	叛军	47
pj	44	15	16480	偏将	47
pj	44	15	16753	颇具	47
pj	44	15	16336	盘踞	48
pj	44	15	16535	瞥见	48
pj	44	15	16611	平价	48
pj	44	15	16612	平江	48
pj	44	15	16613	评奖	48
pj	44	15	16619	平局	48
pj	44	15	16795	普京	48
pj	44	15	16403	陪嫁	49
pj	44	15	16464	盆景	49
pj	44	15	16549	僻静	49
pj	44	15	16676	贫瘠	49
pj	44	15	16749	婆家	49
pj	44	15	16751	迫近	49
pj	44	15	16402	配给	50
pj	44	15	16405	佩剑	50
pj	44	15	16406	配角	50
pj	44	15	16478	偏激	50
pj	44	15	16481	骗局	50
pjh	1	0	16621	平均化	50
pjl	1	0	16335	潘金莲	50
pjlr	1	0	16622	平均利润	50
pjp	1	0	16270	迫击炮	44
pjs	1	0	16623	平均数	50
pjy	1	0	16334	潘家园	50
pjz	2	3	16624	平均值	48
pjz	2	3	16615	凭借着	50
pjzy	1	0	16625	平均主义	49
pk	9	9	16482	片刻	37
pk	9	9	16678	贫困	39
pk	9	9	16677	贫苦	42
pk	9	9	16536	撇开	45
pk	9	9	16407	赔款	46
pk	9	9	16364	抛开	48
pk	9	9	16626	凭空	48
pk	9	9	16365	炮口	50
pk	9	9	16771	剖开	50
pkdm	1	0	16754	破口大骂	47
pkh	1	0	16679	贫困户	50
pkj	1	0	16483	片刻间	46
pkrz	1	0	16552	皮开肉绽	48
pks	1	0	16680	贫困生	50
pkx	1	0	16681	贫困县	49
pky	1	0	16443	彭克玉	47
pl	29	13	16272	排列	37
pl	29	13	16627	评论	38
pl	29	13	16684	频率	38
pl	29	13	16517	漂亮	39
pl	29	13	16559	披露	39
pl	29	13	16341	叛乱	41
pl	29	13	16553	疲劳	41
pl	29	13	16273	牌楼	43
pl	29	13	16556	批量	43
pl	29	13	16759	破裂	43
pl	29	13	16484	偏离	44
pl	29	13	16339	蟠龙	45
pl	29	13	16557	毗邻	45
pl	29	13	16271	排练	46
pl	29	13	16445	棚里	46
pl	29	13	16555	霹雳	46
pl	29	13	16756	破烂	46
pl	29	13	16518	漂流	47
pl	29	13	16408	赔率	48
pl	29	13	16682	品类	48
pl	29	13	16683	聘礼	48
pl	29	13	16757	魄力	48
pl	29	13	16340	盘龙	49
pl	29	13	16444	蓬莱	49
pl	29	13	16755	泼辣	49
pl	29	13	16758	破例	49
pl	29	13	16274	排卵	50
pl	29	13	16519	飘落	50
pl	29	13	16554	疲累	50
plh	1	0	16446	彭连虎	47
plj	1	0	16628	评论家	47
plk	1	0	16796	普朗克	49
plm	1	0	16760	婆罗门	49
pln	1	0	16323	庞丽娜	47
plpk	1	0	16558	批林批孔	50
pls	1	0	16797	普鲁士	44
pm	22	12	16631	平民	33
pm	22	12	16278	排名	38
pm	22	12	16630	平面	38
pm	22	12	16276	拍卖	41
pm	22	12	16686	拼命	41
pm	22	12	16366	泡沫	43
pm	22	12	16634	屏幕	43
pm	22	12	16685	贫民	43
pm	22	12	16485	片面	44
pm	22	12	16629	平米	44
pm	22	12	16762	破灭	45
pm	22	12	16560	皮毛	46
pm	22	12	16800	扑灭	46
pm	22	12	16275	拍马	47
pm	22	12	16486	片名	47
pm	22	12	16561	媲美	47
pm	22	12	16761	破门	47
pm	22	12	16324	旁门	48
pm	22	12	16520	缥缈	48
pm	22	12	16342	盘面	49
pm	22	12	16772	剖面	49
pm	22	12	16798	扑面	49
pmbx	1	0	16632	平民百姓	45
pme	1	0	16302	帕米尔	50
pmel	1	0	16799	扑面而来	50
pmp	1	0	16277	拍马屁	47
pmzy	1	0	16633	平民主义	49
pn	6	7	16763	婆娘	45
pn	6	7	16487	偏南	46
pn	6	7	16343	叛逆	47
pn	6	7	16687	贫农	48
pn	6	7	16279	排尿	49
pn	6	7	16562	皮囊	50
po	1	0	16409	配偶	45
pp	20	12	16688	品牌	37
pp	20	12	16713	批评	37
pp	20	12	16711	批判	38
pp	20	12	16764	婆婆	38
pp	20	12	16489	偏偏	40
pp	20	12	16280	拍拍	43
pp	20	12	16689	频频	43
pp	20	12	16709	琵琶	44
pp	20	12	16712	匹配	44
pp	20	12	16448	怦怦	45
pp	20	12	16638	平平	45
pp	20	12	16488	偏僻	46
pp	20	12	16635	评判	46
pp	20	12	16521	飘飘	48
pp	20	12	16490	篇篇	49
pp	20	12	16447	澎湃	50
pp	20	12	16636	乒乓	50
pp	20	12	16690	品评	50
pp	20	12	16710	枇杷	50
pp	20	12	16801	铺平	50
ppd	1	0	16379	爬坡度	50
ppj	1	0	16714	批评家	49
ppq	1	0	16637	乒乓球	46
pptt	1	0	16802	普普通通	47
pq	14	11	16282	派遣	39
pq	14	11	16715	脾气	39
pq	14	11	16765	迫切	42
pq	14	11	16367	抛弃	43
pq	14	11	16692	贫穷	43
pq	14	11	16691	聘请	44
pq	14	11	16803	蒲圻	44
pq	14	11	16283	排球	47
pq	14	11	16465	喷气	47
pq	14	11	16716	皮球	47
pq	14	11	16467	喷泉	48
pq	14	11	16449	碰巧	49
pq	14	11	16491	骗取	49
pq	14	11	16281	排气	50
pqh	1	0	16450	彭清华	47
pqpz	1	0	16639	平起平坐	46
pqs	1	0	16466	喷气式	48
pr	13	10	16326	旁人	39
pr	13	10	16641	平日	39
pr	13	10	16719	譬如	42
pr	13	10	16804	仆人	42
pr	13	10	16451	烹饪	44
pr	13	10	16492	骗人	45
pr	13	10	16640	平壤	46
pr	13	10	16718	皮肉	46
pr	13	10	16380	怕人	47
pr	13	10	16720	疲软	47
pr	13	10	16410	胚乳	49
pr	13	10	16522	飘然	49
pr	13	10	16693	聘任	49
prdw	1	0	16325	庞然大物	49
prs	1	0	16721	譬如说	50
prx	1	0	16717	皮日休	46
ps	38	15	16645	平时	36
ps	38	15	16805	菩萨	39
ps	38	15	16284	拍摄	40
ps	38	15	16766	迫使	40
ps	38	15	16287	排水	42
ps	38	15	16368	炮声	42
ps	38	15	16452	碰上	42
ps	38	15	16643	评审	43
ps	38	15	16644	平生	43
ps	38	15	16286	拍手	44
ps	38	15	16345	攀升	44
ps	38	15	16346	盘算	44
ps	38	15	16809	朴实	44
ps	38	15	16811	朴素	44
ps	38	15	16767	破碎	45
ps	38	15	16807	铺设	45
ps	38	15	16411	配色	46
ps	38	15	16649	平素	46
ps	38	15	16722	披上	46
ps	38	15	16723	批示	46
ps	38	15	16468	喷射	47
ps	38	15	16694	贫僧	47
ps	38	15	16695	拼死	47
ps	38	15	16768	破损	47
ps	38	15	16285	派生	48
ps	38	15	16382	怕死	48
ps	38	15	16412	陪审	48
ps	38	15	16646	平手	48
ps	38	15	16647	评述	48
ps	38	15	16648	评说	48
ps	38	15	16453	蓬松	49
ps	38	15	16806	铺上	49
ps	38	15	16344	蹒跚	50
ps	38	15	16369	炮手	50
ps	38	15	16370	抛售	50
ps	38	15	16381	爬山	50
ps	38	15	16469	喷水	50
ps	38	15	16724	砒霜	50
psc	1	0	16810	蒲绶昌	49
psl	1	0	16288	排水量	43
pss	1	0	16808	普圣寺	47
psx	1	0	16642	平山县	50
psy	1	0	16413	陪审员	46
pt	20	12	16823	普通	34
pt	20	12	16650	平台	36
pt	20	12	16415	配套	39
pt	20	12	16371	炮塔	42
pt	20	12	16812	葡萄	42
pt	20	12	16651	平坦	43
pt	20	12	16347	叛徒	44
pt	20	12	16414	胚胎	44
pt	20	12	16416	陪同	44
pt	20	12	16454	烹调	44
pt	20	12	16327	旁听	45
pt	20	12	16824	扑通	45
pt	20	12	16372	炮台	46
pt	20	12	16819	菩提	48
pt	20	12	16827	蒲团	48
pt	20	12	16470	喷嚏	49
pt	20	12	16652	平添	49
pt	20	12	16289	派头	50
pt	20	12	16493	偏袒	50
pt	20	12	16725	劈头	50
ptdg	1	0	16769	破土动工	46
ptgd	1	0	16820	铺天盖地	48
pth	1	0	16825	普通话	46
ptj	1	0	16813	葡萄酒	44
ptqj	1	0	16814	葡萄球菌	50
ptr	1	0	16826	普通人	45
ptt	1	0	16815	葡萄糖	46
ptx	1	0	16821	普天下	49
pty	2	3	16816	葡萄牙	42
pty	2	3	16818	葡萄园	48
ptyr	1	0	16817	葡萄牙人	46
ptzx	1	0	16822	普天之下	48
pw	13	10	16653	评为	38
pw	13	10	16655	平稳	42
pw	13	10	16348	盼望	43
pw	13	10	16696	品位	43
pw	13	10	16291	牌位	45
pw	13	10	16417	配位	47
pw	13	10	16697	聘为	47
pw	13	10	16698	品味	47
pw	13	10	16726	脾胃	47
pw	13	10	16290	排外	48
pw	13	10	16349	盘问	48
pw	13	10	16654	评委	48
pw	13	10	16774	颇为	50
px	28	13	16418	培训	35
px	28	13	16658	平行	41
px	28	13	16660	评选	42
px	28	13	16352	盘旋	44
px	28	13	16656	平息	44
px	28	13	16703	贫血	44
px	28	13	16728	皮鞋	44
px	28	13	16495	偏向	45
px	28	13	16383	爬行	46
px	28	13	16293	排泄	47
px	28	13	16294	排序	47
px	28	13	16351	判刑	47
px	28	13	16374	咆哮	47
px	28	13	16701	品行	47
px	28	13	16773	剖析	47
px	28	13	16292	派系	48
px	28	13	16330	螃蟹	48
px	28	13	16350	盘膝	48
px	28	13	16537	撇下	48
px	28	13	16702	品性	48
px	28	13	16727	皮下	48
px	28	13	16373	炮响	49
px	28	13	16657	平西	49
px	28	13	16700	拼写	49
px	28	13	16494	偏西	50
px	28	13	16729	皮靴	50
px	28	13	16828	谱写	50
px	28	13	16829	普选	50
pxb	1	0	16419	培训班	43
pxdw	1	0	16384	爬行动物	50
pxw	1	0	16659	平西王	48
pxzn	1	0	16699	贫下中农	49
py	26	13	16456	朋友	32
py	26	13	16666	平原	33
py	26	13	16420	培养	34
py	26	13	16497	便宜	38
py	26	13	16423	培育	41
py	26	13	16776	破译	43
py	26	13	16422	配有	46
py	26	13	16496	偏要	46
py	26	13	16663	评议	46
py	26	13	16704	拼音	46
py	26	13	16705	聘用	46
py	26	13	16777	迫于	46
py	26	13	16830	溥仪	46
py	26	13	16662	平遥	47
py	26	13	16664	平庸	47
py	26	13	16498	偏远	48
py	26	13	16523	飘扬	48
py	26	13	16524	漂移	48
py	26	13	16525	飘逸	48
py	26	13	16661	平阳	48
py	26	13	16353	攀援	49
py	26	13	16421	配用	49
py	26	13	16665	评语	49
py	26	13	16730	皮炎	49
py	26	13	16831	仆役	49
py	26	13	16295	派员	50
pyh	1	0	16775	鄱阳湖	47
pym	1	0	16354	潘粤明	47
pyq	1	0	16667	平原区	50
pyy	1	0	16455	彭莹玉	50
pz	54	16	16733	批准	32
pz	54	16	16707	品种	34
pz	54	16	16332	胖子	35
pz	54	16	16425	配置	39
pz	54	16	16706	品质	39
pz	54	16	16457	膨胀	40
pz	54	16	16301	牌子	42
pz	54	16	16296	排长	43
pz	54	16	16460	烹制	43
pz	54	16	16461	碰撞	43
pz	54	16	16734	皮子	43
pz	54	16	16385	趴在	44
pz	54	16	16502	偏重	44
pz	54	16	16356	盘子	45
pz	54	16	16668	屏障	45
pz	54	16	16670	平整	45
pz	54	16	16732	皮质	45
pz	54	16	16780	婆子	45
pz	54	16	16297	牌照	46
pz	54	16	16355	盘中	46
pz	54	16	16426	配制	46
pz	54	16	16459	彭真	46
pz	54	16	16499	篇章	46
pz	54	16	16506	骗子	46
pz	54	16	16671	凭证	46
pz	54	16	16673	瓶子	46
pz	54	16	16779	破绽	46
pz	54	16	16832	铺筑	46
pz	54	16	16298	拍照	47
pz	54	16	16669	凭着	47
pz	54	16	16299	派驻	48
pz	54	16	16376	抛掷	48
pz	54	16	16378	袍子	48
pz	54	16	16427	培植	48
pz	54	16	16428	胚珠	48
pz	54	16	16429	配子	48
pz	54	16	16507	片子	48
pz	54	16	16672	平直	48
pz	54	16	16833	铺子	48
pz	54	16	16377	炮制	49
pz	54	16	16424	陪葬	49
pz	54	16	16500	片长	49
pz	54	16	16505	片状	49
pz	54	16	16526	票子	49
pz	54	16	16538	撇嘴	49
pz	54	16	16708	拼装	49
pz	54	16	16375	疱疹	50
pz	54	16	16430	赔罪	50
pz	54	16	16462	棚子	50
pz	54	16	16471	盆子	50
pz	54	16	16501	偏振	50
pz	54	16	16503	片中	50
pz	54	16	16504	偏转	50
pz	54	16	16731	皮疹	50
pzl	1	0	16458	彭长老	49
pzmj	1	0	16778	迫在眉睫	48
pzp	1	0	16331	旁遮普	50
pzz	1	0	16300	拍桌子	50
qa	4	6	17316	请安	43
qa	4	6	17298	亲爱	44
qa	4	6	17299	秦安	46
qa	4	6	17315	情爱	49
qb	33	14	17792	全部	31
qb	33	14	17902	区别	36
qb	33	14	17134	骑兵	37
qb	33	14	16845	千步	38
qb	33	14	16838	前辈	39
qb	33	14	17303	亲兵	39
qb	33	14	17318	情报	39
qb	33	14	17918	确保	39
qb	33	14	17321	清兵	40
qb	33	14	16877	墙壁	41
qb	33	14	16841	前边	43
qb	33	14	17135	起兵	43
qb	33	14	16839	钱币	44
qb	33	14	16846	前部	44
qb	33	14	17138	起步	44
qb	33	14	17081	峭壁	45
qb	33	14	17791	全邦	45
qb	33	14	16840	铅笔	46
qb	33	14	16876	强暴	47
qb	33	14	17131	七八	47
qb	33	14	17302	亲笔	47
qb	33	14	17317	清白	47
qb	33	14	17322	轻薄	47
qb	33	14	17079	侨胞	48
qb	33	14	17133	齐备	48
qb	33	14	17320	轻便	48
qb	33	14	16844	浅薄	49
qb	33	14	16878	枪毙	49
qb	33	14	16879	墙边	49
qb	33	14	17080	桥本	49
qb	33	14	17136	起病	49
qb	33	14	17790	全班	49
qb	33	14	17137	奇兵	50
qbcs	1	0	17139	泣不成声	50
qbg	1	0	17132	七八个	47
qbj	2	3	16847	前不久	45
qbj	2	3	17319	情报局	50
qbn	1	0	16837	千百年	46
qbq	1	0	17082	瞧不起	45
qbs	1	0	17176	且不说	48
qbt	1	0	16843	铅笔头	49
qbwh	1	0	16842	千变万化	50
qbz	1	0	17078	乔帮主	50
qbzj	1	0	17323	情不自禁	46
qc	62	17	17146	汽车	32
qc	62	17	17336	清楚	33
qc	62	17	17160	其次	37
qc	62	17	17905	取出	37
qc	62	17	17331	清朝	39
qc	62	17	17333	清晨	41
qc	62	17	17339	青春	41
qc	62	17	17144	起草	42
qc	62	17	17153	起初	42
qc	62	17	17337	清除	42
qc	62	17	16855	千尺	43
qc	62	17	17140	器材	43
qc	62	17	17332	清澈	43
qc	62	17	17678	球场	43
qc	62	17	17793	全场	43
qc	62	17	17795	全称	43
qc	62	17	17796	全城	43
qc	62	17	16852	牵扯	44
qc	62	17	17156	起床	44
qc	62	17	17177	切除	44
qc	62	17	17304	钦差	44
qc	62	17	17334	青城	44
qc	62	17	17906	去处	44
qc	62	17	17967	群臣	44
qc	62	17	16853	虔诚	45
qc	62	17	17083	憔悴	45
qc	62	17	17338	清初	45
qc	62	17	17343	清脆	45
qc	62	17	17797	全程	45
qc	62	17	16848	钱财	46
qc	62	17	16849	浅层	46
qc	62	17	16854	前程	46
qc	62	17	17141	奇才	46
qc	62	17	17148	启程	46
qc	62	17	17158	蕲春	46
qc	62	17	17327	情操	46
qc	62	17	17328	青草	46
qc	62	17	17342	青葱	46
qc	62	17	17903	取材	46
qc	62	17	16851	前朝	47
qc	62	17	17325	青藏	47
qc	62	17	17329	清查	47
qc	62	17	17680	龟兹	47
qc	62	17	17798	全村	47
qc	62	17	17907	驱除	47
qc	62	17	17908	去除	47
qc	62	17	16850	前场	48
qc	62	17	17147	骑车	48
qc	62	17	17324	青菜	48
qc	62	17	16856	前次	49
qc	62	17	17143	凄惨	49
qc	62	17	17149	起程	49
qc	62	17	17150	七成	49
qc	62	17	17155	气喘	49
qc	62	17	17178	切磋	49
qc	62	17	17330	清偿	49
qc	62	17	17341	青瓷	49
qc	62	17	17904	驱车	49
qc	62	17	17909	屈从	49
qc	62	17	17154	凄楚	50
qc	62	17	17306	秦朝	50
qc	62	17	17794	权臣	50
qcc	1	0	17142	器材厂	46
qcdc	1	0	17305	钦差大臣	49
qcdr	1	0	17152	奇耻大辱	50
qcf	1	0	17145	戚长发	50
qcj	1	0	17679	丘处机	43
qcq	1	0	17340	青春期	47
qcs	1	0	17335	青城山	50
qctl	1	0	17326	青藏铁路	50
qcx	1	0	17159	蕲春县	47
qcxx	1	0	17157	气喘吁吁	47
qcz	1	0	17151	汽车站	50
qd	70	17	17913	取得	31
qd	70	17	16884	强调	34
qd	70	17	17920	确定	34
qd	70	17	16861	签订	36
qd	70	17	16880	强大	36
qd	70	17	17344	清代	36
qd	70	17	17348	青岛	38
qd	70	17	17353	庆典	38
qd	70	17	17683	球队	38
qd	70	17	17804	全都	38
qd	70	17	17910	取代	38
qd	70	17	17968	群岛	38
qd	70	17	16886	强度	39
qd	70	17	17170	启动	39
qd	70	17	17800	全党	39
qd	70	17	17911	渠道	39
qd	70	17	17161	期待	40
qd	70	17	17162	契丹	40
qd	70	17	17164	起到	40
qd	70	17	17168	起点	40
qd	70	17	16882	强盗	41
qd	70	17	16834	恰当	42
qd	70	17	16864	迁都	42
qd	70	17	17917	驱动	42
qd	70	17	17919	缺点	42
qd	70	17	17682	求得	43
qd	70	17	17179	切断	44
qd	70	17	17358	清炖	44
qd	70	17	16860	前殿	45
qd	70	17	17087	桥墩	45
qd	70	17	17165	祈祷	45
qd	70	17	17915	曲调	45
qd	70	17	16857	前导	46
qd	70	17	16865	前端	46
qd	70	17	16881	枪弹	46
qd	70	17	16883	强敌	46
qd	70	17	16889	抢夺	46
qd	70	17	17166	启德	46
qd	70	17	17345	清单	46
qd	70	17	17355	情调	46
qd	70	17	17805	全队	46
qd	70	17	17914	取缔	46
qd	70	17	16863	牵动	47
qd	70	17	17308	钦定	47
qd	70	17	17357	轻度	47
qd	70	17	17801	全岛	47
qd	70	17	17916	去掉	47
qd	70	17	17084	敲打	48
qd	70	17	17171	气动	48
qd	70	17	17173	气度	48
qd	70	17	17307	秦代	48
qd	70	17	17346	氢弹	48
qd	70	17	17347	清淡	48
qd	70	17	17349	倾倒	48
qd	70	17	17352	轻敌	48
qd	70	17	17803	圈定	48
qd	70	17	16859	前敌	49
qd	70	17	16862	签定	49
qd	70	17	16866	前段	49
qd	70	17	16885	腔调	49
qd	70	17	17167	启迪	49
qd	70	17	17354	清点	49
qd	70	17	17802	圈地	49
qd	70	17	16887	强渡	50
qd	70	17	16888	强队	50
qd	70	17	17169	七点	50
qd	70	17	17172	起动	50
qd	70	17	17174	气短	50
qd	70	17	17799	拳打	50
qd	70	17	17912	取道	50
qdb	1	0	17681	球蛋白	50
qdd	1	0	17350	青岛队	49
qdh	1	0	17085	乔大夯	49
qdhc	1	0	16835	恰到好处	48
qdj	1	0	16867	千吨级	47
qdn	1	0	17163	齐达内	46
qdq	1	0	17086	乔道清	50
qds	1	0	17351	青岛市	50
qdwg	1	0	16858	千刀万剐	50
qdx	1	0	17356	清帝逊	49
qe	5	6	17193	其二	45
qe	5	6	16868	前额	49
qe	5	6	17175	企鹅	49
qe	5	6	17194	妻儿	49
qe	5	6	17806	全额	49
qedz	1	0	17928	取而代之	48
qex	1	0	17180	切尔西	49
qeyj	1	0	17359	轻而易举	48
qf	32	14	17921	缺乏	35
qf	32	14	17210	气氛	37
qf	32	14	17313	侵犯	40
qf	32	14	17945	区分	40
qf	32	14	17208	起飞	41
qf	32	14	17214	起伏	41
qf	32	14	16873	前锋	42
qf	32	14	17205	启发	42
qf	32	14	17361	清风	42
qf	32	14	16871	前方	43
qf	32	14	17211	气愤	43
qf	32	14	17215	欺负	43
qf	32	14	17216	其父	44
qf	32	14	17947	屈服	44
qf	32	14	17314	勤奋	45
qf	32	14	17807	拳法	45
qf	32	14	16874	潜伏	46
qf	32	14	16875	纤夫	46
qf	32	14	17209	岂非	46
qf	32	14	17362	倾覆	46
qf	32	14	17360	轻纺	47
qf	32	14	17684	囚犯	47
qf	32	14	16869	签发	48
qf	32	14	16890	枪法	48
qf	32	14	17207	齐放	48
qf	32	14	17212	七分	48
qf	32	14	17685	秋风	48
qf	32	14	17948	曲阜	49
qf	32	14	16870	遣返	50
qf	32	14	17206	齐发	50
qf	32	14	17213	奇峰	50
qf	32	14	17217	祈福	50
qfbj	1	0	16872	千方百计	45
qfl	2	3	17809	权分立	46
qfl	2	3	17946	曲凤来	50
qfw	1	0	17808	全方位	44
qfwz	1	0	17810	全副武装	47
qg	39	15	17815	全国	26
qg	39	15	17225	奇怪	36
qg	39	15	17226	器官	39
qg	39	15	17363	情感	39
qg	39	15	17365	清宫	41
qg	39	15	17222	七个	42
qg	39	15	16928	千古	43
qg	39	15	17366	轻工	43
qg	39	15	17181	切割	44
qg	39	15	17218	气概	44
qg	39	15	17219	乞丐	44
qg	39	15	17951	去过	44
qg	39	15	16896	强国	45
qg	39	15	17433	寝宫	45
qg	39	15	17220	旗杆	46
qg	39	15	17227	奇观	46
qg	39	15	17229	齐国	46
qg	39	15	17949	驱赶	46
qg	39	15	16929	牵挂	47
qg	39	15	17088	撬棍	47
qg	39	15	17228	气管	47
qg	39	15	17479	秦桧	47
qg	39	15	17480	秦国	47
qg	39	15	17811	劝告	47
qg	39	15	17814	权贵	47
qg	39	15	16894	枪管	48
qg	39	15	17221	岂敢	48
qg	39	15	17223	气功	48
qg	39	15	17950	躯干	48
qg	39	15	16892	抢攻	49
qg	39	15	16895	强光	49
qg	39	15	16911	谦恭	49
qg	39	15	17224	奇功	49
qg	39	15	17364	清高	49
qg	39	15	16891	墙根	50
qg	39	15	16893	强攻	50
qg	39	15	17367	庆功	50
qg	39	15	17369	清官	50
qg	39	15	17812	颧骨	50
qgc	1	0	17816	全过程	47
qgdd	1	0	17182	窃国大盗	49
qgq	2	3	16912	千公顷	41
qgq	2	3	17813	全冠清	49
qgrd	1	0	17817	全国人大	34
qgx	1	0	17818	全国性	42
qgy	1	0	17368	轻工业	43
qgzx	1	0	17819	全国政协	40
qh	39	15	17234	气候	34
qh	39	15	16952	前后	37
qh	39	15	16836	恰好	40
qh	39	15	16898	强化	40
qh	39	15	17370	青海	41
qh	39	15	17376	清华	41
qh	39	15	17821	全会	41
qh	39	15	17235	其后	42
qh	39	15	17232	漆黑	43
qh	39	15	17534	秦汉	43
qh	39	15	17952	区划	43
qh	39	15	16953	千户	44
qh	39	15	16897	强悍	45
qh	39	15	17230	旗号	45
qh	39	15	17241	期货	45
qh	39	15	17242	起火	45
qh	39	15	17533	侵害	45
qh	39	15	17089	巧合	46
qh	39	15	17373	庆贺	46
qh	39	15	17379	情怀	46
qh	39	15	17537	侵华	46
qh	39	15	17686	求和	46
qh	39	15	16950	浅海	47
qh	39	15	17090	乔红	47
qh	39	15	17820	权衡	47
qh	39	15	17183	切合	48
qh	39	15	17233	起哄	48
qh	39	15	17374	清河	48
qh	39	15	17540	擒获	48
qh	39	15	17922	缺憾	48
qh	39	15	17236	气化	49
qh	39	15	17687	求婚	49
qh	39	15	16951	谦和	50
qh	39	15	17231	契合	50
qh	39	15	17239	奇幻	50
qh	39	15	17375	轻忽	50
qh	39	15	17377	青花	50
qh	39	15	17535	秦河	50
qh	39	15	17953	取回	50
qhd	1	0	17539	秦皇岛	49
qhdx	1	0	17378	清华大学	42
qhh	3	4	17240	气呼呼	50
qhh	3	4	17371	青海湖	50
qhh	3	4	17538	秦淮河	50
qhl	1	0	17536	亲和力	50
qhm	1	0	17238	齐化门	49
qhs	1	0	17372	青海省	46
qhy	1	0	17237	齐怀远	49
qj	81	18	17247	期间	30
qj	81	18	16958	前进	37
qj	81	18	16961	前景	39
qj	81	18	17248	其间	39
qj	81	18	17392	情景	39
qj	81	18	17387	情节	40
qj	81	18	17397	清军	40
qj	81	18	17831	全境	40
qj	81	18	17834	全军	40
qj	81	18	17243	奇迹	41
qj	81	18	17388	清洁	41
qj	81	18	17959	取决	41
qj	81	18	16905	强劲	42
qj	81	18	16906	抢救	42
qj	81	18	16955	潜江	42
qj	81	18	17384	清江	42
qj	81	18	17385	请教	42
qj	81	18	17824	全家	42
qj	81	18	17256	迄今	43
qj	81	18	17833	全局	43
qj	81	18	16899	羟基	44
qj	81	18	16904	抢劫	44
qj	81	18	16959	千斤	44
qj	81	18	17092	瞧见	44
qj	81	18	17544	亲近	44
qj	81	18	17688	秋季	44
qj	81	18	16903	墙角	45
qj	81	18	17249	器件	45
qj	81	18	17691	求解	45
qj	81	18	17828	拳脚	45
qj	81	18	17957	取经	45
qj	81	18	16963	迁居	46
qj	81	18	17095	侨眷	46
qj	81	18	17244	契机	46
qj	81	18	17251	起降	46
qj	81	18	17253	七届	46
qj	81	18	17260	器具	46
qj	81	18	17393	清静	46
qj	81	18	17689	求见	46
qj	81	18	17693	囚禁	46
qj	81	18	17694	求救	46
qj	81	18	17822	全集	46
qj	81	18	17958	曲酒	46
qj	81	18	16901	强奸	47
qj	81	18	16960	千金	47
qj	81	18	17250	旗舰	47
qj	81	18	17254	气节	47
qj	81	18	17261	起居	47
qj	81	18	17381	请假	47
qj	81	18	17382	亲家	47
qj	81	18	17389	情结	47
qj	81	18	17823	拳击	47
qj	81	18	17826	全歼	47
qj	81	18	17832	全景	47
qj	81	18	16900	强加	48
qj	81	18	17091	敲击	48
qj	81	18	17093	巧匠	48
qj	81	18	17394	清净	48
qj	81	18	17395	情境	48
qj	81	18	17827	劝谏	48
qj	81	18	17830	劝解	48
qj	81	18	17956	区间	48
qj	81	18	16902	强健	49
qj	81	18	16962	迁就	49
qj	81	18	17094	侨居	49
qj	81	18	17184	切忌	49
qj	81	18	17185	切记	49
qj	81	18	17246	起家	49
qj	81	18	17257	起劲	49
qj	81	18	17262	棋局	49
qj	81	18	17391	青筋	49
qj	81	18	17546	秦军	49
qj	81	18	16954	欠佳	50
qj	81	18	17245	齐集	50
qj	81	18	17258	奇景	50
qj	81	18	17263	气绝	50
qj	81	18	17380	情急	50
qj	81	18	17386	倾角	50
qj	81	18	17390	轻捷	50
qj	81	18	17542	亲见	50
qj	81	18	17690	求教	50
qjbh	1	0	17252	气急败坏	48
qjdc	1	0	17383	倾家荡产	50
qje	1	0	17692	丘吉尔	48
qjf	1	0	17825	全家福	46
qjfm	1	0	17835	全军覆没	46
qjg	1	0	17255	戚继光	44
qjh	1	0	17954	瞿家湖	47
qjl	1	0	17955	屈家岭	39
qjr	1	0	17829	全家人	48
qjs	1	0	16956	潜江市	41
qjw	1	0	17545	秦基伟	46
qjwd	1	0	17398	轻举妄动	48
qjwh	1	0	16957	千家万户	47
qjwm	1	0	16964	千军万马	48
qjwz	1	0	17259	迄今为止	46
qjy	1	0	17960	取决于	46
qjyf	1	0	16965	千钧一发	50
qjz	2	3	17543	秦家洲	47
qjz	2	3	17264	漆巨柱	49
qjzx	1	0	17396	情急之下	49
qk	20	12	17405	情况	27
qk	20	12	16967	千克	39
qk	20	12	17923	缺口	42
qk	20	12	16966	千卡	46
qk	20	12	16968	乾坤	46
qk	20	12	17188	切块	46
qk	20	12	17265	期刊	46
qk	20	12	16907	枪口	47
qk	20	12	17266	岂可	47
qk	20	12	17268	气孔	47
qk	20	12	17399	请客	47
qk	20	12	17400	顷刻	47
qk	20	12	17548	亲口	47
qk	20	12	17404	轻快	48
qk	20	12	17186	切开	49
qk	20	12	17267	岂肯	49
qk	20	12	17401	青稞	49
qk	20	12	17608	穷苦	49
qk	20	12	17609	穷困	49
qk	20	12	17187	切口	50
qkh	1	0	17547	秦克湖	47
qkj	1	0	17402	顷刻间	45
qkl	1	0	17096	巧克力	45
qkq	1	0	17097	硚口区	47
qkzj	1	0	17403	顷刻之间	47
ql	49	16	17269	起来	26
ql	49	16	17836	权力	30
ql	49	16	17837	权利	33
ql	49	16	16909	强烈	35
ql	49	16	16969	前来	37
ql	49	16	17555	侵略	37
ql	49	16	16977	乾隆	38
ql	49	16	17696	丘陵	38
ql	49	16	17924	确立	38
ql	49	16	17098	桥梁	39
ql	49	16	16970	潜力	40
ql	49	16	16974	前列	40
ql	49	16	17410	清理	41
ql	49	16	17838	全力	41
ql	49	16	16971	千里	42
ql	49	16	17280	气流	43
ql	49	16	17406	青睐	43
ql	49	16	17549	勤劳	43
ql	49	16	17552	秦岭	43
ql	49	16	16908	强力	44
ql	49	16	17407	请来	44
ql	49	16	16972	牵连	45
ql	49	16	17274	凄凉	45
ql	49	16	17414	清亮	45
ql	49	16	17551	亲临	45
ql	49	16	17271	气力	46
ql	49	16	17278	欺凌	46
ql	49	16	17415	清凉	46
ql	49	16	17962	去路	46
ql	49	16	17972	群落	46
ql	49	16	17554	亲率	47
ql	49	16	16978	前路	48
ql	49	16	17272	绮丽	48
ql	49	16	17282	起落	48
ql	49	16	17408	晴朗	48
ql	49	16	17411	情理	48
ql	49	16	17419	青龙	48
ql	49	16	17420	情侣	48
ql	49	16	16973	钱粮	49
ql	49	16	17270	耆老	49
ql	49	16	17273	凄厉	49
ql	49	16	17277	麒麟	49
ql	49	16	17409	清冷	49
ql	49	16	16910	抢掠	50
ql	49	16	17412	清丽	50
ql	49	16	17413	清廉	50
ql	49	16	17417	清流	50
ql	49	16	17961	取乐	50
ql	49	16	17963	曲率	50
qlbl	1	0	17279	七零八落	48
qld	1	0	17421	清律典	49
qlg	2	3	17553	禽流感	46
qlg	2	3	17276	七里沟	47
qlj	3	4	17556	侵略军	42
qlj	3	4	17281	汽轮机	49
qlj	3	4	17283	起落架	49
qll	1	0	17695	裘丽丽	49
qlq	1	0	17697	丘陵区	50
qls	2	3	17275	祁连山	48
qls	2	3	17416	清凉寺	49
qltt	1	0	16976	千里迢迢	49
qlx	1	0	16975	前列腺	47
qly	1	0	17550	秦良玉	50
qlyf	1	0	17839	全力以赴	48
qlyy	1	0	17610	琼楼玉宇	49
qlz	1	0	17557	侵略者	39
qlzz	1	0	17418	情理之中	50
qm	41	15	17842	全面	32
qm	41	15	16981	千米	35
qm	41	15	16982	前面	35
qm	41	15	17843	全民	40
qm	41	15	17103	巧妙	41
qm	41	15	17284	骑马	41
qm	41	15	17427	清末	41
qm	41	15	17699	球迷	41
qm	41	15	17102	桥面	42
qm	41	15	16983	签名	43
qm	41	15	17285	起码	43
qm	41	15	17558	亲密	43
qm	41	15	17841	券门	43
qm	41	15	17965	取名	43
qm	41	15	17105	乔木	44
qm	41	15	17294	齐名	44
qm	41	15	16979	前门	45
qm	41	15	17289	启蒙	45
qm	41	15	17292	奇妙	45
qm	41	15	16984	千亩	46
qm	41	15	17100	敲门	46
qm	41	15	17189	且慢	46
qm	41	15	17286	期满	46
qm	41	15	17424	轻蔑	46
qm	41	15	17425	清明	46
qm	41	15	17428	青木	46
qm	41	15	17964	曲面	46
qm	41	15	17101	窍门	47
qm	41	15	17293	器皿	47
qm	41	15	17698	球门	47
qm	41	15	17966	曲目	47
qm	41	15	17099	荞麦	48
qm	41	15	17104	侨民	48
qm	41	15	17297	期末	48
qm	41	15	17291	七米	49
qm	41	15	17700	球面	49
qm	41	15	17840	全美	49
qm	41	15	17287	气闷	50
qm	41	15	17288	奇门	50
qm	41	15	17295	七名	50
qm	41	15	17296	齐鸣	50
qmdj	1	0	16980	前门大街	49
qmdx	1	0	17423	轻描淡写	48
qmh	1	0	17429	青木河	47
qmj	1	0	17426	清明节	49
qms	1	0	17422	青霉素	48
qmw	1	0	17925	阙门未	49
qmyd	1	0	17290	启蒙运动	50
qn	19	12	17430	青年	33
qn	19	12	17970	去年	34
qn	19	12	17845	全年	36
qn	19	12	16986	千年	41
qn	19	12	17541	七年	41
qn	19	12	17312	岂能	42
qn	19	12	17559	擒拿	44
qn	19	12	16987	前年	45
qn	19	12	17969	区内	45
qn	19	12	17300	气囊	46
qn	19	12	17301	气恼	46
qn	19	12	17309	其内	46
qn	19	12	17977	取暖	46
qn	19	12	16985	潜能	47
qn	19	12	17844	全能	47
qn	19	12	17310	期内	49
qn	19	12	17311	气馁	49
qn	19	12	17560	亲昵	49
qn	19	12	17190	怯懦	50
qnd	1	0	17971	去年底	48
qnr	1	0	17431	青年人	45
qns	1	0	17106	乔纳森	50
qnt	1	0	17432	青年团	50
qp	19	12	17614	棋盘	38
qp	19	12	16914	强迫	41
qp	19	12	17620	欺骗	42
qp	19	12	17613	气派	43
qp	19	12	17619	汽配	44
qp	19	12	17561	钦佩	45
qp	19	12	17615	企盼	46
qp	19	12	17846	全盘	46
qp	19	12	17616	期盼	47
qp	19	12	17617	旗袍	47
qp	19	12	16913	枪炮	48
qp	19	12	17618	气泡	48
qp	19	12	17623	气魄	48
qp	19	12	17191	切片	49
qp	19	12	17621	七品	49
qp	19	12	17984	曲牌	49
qp	19	12	16988	前排	50
qp	19	12	17107	桥牌	50
qp	19	12	17622	气瓶	50
qphj	1	0	16989	前仆后继	48
qphy	1	0	17562	亲朋好友	50
qpm	1	0	17926	阙平明	49
qpp	1	0	17434	轻飘飘	48
qq	46	15	17439	轻轻	35
qq	46	15	17847	全球	35
qq	46	15	17108	瞧瞧	38
qq	46	15	17443	请求	38
qq	46	15	16990	前期	40
qq	46	15	16997	前去	40
qq	46	15	17109	悄悄	40
qq	46	15	17563	亲戚	40
qq	46	15	17632	齐全	40
qq	46	15	17125	恰恰	41
qq	46	15	17440	青青	41
qq	46	15	17565	亲切	41
qq	46	15	17927	确切	42
qq	46	15	17633	弃权	43
qq	46	15	17851	全区	44
qq	46	15	17444	情趣	45
qq	46	15	17852	全权	45
qq	46	15	16998	欠缺	46
qq	46	15	17564	秦腔	46
qq	46	15	17566	亲情	46
qq	46	15	17624	漆器	46
qq	46	15	17627	祈求	46
qq	46	15	17703	求情	46
qq	46	15	17987	去取	46
qq	46	15	17988	区区	46
qq	46	15	16995	前秦	47
qq	46	15	16996	千秋	47
qq	46	15	17567	侵权	47
qq	46	15	17625	蹊跷	47
qq	46	15	17628	气球	47
qq	46	15	17631	崎岖	47
qq	46	15	17126	恰巧	48
qq	46	15	17435	氢气	48
qq	46	15	17437	轻巧	49
qq	46	15	17445	清泉	49
qq	46	15	17629	企求	49
qq	46	15	17630	乞求	49
qq	46	15	17985	娶妻	49
qq	46	15	16915	强求	50
qq	46	15	16916	强权	50
qq	46	15	17192	窃取	50
qq	46	15	17436	轻骑	50
qq	46	15	17626	妻妾	50
qq	46	15	17634	期权	50
qq	46	15	17701	秋千	50
qq	46	15	17973	群起	50
qqb	2	3	17986	瞿秋白	49
qqb	2	3	17438	轻骑兵	50
qqc	1	0	16994	钱其琛	44
qqcc	1	0	17441	清清楚楚	42
qqd	3	4	17442	轻轻地	42
qqd	3	4	17111	悄悄地	43
qqd	3	4	17110	悄悄的	47
qqdb	1	0	17853	全权代表	43
qqh	1	0	17848	全球化	42
qqhh	1	0	16991	前前后后	49
qqjf	1	0	17974	群情激奋	49
qqp	1	0	17635	弃权票	50
qqr	1	0	17702	裘千仞	44
qqt	1	0	17849	全球通	47
qqw	1	0	17704	丘群望	49
qqww	1	0	16992	千千万万	48
qqx	1	0	17850	全球性	46
qqxf	1	0	17127	恰恰相反	47
qqy	1	0	16993	钱谦益	39
qr	31	14	17611	穷人	39
qr	31	14	17929	确认	39
qr	31	14	17572	侵入	40
qr	31	14	17570	亲人	41
qr	31	14	17854	全然	42
qr	31	14	17000	前人	44
qr	31	14	17447	情人	44
qr	31	14	17569	亲热	44
qr	31	14	17002	前日	45
qr	31	14	17989	屈辱	45
qr	31	14	16919	强弱	46
qr	31	14	17001	前任	46
qr	31	14	17003	潜入	46
qr	31	14	17112	悄然	46
qr	31	14	17636	凄然	46
qr	31	14	17639	七日	46
qr	31	14	16917	强忍	47
qr	31	14	17004	迁入	47
qr	31	14	17446	清热	47
qr	31	14	17448	清人	47
qr	31	14	17005	嵌入	48
qr	31	14	17449	轻柔	48
qr	31	14	17568	侵扰	48
qr	31	14	17637	奇人	48
qr	31	14	17638	旗人	48
qr	31	14	17705	虬髯	48
qr	31	14	17706	求饶	48
qr	31	14	16918	强人	49
qr	31	14	16999	谦让	49
qr	31	14	17128	恰如	49
qr	31	14	17195	切入	49
qrp	1	0	17571	亲日派	48
qrs	1	0	17006	嵌入式	49
qrz	1	0	17855	全日制	48
qs	112	19	17647	其实	31
qs	112	19	17858	全省	31
qs	112	19	17862	全市	33
qs	112	19	17931	却是	33
qs	112	19	17932	确实	34
qs	112	19	17857	全身	36
qs	112	19	17993	趋势	37
qs	112	19	17014	签署	38
qs	112	19	17468	轻松	38
qs	112	19	17645	起身	38
qs	112	19	16921	墙上	39
qs	112	19	17646	齐声	39
qs	112	19	17930	缺少	39
qs	112	19	17935	却说	39
qs	112	19	17994	去世	39
qs	112	19	17197	切实	40
qs	112	19	17648	气势	40
qs	112	19	17664	汽水	41
qs	112	19	17866	全书	41
qs	112	19	17992	取胜	41
qs	112	19	16922	强盛	42
qs	112	19	16924	强势	42
qs	112	19	17467	清水	42
qs	112	19	17576	侵蚀	42
qs	112	19	17580	亲手	42
qs	112	19	17649	骑士	42
qs	112	19	17650	其时	42
qs	112	19	17010	前身	43
qs	112	19	17016	潜水	43
qs	112	19	17199	且说	43
qs	112	19	17457	轻声	43
qs	112	19	17459	情势	43
qs	112	19	17582	亲属	43
qs	112	19	17869	泉水	43
qs	112	19	17870	劝说	43
qs	112	19	16923	枪声	44
qs	112	19	17012	遣使	44
qs	112	19	17017	浅水	44
qs	112	19	17460	请示	44
qs	112	19	17461	轻视	44
qs	112	19	17573	亲身	44
qs	112	19	17574	亲生	44
qs	112	19	17651	启示	44
qs	112	19	17652	歧视	44
qs	112	19	17667	起诉	44
qs	112	19	17863	权势	44
qs	112	19	17470	清算	45
qs	112	19	17653	七十	45
qs	112	19	16920	枪杀	46
qs	112	19	17008	前哨	46
qs	112	19	17009	牵涉	46
qs	112	19	17114	悄声	46
qs	112	19	17662	棋手	46
qs	112	19	17663	漆树	46
qs	112	19	17933	缺失	46
qs	112	19	17975	群山	46
qs	112	19	17995	驱使	46
qs	112	19	17011	欠身	47
qs	112	19	17113	桥身	47
qs	112	19	17451	青色	47
qs	112	19	17462	青石	47
qs	112	19	17463	清史	47
qs	112	19	17469	倾诉	47
qs	112	19	17577	寝室	47
qs	112	19	17581	禽兽	47
qs	112	19	17612	琼斯	47
qs	112	19	17654	起始	47
qs	112	19	17707	秋审	47
qs	112	19	17856	券商	47
qs	112	19	17991	取舍	47
qs	112	19	17996	取食	47
qs	112	19	16925	枪手	48
qs	112	19	17007	浅色	48
qs	112	19	17115	乔石	48
qs	112	19	17116	翘首	48
qs	112	19	17129	恰似	48
qs	112	19	17452	青山	48
qs	112	19	17456	轻身	48
qs	112	19	17465	轻率	48
qs	112	19	17466	清爽	48
qs	112	19	17575	琴声	48
qs	112	19	17578	亲事	48
qs	112	19	17640	其三	48
qs	112	19	17644	骑射	48
qs	112	19	17665	气死	48
qs	112	19	17708	求生	48
qs	112	19	17711	秋水	48
qs	112	19	17864	诠释	48
qs	112	19	17934	缺水	48
qs	112	19	17997	取士	48
qs	112	19	17998	去势	48
qs	112	19	17015	前述	49
qs	112	19	17019	遣送	49
qs	112	19	17196	切身	49
qs	112	19	17450	清扫	49
qs	112	19	17641	气色	49
qs	112	19	17642	起色	49
qs	112	19	17655	起事	49
qs	112	19	17656	奇事	49
qs	112	19	17657	妻室	49
qs	112	19	17709	秋收	49
qs	112	19	17859	全胜	49
qs	112	19	17860	全盛	49
qs	112	19	17867	拳术	49
qs	112	19	17990	驱散	49
qs	112	19	17013	前世	50
qs	112	19	17453	轻伤	50
qs	112	19	17668	七岁	50
qs	112	19	17868	全数	50
qs	112	19	17871	蜷缩	50
qs	112	19	17936	缺损	50
qs	112	19	17999	取水	50
qsa	1	0	17020	钱孙爱	50
qsb	1	0	17464	青石板	49
qsbx	1	0	17643	七上八下	50
qsd	1	0	17458	轻声道	49
qse	1	0	17658	七十二	48
qsgz	1	0	17861	全神贯注	47
qsh	2	3	17579	秦始皇	43
qsh	2	3	17712	邱四豪	47
qshh	1	0	17659	气势恢宏	49
qshs	1	0	17666	起死回生	50
qsj	1	0	17865	全世界	37
qskx	1	0	17198	切实可行	50
qsn	2	3	17455	青少年	40
qsn	2	3	17583	秦属南	47
qsq	1	0	17454	青山区	44
qsqy	1	0	17710	秋收起义	50
qst	1	0	17584	秦书田	48
qswl	1	0	17018	千丝万缕	50
qswy	1	0	17021	前所未有	43
qsxx	1	0	17660	气势汹汹	50
qsy	2	3	18000	区四园	47
qsy	2	3	17661	企事业	48
qt	43	15	17669	其他	28
qt	43	15	17670	其它	33
qt	43	15	17874	全体	34
qt	43	15	17026	前提	36
qt	43	15	17028	潜艇	37
qt	43	15	17674	气体	37
qt	43	15	17676	企图	37
qt	43	15	17976	群体	39
qt	43	15	17033	前途	40
qt	43	15	17474	倾听	41
qt	43	15	17477	青铜	41
qt	43	15	17673	奇特	41
qt	43	15	17877	拳头	42
qt	43	15	18001	躯体	42
qt	43	15	17714	秋天	43
qt	43	15	17475	清廷	44
qt	43	15	17585	琴台	44
qt	43	15	17027	前天	46
qt	43	15	17031	前头	46
qt	43	15	17872	圈套	46
qt	43	15	17875	全天	46
qt	43	15	17022	前台	47
qt	43	15	17032	牵头	47
qt	43	15	17471	晴天	47
qt	43	15	17675	七天	47
qt	43	15	16926	墙头	48
qt	43	15	17023	浅滩	48
qt	43	15	17029	前厅	48
qt	43	15	17130	洽谈	48
qt	43	15	17472	擎天	48
qt	43	15	17873	全套	48
qt	43	15	16927	枪托	49
qt	43	15	17117	桥头	49
qt	43	15	17200	窃听	49
qt	43	15	17473	青天	49
qt	43	15	17715	囚徒	49
qt	43	15	17024	钱塘	50
qt	43	15	17030	前庭	50
qt	43	15	17476	蜻蜓	50
qt	43	15	17586	侵吞	50
qt	43	15	17671	乞讨	50
qt	43	15	17677	气团	50
qt	43	15	17713	球体	50
qtb	1	0	17118	桥头堡	41
qth	1	0	17876	全天候	47
qtj	1	0	17025	钱塘江	46
qtq	1	0	17478	青铜器	45
qtr	1	0	17672	其他人	43
qw	30	14	17036	前往	37
qw	30	14	17732	气温	37
qw	30	14	17035	千万	38
qw	30	14	17878	权威	38
qw	30	14	17587	亲王	40
qw	30	14	17729	期望	40
qw	30	14	17731	气味	41
qw	30	14	17483	请问	42
qw	30	14	17733	器物	43
qw	30	14	17734	欺侮	43
qw	30	14	17882	全文	43
qw	30	14	17482	轻微	44
qw	30	14	17588	秦王	45
qw	30	14	17481	青蛙	46
qw	30	14	17484	晴雯	46
qw	30	14	17591	勤务	46
qw	30	14	18002	趣味	46
qw	30	14	18003	区委	46
qw	30	14	17034	千瓦	47
qw	30	14	16930	蔷薇	48
qw	30	14	17038	前卫	48
qw	30	14	17201	切勿	48
qw	30	14	17590	亲吻	48
qw	30	14	17879	劝慰	48
qw	30	14	17589	勤王	49
qw	30	14	17880	权位	49
qw	30	14	18004	区位	49
qw	30	14	17039	前委	50
qw	30	14	17040	千五	50
qw	30	14	17485	请勿	50
qwj	1	0	17037	潜望镜	48
qwq	1	0	17486	轻武器	48
qwsx	1	0	17119	悄无声息	49
qwx	1	0	17881	权威性	47
qwz	1	0	17730	期望值	49
qx	72	17	17503	情绪	36
qx	72	17	17498	情形	37
qx	72	17	18011	取消	37
qx	72	17	17489	倾向	38
qx	72	17	17487	清晰	39
qx	72	17	17043	前线	40
qx	72	17	17499	清醒	40
qx	72	17	17735	气息	40
qx	72	17	17740	期限	40
qx	72	17	17743	气象	40
qx	72	17	17978	群雄	40
qx	72	17	17493	倾斜	41
qx	72	17	17938	缺陷	41
qx	72	17	18006	曲线	41
qx	72	17	18007	趋向	41
qx	72	17	16936	强行	42
qx	72	17	17041	前夕	42
qx	72	17	17495	清新	42
qx	72	17	17594	亲信	42
qx	72	17	17736	栖息	42
qx	72	17	17745	器械	42
qx	72	17	17884	全县	42
qx	72	17	17889	全新	42
qx	72	17	17500	轻型	43
qx	72	17	17739	旗下	43
qx	72	17	17885	权限	43
qx	72	17	17042	迁徙	44
qx	72	17	17046	前行	44
qx	72	17	17886	全线	44
qx	72	17	16931	抢先	45
qx	72	17	17488	清洗	45
qx	72	17	17716	球形	45
qx	72	17	17750	气血	45
qx	72	17	17045	潜心	46
qx	72	17	17049	谦虚	46
qx	72	17	17120	桥下	46
qx	72	17	17496	倾心	46
qx	72	17	17501	庆幸	46
qx	72	17	17592	侵袭	46
qx	72	17	17741	起先	46
qx	72	17	17937	缺席	46
qx	72	17	17939	确信	46
qx	72	17	18008	去向	46
qx	72	17	18009	取向	46
qx	72	17	18012	取笑	46
qx	72	17	16932	抢险	47
qx	72	17	16933	枪响	47
qx	72	17	17048	前胸	47
qx	72	17	17051	谦逊	47
qx	72	17	17490	清香	47
qx	72	17	17502	清秀	47
qx	72	17	17718	求学	47
qx	72	17	17742	杞县	47
qx	72	17	17749	气旋	47
qx	72	17	17888	全校	47
qx	72	17	16935	枪械	48
qx	72	17	17121	敲响	48
qx	72	17	17202	切削	48
qx	72	17	17717	球星	48
qx	72	17	17746	七星	48
qx	72	17	17887	劝降	48
qx	72	17	16937	抢修	49
qx	72	17	17737	憩息	49
qx	72	17	17748	气虚	49
qx	72	17	18005	屈膝	49
qx	72	17	16934	强项	50
qx	72	17	17491	倾销	50
qx	72	17	17494	倾泻	50
qx	72	17	17497	轻信	50
qx	72	17	17593	琴弦	50
qx	72	17	17738	奇袭	50
qx	72	17	17883	全息	50
qxc	1	0	18013	区雄楚	44
qxd	2	3	17492	清晰度	50
qxd	2	3	17595	亲兄弟	50
qxl	1	0	17050	钱学礼	49
qxm	1	0	18010	曲线美	49
qxn	1	0	17044	前些年	49
qxqy	1	0	17890	全心全意	45
qxwk	1	0	17047	千辛万苦	50
qxx	1	0	17744	气象学	48
qxy	2	3	17122	乔晓阳	44
qxy	2	3	17747	七星鱼	47
qy	61	16	17754	企业	27
qy	61	16	18015	区域	34
qy	61	16	17769	其余	35
qy	61	16	17758	起义	36
qy	61	16	17515	请愿	39
qy	61	16	17720	球员	39
qy	61	16	17891	权益	39
qy	61	16	17507	轻易	40
qy	61	16	17770	起源	40
qy	61	16	17053	迁移	42
qy	61	16	17596	亲眼	42
qy	61	16	17759	其一	42
qy	61	16	17765	启用	42
qy	61	16	17771	七月	42
qy	61	16	17772	契约	42
qy	61	16	18016	趋于	42
qy	61	16	18017	屈原	42
qy	61	16	17056	牵引	43
qy	61	16	17052	前沿	44
qy	61	16	17063	签约	44
qy	61	16	17516	情愿	44
qy	61	16	17760	奇异	44
qy	61	16	17941	确有	44
qy	61	16	17060	千元	45
qy	61	16	17598	亲友	45
qy	61	16	17719	蚯蚓	45
qy	61	16	17763	起因	45
qy	61	16	16938	强硬	46
qy	61	16	17123	巧遇	46
qy	61	16	17203	惬意	46
qy	61	16	17508	青衣	46
qy	61	16	17509	情意	46
qy	61	16	17514	情欲	46
qy	61	16	17751	气压	46
qy	61	16	17767	汽油	46
qy	61	16	17893	痊愈	46
qy	61	16	17510	情谊	47
qy	61	16	17511	轻盈	47
qy	61	16	17512	情由	47
qy	61	16	17766	起用	47
qy	61	16	17940	缺氧	47
qy	61	16	18014	曲艺	47
qy	61	16	17054	前移	48
qy	61	16	17055	歉意	48
qy	61	16	17059	千余	48
qy	61	16	17061	前缘	48
qy	61	16	17513	清幽	48
qy	61	16	17721	求援	48
qy	61	16	17752	欺压	48
qy	61	16	17761	起疑	48
qy	61	16	17773	器乐	48
qy	61	16	17979	群英	48
qy	61	16	16940	强于	49
qy	61	16	17062	前院	49
qy	61	16	17504	倾轧	49
qy	61	16	17599	沁源	49
qy	61	16	17753	气焰	49
qy	61	16	18018	取悦	49
qy	61	16	17505	清扬	50
qy	61	16	17600	亲缘	50
qy	61	16	17892	全营	50
qycl	1	0	17768	岂有此理	50
qyf	1	0	17601	秦云飞	50
qyhn	1	0	17506	氢氧化钠	50
qyj	4	6	17762	起义军	41
qyj	4	6	17755	企业家	43
qyj	4	6	17064	千余件	49
qyj	4	6	17756	企业界	50
qyl	2	3	16939	强有力	45
qyl	2	3	17065	钱运录	47
qym	1	0	17942	阙右门	49
qymd	1	0	17597	亲眼目睹	48
qys	1	0	17057	潜意识	48
qyt	1	0	17058	前一天	43
qyx	1	0	18019	区域性	48
qyz	3	4	17517	氢原子	48
qyz	3	4	17757	企业主	49
qyz	3	4	17764	起义者	50
qz	75	17	17780	其中	27
qz	75	17	17980	群众	30
qz	75	17	17607	亲自	35
qz	75	17	17783	妻子	35
qz	75	17	17069	前者	38
qz	75	17	17526	庆祝	39
qz	75	17	17894	全长	39
qz	75	17	18020	区长	39
qz	75	17	17067	谴责	40
qz	75	17	17076	签字	40
qz	75	17	17723	求职	40
qz	75	17	17777	旗帜	40
qz	75	17	18021	曲折	40
qz	75	17	16944	强制	41
qz	75	17	17724	求知	41
qz	75	17	17900	圈子	41
qz	75	17	18027	驱逐	41
qz	75	17	17602	侵占	42
qz	75	17	17603	亲征	42
qz	75	17	17727	求助	42
qz	75	17	17778	气质	43
qz	75	17	17066	潜在	44
qz	75	17	17068	千张	44
qz	75	17	17070	签证	44
qz	75	17	17072	牵制	44
qz	75	17	17521	清蒸	44
qz	75	17	17524	轻重	44
qz	75	17	17901	劝阻	44
qz	75	17	16941	强占	45
qz	75	17	16949	羌族	45
qz	75	17	17527	青竹	45
qz	75	17	17722	酋长	45
qz	75	17	17789	七座	45
qz	75	17	17898	泉州	45
qz	75	17	17899	全州	45
qz	75	17	17983	裙子	45
qz	75	17	16943	强者	46
qz	75	17	17124	乔治	46
qz	75	17	17604	亲政	46
qz	75	17	17774	欺诈	46
qz	75	17	17775	奇珍	46
qz	75	17	17784	棋子	46
qz	75	17	17785	其子	46
qz	75	17	17944	确诊	46
qz	75	17	18029	曲子	46
qz	75	17	16942	抢占	47
qz	75	17	16945	枪支	47
qz	75	17	16947	强壮	47
qz	75	17	17519	清早	47
qz	75	17	17525	青州	47
qz	75	17	17530	情状	47
qz	75	17	17531	轻装	47
qz	75	17	17786	旗子	47
qz	75	17	17787	启奏	47
qz	75	17	17895	全真	47
qz	75	17	18022	区政	47
qz	75	17	16948	抢走	48
qz	75	17	17528	倾注	48
qz	75	17	17728	球状	48
qz	75	17	17781	器重	48
qz	75	17	17073	前肢	49
qz	75	17	17075	签注	49
qz	75	17	17077	前奏	49
qz	75	17	17529	青砖	49
qz	75	17	17776	齐整	49
qz	75	17	17779	岂止	49
qz	75	17	17896	权证	49
qz	75	17	17897	权重	49
qz	75	17	17204	茄子	50
qz	75	17	17520	清真	50
qz	75	17	17782	七种	50
qz	75	17	17943	确凿	50
qz	75	17	18024	取值	50
qz	75	17	18026	衢州	50
qz	75	17	18030	取自	50
qzbd	1	0	17725	求之不得	49
qzbs	1	0	17788	七嘴八舌	50
qzf	2	3	17522	清政府	39
qzf	2	3	18023	区政府	50
qzgy	1	0	17518	青藏高原	45
qzj	2	3	18028	驱逐舰	42
qzj	2	3	17074	钱之江	47
qzks	1	0	18025	屈指可数	50
qzn	2	3	17605	秦置南	47
qzn	2	3	17532	青壮年	49
qzs	1	0	17523	清真寺	45
qzwq	1	0	17071	千真万确	49
qzx	2	3	17981	群众性	43
qzx	2	3	16946	强制性	48
qzy	1	0	17606	秦钟英	47
qzyd	1	0	17982	群众运动	47
qzz	1	0	17726	求职者	43
ra	1	0	18064	热爱	42
rb	4	6	18254	日本	28
rb	4	6	18253	日报	40
rb	4	6	18035	让步	45
rb	4	6	18084	人本	49
rbgh	1	0	18255	日本国会	46
rbh	1	0	18256	日本海	50
rbs	2	3	18366	乳白色	45
rbs	2	3	18085	任弼时	47
rbz	2	3	18087	忍不住	37
rbz	2	3	18086	人不知	49
rbzf	1	0	18257	日本政府	45
rc	19	12	18373	如此	30
rc	19	12	18088	人才	33
rc	19	12	18258	日常	35
rc	19	12	18090	认出	43
rc	19	12	18091	人次	43
rc	19	12	18089	人称	44
rc	19	12	18065	热潮	45
rc	19	12	18260	日出	45
rc	19	12	18372	入川	45
rc	19	12	18056	绕城	46
rc	19	12	18066	热忱	46
rc	19	12	18094	认错	46
rc	19	12	18259	日程	46
rc	19	12	18093	人丛	47
rc	19	12	18092	仁慈	48
rc	19	12	18367	如常	48
rc	19	12	18368	入场	48
rc	19	12	18371	如初	48
rc	19	12	18370	蠕虫	49
rcf	1	0	18353	阮成发	47
rcl	1	0	18067	热处理	50
rcq	1	0	18369	入场券	50
rcyl	1	0	18374	如此一来	50
rczb	1	0	18375	如此这般	50
rd	20	12	18095	人大	31
rd	20	12	18068	热带	37
rd	20	12	18070	热点	40
rd	20	12	18101	认得	40
rd	20	12	18102	认定	40
rd	20	12	18389	瑞典	40
rd	20	12	18297	熔点	43
rd	20	12	18411	弱点	43
rd	20	12	18057	绕道	45
rd	20	12	18377	蠕动	46
rd	20	12	18410	偌大	46
rd	20	12	18108	扔掉	47
rd	20	12	18376	入党	47
rd	20	12	18058	扰动	48
rd	20	12	18298	溶洞	48
rd	20	12	18097	韧带	49
rd	20	12	18099	人道	49
rd	20	12	18103	人丁	49
rd	20	12	18337	柔道	49
rd	20	12	18036	让渡	50
rdc	1	0	18354	阮大铖	44
rddb	1	0	18096	人大代表	35
rdh	1	0	18098	人代会	46
rdsz	1	0	18104	人多势众	49
rdyl	1	0	18069	热带雨林	46
rdzy	1	0	18100	人道主义	45
re	3	4	18031	然而	33
re	3	4	18106	人儿	48
re	3	4	18378	入耳	49
rem	1	0	18261	日耳曼	47
remr	1	0	18262	日耳曼人	50
rf	6	7	18379	乳房	43
rf	6	7	18412	若非	43
rf	6	7	18263	日方	44
rf	6	7	18032	染发	46
rf	6	7	18034	染坊	50
rf	6	7	18107	人犯	50
rfj	1	0	18033	染发剂	47
rfyr	1	0	18264	日复一日	50
rg	13	10	18384	如果	27
rg	13	10	18413	若干	34
rg	13	10	18111	人工	37
rg	13	10	18109	人格	41
rg	13	10	18059	绕过	43
rg	13	10	18383	入关	45
rg	13	10	18114	认购	46
rg	13	10	18265	日光	46
rg	13	10	18037	让给	47
rg	13	10	18381	入阁	47
rg	13	10	18382	入股	48
rg	13	10	18355	软骨	49
rg	13	10	18380	如皋	50
rgf	1	0	18414	若干份	49
rgg	1	0	18415	若干个	44
rgh	1	0	18112	人工湖	46
rgn	1	0	18416	若干年	48
rgs	1	0	18385	如果说	41
rgzn	1	0	18113	人工智能	49
rh	15	11	18387	如何	29
rh	15	11	18043	然后	30
rh	15	11	18117	任何	30
rh	15	11	18266	日后	40
rh	15	11	18299	融合	40
rh	15	11	18303	荣获	42
rh	15	11	18386	入海	44
rh	15	11	18338	柔和	45
rh	15	11	18300	融化	46
rh	15	11	18071	热河	48
rh	15	11	18073	热火	48
rh	15	11	18301	熔化	49
rh	15	11	18356	软化	49
rh	15	11	18408	润滑	49
rh	15	11	18417	若何	49
rhct	1	0	18074	热火朝天	50
rhfg	1	0	18302	荣华富贵	50
rhh	1	0	18072	热呼呼	46
rhr	1	0	18118	任何人	40
rhrt	1	0	18388	如火如荼	50
rhy	1	0	18409	润滑油	50
rj	28	13	18398	如今	32
rj	28	13	18122	人家	33
rj	28	13	18357	软件	35
rj	28	13	18271	日军	36
rj	28	13	18127	人均	37
rj	28	13	18110	仍旧	39
rj	28	13	18123	人间	39
rj	28	13	18124	任教	41
rj	28	13	18397	儒家	41
rj	28	13	18304	溶剂	42
rj	28	13	18267	日记	43
rj	28	13	18268	日渐	43
rj	28	13	18399	入境	43
rj	28	13	18306	溶解	44
rj	28	13	18339	肉鸡	46
rj	28	13	18119	人际	47
rj	28	13	18120	人迹	47
rj	28	13	18305	容积	47
rj	28	13	18272	日均	48
rj	28	13	18340	柔嘉	48
rj	28	13	18390	锐减	48
rj	28	13	18269	日见	49
rj	28	13	18270	日间	49
rj	28	13	18360	软禁	49
rj	28	13	18391	瑞金	49
rj	28	13	18395	入籍	49
rj	28	13	18121	人机	50
rj	28	13	18396	乳剂	50
rjd	1	0	18307	溶解度	48
rjdl	1	0	18125	人杰地灵	46
rjgc	1	0	18358	软件工程	45
rjgx	1	0	18126	人际关系	44
rjsr	1	0	18128	人均收入	49
rjy	1	0	18359	软件园	47
rk	6	7	18131	人口	29
rk	6	7	18129	认可	42
rk	6	7	18400	入口	43
rk	6	7	18402	入库	46
rk	6	7	18273	日寇	47
rk	6	7	18038	让开	49
rkc	1	0	18401	入口处	49
rkl	1	0	18130	任克礼	47
rks	1	0	18132	人口数	39
rl	24	13	18133	人类	32
rl	24	13	18135	人力	38
rl	24	13	18079	热烈	39
rl	24	13	18044	燃料	40
rl	24	13	18078	热量	41
rl	24	13	18274	日历	41
rl	24	13	18308	容量	41
rl	24	13	18045	染料	42
rl	24	13	18075	热泪	44
rl	24	13	18309	荣禄	44
rl	24	13	18060	扰乱	45
rl	24	13	18341	肉类	45
rl	24	13	18342	蹂躏	45
rl	24	13	18137	人流	46
rl	24	13	18276	日落	46
rl	24	13	18404	如林	46
rl	24	13	18392	锐利	47
rl	24	13	18403	如来	47
rl	24	13	18039	让利	49
rl	24	13	18077	热力	49
rl	24	13	18136	人脸	49
rl	24	13	18275	日隆	49
rl	24	13	18040	让路	50
rl	24	13	18343	肉瘤	50
rlx	2	3	18080	热力学	45
rlx	2	3	18134	人类学	46
rlyk	1	0	18076	热泪盈眶	46
rm	13	10	18144	人民	26
rm	13	10	18140	人们	28
rm	13	10	18141	任免	35
rm	13	10	18138	人马	36
rm	13	10	18149	任命	38
rm	13	10	18081	热门	43
rm	13	10	18310	容貌	43
rm	13	10	18406	入门	46
rm	13	10	18150	人命	48
rm	13	10	18311	绒毛	48
rm	13	10	18061	饶命	49
rm	13	10	18142	人面	49
rm	13	10	18405	辱骂	49
rmb	1	0	18145	人民币	37
rmc	1	0	18151	人名册	49
rmd	2	3	18139	任茂东	47
rmd	2	3	18147	人民党	48
rmdb	1	0	18146	人民代表	50
rmfy	1	0	18148	人民法院	34
rmgc	1	0	18153	人民广场	49
rmgs	1	0	18152	人民公社	39
rmj	1	0	18154	人民军	50
rmjd	1	0	18155	人民军队	43
rmq	1	0	18143	任免权	46
rmrb	1	0	18156	人民日报	41
rmtt	1	0	18157	人民团体	43
rmw	1	0	18158	人民网	45
rmwz	1	0	18159	人民武装	46
rmzf	1	0	18161	人民政府	30
rmzx	1	0	18162	人民政协	46
rmzz	1	0	18160	人民战争	48
rn	6	7	18082	热闹	38
rn	6	7	18163	忍耐	43
rn	6	7	18312	容纳	43
rn	6	7	18105	热能	47
rn	6	7	18164	人脑	49
rn	6	7	18407	汝南	50
rnff	1	0	18083	热闹非凡	48
rnw	1	0	18277	日内瓦	44
rp	2	3	18165	人品	44
rp	2	3	18166	任凭	46
rq	22	12	18167	任期	34
rq	22	12	18278	日期	36
rq	22	12	18242	热情	37
rq	22	12	18172	人群	38
rq	22	12	18279	日前	38
rq	22	12	18426	入侵	38
rq	22	12	18280	日趋	42
rq	22	12	18169	人情	44
rq	22	12	18168	人气	45
rq	22	12	18171	人权	45
rq	22	12	18240	热气	45
rq	22	12	18313	容器	45
rq	22	12	18314	融洽	46
rq	22	12	18046	燃气	47
rq	22	12	18047	燃起	47
rq	22	12	18170	认清	47
rq	22	12	18344	柔情	47
rq	22	12	18393	锐气	47
rq	22	12	18424	如其	47
rq	22	12	18425	如期	47
rq	22	12	18241	热切	48
rq	22	12	18315	容情	49
rqlj	1	0	18048	燃气轮机	49
rqtt	1	0	18243	热气腾腾	50
rqz	1	0	18427	入侵者	49
rr	14	11	18115	仍然	33
rr	14	11	18173	人人	37
rr	14	11	18345	柔软	43
rr	14	11	18316	容忍	44
rr	14	11	18318	融入	44
rr	14	11	18362	软弱	45
rr	14	11	18041	嚷嚷	47
rr	14	11	18281	日日	47
rr	14	11	18049	冉冉	48
rr	14	11	18361	软软	48
rr	14	11	18428	如若	48
rr	14	11	18317	熔融	49
rr	14	11	18319	荣辱	49
rr	14	11	18346	柔弱	49
rrg	1	0	18320	荣辱观	50
rryy	1	0	18282	日日夜夜	50
rs	37	14	18181	认识	32
rs	37	14	18193	人数	32
rs	37	14	18182	人士	34
rs	37	14	18177	人生	35
rs	37	14	18053	燃烧	39
rs	37	14	18394	瑞士	39
rs	37	14	18174	人身	40
rs	37	14	18183	人事	40
rs	37	14	18431	如是	40
rs	37	14	18190	忍受	42
rs	37	14	18432	入市	43
rs	37	14	18175	妊娠	44
rs	37	14	18245	热水	44
rs	37	14	18436	入手	44
rs	37	14	18050	染色	45
rs	37	14	18176	人参	45
rs	37	14	18184	人世	45
rs	37	14	18191	人手	45
rs	37	14	18437	入睡	45
rs	37	14	18178	人声	46
rs	37	14	18194	认输	46
rs	37	14	18348	肉丝	46
rs	37	14	18433	如实	46
rs	37	14	18185	人氏	47
rs	37	14	18418	弱势	47
rs	37	14	18430	儒生	47
rs	37	14	18052	染上	48
rs	37	14	18347	肉食	48
rs	37	14	18321	融水	49
rs	37	14	18434	入世	49
rs	37	14	18438	乳酸	49
rs	37	14	18062	饶恕	50
rs	37	14	18192	人寿	50
rs	37	14	18244	惹事	50
rs	37	14	18283	日食	50
rs	37	14	18284	日数	50
rs	37	14	18429	如上	50
rsb	1	0	18186	人事部	48
rsbm	1	0	18187	人事部门	50
rsg	1	0	18179	人生观	48
rsj	1	0	18188	人世间	50
rsl	2	3	18189	认识论	46
rsl	2	3	18322	容水量	47
rsq	1	0	18180	妊娠期	50
rst	1	0	18051	染色体	42
rszf	1	0	18435	如释重负	50
rt	9	9	18195	人体	36
rt	9	9	18439	如同	38
rt	9	9	18196	认同	43
rt	9	9	18349	肉体	44
rt	9	9	18198	人头	45
rt	9	9	18440	乳头	47
rt	9	9	18441	入土	47
rt	9	9	18285	日头	49
rt	9	9	18197	忍痛	50
rtdw	1	0	18363	软体动物	48
rw	9	9	18199	认为	28
rw	9	9	18204	任务	30
rw	9	9	18205	人物	32
rw	9	9	18200	人为	39
rw	9	9	18201	人文	41
rw	9	9	18444	入伍	46
rw	9	9	18042	让位	48
rw	9	9	18442	入网	50
rw	9	9	18443	入围	50
rwkr	1	0	18206	忍无可忍	50
rwkx	1	0	18202	人文科学	50
rwqs	1	0	18419	若无其事	48
rwyt	1	0	18323	融为一体	47
rwzy	1	0	18203	人文主义	50
rx	23	13	18219	人选	38
rx	23	13	18445	如下	38
rx	23	13	18208	人心	40
rx	23	13	18210	人性	42
rx	23	13	18449	入学	42
rx	23	13	18218	仁兄	43
rx	23	13	18247	热心	43
rx	23	13	18220	人学	44
rx	23	13	18246	热线	44
rx	23	13	18325	容许	44
rx	23	13	18448	入选	44
rx	23	13	18211	人行	45
rx	23	13	18248	热血	45
rx	23	13	18209	忍心	46
rx	23	13	18446	乳腺	46
rx	23	13	18450	儒学	46
rx	23	13	18116	扔下	47
rx	23	13	18212	任性	47
rx	23	13	18213	人形	47
rx	23	13	18214	韧性	47
rx	23	13	18421	弱小	48
rx	23	13	18324	荣幸	49
rx	23	13	18420	若想	50
rxa	1	0	18447	乳腺癌	44
rxd	1	0	18215	人行道	44
rxft	1	0	18249	热血沸腾	47
rxh	1	0	18216	人性化	49
rxl	1	0	18451	入学率	42
rxm	1	0	18217	任新民	47
rxq	1	0	18207	任贤齐	47
rxyy	1	0	18286	日新月异	50
rxz	1	0	18364	阮星竹	50
ry	33	14	18229	人员	29
ry	33	14	18330	容易	33
ry	33	14	18288	日益	37
ry	33	14	18331	荣誉	37
ry	33	14	18293	日月	39
ry	33	14	18329	溶液	39
ry	33	14	18222	任意	41
ry	33	14	18287	日夜	42
ry	33	14	18225	人影	43
ry	33	14	18227	任用	43
ry	33	14	18332	溶于	43
ry	33	14	18289	日用	44
ry	33	14	18292	日元	44
ry	33	14	18328	荣耀	44
ry	33	14	18223	仁义	46
ry	33	14	18326	熔岩	46
ry	33	14	18455	如意	46
ry	33	14	18458	如愿	46
ry	33	14	18054	燃油	47
ry	33	14	18228	任由	47
ry	33	14	18291	日语	47
ry	33	14	18350	肉眼	47
ry	33	14	18457	入狱	47
ry	33	14	18327	容颜	48
ry	33	14	18460	如云	48
ry	33	14	18230	人缘	49
ry	33	14	18453	入药	49
ry	33	14	18221	人眼	50
ry	33	14	18224	任一	50
ry	33	14	18250	热源	50
ry	33	14	18452	儒雅	50
ry	33	14	18454	入夜	50
ry	33	14	18456	如一	50
ryp	1	0	18290	日用品	49
ryq	1	0	18226	任意球	46
ryss	1	0	18422	若有所思	50
ryyc	1	0	18459	如愿以偿	48
rz	23	13	18233	认真	35
rz	23	13	18296	日子	35
rz	23	13	18235	任职	38
rz	23	13	18231	人造	40
rz	23	13	18234	认证	41
rz	23	13	18295	日志	41
rz	23	13	18336	融资	41
rz	23	13	18294	日照	43
rz	23	13	18236	认知	44
rz	23	13	18238	人种	46
rz	23	13	18334	熔铸	46
rz	23	13	18351	肉质	46
rz	23	13	18463	入主	46
rz	23	13	18237	人质	47
rz	23	13	18251	热衷	47
rz	23	13	18335	戎装	47
rz	23	13	18423	弱者	47
rz	23	13	18461	乳汁	48
rz	23	13	18464	入住	48
rz	23	13	18055	然则	49
rz	23	13	18333	溶质	49
rz	23	13	18063	绕组	50
rz	23	13	18465	入座	50
rzn	1	0	18239	壬子年	47
rznh	1	0	18462	如之奈何	49
rzp	1	0	18352	肉制品	48
rzwx	1	0	18232	人造卫星	48
rzy	1	0	18252	热衷于	47
rzz	1	0	18365	软组织	50
sa	7	8	18752	上岸	45
sa	7	8	19623	石安	47
sa	7	8	18726	山坳	48
sa	7	8	19162	审案	48
sa	7	8	19163	深奥	49
sa	7	8	19116	涉案	50
sa	7	8	21008	讼案	50
sb	88	18	19118	设备	33
sb	88	18	19167	身边	34
sb	88	18	19625	失败	35
sb	88	18	19640	士兵	36
sb	88	18	21122	随便	38
sb	88	18	20233	手臂	39
sb	88	18	18755	上班	40
sb	88	18	19624	十八	40
sb	88	18	19165	申报	41
sb	88	18	19631	时报	41
sb	88	18	19639	识别	41
sb	88	18	20680	顺便	41
sb	88	18	19636	势必	42
sb	88	18	18496	散布	43
sb	88	18	18728	陕北	43
sb	88	18	18729	闪避	43
sb	88	18	18760	上报	43
sb	88	18	19031	烧饼	43
sb	88	18	19634	石碑	43
sb	88	18	19637	石壁	43
sb	88	18	19638	事变	43
sb	88	18	20441	双臂	43
sb	88	18	20442	双边	43
sb	88	18	20532	水泵	43
sb	88	18	18763	上边	44
sb	88	18	19205	生病	44
sb	88	18	19628	石板	44
sb	88	18	20481	数百	44
sb	88	18	20487	书本	44
sb	88	18	18488	三百	45
sb	88	18	18764	商标	45
sb	88	18	18767	上部	45
sb	88	18	19202	胜败	45
sb	88	18	19635	十倍	45
sb	88	18	21070	搜捕	45
sb	88	18	18495	伞兵	46
sb	88	18	18497	三步	46
sb	88	18	18498	散步	46
sb	88	18	18691	沙包	46
sb	88	18	19032	哨兵	46
sb	88	18	19206	声波	46
sb	88	18	20235	手表	46
sb	88	18	20425	衰变	46
sb	88	18	21106	苏北	46
sb	88	18	21225	所部	46
sb	88	18	18492	三杯	47
sb	88	18	20231	守备	47
sb	88	18	20488	鼠标	47
sb	88	18	20490	数步	47
sb	88	18	20818	四壁	47
sb	88	18	18490	三宝	48
sb	88	18	18499	三部	48
sb	88	18	18730	山壁	48
sb	88	18	18754	伤疤	48
sb	88	18	18766	伤病	48
sb	88	18	20236	收兵	48
sb	88	18	20424	衰败	48
sb	88	18	20485	书包	48
sb	88	18	20486	数倍	48
sb	88	18	20533	水边	48
sb	88	18	20534	水兵	48
sb	88	18	18494	三边	49
sb	88	18	18690	煞白	49
sb	88	18	18765	上表	49
sb	88	18	19169	肾病	49
sb	88	18	19626	十百	49
sb	88	18	19641	师部	49
sb	88	18	20232	手背	49
sb	88	18	20234	收编	49
sb	88	18	20237	首播	49
sb	88	18	20489	叔伯	49
sb	88	18	20817	四百	49
sb	88	18	21009	松柏	49
sb	88	18	21121	随笔	49
sb	88	18	18493	三倍	50
sb	88	18	18692	纱布	50
sb	88	18	18727	舢板	50
sb	88	18	18761	商报	50
sb	88	18	18768	商埠	50
sb	88	18	19030	烧杯	50
sb	88	18	19117	社保	50
sb	88	18	19164	申办	50
sb	88	18	19168	申辩	50
sb	88	18	19170	深部	50
sb	88	18	20535	水波	50
sb	88	18	20819	思辨	50
sb	88	18	20820	四部	50
sb	88	18	21010	送别	50
sbc	1	0	18756	上半场	42
sbd	7	8	20706	说不定	39
sbd	7	8	20816	斯巴达	40
sbd	7	8	19119	舍不得	43
sbd	7	8	20705	说不得	46
sbd	7	8	19033	少不得	48
sbd	7	8	19642	使不得	48
sbd	7	8	21080	算不得	48
sbdb	1	0	19204	圣彼得堡	46
sbg	1	0	21187	孙必干	47
sbkc	1	0	19171	深不可测	49
sbkr	1	0	20491	孰不可忍	49
sbl	6	7	20238	受不了	44
sbl	6	7	19034	少不了	46
sbl	6	7	19203	圣保罗	49
sbl	6	7	20704	说白了	50
sbl	6	7	20821	死不了	50
sbl	6	7	21081	算不了	50
sbm	1	0	20482	数百名	49
sbn	4	6	19630	十八年	39
sbn	4	6	18757	上半年	42
sbn	4	6	20483	数百年	46
sbn	4	6	18489	三百年	50
sbq	2	3	20707	说不清	45
sbq	2	3	18500	三部曲	46
sbqc	1	0	20708	说不清楚	48
sbr	1	0	19632	十八日	46
sbs	5	6	19643	是不是	34
sbs	5	6	19633	十八岁	47
sbs	5	6	19644	时不时	47
sbs	5	6	20709	说不上	48
sbs	5	6	21082	算不上	48
sbw	1	0	20484	数百万	50
sbx	2	3	19166	申包胥	46
sbx	2	3	18491	三八线	50
sbxs	1	0	21107	素不相识	48
sby	1	0	18758	上半叶	48
sbyc	1	0	19645	事不宜迟	49
sbyj	1	0	19172	身不由己	50
sbz	5	6	18759	上班族	47
sbz	5	6	18762	商宝震	47
sbz	5	6	20492	殊不知	48
sbz	5	6	19627	失败者	49
sbz	5	6	19629	石帮主	50
sc	134	20	19207	生产	27
sc	134	20	19649	市场	28
sc	134	20	19178	审查	36
sc	134	20	19230	生存	36
sc	134	20	19663	是从	36
sc	134	20	20249	首次	36
sc	134	20	20537	水产	36
sc	134	20	20828	四川	36
sc	134	20	18673	色彩	37
sc	134	20	19182	伸出	38
sc	134	20	19183	深处	38
sc	134	20	19224	生成	38
sc	134	20	20493	蔬菜	38
sc	134	20	20497	输出	38
sc	134	20	20711	说出	38
sc	134	20	19646	适才	39
sc	134	20	18501	三层	40
sc	134	20	18509	三次	40
sc	134	20	18732	擅长	40
sc	134	20	18778	商城	40
sc	134	20	19173	身材	40
sc	134	20	19186	身穿	40
sc	134	20	19208	盛产	40
sc	134	20	19648	视察	40
sc	134	20	19656	时辰	40
sc	134	20	20239	收藏	40
sc	134	20	18771	上层	41
sc	134	20	18786	上次	41
sc	134	20	19120	射程	41
sc	134	20	20827	四处	41
sc	134	20	21109	俗称	41
sc	134	20	18773	商场	42
sc	134	20	19225	声称	42
sc	134	20	19227	生出	42
sc	134	20	19650	时常	42
sc	134	20	20245	守城	42
sc	134	20	20247	手持	42
sc	134	20	20823	思潮	42
sc	134	20	21011	宋朝	42
sc	134	20	18787	赏赐	43
sc	134	20	19226	省城	43
sc	134	20	19228	牲畜	43
sc	134	20	19659	使出	43
sc	134	20	20444	双重	43
sc	134	20	20498	数次	43
sc	134	20	18470	赛场	44
sc	134	20	18506	三尺	44
sc	134	20	19121	奢侈	44
sc	134	20	19181	深沉	44
sc	134	20	20248	首创	44
sc	134	20	20832	四次	44
sc	134	20	21125	随从	44
sc	134	20	18734	删除	45
sc	134	20	18735	山川	45
sc	134	20	18774	上场	45
sc	134	20	18775	商朝	45
sc	134	20	18777	上车	45
sc	134	20	18779	上乘	45
sc	134	20	19184	身处	45
sc	134	20	19647	史册	45
sc	134	20	19651	失常	45
sc	134	20	19657	使臣	45
sc	134	20	19661	诗词	45
sc	134	20	20825	丝绸	45
sc	134	20	21012	松弛	45
sc	134	20	21071	搜查	45
sc	134	20	21123	隋朝	45
sc	134	20	18502	三叉	46
sc	134	20	18697	杀出	46
sc	134	20	18783	上船	46
sc	134	20	18784	商船	46
sc	134	20	18785	上床	46
sc	134	20	19176	深层	46
sc	134	20	19185	渗出	46
sc	134	20	19660	失传	46
sc	134	20	19662	十次	46
sc	134	20	19664	侍从	46
sc	134	20	20494	舒畅	46
sc	134	20	20495	书城	46
sc	134	20	20499	树丛	46
sc	134	20	20536	水草	46
sc	134	20	20683	顺从	46
sc	134	20	20712	说错	46
sc	134	20	18507	三重	47
sc	134	20	18652	扫除	47
sc	134	20	18776	上朝	47
sc	134	20	19035	烧成	47
sc	134	20	19179	伸长	47
sc	134	20	20241	手册	47
sc	134	20	20443	双层	47
sc	134	20	20824	四尺	47
sc	134	20	21108	素材	47
sc	134	20	18508	三处	48
sc	134	20	18693	沙场	48
sc	134	20	18736	山村	48
sc	134	20	18780	上城	48
sc	134	20	18781	上成	48
sc	134	20	19175	深藏	48
sc	134	20	19180	身长	48
sc	134	20	19658	师承	48
sc	134	20	20246	收成	48
sc	134	20	20496	数尺	48
sc	134	20	20542	水池	48
sc	134	20	20710	说唱	48
sc	134	20	20833	思忖	48
sc	134	20	18471	赛车	49
sc	134	20	18504	三场	49
sc	134	20	18505	三成	49
sc	134	20	18510	三寸	49
sc	134	20	18694	沙尘	49
sc	134	20	18733	山城	49
sc	134	20	18737	闪存	49
sc	134	20	18769	伤残	49
sc	134	20	18770	上策	49
sc	134	20	18788	尚存	49
sc	134	20	19223	生辰	49
sc	134	20	19229	胜出	49
sc	134	20	19665	师从	49
sc	134	20	20242	首场	49
sc	134	20	20243	收场	49
sc	134	20	20250	受挫	49
sc	134	20	20500	数寸	49
sc	134	20	20681	顺差	49
sc	134	20	20682	顺畅	49
sc	134	20	20822	私产	49
sc	134	20	21084	酸楚	49
sc	134	20	18731	善策	50
sc	134	20	18782	伤处	50
sc	134	20	19174	神采	50
sc	134	20	20244	瘦长	50
sc	134	20	20541	水城	50
sc	134	20	21083	酸菜	50
sc	134	20	21110	素称	50
sc	134	20	21188	孙策	50
scb	2	3	18695	沙尘暴	49
scb	2	3	19652	市场部	49
scc	1	0	19177	深层次	48
scd	1	0	19209	生产队	48
scdx	1	0	20829	四川大学	50
scf	1	0	21190	孙传芳	50
scfs	1	0	19210	生产方式	42
scg	1	0	19212	生产国	49
scgm	1	0	19187	神出鬼没	50
scgx	1	0	19211	生产关系	45
sch	1	0	19653	市场化	45
scj	4	6	20240	收藏家	47
scj	4	6	20538	水产局	47
scj	4	6	18503	三叉戟	48
scj	4	6	18696	杀虫剂	49
scjj	1	0	19654	市场经济	39
scjz	1	0	18772	上层建筑	47
sckj	1	0	21124	随处可见	49
scl	3	4	19213	生产力	38
scl	3	4	19215	生产率	44
scl	3	4	19214	生产量	46
scnl	1	0	19216	生产能力	43
scp	2	3	20539	水产品	42
scp	2	3	19122	奢侈品	46
scpd	1	0	20830	四川盆地	48
scs	3	4	20831	四川省	42
scs	3	4	19666	石存山	48
scs	3	4	19217	生产商	49
sct	2	3	21191	孙传庭	46
sct	2	3	21192	孙楚庭	50
scx	2	3	19218	生产线	44
scx	2	3	19219	生产型	50
scy	3	4	20540	水产业	46
scy	3	4	19188	沈春耀	47
scy	3	4	19655	视察员	49
scz	2	3	19220	生产者	43
scz	2	3	21189	孙承宗	47
sczl	2	3	19221	生产资料	40
sczl	2	3	20826	丝绸之路	46
sczz	1	0	19222	生产总值	39
sd	124	19	20714	说道	29
sd	124	19	20252	受到	31
sd	124	19	19670	时代	32
sd	124	19	20259	手段	33
sd	124	19	21113	速度	33
sd	124	19	19674	适当	34
sd	124	19	18740	山地	35
sd	124	19	18743	山东	35
sd	124	19	19679	似的	35
sd	124	19	20257	首都	35
sd	124	19	20834	四大	35
sd	124	19	19680	使得	36
sd	124	19	19193	深度	39
sd	124	19	19667	十大	39
sd	124	19	20253	收到	39
sd	124	19	21014	宋代	39
sd	124	19	21015	送到	39
sd	124	19	19234	声道	40
sd	124	19	19240	生动	40
sd	124	19	21127	隧道	40
sd	124	19	18742	山顶	41
sd	124	19	18792	上帝	41
sd	124	19	19684	湿地	41
sd	124	19	19685	师弟	41
sd	124	19	19689	试点	41
sd	124	19	20543	水稻	41
sd	124	19	21112	苏丹	41
sd	124	19	21227	所得	41
sd	124	19	21230	缩短	41
sd	124	19	18741	闪电	42
sd	124	19	18744	山洞	42
sd	124	19	18794	商店	42
sd	124	19	20547	水电	42
sd	124	19	19123	舍得	43
sd	124	19	19231	盛大	43
sd	124	19	19236	圣地	43
sd	124	19	19237	胜地	43
sd	124	19	19686	似地	43
sd	124	19	20426	摔倒	43
sd	124	19	20545	水底	43
sd	124	19	18511	三代	44
sd	124	19	18739	山道	44
sd	124	19	18745	闪动	44
sd	124	19	18789	商代	44
sd	124	19	19190	神道	44
sd	124	19	19192	审定	44
sd	124	19	19671	世代	44
sd	124	19	20505	输电	44
sd	124	19	18653	扫荡	45
sd	124	19	18654	扫地	45
sd	124	19	18701	杀掉	45
sd	124	19	18746	煽动	45
sd	124	19	18790	上当	45
sd	124	19	19125	设定	45
sd	124	19	19238	声调	45
sd	124	19	19687	实地	45
sd	124	19	19688	失地	45
sd	124	19	19693	适度	45
sd	124	19	20445	双打	45
sd	124	19	20544	水道	45
sd	124	19	21229	锁定	45
sd	124	19	18512	三道	46
sd	124	19	18514	三等	46
sd	124	19	18516	三点	46
sd	124	19	18655	骚动	46
sd	124	19	18698	傻蛋	46
sd	124	19	18704	杀毒	46
sd	124	19	18795	上调	46
sd	124	19	18797	商定	46
sd	124	19	19124	射电	46
sd	124	19	19668	师大	46
sd	124	19	19676	十道	46
sd	124	19	19681	实德	46
sd	124	19	19691	石雕	46
sd	124	19	19694	湿度	46
sd	124	19	20503	倏地	46
sd	124	19	20506	书店	46
sd	124	19	20549	水洞	46
sd	124	19	21111	苏打	46
sd	124	19	18676	僧道	47
sd	124	19	18699	杀敌	47
sd	124	19	18796	上吊	47
sd	124	19	19235	省得	47
sd	124	19	20446	双刀	47
sd	124	19	21013	送达	47
sd	124	19	18517	三端	48
sd	124	19	18674	色调	48
sd	124	19	19232	圣诞	48
sd	124	19	19675	失当	48
sd	124	19	19677	世道	48
sd	124	19	20256	手动	48
sd	124	19	20504	属地	48
sd	124	19	20546	水滴	48
sd	124	19	20839	死地	48
sd	124	19	21016	松动	48
sd	124	19	21126	隋代	48
sd	124	19	18700	沙地	49
sd	124	19	18738	善待	49
sd	124	19	18791	上党	49
sd	124	19	19037	烧掉	49
sd	124	19	19191	神殿	49
sd	124	19	19690	十点	49
sd	124	19	19695	时段	49
sd	124	19	19696	事端	49
sd	124	19	20427	甩掉	49
sd	124	19	20447	双道	49
sd	124	19	20502	疏导	49
sd	124	19	20713	硕大	49
sd	124	19	20838	四道	49
sd	124	19	20841	四点	49
sd	124	19	18702	纱锭	50
sd	124	19	18793	上地	50
sd	124	19	18798	上端	50
sd	124	19	19126	摄动	50
sd	124	19	19189	深达	50
sd	124	19	19673	实弹	50
sd	124	19	19692	失掉	50
sd	124	19	20254	手电	50
sd	124	19	20258	首度	50
sd	124	19	20448	霜冻	50
sd	124	19	20684	顺德	50
sd	124	19	20835	厮打	50
sd	124	19	20840	死敌	50
sd	124	19	21017	诵读	50
sdbd	1	0	18747	山东半岛	49
sdd	2	3	19682	实德队	46
sdd	2	3	20715	说到底	46
sdf	1	0	19669	士大夫	46
sdg	1	0	19697	十多个	50
sdj	2	3	18515	三等奖	48
sdj	2	3	19233	圣诞节	48
sdjc	1	0	20260	首都机场	50
sdjx	1	0	19241	声东击西	48
sdk	1	0	20836	斯达康	50
sdl	1	0	20837	斯大林	42
sdln	1	0	18748	山东鲁能	50
sdlt	1	0	19678	事到临头	50
sdm	1	0	18466	萨达姆	49
sdn	1	0	19698	十多年	44
sdq	1	0	19699	十多起	47
sdqc	1	0	20251	首当其冲	50
sdqf	1	0	19683	适得其反	50
sds	3	4	18749	山东省	43
sds	3	4	21228	所得税	47
sds	3	4	21193	孙大圣	48
sdt	1	0	20255	手电筒	45
sdw	1	0	18472	赛迪网	48
sdx	1	0	19036	邵大侠	43
sdxc	1	0	19672	世代相传	46
sdy	1	0	18703	沙丁鱼	50
sdyg	1	0	19239	圣地亚哥	49
sdz	2	3	20548	水电站	42
sdz	2	3	20501	书呆子	49
sdzc	1	0	21226	所到之处	46
sdzy	1	0	18513	三大战役	50
se	10	9	19701	事儿	39
se	10	9	19702	十二	40
se	10	9	20507	数额	42
se	10	9	19703	时而	44
se	10	9	20449	双儿	44
se	10	9	18705	沙俄	46
se	10	9	18750	善恶	47
se	10	9	19038	少儿	48
se	10	9	19700	施恩	48
se	10	9	21114	苏俄	48
sebj	1	0	19704	视而不见	48
sed	1	0	19705	十二大	48
seg	1	0	19706	十二个	47
sej	1	0	19707	十二届	49
sen	1	0	19708	十二年	43
set	1	0	21231	索额图	48
sew	1	0	19709	十二五	46
sewd	1	0	18467	萨尔瓦多	50
sewy	1	0	18473	塞尔维亚	47
sey	1	0	19710	十二月	43
sezc	1	0	19711	十二指肠	49
sf	65	17	19728	十分	30
sf	65	17	19733	是否	32
sf	65	17	19735	师父	33
sf	65	17	20450	双方	33
sf	65	17	19195	身份	37
sf	65	17	20267	收费	37
sf	65	17	20716	说法	37
sf	65	17	18520	三分	38
sf	65	17	19717	释放	38
sf	65	17	19736	师傅	38
sf	65	17	20842	司法	38
sf	65	17	20261	手法	39
sf	65	17	19127	设法	40
sf	65	17	19196	身分	40
sf	65	17	19242	省份	40
sf	65	17	19729	时分	40
sf	65	17	20268	首辅	40
sf	65	17	19714	师范	41
sf	65	17	19715	示范	41
sf	65	17	19724	是非	41
sf	65	17	20269	收复	41
sf	65	17	20508	书法	41
sf	65	17	20512	舒服	41
sf	65	17	20844	四方	41
sf	65	17	18518	散发	42
sf	65	17	18706	沙发	42
sf	65	17	18751	山峰	42
sf	65	17	18801	上方	42
sf	65	17	20270	首府	42
sf	65	17	20511	书房	42
sf	65	17	20513	束缚	42
sf	65	17	20551	水分	42
sf	65	17	19243	胜负	43
sf	65	17	20717	说服	43
sf	65	17	18675	色酚	44
sf	65	17	19039	少妇	44
sf	65	17	21085	算法	44
sf	65	17	19194	身法	45
sf	65	17	19244	生父	45
sf	65	17	19725	试飞	45
sf	65	17	20846	四分	45
sf	65	17	18804	上风	46
sf	65	17	19718	史方	46
sf	65	17	20262	首发	46
sf	65	17	20514	叔父	46
sf	65	17	18802	上房	47
sf	65	17	18803	上访	47
sf	65	17	19198	神父	47
sf	65	17	20263	受罚	47
sf	65	17	20509	抒发	47
sf	65	17	18519	三方	48
sf	65	17	18800	商贩	48
sf	65	17	19128	设防	48
sf	65	17	19199	身负	48
sf	65	17	19712	师法	48
sf	65	17	19713	事发	48
sf	65	17	19730	侍奉	48
sf	65	17	20264	守法	48
sf	65	17	18805	上峰	49
sf	65	17	18806	上浮	49
sf	65	17	19719	施放	49
sf	65	17	19726	施肥	49
sf	65	17	20550	税法	49
sf	65	17	20685	顺风	49
sf	65	17	20265	收发	50
sfb	1	0	20843	司法部	46
sfdx	1	0	19716	师范大学	45
sfed	1	0	20845	斯菲尔德	50
sfj	1	0	20510	书法家	47
sfl	1	0	20718	说服力	48
sfm	1	0	18707	沙复明	44
sfq	2	3	19720	示范区	38
sfq	2	3	18521	三分球	48
sfr	1	0	21194	孙夫人	46
sfs	1	0	19734	是否是	48
sfwl	1	0	20847	四分五裂	50
sfx	1	0	19721	示范县	41
sfxx	1	0	19722	师范学校	47
sfxy	1	0	19723	师范学院	41
sfy	2	3	21115	苏菲亚	48
sfy	2	3	19727	试飞员	50
sfz	3	4	19197	身份证	43
sfz	3	4	20266	受访者	46
sfz	3	4	19732	十分钟	49
sfzy	1	0	19731	十分之一	49
sg	77	17	18523	三个	33
sg	77	17	20848	四个	35
sg	77	17	19744	施工	38
sg	77	17	20279	收购	38
sg	77	17	19740	诗歌	39
sg	77	17	19746	事故	39
sg	77	17	21018	送给	39
sg	77	17	19741	师哥	40
sg	77	17	20553	水果	40
sg	77	17	18535	三国	41
sg	77	17	18892	山谷	41
sg	77	17	19245	升高	41
sg	77	17	19742	十个	41
sg	77	17	21072	搜狗	41
sg	77	17	19748	使馆	42
sg	77	17	19755	时光	42
sg	77	17	20275	手工	42
sg	77	17	20280	受过	42
sg	77	17	19201	身高	43
sg	77	17	19251	胜过	43
sg	77	17	19304	神功	43
sg	77	17	19738	石膏	43
sg	77	17	20515	树干	43
sg	77	17	18678	森工	44
sg	77	17	19200	深感	44
sg	77	17	19749	士官	44
sg	77	17	19750	事关	44
sg	77	17	20521	曙光	44
sg	77	17	18807	伤感	45
sg	77	17	18894	闪过	45
sg	77	17	19751	试管	45
sg	77	17	20518	输给	45
sg	77	17	18708	傻瓜	46
sg	77	17	18808	上岗	46
sg	77	17	19349	深谷	46
sg	77	17	18753	陕甘	47
sg	77	17	18811	商贾	47
sg	77	17	18812	上古	47
sg	77	17	18851	山沟	47
sg	77	17	18893	闪光	47
sg	77	17	19743	时隔	47
sg	77	17	19747	尸骨	47
sg	77	17	20271	手稿	47
sg	77	17	18522	伞盖	48
sg	77	17	18810	上攻	48
sg	77	17	19246	笙歌	48
sg	77	17	19752	石棺	48
sg	77	17	19753	食管	48
sg	77	17	20272	首个	48
sg	77	17	20517	数个	48
sg	77	17	20519	树根	48
sg	77	17	20719	蒴果	48
sg	77	17	20849	四根	48
sg	77	17	18525	三根	49
sg	77	17	18529	三公	49
sg	77	17	18799	山歌	49
sg	77	17	19248	生根	49
sg	77	17	19249	升官	49
sg	77	17	20273	收割	49
sg	77	17	20520	树冠	49
sg	77	17	20522	属国	49
sg	77	17	20552	水缸	49
sg	77	17	20850	四顾	49
sg	77	17	20851	四国	49
sg	77	17	21073	搜刮	49
sg	77	17	21086	算卦	49
sg	77	17	21118	苏共	49
sg	77	17	18709	杀光	50
sg	77	17	19040	艄公	50
sg	77	17	19247	升格	50
sg	77	17	19250	生光	50
sg	77	17	19306	申购	50
sg	77	17	19350	甚广	50
sg	77	17	19737	实干	50
sg	77	17	19754	史官	50
sg	77	17	19758	驶过	50
sg	77	17	20516	书稿	50
sgd	1	0	19745	施工队	48
sgdb	1	0	18524	三个代表	47
sgf	1	0	19351	沈国放	46
sgh	1	0	20554	水果湖	47
sgj	1	0	20274	收割机	50
sgk	1	0	19739	石膏矿	46
sgl	1	0	21117	苏格兰	44
sgld	1	0	21116	苏格拉底	43
sgm	1	0	21019	宋公明	48
sgml	1	0	18534	三顾茅庐	46
sgn	1	0	19305	肾功能	47
sgq	1	0	19757	使馆区	46
sgs	1	0	19756	石广生	47
sgw	1	0	18526	桑国卫	47
sgy	2	3	20276	手工业	40
sgy	2	3	18809	上个月	48
sgyp	1	0	20278	手工艺品	50
sgyy	1	0	18536	三国演义	48
sgyz	1	0	20277	手工业者	47
sgz	1	0	18813	上官洲	47
sh	102	18	19130	社会	26
sh	102	18	19258	生活	27
sh	102	18	19765	时候	27
sh	102	18	18814	上海	30
sh	102	18	20721	说话	32
sh	102	18	20855	似乎	32
sh	102	18	21074	搜狐	35
sh	102	18	21129	随后	35
sh	102	18	19761	适合	36
sh	102	18	20853	丝毫	37
sh	102	18	19415	身后	38
sh	102	18	18815	伤害	39
sh	102	18	20288	收回	39
sh	102	18	21195	损害	39
sh	102	18	19256	省会	40
sh	102	18	19417	深化	40
sh	102	18	19418	神话	40
sh	102	18	18710	杀害	41
sh	102	18	18950	山河	41
sh	102	18	19414	审核	41
sh	102	18	19416	深厚	41
sh	102	18	20290	收获	41
sh	102	18	18540	三合	42
sh	102	18	18954	珊瑚	42
sh	102	18	19769	石化	42
sh	102	18	19773	拾荒	42
sh	102	18	20526	书画	42
sh	102	18	19042	烧毁	43
sh	102	18	19419	申花	43
sh	102	18	19766	事后	43
sh	102	18	21197	损坏	43
sh	102	18	18474	赛后	44
sh	102	18	18541	三户	44
sh	102	18	18712	沙湖	44
sh	102	18	18713	沙皇	44
sh	102	18	19767	侍候	44
sh	102	18	19768	石湖	44
sh	102	18	19770	实话	44
sh	102	18	20287	守护	44
sh	102	18	20529	叔惠	44
sh	102	18	20720	说好	44
sh	102	18	20857	死活	44
sh	102	18	21196	损耗	44
sh	102	18	18711	沙河	45
sh	102	18	18818	上行	45
sh	102	18	18819	伤痕	45
sh	102	18	19252	生化	45
sh	102	18	19413	深海	45
sh	102	18	19776	石灰	45
sh	102	18	20524	疏忽	45
sh	102	18	20852	四海	45
sh	102	18	18469	撒谎	46
sh	102	18	18542	散货	46
sh	102	18	19257	盛会	46
sh	102	18	19764	失衡	46
sh	102	18	19777	实惠	46
sh	102	18	20289	受贿	46
sh	102	18	20523	术后	46
sh	102	18	21020	松花	46
sh	102	18	21023	送回	46
sh	102	18	18817	伤寒	47
sh	102	18	18821	商会	47
sh	102	18	18952	山后	47
sh	102	18	19129	奢华	47
sh	102	18	19253	升华	47
sh	102	18	19259	圣火	47
sh	102	18	19772	使唤	47
sh	102	18	19778	时会	47
sh	102	18	20452	双湖	47
sh	102	18	20722	说谎	47
sh	102	18	21232	缩回	47
sh	102	18	18955	山花	48
sh	102	18	19041	稍后	48
sh	102	18	19043	烧火	48
sh	102	18	19760	嗜好	48
sh	102	18	20283	守恒	48
sh	102	18	20285	守候	48
sh	102	18	20555	水壶	48
sh	102	18	20856	撕毁	48
sh	102	18	18953	善后	49
sh	102	18	19759	尸骸	49
sh	102	18	20281	受害	49
sh	102	18	20451	双核	49
sh	102	18	20525	倏忽	49
sh	102	18	20530	赎回	49
sh	102	18	20556	水浒	49
sh	102	18	20557	水花	49
sh	102	18	21128	随和	49
sh	102	18	18539	三号	50
sh	102	18	18820	赏花	50
sh	102	18	18951	山洪	50
sh	102	18	19143	社火	50
sh	102	18	19254	生还	50
sh	102	18	19260	生火	50
sh	102	18	19420	神化	50
sh	102	18	19762	石河	50
sh	102	18	19763	失和	50
sh	102	18	19771	诗话	50
sh	102	18	20527	舒缓	50
sh	102	18	20558	水火	50
sh	102	18	21022	送还	50
sh	102	18	21198	损毁	50
shbx	1	0	19131	社会保险	49
shbz	1	0	19132	社会保障	47
shd	2	3	19133	社会党	45
shd	2	3	19421	申花队	47
shdl	1	0	20284	守恒定律	49
shdy	1	0	20528	疏忽大意	48
shf	1	0	19261	生活费	47
shfw	1	0	20286	售后服务	49
shg	2	3	18949	山海关	42
shg	2	3	20531	舒惠国	47
shgx	1	0	19134	社会关系	48
shh	1	0	19135	社会化	45
shj	2	3	18956	珊瑚礁	46
shj	2	3	21021	松花江	46
shkx	1	0	19136	社会科学	44
shl	2	3	21120	苏慧伦	47
shl	2	3	18468	撒哈拉	48
shlp	1	0	19781	失魂落魄	50
shr	1	0	19255	盛华仁	44
shs	4	6	18816	上海市	39
shs	4	6	21119	俗话说	44
shs	4	6	19779	石灰石	46
shs	4	6	19262	生活史	50
shss	1	0	19774	实话实说	50
shx	2	3	19139	社会学	40
shx	2	3	19138	社会性	50
shxj	1	0	19140	社会学家	47
shxy	1	0	19137	社会效益	49
shy	3	4	19780	石灰岩	45
shy	3	4	19775	石华堰	47
shy	3	4	20854	四合院	48
shz	4	6	20282	受害者	46
shz	4	6	19422	神皇洲	47
shz	4	6	20559	水浒传	48
shz	4	6	21024	宋徽宗	50
shzd	1	0	19141	社会制度	45
shzl	1	0	19263	生活资料	46
shzy	1	0	19142	社会主义	31
sj	165	20	19798	时间	27
sj	165	20	19808	世界	27
sj	165	20	19782	世纪	29
sj	165	20	19144	设计	31
sj	165	20	19783	实际	31
sj	165	20	19799	事件	33
sj	165	20	20640	书记	33
sj	165	20	19264	省级	34
sj	165	20	19800	实践	34
sj	165	20	20291	手机	35
sj	165	20	20645	数据	35
sj	165	20	21130	随即	35
sj	165	20	19145	涉及	36
sj	165	20	19265	升级	36
sj	165	20	18822	上级	37
sj	165	20	19146	社稷	37
sj	165	20	21025	宋江	37
sj	165	20	19429	神经	38
sj	165	20	19801	始建	38
sj	165	20	18475	赛季	39
sj	165	20	18544	三级	39
sj	165	20	19147	射击	39
sj	165	20	19784	时机	39
sj	165	20	20292	收集	39
sj	165	20	20561	睡觉	39
sj	165	20	19046	少将	40
sj	165	20	19423	审计	40
sj	165	20	20563	水晶	40
sj	165	20	20689	瞬间	40
sj	165	20	20858	司机	40
sj	165	20	20296	手脚	41
sj	165	20	20641	书籍	41
sj	165	20	19266	胜迹	42
sj	165	20	19802	世间	42
sj	165	20	19826	使劲	42
sj	165	20	21131	随机	42
sj	165	20	18545	三家	43
sj	165	20	18551	三角	43
sj	165	20	18561	三军	43
sj	165	20	18826	上将	43
sj	165	20	19785	事迹	43
sj	165	20	19786	市级	43
sj	165	20	19787	诗集	43
sj	165	20	19846	视觉	43
sj	165	20	20859	四级	43
sj	165	20	21075	搜集	43
sj	165	20	21167	苏军	43
sj	165	20	18958	山间	44
sj	165	20	19045	少见	44
sj	165	20	19270	升降	44
sj	165	20	19788	史记	44
sj	165	20	19792	世家	44
sj	165	20	19809	使节	44
sj	165	20	19810	时节	44
sj	165	20	19845	试卷	44
sj	165	20	20298	首届	44
sj	165	20	20454	双脚	44
sj	165	20	18547	三间	45
sj	165	20	18554	三节	45
sj	165	20	18825	商家	45
sj	165	20	19148	射箭	45
sj	165	20	19267	生机	45
sj	165	20	19268	生计	45
sj	165	20	19274	圣经	45
sj	165	20	19789	试剂	45
sj	165	20	19793	施加	45
sj	165	20	19805	视角	45
sj	165	20	19838	十九	45
sj	165	20	20293	首级	45
sj	165	20	20308	守军	45
sj	165	20	20430	衰竭	45
sj	165	20	20560	谁家	45
sj	165	20	20860	四季	45
sj	165	20	18548	三件	46
sj	165	20	18557	三局	46
sj	165	20	19150	社交	46
sj	165	20	19269	省籍	46
sj	165	20	19424	身价	46
sj	165	20	19790	十几	46
sj	165	20	19842	诗句	46
sj	165	20	20294	售价	46
sj	165	20	20562	水解	46
sj	165	20	20566	水军	46
sj	165	20	20865	四角	46
sj	165	20	18546	三甲	47
sj	165	20	18717	沙咀	47
sj	165	20	18827	上交	47
sj	165	20	18829	上街	47
sj	165	20	19791	史籍	47
sj	165	20	19806	市郊	47
sj	165	20	19811	石阶	47
sj	165	20	19828	诗经	47
sj	165	20	20429	摔跤	47
sj	165	20	20642	暑假	47
sj	165	20	20643	书架	47
sj	165	20	21026	松江	47
sj	165	20	21134	随军	47
sj	165	20	21233	缩减	47
sj	165	20	18558	散居	48
sj	165	20	18559	三句	48
sj	165	20	18823	商机	48
sj	165	20	18830	上届	48
sj	165	20	18833	上卷	48
sj	165	20	19044	稍加	48
sj	165	20	19275	盛京	48
sj	165	20	19426	神剑	48
sj	165	20	19804	石匠	48
sj	165	20	19827	驶进	48
sj	165	20	19829	市井	48
sj	165	20	20302	受精	48
sj	165	20	20307	手绢	48
sj	165	20	20564	水井	48
sj	165	20	20650	疏浚	48
sj	165	20	20861	伺机	48
sj	165	20	20862	四家	48
sj	165	20	20863	私家	48
sj	165	20	20869	四句	48
sj	165	20	21087	算计	48
sj	165	20	21088	酸碱	48
sj	165	20	18485	撒娇	49
sj	165	20	18549	三江	49
sj	165	20	18550	三讲	49
sj	165	20	18556	三九	49
sj	165	20	18718	杀菌	49
sj	165	20	18824	伤及	49
sj	165	20	18828	上缴	49
sj	165	20	18832	上京	49
sj	165	20	18957	山脊	49
sj	165	20	19047	烧酒	49
sj	165	20	19428	伸进	49
sj	165	20	19437	身居	49
sj	165	20	19794	史家	49
sj	165	20	19812	十届	49
sj	165	20	19830	石经	49
sj	165	20	19843	时局	49
sj	165	20	20295	首家	49
sj	165	20	20297	收缴	49
sj	165	20	20299	受尽	49
sj	165	20	20305	守旧	49
sj	165	20	20428	衰减	49
sj	165	20	20453	霜降	49
sj	165	20	20723	说教	49
sj	165	20	20864	四溅	49
sj	165	20	20866	死角	49
sj	165	20	20868	四届	49
sj	165	20	21027	送交	49
sj	165	20	21030	诵经	49
sj	165	20	21166	肃静	49
sj	165	20	18555	三届	50
sj	165	20	18560	三卷	50
sj	165	20	18716	杀机	50
sj	165	20	18831	商界	50
sj	165	20	19149	舌尖	50
sj	165	20	19271	生姜	50
sj	165	20	19276	生就	50
sj	165	20	19427	深涧	50
sj	165	20	19795	十佳	50
sj	165	20	19796	市价	50
sj	165	20	19844	视距	50
sj	165	20	20300	手巾	50
sj	165	20	20301	收紧	50
sj	165	20	20303	受惊	50
sj	165	20	20306	收据	50
sj	165	20	20646	书局	50
sj	165	20	21132	绥靖	50
sjb	3	4	19813	世界杯	39
sjb	3	4	19803	时间表	48
sjb	3	4	19431	神经病	49
sjbb	2	3	19425	身价百倍	49
sjbb	2	3	19273	生机勃勃	50
sjbs	1	0	19814	世界杯赛	49
sjbz	1	0	19430	身经百战	50
sjc	1	0	20644	书记处	47
sjcl	1	0	20647	数据处理	50
sjcq	1	0	20867	四季常青	49
sjd	1	0	19847	世钧道	49
sjdz	1	0	19815	世界大战	47
sjfz	1	0	19823	十几分钟	48
sjg	4	6	19824	十几个	43
sjg	4	6	19817	世界观	46
sjg	4	6	21200	孙家拐	47
sjg	4	6	20565	水晶棺	49
sjgd	1	0	19816	世界各地	43
sjj	3	4	21201	孙嘉绩	49
sjj	3	4	19151	设计局	50
sjj	3	4	19818	世界级	50
sjjl	1	0	19819	世界纪录	48
sjk	1	0	20648	数据库	43
sjl	3	4	21203	孙金龙	47
sjl	3	4	20304	受精卵	49
sjl	3	4	20649	数据链	49
sjm	1	0	19825	世纪末	41
sjmn	1	0	19797	释迦牟尼	50
sjn	2	3	19832	十几年	43
sjn	2	3	19839	十九年	43
sjr	2	3	21028	宋教仁	47
sjr	2	3	19840	十九日	50
sjs	5	6	19834	实际上	32
sjs	5	6	19152	设计师	42
sjs	5	6	19435	审计署	46
sjs	5	6	19833	世锦赛	46
sjs	5	6	19835	十几岁	47
sjsc	1	0	19820	世界市场	48
sjt	4	6	19153	设计图	49
sjt	4	6	19272	升降台	49
sjt	4	6	19837	十几条	49
sjt	4	6	19836	十几天	50
sjw	2	3	19841	十几万	49
sjw	2	3	21202	孙建文	49
sjx	3	4	18552	三角形	44
sjx	3	4	19821	世界性	46
sjx	3	4	18959	山脚下	47
sjxb	1	0	19432	神经细胞	50
sjxt	1	0	19433	神经系统	45
sjy	3	4	21204	孙九爷	43
sjy	3	4	19434	神经元	46
sjy	3	4	19831	石静宜	47
sjyb	1	0	21133	随机应变	49
sjyh	1	0	19822	世界银行	48
sjz	5	6	19436	审计长	40
sjz	5	6	18553	三角洲	43
sjz	5	6	19154	设计者	44
sjz	5	6	19807	石家庄	44
sjz	5	6	21029	宋家寨	48
sk	47	15	19848	时刻	36
sk	47	15	19438	深刻	37
sk	47	15	20871	思考	38
sk	47	15	18837	伤口	40
sk	47	15	18836	上空	41
sk	47	15	20567	水库	41
sk	47	15	19048	烧烤	42
sk	47	15	18834	上课	43
sk	47	15	18961	山口	43
sk	47	15	19277	盛开	43
sk	47	15	19853	石窟	43
sk	47	15	19279	牲口	44
sk	47	15	19854	石块	44
sk	47	15	21136	随口	44
sk	47	15	19849	石刻	45
sk	47	15	19851	时空	45
sk	47	15	18562	散开	46
sk	47	15	20455	爽口	46
sk	47	15	20456	爽快	46
sk	47	15	20872	思科	46
sk	47	15	20873	司空	46
sk	47	15	21031	松开	46
sk	47	15	18719	沙口	47
sk	47	15	18835	尚可	47
sk	47	15	19278	升空	47
sk	47	15	20311	授课	47
sk	47	15	20313	受苦	47
sk	47	15	20431	甩开	47
sk	47	15	18565	三口	48
sk	47	15	18960	闪开	48
sk	47	15	19852	失控	48
sk	47	15	20310	手铐	48
sk	47	15	20874	四库	48
sk	47	15	21169	诉苦	48
sk	47	15	19280	盛况	49
sk	47	15	19855	实况	49
sk	47	15	20309	收看	49
sk	47	15	20568	税款	49
sk	47	15	20651	书刊	49
sk	47	15	20652	数控	49
sk	47	15	20690	顺口	49
sk	47	15	20870	撕开	49
sk	47	15	18563	三颗	50
sk	47	15	18564	散客	50
sk	47	15	18566	三块	50
sk	47	15	20312	受控	50
sk	47	15	20653	漱口	50
skf	1	0	19850	史可法	45
skh	1	0	21135	隋开皇	45
sks	2	3	18486	萨克森	50
sks	2	3	21168	苏克萨	50
sl	139	20	19283	胜利	32
sl	139	20	19155	设立	33
sl	139	20	20662	数量	33
sl	139	20	21172	苏联	33
sl	139	20	18681	森林	35
sl	139	20	19859	实力	35
sl	139	20	19860	势力	35
sl	139	20	20315	手里	35
sl	139	20	20433	率领	35
sl	139	20	18838	上来	36
sl	139	20	18840	商量	37
sl	139	20	20691	顺利	37
sl	139	20	20885	司令	38
sl	139	20	19050	少林	39
sl	139	20	19284	生理	39
sl	139	20	20320	首领	39
sl	139	20	20570	水力	39
sl	139	20	20656	树立	39
sl	139	20	20890	思路	39
sl	139	20	19049	少量	40
sl	139	20	19443	神龙	40
sl	139	20	19857	侍郎	40
sl	139	20	20316	受理	40
sl	139	20	20571	水利	40
sl	139	20	20575	水流	40
sl	139	20	20724	说来	40
sl	139	20	18968	山麓	41
sl	139	20	19440	审理	41
sl	139	20	19875	史料	41
sl	139	20	19882	十六	41
sl	139	20	20576	水陆	41
sl	139	20	21032	送来	41
sl	139	20	21089	算了	41
sl	139	20	21175	塑料	41
sl	139	20	18570	三路	42
sl	139	20	18962	山里	42
sl	139	20	20434	衰落	42
sl	139	20	20572	水量	42
sl	139	20	18567	三类	43
sl	139	20	18963	善良	43
sl	139	20	18969	山路	43
sl	139	20	19861	失利	43
sl	139	20	19862	事例	43
sl	139	20	19889	实录	43
sl	139	20	20319	狩猎	43
sl	139	20	20577	水路	43
sl	139	20	20661	熟练	43
sl	139	20	20664	树林	43
sl	139	20	20881	饲料	43
sl	139	20	19863	市里	44
sl	139	20	20318	收敛	44
sl	139	20	20432	衰老	44
sl	139	20	21170	素来	44
sl	139	20	18843	上路	45
sl	139	20	18845	商旅	45
sl	139	20	18966	山林	45
sl	139	20	19864	视力	45
sl	139	20	19865	十里	45
sl	139	20	19871	适量	45
sl	139	20	19878	石林	45
sl	139	20	19879	适龄	45
sl	139	20	19891	失落	45
sl	139	20	20324	首轮	45
sl	139	20	20657	数理	45
sl	139	20	21179	速率	45
sl	139	20	18656	扫雷	46
sl	139	20	18657	骚乱	46
sl	139	20	18677	僧侣	46
sl	139	20	18721	杀戮	46
sl	139	20	18967	山岭	46
sl	139	20	19281	生来	46
sl	139	20	19442	神灵	46
sl	139	20	19858	施琅	46
sl	139	20	19866	实例	46
sl	139	20	19888	石龙	46
sl	139	20	20323	收录	46
sl	139	20	20569	水雷	46
sl	139	20	20658	数里	46
sl	139	20	20659	竖立	46
sl	139	20	20877	私利	46
sl	139	20	20880	思量	46
sl	139	20	20893	思虑	46
sl	139	20	21033	送礼	46
sl	139	20	21171	肃立	46
sl	139	20	18571	散乱	47
sl	139	20	18574	散落	47
sl	139	20	18839	上篮	47
sl	139	20	18842	上楼	47
sl	139	20	19158	社论	47
sl	139	20	19285	省里	47
sl	139	20	19867	施礼	47
sl	139	20	19876	石料	47
sl	139	20	20321	收留	47
sl	139	20	20579	税率	47
sl	139	20	20660	梳理	47
sl	139	20	20878	寺里	47
sl	139	20	21034	耸立	47
sl	139	20	21036	松林	47
sl	139	20	18841	上流	48
sl	139	20	18964	闪亮	48
sl	139	20	19441	神力	48
sl	139	20	19868	侍立	48
sl	139	20	19872	矢量	48
sl	139	20	19883	石榴	48
sl	139	20	20457	爽朗	48
sl	139	20	20665	树龄	48
sl	139	20	20668	数论	48
sl	139	20	20879	私立	48
sl	139	20	20882	撕裂	48
sl	139	20	21137	碎裂	48
sl	139	20	18569	三联	49
sl	139	20	18572	三轮	49
sl	139	20	18720	沙龙	49
sl	139	20	18970	山峦	49
sl	139	20	19287	生灵	49
sl	139	20	19290	省略	49
sl	139	20	19856	石栏	49
sl	139	20	19873	十两	49
sl	139	20	19877	食料	49
sl	139	20	19880	失灵	49
sl	139	20	20314	兽类	49
sl	139	20	20654	疏勒	49
sl	139	20	20655	薯类	49
sl	139	20	20663	数列	49
sl	139	20	20669	数落	49
sl	139	20	20891	四路	49
sl	139	20	21035	送料	49
sl	139	20	21176	苏林	49
sl	139	20	18568	三里	50
sl	139	20	19156	舍利	50
sl	139	20	19157	涉猎	50
sl	139	20	19869	失礼	50
sl	139	20	19870	失恋	50
sl	139	20	19874	食粮	50
sl	139	20	20317	受力	50
sl	139	20	20458	双联	50
sl	139	20	20459	双轮	50
sl	139	20	20666	疏漏	50
sl	139	20	21076	搜罗	50
sla	1	0	19444	沈绿爱	47
slb	1	0	20886	司令部	39
slc	2	3	18573	三轮车	49
slc	2	3	19445	沈绿村	50
slcz	1	0	20692	顺理成章	48
sld	1	0	20322	手榴弹	45
slf	1	0	20875	斯拉夫	45
slfk	1	0	20892	斯洛伐克	46
slg	4	6	20887	司令官	48
slg	4	6	19881	使领馆	49
slg	4	6	19884	十六个	49
slg	4	6	20667	输卵管	49
slgc	1	0	20573	水利工程	47
slh	1	0	18965	山里红	49
slhj	1	0	21173	苏联红军	50
slj	2	3	20883	司礼监	45
slj	2	3	19286	生力军	50
slk	1	0	21178	苏鲁克	46
sll	1	0	19890	湿漉漉	48
sllk	1	0	20884	斯里兰卡	46
slls	1	0	19282	圣劳伦斯	50
sln	1	0	19885	十六年	44
sls	7	8	19051	少林寺	41
sls	7	8	18844	商洛山	45
sls	7	8	19886	石榴石	46
sls	7	8	20725	说了算	47
sls	7	8	21037	松林山	47
sls	7	8	19887	十六岁	48
sls	7	8	21177	苏黎世	49
slsc	1	0	20578	水落石出	50
slsn	1	0	20574	水利枢纽	49
slts	1	0	20889	死里逃生	46
slx	2	3	19288	生理学	45
slx	2	3	20876	司拉绪	48
sly	1	0	20888	司令员	40
slz	3	4	18487	撒拉族	46
slz	3	4	19289	胜利者	49
slz	3	4	21234	索郎泽	50
slzb	1	0	19439	神来之笔	44
slzf	1	0	21174	苏联政府	50
sm	85	18	19446	什么	25
sm	85	18	19447	甚么	31
sm	85	18	19291	生命	33
sm	85	18	20726	说明	33
sm	85	18	18849	上面	35
sm	85	18	19901	市民	36
sm	85	18	19292	声明	37
sm	85	18	18723	沙漠	38
sm	85	18	19450	神秘	38
sm	85	18	20581	水面	38
sm	85	18	18971	山脉	39
sm	85	18	20329	受命	39
sm	85	18	20677	数目	39
sm	85	18	19894	师妹	40
sm	85	18	18578	三面	41
sm	85	18	18846	上马	41
sm	85	18	19902	使命	41
sm	85	18	20330	寿命	41
sm	85	18	20582	睡眠	41
sm	85	18	20678	树木	41
sm	85	18	19448	审美	42
sm	85	18	20460	双目	42
sm	85	18	20670	数码	42
sm	85	18	20901	四面	42
sm	85	18	18579	三名	43
sm	85	18	18725	杉木	43
sm	85	18	18847	商贸	43
sm	85	18	19895	石门	43
sm	85	18	20671	书面	43
sm	85	18	20894	司马	43
sm	85	18	20904	四名	43
sm	85	18	21183	俗名	43
sm	85	18	18576	三枚	44
sm	85	18	18658	扫描	44
sm	85	18	18848	上门	44
sm	85	18	19297	圣母	44
sm	85	18	19298	生母	44
sm	85	18	19451	神庙	44
sm	85	18	19907	石墨	44
sm	85	18	19908	师母	44
sm	85	18	20679	书目	44
sm	85	18	20903	寺庙	44
sm	85	18	21184	肃穆	44
sm	85	18	18972	山门	45
sm	85	18	19159	射门	45
sm	85	18	19293	声名	45
sm	85	18	19897	失眠	45
sm	85	18	19903	十名	45
sm	85	18	18577	三门	46
sm	85	18	19294	盛名	46
sm	85	18	19892	时髦	46
sm	85	18	19898	石棉	46
sm	85	18	20580	睡梦	46
sm	85	18	20899	四门	46
sm	85	18	20900	斯密	46
sm	85	18	18527	嗓门	47
sm	85	18	19161	舍命	47
sm	85	18	19453	神明	47
sm	85	18	20325	收买	47
sm	85	18	20672	庶民	47
sm	85	18	20673	署名	47
sm	85	18	21090	酸麻	47
sm	85	18	21091	算命	47
sm	85	18	18528	丧命	48
sm	85	18	19160	赦免	48
sm	85	18	19896	师门	48
sm	85	18	19899	世面	48
sm	85	18	19904	失明	48
sm	85	18	20583	水墨	48
sm	85	18	20674	书名	48
sm	85	18	20905	死命	48
sm	85	18	21182	素描	48
sm	85	18	21185	苏木	48
sm	85	18	18974	山民	49
sm	85	18	19295	圣明	49
sm	85	18	19452	神妙	49
sm	85	18	19454	申明	49
sm	85	18	19900	市面	49
sm	85	18	20327	守门	49
sm	85	18	20584	水母	49
sm	85	18	18575	散漫	50
sm	85	18	18659	扫墓	50
sm	85	18	18722	杀灭	50
sm	85	18	18973	扇面	50
sm	85	18	19299	声母	50
smbf	1	0	20902	四面八方	43
smdl	1	0	21180	苏门答腊	50
smg	2	3	19905	使命感	49
smg	2	3	20895	司马光	49
smh	1	0	18724	沙漠化	50
smjl	1	0	20326	手忙脚乱	46
sml	3	4	19296	生命力	45
sml	3	4	21181	苏门羚	46
sml	3	4	21235	索马里	47
smq	1	0	20896	司马迁	48
sms	3	4	20727	说明书	45
sms	3	4	19906	史密斯	48
sms	3	4	20675	枢密使	48
smy	5	6	19449	什么样	39
smy	5	6	20676	枢密院	46
smy	5	6	20897	司马义	46
smy	5	6	20898	司马懿	47
smy	5	6	20328	守门员	49
smzy	1	0	18580	三民主义	46
smzz	1	0	19893	世贸组织	50
sn	36	14	18581	三年	34
sn	36	14	19053	少年	36
sn	36	14	19912	十年	36
sn	36	14	19055	少女	37
sn	36	14	19301	省内	37
sn	36	14	20907	四年	37
sn	36	14	18850	上年	38
sn	36	14	20586	水泥	39
sn	36	14	20688	枢纽	40
sn	36	14	19910	室内	41
sn	36	14	20332	首脑	41
sn	36	14	18975	山南	42
sn	36	14	19911	市内	42
sn	36	14	19455	神农	43
sn	36	14	20686	数年	43
sn	36	14	20908	思念	43
sn	36	14	21237	索尼	43
sn	36	14	19913	师娘	44
sn	36	14	20585	水能	44
sn	36	14	19915	侍女	46
sn	36	14	21199	苏宁	46
sn	36	14	21205	孙女	47
sn	36	14	20697	淑女	48
sn	36	14	20906	死难	48
sn	36	14	21186	苏南	48
sn	36	14	21236	唢呐	48
sn	36	14	18543	撒尿	49
sn	36	14	19300	声纳	49
sn	36	14	19303	盛怒	49
sn	36	14	19909	实乃	50
sn	36	14	19916	仕女	50
sn	36	14	20331	受难	50
sn	36	14	20587	水牛	50
sn	36	14	20909	斯诺	50
sn	36	14	20910	肆虐	50
sn	36	14	21092	酸奶	50
snet	1	0	19054	少年儿童	44
sng	1	0	20687	输尿管	50
snhc	1	0	19914	十年寒窗	49
snj	1	0	19456	神农架	38
snje	1	0	18476	塞内加尔	48
snn	1	0	19052	少奶奶	49
snw	1	0	19302	省内外	46
snx	1	0	19457	神农溪	47
sp	35	14	20589	水平	31
sp	35	14	18854	商品	32
sp	35	14	19919	食品	34
sp	35	14	19458	审判	36
sp	35	14	19459	身旁	39
sp	35	14	19920	视频	39
sp	35	14	18976	山坡	41
sp	35	14	19307	生怕	41
sp	35	14	19308	生平	41
sp	35	14	19463	审批	41
sp	35	14	20335	首批	42
sp	35	14	19918	诗篇	43
sp	35	14	20911	四品	43
sp	35	14	18582	三品	44
sp	35	14	20333	手帕	44
sp	35	14	20735	树皮	44
sp	35	14	19464	身披	45
sp	35	14	20588	水泡	45
sp	35	14	21138	碎片	45
sp	35	14	18855	上品	46
sp	35	14	18863	上铺	46
sp	35	14	21093	算盘	46
sp	35	14	18852	上爬	47
sp	35	14	18853	上皮	47
sp	35	14	20334	收盘	47
sp	35	14	18684	色谱	48
sp	35	14	19922	识破	48
sp	35	14	20336	受骗	48
sp	35	14	20337	售票	48
sp	35	14	19057	烧瓶	50
sp	35	14	19921	饰品	50
sp	35	14	19923	湿婆	50
sp	35	14	20338	受聘	50
sp	35	14	20912	四平	50
sp	35	14	20913	撕破	50
spf	1	0	18856	商品房	47
spg	1	0	19460	审判官	48
sph	1	0	18857	商品化	49
spjj	1	0	18858	商品经济	44
spl	3	4	19917	石牌岭	47
spl	3	4	18859	商品粮	49
spl	3	4	18860	商品量	49
spls	1	0	18477	塞浦路斯	49
splt	1	0	18861	商品流通	48
spp	3	4	21206	孙婆婆	46
spp	3	4	19056	邵飘萍	49
spp	3	4	19924	史婆婆	49
spq	1	0	19461	审判权	46
spsc	1	0	18862	商品生产	47
spt	1	0	19925	石破天	41
spy	1	0	19462	审判员	41
sq	83	18	19926	时期	29
sq	83	18	19934	事情	30
sq	83	18	19582	社区	34
sq	83	18	19939	失去	35
sq	83	18	18868	上去	36
sq	83	18	18980	山区	37
sq	83	18	19469	申请	37
sq	83	18	20342	授权	37
sq	83	18	19309	生气	38
sq	83	18	19940	市区	38
sq	83	18	18864	上前	39
sq	83	18	19470	神情	39
sq	83	18	20728	说起	39
sq	83	18	19318	省区	40
sq	83	18	20341	收取	41
sq	83	18	20918	死去	41
sq	83	18	21207	孙权	41
sq	83	18	19310	升起	42
sq	83	18	19312	生前	42
sq	83	18	19933	石桥	42
sq	83	18	18585	三千	43
sq	83	18	19082	沙丘	43
sq	83	18	19465	神奇	43
sq	83	18	19466	神气	43
sq	83	18	19927	士气	43
sq	83	18	19928	十七	43
sq	83	18	19929	石器	43
sq	83	18	18977	山前	44
sq	83	18	19471	深情	44
sq	83	18	19474	身躯	44
sq	83	18	20340	手枪	44
sq	83	18	20738	数千	44
sq	83	18	21273	苏区	44
sq	83	18	18865	尚且	45
sq	83	18	19311	升旗	45
sq	83	18	19468	深切	45
sq	83	18	19935	实情	45
sq	83	18	20736	竖起	45
sq	83	18	20741	抒情	45
sq	83	18	20919	四圈	45
sq	83	18	21272	肃清	45
sq	83	18	18478	赛前	46
sq	83	18	18685	色情	46
sq	83	18	18978	山墙	46
sq	83	18	19930	事前	46
sq	83	18	19943	实权	46
sq	83	18	20461	双桥	46
sq	83	18	20917	死囚	46
sq	83	18	18867	商丘	47
sq	83	18	18979	山丘	47
sq	83	18	19080	杀气	47
sq	83	18	19313	升迁	47
sq	83	18	19581	舍弃	47
sq	83	18	19583	摄取	47
sq	83	18	19931	史前	47
sq	83	18	20339	收起	47
sq	83	18	20462	双亲	47
sq	83	18	21239	索取	47
sq	83	18	18479	赛区	48
sq	83	18	18583	三期	48
sq	83	18	19316	生擒	48
sq	83	18	19467	深浅	48
sq	83	18	20914	四起	48
sq	83	18	20915	死期	48
sq	83	18	19317	盛情	49
sq	83	18	19932	石墙	49
sq	83	18	20463	双拳	49
sq	83	18	20590	水气	49
sq	83	18	20591	水汽	49
sq	83	18	20737	暑期	49
sq	83	18	20743	输球	49
sq	83	18	20916	私情	49
sq	83	18	18584	三七	50
sq	83	18	18660	扫清	50
sq	83	18	18866	伤情	50
sq	83	18	19314	声腔	50
sq	83	18	19319	省去	50
sq	83	18	19473	深秋	50
sq	83	18	19941	逝去	50
sq	83	18	19942	驶去	50
sq	83	18	19944	失却	50
sq	83	18	21238	所求	50
sq	83	18	21271	苏秦	50
sqbb	1	0	19315	生气勃勃	50
sqgq	1	0	20464	双曲拱桥	48
sqhl	1	0	20920	死去活来	49
sql	2	3	18586	三千粒	47
sql	2	3	21038	宋庆龄	47
sqn	2	3	19936	十七年	42
sqn	2	3	20739	数千年	46
sqr	2	3	19472	申请人	49
sqr	2	3	19937	十七日	50
sqrg	1	0	18530	丧权辱国	48
sqs	3	4	21039	宋青书	47
sqs	3	4	19938	十七岁	49
sqs	3	4	20742	抒情诗	49
sqtt	1	0	19081	杀气腾腾	48
sqz	1	0	20740	数千只	49
sr	62	17	21139	虽然	28
sr	62	17	20347	收入	32
sr	62	17	19476	深入	35
sr	62	17	18869	商人	37
sr	62	17	19947	诗人	37
sr	62	17	20921	私人	38
sr	62	17	19083	杀人	39
sr	62	17	20749	输入	39
sr	62	17	19948	世人	40
sr	62	17	19958	湿润	40
sr	62	17	18679	僧人	41
sr	62	17	19324	生日	41
sr	62	17	18588	三日	42
sr	62	17	20747	数日	42
sr	62	17	18981	善人	43
sr	62	17	18661	骚扰	44
sr	62	17	18870	上任	44
sr	62	17	18871	伤人	44
sr	62	17	19320	圣人	44
sr	62	17	19321	胜任	44
sr	62	17	19949	时任	44
sr	62	17	19955	市容	44
sr	62	17	20745	熟人	44
sr	62	17	19585	摄入	45
sr	62	17	19953	时日	45
sr	62	17	20343	受热	45
sr	62	17	21041	松软	45
sr	62	17	19322	升任	46
sr	62	17	19477	渗入	46
sr	62	17	19946	湿热	46
sr	62	17	19950	时人	46
sr	62	17	21040	送入	46
sr	62	17	19085	杀入	47
sr	62	17	19584	舍人	47
sr	62	17	19954	十日	47
sr	62	17	20435	衰弱	47
sr	62	17	21094	酸软	47
sr	62	17	19323	生人	48
sr	62	17	19951	士人	48
sr	62	17	20344	首任	48
sr	62	17	20345	收容	48
sr	62	17	20465	双人	48
sr	62	17	20748	殊荣	48
sr	62	17	21276	素日	48
sr	62	17	18587	散热	49
sr	62	17	19325	升入	49
sr	62	17	19945	使然	49
sr	62	17	19956	食肉	49
sr	62	17	19959	示弱	49
sr	62	17	20348	受辱	49
sr	62	17	20350	瘦弱	49
sr	62	17	20746	庶人	49
sr	62	17	20923	四日	49
sr	62	17	21274	肃然	49
sr	62	17	18480	塞入	50
sr	62	17	18682	森然	50
sr	62	17	19475	神人	50
sr	62	17	19586	射入	50
sr	62	17	19952	石人	50
sr	62	17	19957	驶入	50
sr	62	17	20349	手软	50
sr	62	17	20744	倏然	50
srb	1	0	20922	四人帮	42
srfh	1	0	19084	杀人放火	50
srj	1	0	20346	瘦肉精	48
srl	1	0	19587	摄入量	50
srqj	1	0	21275	肃然起敬	50
srrx	1	0	19478	深入人心	49
sry	1	0	20592	水溶液	48
ss	244	22	20002	石首	28
ss	244	22	19481	身上	32
ss	244	22	19978	实施	32
ss	244	22	18880	上述	35
ss	244	22	18881	尚书	35
ss	244	22	19063	少数	35
ss	244	22	19495	伸手	35
ss	244	22	19590	设施	35
ss	244	22	19979	事实	35
ss	244	22	20466	双手	35
ss	244	22	18876	上升	36
ss	244	22	20359	手术	36
ss	244	22	21095	算是	36
ss	244	22	21211	损失	36
ss	244	22	21244	所说	36
ss	244	22	18877	上市	37
ss	244	22	19479	神色	38
ss	244	22	19484	深深	38
ss	244	22	20352	受伤	38
ss	244	22	20354	收拾	38
ss	244	22	21077	搜索	38
ss	244	22	21141	随时	38
ss	244	22	21242	所属	38
ss	244	22	18532	丧失	39
ss	244	22	18983	山上	39
ss	244	22	19098	杀死	39
ss	244	22	19496	深受	39
ss	244	22	19960	十三	39
ss	244	22	19970	世上	39
ss	244	22	20017	十四	39
ss	244	22	20353	手上	39
ss	244	22	21281	诉讼	39
ss	244	22	18990	山水	40
ss	244	22	19337	生死	40
ss	244	22	19980	逝世	40
ss	244	22	20594	水深	40
ss	244	22	20599	税收	40
ss	244	22	20729	硕士	40
ss	244	22	21208	损伤	40
ss	244	22	18883	上司	41
ss	244	22	19091	沙市	41
ss	244	22	19487	神圣	41
ss	244	22	19971	时尚	41
ss	244	22	20751	树上	41
ss	244	22	20767	叔叔	41
ss	244	22	21144	随手	41
ss	244	22	21146	虽说	41
ss	244	22	18592	三十	42
ss	244	22	18688	色素	42
ss	244	22	18872	上山	42
ss	244	22	18882	上书	42
ss	244	22	18992	闪烁	42
ss	244	22	19088	杀伤	42
ss	244	22	19329	声势	42
ss	244	22	19505	申诉	42
ss	244	22	20355	手势	42
ss	244	22	20362	收缩	42
ss	244	22	20593	水上	42
ss	244	22	20695	顺手	42
ss	244	22	20945	思索	42
ss	244	22	21277	宿舍	42
ss	244	22	18482	赛事	43
ss	244	22	18878	伤势	43
ss	244	22	18986	山石	43
ss	244	22	19060	稍稍	43
ss	244	22	19086	沙僧	43
ss	244	22	19097	杀手	43
ss	244	22	19336	圣水	43
ss	244	22	19341	绳索	43
ss	244	22	19480	深山	43
ss	244	22	19497	身受	43
ss	244	22	19976	师生	43
ss	244	22	19981	试试	43
ss	244	22	19982	时时	43
ss	244	22	19983	实事	43
ss	244	22	19984	石狮	43
ss	244	22	20003	尸首	43
ss	244	22	20016	时说	43
ss	244	22	20024	世俗	43
ss	244	22	20356	首饰	43
ss	244	22	20595	水生	43
ss	244	22	20754	书生	43
ss	244	22	20756	舒适	43
ss	244	22	20757	数十	43
ss	244	22	20771	输送	43
ss	244	22	20926	死伤	43
ss	244	22	21043	嵩山	43
ss	244	22	21096	算术	43
ss	244	22	18982	闪闪	44
ss	244	22	19092	霎时	44
ss	244	22	19330	省市	44
ss	244	22	19498	身手	44
ss	244	22	19974	尸身	44
ss	244	22	19985	史诗	44
ss	244	22	19986	适时	44
ss	244	22	20009	史书	44
ss	244	22	20600	水手	44
ss	244	22	20770	殊死	44
ss	244	22	20925	厮杀	44
ss	244	22	20929	四十	44
ss	244	22	21048	松树	44
ss	244	22	21140	随身	44
ss	244	22	18590	散射	45
ss	244	22	18593	三世	45
ss	244	22	18879	赏识	45
ss	244	22	19489	身世	45
ss	244	22	19509	伸缩	45
ss	244	22	19987	世事	45
ss	244	22	19988	史实	45
ss	244	22	19989	实时	45
ss	244	22	20004	石兽	45
ss	244	22	20010	时数	45
ss	244	22	20018	誓死	45
ss	244	22	20025	时速	45
ss	244	22	20467	双双	45
ss	244	22	20930	死尸	45
ss	244	22	21280	诉说	45
ss	244	22	18533	丧事	46
ss	244	22	18591	三声	46
ss	244	22	18605	散水	46
ss	244	22	18875	上身	46
ss	244	22	18984	闪身	46
ss	244	22	18987	山势	46
ss	244	22	19490	审视	46
ss	244	22	19491	绅士	46
ss	244	22	19500	深水	46
ss	244	22	19591	摄氏	46
ss	244	22	19594	射手	46
ss	244	22	19972	试射	46
ss	244	22	19977	失声	46
ss	244	22	19990	事事	46
ss	244	22	19991	师师	46
ss	244	22	20005	失守	46
ss	244	22	20006	失手	46
ss	244	22	20361	受损	46
ss	244	22	20478	刷刷	46
ss	244	22	20693	顺势	46
ss	244	22	20758	属实	46
ss	244	22	20772	疏松	46
ss	244	22	20924	四散	46
ss	244	22	21042	松散	46
ss	244	22	18531	丧生	47
ss	244	22	18612	三岁	47
ss	244	22	18662	嫂嫂	47
ss	244	22	18988	膳食	47
ss	244	22	19058	烧杀	47
ss	244	22	19327	圣上	47
ss	244	22	19331	盛世	47
ss	244	22	19502	沈思	47
ss	244	22	19503	深思	47
ss	244	22	19507	深邃	47
ss	244	22	19992	石室	47
ss	244	22	20027	十岁	47
ss	244	22	20360	手书	47
ss	244	22	20596	水声	47
ss	244	22	20597	水师	47
ss	244	22	20750	疏散	47
ss	244	22	20752	书上	47
ss	244	22	20769	述说	47
ss	244	22	20931	私事	47
ss	244	22	20940	死守	47
ss	244	22	21044	松山	47
ss	244	22	21047	松手	47
ss	244	22	21240	唆使	47
ss	244	22	21278	苏轼	47
ss	244	22	18670	撒手	48
ss	244	22	18884	上诉	48
ss	244	22	19059	烧伤	48
ss	244	22	19066	烧死	48
ss	244	22	19501	渗水	48
ss	244	22	19596	射速	48
ss	244	22	19968	失色	48
ss	244	22	19973	施舍	48
ss	244	22	19975	士绅	48
ss	244	22	19993	史事	48
ss	244	22	19994	时事	48
ss	244	22	20011	实数	48
ss	244	22	20012	实属	48
ss	244	22	20694	瞬时	48
ss	244	22	20927	死神	48
ss	244	22	20932	四世	48
ss	244	22	20942	私塾	48
ss	244	22	20943	死死	48
ss	244	22	21097	算数	48
ss	244	22	21142	碎石	48
ss	244	22	21243	缩水	48
ss	244	22	21282	簌簌	48
ss	244	22	18589	三山	49
ss	244	22	18663	扫射	49
ss	244	22	18687	瑟瑟	49
ss	244	22	18885	上溯	49
ss	244	22	19061	少时	49
ss	244	22	19087	沙沙	49
ss	244	22	19326	圣僧	49
ss	244	22	19334	生疏	49
ss	244	22	19339	声速	49
ss	244	22	19485	审慎	49
ss	244	22	19589	舍身	49
ss	244	22	19595	涉水	49
ss	244	22	19961	失散	49
ss	244	22	19995	失事	49
ss	244	22	20013	诗书	49
ss	244	22	20026	食宿	49
ss	244	22	20358	收受	49
ss	244	22	20598	水势	49
ss	244	22	20601	睡熟	49
ss	244	22	20753	树梢	49
ss	244	22	20755	数声	49
ss	244	22	20759	熟识	49
ss	244	22	21049	松鼠	49
ss	244	22	21145	岁数	49
ss	244	22	21241	缩手	49
ss	244	22	21246	琐碎	49
ss	244	22	21279	素数	49
ss	244	22	18594	散失	50
ss	244	22	18606	三四	50
ss	244	22	18607	三思	50
ss	244	22	18611	三艘	50
ss	244	22	18664	缫丝	50
ss	244	22	18686	色散	50
ss	244	22	18985	山神	50
ss	244	22	18989	闪失	50
ss	244	22	19328	声声	50
ss	244	22	19332	省事	50
ss	244	22	19335	盛衰	50
ss	244	22	19340	胜算	50
ss	244	22	19486	婶婶	50
ss	244	22	19499	申述	50
ss	244	22	19506	神速	50
ss	244	22	19588	射杀	50
ss	244	22	19592	摄食	50
ss	244	22	19969	石山	50
ss	244	22	20014	市属	50
ss	244	22	20015	失水	50
ss	244	22	20351	寿山	50
ss	244	22	20357	收市	50
ss	244	22	20436	甩手	50
ss	244	22	20477	栓塞	50
ss	244	22	20768	熟睡	50
ss	244	22	20933	四时	50
ss	244	22	20941	厮守	50
ss	244	22	21046	宋史	50
ss	244	22	21098	算算	50
ss	244	22	21245	羧酸	50
ssa	1	0	21209	孙少安	45
ssb	1	0	20934	四十八	50
ssbb	1	0	21147	随随便便	49
ssbj	1	0	20935	四十八斤	49
ssby	1	0	19093	莎士比亚	46
ssc	2	3	20468	双水村	47
ssc	2	3	20773	输送车	48
sscw	1	0	19338	生死存亡	46
ssd	5	6	19593	摄氏度	46
ssd	5	6	20019	十四大	47
ssd	5	6	19962	十三大	48
ssd	5	6	19963	十三点	49
ssd	5	6	20944	死死地	50
ssdd	1	0	19996	世世代代	48
ssdn	1	0	18595	三十多年	45
ssds	1	0	19492	审时度势	47
sse	1	0	18481	塞舌尔	50
ssen	1	0	18596	三十二年	50
ssez	1	0	20936	四十二章	50
ssg	3	4	19964	十三个	45
ssg	3	4	20760	数十个	45
ssg	3	4	18608	三四个	48
ssh	4	6	20730	说实话	43
ssh	4	6	21212	孙四海	43
ssh	4	6	18991	山水画	48
ssh	4	6	20732	说说话	50
sshd	1	0	19333	声势浩大	45
ssj	4	6	19094	霎时间	46
ssj	4	6	19965	十三届	48
ssj	4	6	18671	撒手锏	49
ssj	4	6	20020	十四届	49
ssjg	1	0	19064	少数几个	48
sskk	1	0	19997	时时刻刻	49
ssl	5	6	18598	三十六	46
ssl	5	6	18994	山粟林	47
ssl	5	6	18597	三十里	48
ssl	5	6	19089	杀伤力	48
ssl	5	6	19508	申宿令	49
ssls	1	0	18599	三十六扇	49
ssm	2	3	21051	宋思明	43
ssm	2	3	20761	数十名	48
ssmz	1	0	19065	少数民族	36
ssn	5	6	18600	三十年	42
ssn	5	6	19966	十三年	43
ssn	5	6	20762	数十年	43
ssn	5	6	20021	十四年	44
ssn	5	6	20937	四十年	46
ssp	1	0	21210	孙少平	44
ssq	3	4	19095	沙市区	44
ssq	3	4	21050	松水桥	47
ssq	3	4	18609	三四千	49
ssqs	1	0	19998	实事求是	41
sss	9	9	20007	石首市	34
sss	9	9	19999	事实上	37
sss	9	9	19096	沙市市	47
sss	9	9	20023	十四所	47
sss	9	9	18602	三十岁	48
sss	9	9	20938	四十岁	49
sss	9	9	19967	十三岁	50
sss	9	9	20022	十四岁	50
sss	9	9	20731	硕士生	50
sssd	1	0	21143	随时随地	50
sssl	1	0	19504	深思熟虑	49
sssn	1	0	18601	三十三年	49
sst	1	0	19488	伸舌头	49
ssw	3	4	20763	数十万	46
ssw	3	4	18610	三四万	49
ssw	3	4	18603	三十万	50
sswc	1	0	20766	束手无策	47
sswl	1	0	20939	四十五里	47
ssww	1	0	20764	数十万万	49
ssx	4	6	19482	肾上腺	46
ssx	4	6	19090	杀伤性	48
ssx	4	6	19062	邵时信	49
ssx	4	6	19493	申时行	49
ssxs	1	0	19483	肾上腺素	49
ssxx	2	3	18873	上上下下	47
ssxx	2	3	18874	上山下乡	50
ssy	1	0	20008	石寿永	47
ssyn	1	0	18604	三十一年	49
ssyq	1	0	21078	搜索引擎	48
ssz	6	7	18993	山寺镇	47
ssz	6	7	19494	沈士柱	48
ssz	6	7	20001	石狮子	48
ssz	6	7	20765	数十丈	49
ssz	6	7	20928	私生子	49
ssz	6	7	21045	宋神宗	50
sszz	1	0	20000	实实在在	44
st	79	17	19512	身体	33
st	79	17	19342	生态	35
st	79	17	20032	尸体	38
st	79	17	20040	石头	39
st	79	17	18613	三天	40
st	79	17	20043	试图	40
st	79	17	19099	沙滩	41
st	79	17	20041	势头	41
st	79	17	18886	上台	42
st	79	17	18996	山头	42
st	79	17	19510	神态	42
st	79	17	19516	渗透	42
st	79	17	19598	舌头	42
st	79	17	20033	实体	42
st	79	17	20031	食堂	43
st	79	17	20034	试题	43
st	79	17	20038	失调	43
st	79	17	20044	师徒	43
st	79	17	20046	师团	43
st	79	17	20607	水土	43
st	79	17	18614	三条	44
st	79	17	18995	山体	44
st	79	17	19104	砂土	44
st	79	17	20028	事态	44
st	79	17	20030	试探	44
st	79	17	20036	十天	44
st	79	17	20437	衰退	44
st	79	17	20469	双腿	44
st	79	17	21148	隋唐	44
st	79	17	18615	三通	45
st	79	17	19514	神通	45
st	79	17	19599	社团	45
st	79	17	18889	上天	46
st	79	17	20045	仕途	46
st	79	17	20365	受体	46
st	79	17	20604	水体	46
st	79	17	21149	随同	46
st	79	17	18888	商讨	47
st	79	17	18890	伤痛	47
st	79	17	18997	汕头	47
st	79	17	19100	沙特	47
st	79	17	19103	杀头	47
st	79	17	19105	沙土	47
st	79	17	19346	升腾	47
st	79	17	20364	手套	47
st	79	17	20366	手提	47
st	79	17	20368	手头	47
st	79	17	20775	疏通	47
st	79	17	20949	四条	47
st	79	17	20951	司徒	47
st	79	17	18887	商谈	48
st	79	17	18891	上头	48
st	79	17	19347	生铁	48
st	79	17	20047	使团	48
st	79	17	20605	水田	48
st	79	17	20606	水桶	48
st	79	17	20776	梳头	48
st	79	17	20948	四天	48
st	79	17	21053	宋体	48
st	79	17	21099	酸痛	48
st	79	17	18672	洒脱	49
st	79	17	19348	圣土	49
st	79	17	19511	神坛	49
st	79	17	20029	失态	49
st	79	17	20035	诗体	49
st	79	17	20039	视听	49
st	79	17	20042	湿透	49
st	79	17	20363	收摊	49
st	79	17	18616	三头	50
st	79	17	18665	搔头	50
st	79	17	19344	盛唐	50
st	79	17	19345	声讨	50
st	79	17	19597	舌苔	50
st	79	17	20367	收听	50
st	79	17	20602	水潭	50
st	79	17	20603	水塘	50
st	79	17	20696	舜天	50
st	79	17	20774	舒坦	50
st	79	17	20946	斯特	50
stbd	1	0	20950	四通八达	43
stg	1	0	19101	沙天广	50
stgd	1	0	19515	神通广大	48
sth	1	0	21284	粟田湖	47
stjt	1	0	20952	斯图加特	48
stl	1	0	20947	斯特拉	48
stlx	1	0	19513	身体力行	50
stt	1	0	19102	沙通天	50
stw	1	0	21283	宿太尉	49
stx	2	3	20037	史天雄	45
stx	2	3	19343	生态学	46
sty	2	3	18714	晒太阳	45
sty	2	3	19517	渗透压	49
stz	1	0	21052	宋太宗	50
sw	77	17	19356	生物	33
sw	77	17	21247	所谓	33
sw	77	17	20060	事务	34
sw	77	17	18900	尚未	36
sw	77	17	20061	事物	36
sw	77	17	20062	食物	36
sw	77	17	20954	死亡	36
sw	77	17	18902	上午	37
sw	77	17	20063	十五	37
sw	77	17	20052	示威	38
sw	77	17	20733	说完	38
sw	77	17	20956	思维	38
sw	77	17	19354	省委	39
sw	77	17	20053	市委	39
sw	77	17	20054	侍卫	39
sw	77	17	20055	视为	39
sw	77	17	18903	尚无	40
sw	77	17	20050	失望	40
sw	77	17	20064	失误	40
sw	77	17	20369	手腕	40
sw	77	17	18620	三位	41
sw	77	17	18896	伤亡	41
sw	77	17	18904	商务	41
sw	77	17	20057	诗文	41
sw	77	17	20370	首位	41
sw	77	17	18623	散文	42
sw	77	17	18897	上网	42
sw	77	17	19520	身为	42
sw	77	17	20065	实物	42
sw	77	17	20609	水位	42
sw	77	17	19067	稍微	43
sw	77	17	19352	省外	43
sw	77	17	19521	甚为	43
sw	77	17	20049	十万	43
sw	77	17	20371	守卫	43
sw	77	17	20610	水文	43
sw	77	17	20777	数万	43
sw	77	17	20957	四位	43
sw	77	17	19518	神往	44
sw	77	17	20611	水温	44
sw	77	17	20612	税务	44
sw	77	17	20958	四维	44
sw	77	17	21054	送往	44
sw	77	17	19519	身亡	45
sw	77	17	19522	神位	45
sw	77	17	20056	实为	45
sw	77	17	18617	三万	46
sw	77	17	18619	三王	46
sw	77	17	19106	沙湾	46
sw	77	17	19353	声望	46
sw	77	17	19600	涉外	46
sw	77	17	20438	衰亡	46
sw	77	17	21248	所为	46
sw	77	17	18621	三维	47
sw	77	17	18895	上万	47
sw	77	17	19355	升温	47
sw	77	17	19524	审问	47
sw	77	17	20048	室外	47
sw	77	17	20066	实务	47
sw	77	17	20959	斯文	47
sw	77	17	20960	四五	47
sw	77	17	18483	塞外	48
sw	77	17	18905	晌午	48
sw	77	17	19523	神威	48
sw	77	17	19601	奢望	48
sw	77	17	20058	试问	48
sw	77	17	20067	石屋	48
sw	77	17	18901	上尉	49
sw	77	17	20068	饰物	49
sw	77	17	20372	首尾	49
sw	77	17	20373	收尾	49
sw	77	17	21150	岁尾	49
sw	77	17	20059	室温	50
sw	77	17	20439	衰微	50
sw	77	17	20608	水网	50
sw	77	17	20953	四万	50
sw	77	17	21100	酸味	50
swa	1	0	21285	苏维埃	40
swb	1	0	18906	商务部	47
swcq	1	0	18624	三五成群	48
swct	1	0	20374	手无寸铁	48
swd	4	6	20069	十五大	43
swd	4	6	20070	十五道	46
swd	4	6	18618	三万多	48
swd	4	6	21151	隋文帝	50
swf	1	0	21055	宋文富	48
swg	1	0	20961	四五个	49
swj	2	3	19357	生物碱	49
swj	2	3	19358	生物界	49
swjd	1	0	20962	肆无忌惮	45
swk	1	0	21213	孙悟空	47
swl	1	0	20955	死亡率	44
swm	1	0	20051	视网膜	48
swn	1	0	20071	十五年	39
swq	1	0	19359	生物圈	47
swr	2	3	20072	十五日	47
swr	2	3	20613	水污染	49
sws	2	3	20074	事务所	43
sws	2	3	20073	十五岁	48
swt	2	3	19360	生物体	44
swt	2	3	18898	上万头	49
swtj	1	0	19525	深恶痛绝	50
swx	1	0	19361	生物学	43
swxj	1	0	19362	生物学家	45
swy	1	0	18899	上万元	46
swyt	1	0	18622	三位一体	49
swzd	2	3	20075	食物中毒	49
swzd	2	3	20375	手舞足蹈	50
sx	143	20	20080	实现	30
sx	143	20	20094	实行	30
sx	143	20	20968	思想	30
sx	143	20	20379	首先	32
sx	143	20	20785	数学	34
sx	143	20	18625	三峡	37
sx	143	20	18998	陕西	37
sx	143	20	18999	山西	37
sx	143	20	19365	剩下	37
sx	143	20	20086	事项	37
sx	143	20	20778	熟悉	37
sx	143	20	18907	上下	38
sx	143	20	19368	声响	38
sx	143	20	19369	生效	39
sx	143	20	20081	事先	39
sx	143	20	20095	施行	39
sx	143	20	20098	师兄	39
sx	143	20	20387	手续	39
sx	143	20	20614	水系	39
sx	143	20	18913	伤心	40
sx	143	20	19372	盛行	40
sx	143	20	19602	射线	40
sx	143	20	19604	设想	40
sx	143	20	20376	首席	40
sx	143	20	20377	手下	40
sx	143	20	20699	顺序	40
sx	143	20	20782	书写	40
sx	143	20	20977	死刑	40
sx	143	20	21249	缩小	40
sx	143	20	19527	神仙	41
sx	143	20	20076	实习	41
sx	143	20	20380	首相	41
sx	143	20	20440	率先	41
sx	143	20	20615	水下	41
sx	143	20	20963	四下	41
sx	143	20	20975	私信	41
sx	143	20	18916	上学	42
sx	143	20	19001	山下	42
sx	143	20	20102	史学	42
sx	143	20	20470	双喜	42
sx	143	20	20784	属性	42
sx	143	20	21251	索性	42
sx	143	20	18908	上线	43
sx	143	20	19070	绍兴	43
sx	143	20	19533	身心	43
sx	143	20	19536	身形	43
sx	143	20	20077	世袭	43
sx	143	20	20781	属下	43
sx	143	20	20969	四项	43
sx	143	20	21252	所学	43
sx	143	20	18629	三项	44
sx	143	20	19363	生息	44
sx	143	20	19373	生性	44
sx	143	20	19539	神学	44
sx	143	20	19541	审讯	44
sx	143	20	20082	视线	44
sx	143	20	20096	食性	44
sx	143	20	20617	水乡	44
sx	143	20	20964	私下	44
sx	143	20	21101	酸性	44
sx	143	20	18631	三星	45
sx	143	20	18715	筛选	45
sx	143	20	19364	声息	45
sx	143	20	19375	声学	45
sx	143	20	19529	神像	45
sx	143	20	20097	试行	45
sx	143	20	20103	失学	45
sx	143	20	20388	首选	45
sx	143	20	20472	双向	45
sx	143	20	20783	书信	45
sx	143	20	20965	撕下	45
sx	143	20	18626	三下	46
sx	143	20	18918	上旬	46
sx	143	20	19003	扇形	46
sx	143	20	19603	涉嫌	46
sx	143	20	20083	失陷	46
sx	143	20	20084	市县	46
sx	143	20	20619	水性	46
sx	143	20	20979	思绪	46
sx	143	20	21079	搜寻	46
sx	143	20	21154	随行	46
sx	143	20	21286	塑像	46
sx	143	20	21287	塑性	46
sx	143	20	18628	三鲜	47
sx	143	20	18909	上限	47
sx	143	20	18910	上校	47
sx	143	20	19004	善行	47
sx	143	20	19068	烧香	47
sx	143	20	19528	深陷	47
sx	143	20	19534	深信	47
sx	143	20	20090	实效	47
sx	143	20	20091	失效	47
sx	143	20	20378	收下	47
sx	143	20	20384	手心	47
sx	143	20	20385	受刑	47
sx	143	20	20473	双星	47
sx	143	20	20786	输血	47
sx	143	20	20976	私心	47
sx	143	20	21060	送行	47
sx	143	20	21152	碎屑	47
sx	143	20	21155	遂行	47
sx	143	20	21250	缩写	47
sx	143	20	18914	赏心	48
sx	143	20	19000	山系	48
sx	143	20	19002	闪现	48
sx	143	20	19071	少许	48
sx	143	20	19367	圣贤	48
sx	143	20	19376	升学	48
sx	143	20	19526	身下	48
sx	143	20	19530	伸向	48
sx	143	20	20079	时下	48
sx	143	20	20087	石像	48
sx	143	20	20389	瘦削	48
sx	143	20	20479	刷新	48
sx	143	20	20779	梳洗	48
sx	143	20	20787	腧穴	48
sx	143	20	20967	丝线	48
sx	143	20	21056	松下	48
sx	143	20	21058	松懈	48
sx	143	20	21059	送信	48
sx	143	20	21288	苏醒	48
sx	143	20	18666	扫兴	49
sx	143	20	19069	少校	49
sx	143	20	20101	失修	49
sx	143	20	20382	瘦小	49
sx	143	20	20616	水仙	49
sx	143	20	20620	水星	49
sx	143	20	18630	三相	50
sx	143	20	19107	傻笑	50
sx	143	20	19366	盛夏	50
sx	143	20	19378	圣训	50
sx	143	20	19605	麝香	50
sx	143	20	19606	摄像	50
sx	143	20	20078	世系	50
sx	143	20	20085	时限	50
sx	143	20	20088	试想	50
sx	143	20	20093	失信	50
sx	143	20	20104	失血	50
sx	143	20	20381	受降	50
sx	143	20	20471	双线	50
sx	143	20	20698	瞬息	50
sx	143	20	20780	熟习	50
sx	143	20	21102	算学	50
sxbt	1	0	20618	水泄不通	50
sxby	1	0	19535	深信不疑	50
sxc	1	0	21057	宋献策	40
sxd	1	0	20099	师兄弟	45
sxdb	1	0	18627	三峡大坝	46
sxf	1	0	20390	手续费	47
sxfx	1	0	20974	似笑非笑	50
sxg	2	3	19531	肾小管	49
sxg	2	3	20386	寿兴国	49
sxh	2	3	19374	盛宣怀	44
sxh	2	3	21289	苏星河	49
sxj	5	6	20788	数学家	41
sxj	5	6	20970	思想家	44
sxj	5	6	19607	摄像机	47
sxj	5	6	20105	史学家	47
sxj	5	6	19540	神学家	50
sxjf	1	0	20971	思想解放	49
sxjk	1	0	19537	身心健康	50
sxl	2	3	19377	升学率	45
sxl	2	3	20966	私下里	49
sxq	3	4	20092	市辖区	41
sxq	3	4	21214	孙晓群	47
sxq	3	4	19532	肾小球	50
sxr	1	0	20383	手下人	47
sxs	10	9	19005	陕西省	41
sxs	10	9	19370	省辖市	41
sxs	10	9	19006	山西省	44
sxs	10	9	20100	实习生	46
sxs	10	9	19538	沈辛荪	47
sxs	10	9	20089	石象生	47
sxs	10	9	18911	上下水	49
sxs	10	9	19371	生谢绍	49
sxs	10	9	20972	思想史	49
sxs	10	9	18915	上新世	50
sxsy	1	0	21156	随心所欲	47
sxtd	1	0	20978	死心塌地	49
sxw	1	0	18912	上下文	50
sxx	1	0	20973	思想性	50
sxy	2	3	18917	商学院	45
sxy	2	3	21153	碎屑岩	50
sxz	1	0	21215	孙行者	48
sy	175	21	20143	使用	28
sy	175	21	21254	所以	28
sy	175	21	21258	所有	30
sy	175	21	19382	声音	32
sy	175	21	20117	事业	32
sy	175	21	18922	商业	34
sy	175	21	20106	实验	34
sy	175	21	20133	适应	34
sy	175	21	20794	属于	34
sy	175	21	19385	生于	35
sy	175	21	19548	审议	35
sy	175	21	20107	试验	35
sy	175	21	20155	石油	35
sy	175	21	20108	十堰	36
sy	175	21	20405	授予	36
sy	175	21	19612	设有	37
sy	175	21	20144	适用	37
sy	175	21	20395	首页	37
sy	175	21	20125	适宜	38
sy	175	21	20474	双眼	38
sy	175	21	18927	商议	39
sy	175	21	18934	上游	39
sy	175	21	19016	善于	39
sy	175	21	19379	生涯	39
sy	175	21	19381	生意	39
sy	175	21	20145	食用	39
sy	175	21	20396	收益	39
sy	175	21	18636	三月	40
sy	175	21	18935	尚有	40
sy	175	21	19543	沈阳	40
sy	175	21	19609	摄影	40
sy	175	21	20118	失业	40
sy	175	21	20134	石英	40
sy	175	21	20146	实用	40
sy	175	21	20627	水运	40
sy	175	21	20990	四月	40
sy	175	21	21158	随意	40
sy	175	21	19386	生育	41
sy	175	21	19553	深远	41
sy	175	21	20126	十一	41
sy	175	21	20158	始于	41
sy	175	21	20159	适于	41
sy	175	21	20164	十月	41
sy	175	21	20393	首要	41
sy	175	21	20624	水域	41
sy	175	21	20981	饲养	41
sy	175	21	21160	岁月	41
sy	175	21	21257	所用	41
sy	175	21	19074	少爷	42
sy	175	21	19076	少于	42
sy	175	21	19551	呻吟	42
sy	175	21	19552	身影	42
sy	175	21	20119	实业	42
sy	175	21	20127	示意	42
sy	175	21	20128	事宜	42
sy	175	21	20476	双拥	42
sy	175	21	20985	私营	42
sy	175	21	21293	素有	42
sy	175	21	18634	三元	43
sy	175	21	18919	上演	43
sy	175	21	19387	剩余	43
sy	175	21	19388	声誉	43
sy	175	21	19389	生源	43
sy	175	21	19546	深夜	43
sy	175	21	20120	视野	43
sy	175	21	20625	水源	43
sy	175	21	20989	寺院	43
sy	175	21	20109	食盐	44
sy	175	21	20147	试用	44
sy	175	21	20160	食欲	44
sy	175	21	20397	手艺	44
sy	175	21	20398	受益	44
sy	175	21	20795	术语	44
sy	175	21	20796	书院	44
sy	175	21	20983	肆意	44
sy	175	21	20986	私有	44
sy	175	21	18537	嗓音	45
sy	175	21	18683	森严	45
sy	175	21	18920	上扬	45
sy	175	21	18928	上衣	45
sy	175	21	18938	伤员	45
sy	175	21	18939	上院	45
sy	175	21	19008	山羊	45
sy	175	21	19111	鲨鱼	45
sy	175	21	19555	神韵	45
sy	175	21	20161	十余	45
sy	175	21	20789	树叶	45
sy	175	21	20798	数月	45
sy	175	21	21290	素养	45
sy	175	21	18635	三院	46
sy	175	21	19014	山影	46
sy	175	21	19075	少有	46
sy	175	21	19109	砂岩	46
sy	175	21	19390	声援	46
sy	175	21	19554	深渊	46
sy	175	21	20110	誓言	46
sy	175	21	20113	式样	46
sy	175	21	20162	鲥鱼	46
sy	175	21	21061	颂扬	46
sy	175	21	18929	上映	47
sy	175	21	18931	商用	47
sy	175	21	19012	山野	47
sy	175	21	19112	沙鱼	47
sy	175	21	19392	声乐	47
sy	175	21	19549	神医	47
sy	175	21	19608	设宴	47
sy	175	21	19613	社员	47
sy	175	21	20121	师爷	47
sy	175	21	20129	诗意	47
sy	175	21	20404	受用	47
sy	175	21	20406	守御	47
sy	175	21	20701	顺应	47
sy	175	21	20791	书影	47
sy	175	21	20797	疏远	47
sy	175	21	20980	嘶哑	47
sy	175	21	20982	四爷	47
sy	175	21	18632	三亚	48
sy	175	21	18940	上月	48
sy	175	21	19007	山崖	48
sy	175	21	19010	闪耀	48
sy	175	21	19013	善意	48
sy	175	21	19017	擅于	48
sy	175	21	20111	饰演	48
sy	175	21	20122	是夜	48
sy	175	21	20156	实有	48
sy	175	21	20391	首演	48
sy	175	21	20392	收养	48
sy	175	21	20623	水银	48
sy	175	21	20790	输液	48
sy	175	21	20792	输赢	48
sy	175	21	21062	怂恿	48
sy	175	21	21064	宋元	48
sy	175	21	21255	索引	48
sy	175	21	21294	粟裕	48
sy	175	21	21295	俗语	48
sy	175	21	18667	瘙痒	49
sy	175	21	18932	上涌	49
sy	175	21	18936	上谕	49
sy	175	21	19011	山腰	49
sy	175	21	19015	善用	49
sy	175	21	19073	芍药	49
sy	175	21	19383	生硬	49
sy	175	21	19542	肾炎	49
sy	175	21	19610	射影	49
sy	175	21	20130	失意	49
sy	175	21	20148	施用	49
sy	175	21	20163	师院	49
sy	175	21	20399	兽医	49
sy	175	21	20400	授意	49
sy	175	21	20984	死因	49
sy	175	21	21159	绥远	49
sy	175	21	21253	索要	49
sy	175	21	18633	散佚	50
sy	175	21	18921	商鞅	50
sy	175	21	18937	伤愈	50
sy	175	21	19072	少阳	50
sy	175	21	19108	沙哑	50
sy	175	21	19380	盛宴	50
sy	175	21	19550	深意	50
sy	175	21	20112	失言	50
sy	175	21	20157	事由	50
sy	175	21	20394	手摇	50
sy	175	21	20402	手印	50
sy	175	21	20407	手谕	50
sy	175	21	20408	受孕	50
sy	175	21	20475	双赢	50
sy	175	21	20480	刷牙	50
sy	175	21	20622	睡意	50
sy	175	21	20700	顺眼	50
sy	175	21	21063	送与	50
sy	175	21	21103	酸雨	50
sy	175	21	21216	损益	50
sy	175	21	21256	缩影	50
sy	175	21	21291	素以	50
sy	175	21	21292	宿营	50
syb	1	0	20123	事业部	50
syc	1	0	18933	商用车	44
sycp	1	0	19391	剩余产品	46
syd	3	4	20626	水源地	46
syd	3	4	21157	隋炀帝	49
syd	3	4	20621	水烟袋	50
syfm	1	0	20991	死于非命	49
syg	1	0	20131	十一个	50
sygm	1	0	20165	十月革命	45
syh	3	4	21217	孙玉厚	48
syh	3	4	20987	私有化	49
syh	3	4	18923	商业化	50
syj	2	3	20132	十一届	44
syj	2	3	20403	收音机	47
syjq	1	0	19544	沈阳军区	50
syjz	1	0	19393	剩余价值	38
syl	6	7	20149	施用量	46
syl	6	7	20124	失业率	47
syl	6	7	20166	十余里	48
syl	6	7	20401	收益率	48
syl	6	7	20135	市盈率	50
syl	6	7	20150	使用量	50
syld	1	0	19394	剩余劳动	44
sym	1	0	20167	十余名	50
syn	2	3	20138	十一年	44
syn	2	3	20168	十余年	45
syp	1	0	19547	什叶派	49
syq	5	6	21259	所有权	43
syq	5	6	20151	试用期	46
syq	5	6	20152	使用权	47
syq	5	6	21065	宋远桥	47
syq	5	6	18924	商业区	49
syr	3	4	21260	所有人	42
syr	3	4	19009	山羊肉	47
syr	3	4	19384	生意人	50
sys	6	7	20115	十堰市	37
sys	6	7	20116	实验室	38
sys	6	7	20136	石英砂	46
sys	6	7	20114	使眼色	48
sys	6	7	19545	沈阳市	49
sys	6	7	19611	摄影师	50
syt	2	3	21218	孙玉亭	46
syt	2	3	20140	示意图	50
syw	4	6	20139	是因为	42
syw	4	6	20141	十一五	43
syw	4	6	20169	十余万	48
syw	4	6	21261	所有物	50
sywj	1	0	20793	数以万计	50
syx	6	7	20137	适应性	43
syx	6	7	19110	沙洋县	47
syx	6	7	18941	上御玺	49
syx	6	7	21219	孙玉玺	49
syx	6	7	18925	商业性	50
syx	6	7	20153	实用性	50
syy	3	4	20142	十一月	43
syy	3	4	18930	上议院	46
syy	3	4	19556	沈玉英	49
syyh	1	0	18926	商业银行	45
syz	6	7	21262	所有者	41
syz	6	7	21263	所有制	43
syz	6	7	20154	使用者	46
syz	6	7	20988	私有制	46
syz	6	7	20170	十余丈	47
syz	6	7	20171	十余招	50
sz	199	21	19565	甚至	30
sz	199	21	21162	随着	32
sz	199	21	19395	生长	33
sz	199	21	20172	实在	33
sz	199	21	20176	市长	33
sz	199	21	19577	身子	34
sz	199	21	20198	始终	34
sz	199	21	20415	手中	34
sz	199	21	19618	设置	35
sz	199	21	20811	数字	35
sz	199	21	21298	素质	35
sz	199	21	19396	省长	36
sz	199	21	19562	深圳	37
sz	199	21	21002	四周	37
sz	199	21	21264	所在	37
sz	199	21	18942	上涨	38
sz	199	21	20412	手指	38
sz	199	21	20634	水中	38
sz	199	21	20703	顺治	38
sz	199	21	21164	随州	38
sz	199	21	21266	所长	38
sz	199	21	19402	省直	39
sz	199	21	21299	苏州	39
sz	199	21	18637	三藏	40
sz	199	21	18645	三种	40
sz	199	21	19614	设在	40
sz	199	21	20189	实质	40
sz	199	21	20410	手掌	40
sz	199	21	20631	水质	40
sz	199	21	21163	随之	40
sz	199	21	21267	所知	40
sz	199	21	18669	嫂子	41
sz	199	21	20177	师长	41
sz	199	21	20178	使者	41
sz	199	21	20209	狮子	41
sz	199	21	20223	氏族	41
sz	199	21	20629	睡着	41
sz	199	21	20632	谁知	41
sz	199	21	20702	顺着	41
sz	199	21	20994	死者	41
sz	199	21	18538	嗓子	42
sz	199	21	19020	山寨	42
sz	199	21	19022	山珍	42
sz	199	21	19025	山中	42
sz	199	21	19403	生殖	42
sz	199	21	20174	施展	42
sz	199	21	20224	十足	42
sz	199	21	20411	首长	42
sz	199	21	20419	手足	42
sz	199	21	20803	树枝	42
sz	199	21	20809	树种	42
sz	199	21	20993	司长	42
sz	199	21	20995	四肢	42
sz	199	21	21223	孙子	42
sz	199	21	21268	所致	42
sz	199	21	21269	所指	42
sz	199	21	21296	塑造	42
sz	199	21	18946	上周	43
sz	199	21	19404	圣旨	43
sz	199	21	19411	绳子	43
sz	199	21	19559	伸展	43
sz	199	21	19561	身着	43
sz	199	21	19572	慎重	43
sz	199	21	19615	社长	43
sz	199	21	20175	实战	43
sz	199	21	20182	市政	43
sz	199	21	20413	收支	43
sz	199	21	20422	首座	43
sz	199	21	20637	水准	43
sz	199	21	20804	数值	43
sz	199	21	18641	三者	44
sz	199	21	18646	三中	44
sz	199	21	18650	三座	44
sz	199	21	19023	山镇	44
sz	199	21	19027	擅自	44
sz	199	21	19114	傻子	44
sz	199	21	19405	升值	44
sz	199	21	19409	生猪	44
sz	199	21	19566	深知	44
sz	199	21	20180	市镇	44
sz	199	21	20190	食指	44
sz	199	21	20199	适中	44
sz	199	21	20204	施主	44
sz	199	21	20210	石子	44
sz	199	21	20221	失踪	44
sz	199	21	20999	四中	44
sz	199	21	21006	四纵	44
sz	199	21	18640	三招	45
sz	199	21	18689	色泽	45
sz	199	21	19028	扇子	45
sz	199	21	19079	烧制	45
sz	199	21	19557	肾脏	45
sz	199	21	19574	神州	45
sz	199	21	20205	石柱	45
sz	199	21	20211	师资	45
sz	199	21	20639	水族	45
sz	199	21	20800	数丈	45
sz	199	21	20805	树脂	45
sz	199	21	21000	四种	45
sz	199	21	18642	三只	46
sz	199	21	18944	上阵	46
sz	199	21	18947	商周	46
sz	199	21	19026	山庄	46
sz	199	21	19115	沙子	46
sz	199	21	19397	胜仗	46
sz	199	21	19406	升至	46
sz	199	21	19567	神智	46
sz	199	21	19578	婶子	46
sz	199	21	19621	涉足	46
sz	199	21	19622	畲族	46
sz	199	21	20183	施政	46
sz	199	21	20225	士卒	46
sz	199	21	20635	水肿	46
sz	199	21	20802	数招	46
sz	199	21	20806	熟知	46
sz	199	21	20810	书桌	46
sz	199	21	20813	数组	46
sz	199	21	21005	私自	46
sz	199	21	21067	松滋	46
sz	199	21	21069	送走	46
sz	199	21	18638	三丈	47
sz	199	21	18648	三子	47
sz	199	21	18668	扫帚	47
sz	199	21	19113	沙洲	47
sz	199	21	19407	升职	47
sz	199	21	19558	深造	47
sz	199	21	19573	深重	47
sz	199	21	19616	摄政	47
sz	199	21	20173	实则	47
sz	199	21	20206	时装	47
sz	199	21	20212	识字	47
sz	199	21	20226	士族	47
sz	199	21	20227	始祖	47
sz	199	21	20229	诗作	47
sz	199	21	20416	受众	47
sz	199	21	20418	瘦子	47
sz	199	21	20420	受阻	47
sz	199	21	20799	舒展	47
sz	199	21	20814	恕罪	47
sz	199	21	21105	算作	47
sz	199	21	18643	三支	48
sz	199	21	18644	三枝	48
sz	199	21	18943	伤者	48
sz	199	21	18948	商州	48
sz	199	21	19021	善战	48
sz	199	21	19568	神志	48
sz	199	21	19619	摄制	48
sz	199	21	19620	射中	48
sz	199	21	20184	时政	48
sz	199	21	20185	实证	48
sz	199	21	20191	试制	48
sz	199	21	20192	市值	48
sz	199	21	20200	时钟	48
sz	199	21	20213	十字	48
sz	199	21	20222	世宗	48
sz	199	21	20230	视作	48
sz	199	21	20409	受灾	48
sz	199	21	20628	水灾	48
sz	199	21	20992	死战	48
sz	199	21	20996	四只	48
sz	199	21	21007	死罪	48
sz	199	21	21301	宿主	48
sz	199	21	18680	僧众	49
sz	199	21	19018	善哉	49
sz	199	21	19077	烧造	49
sz	199	21	19078	烧着	49
sz	199	21	19398	声张	49
sz	199	21	19412	生子	49
sz	199	21	19560	深湛	49
sz	199	21	19575	神舟	49
sz	199	21	19579	神宗	49
sz	199	21	20193	失职	49
sz	199	21	20194	时值	49
sz	199	21	20201	示众	49
sz	199	21	20214	柿子	49
sz	199	21	20215	世子	49
sz	199	21	20216	虱子	49
sz	199	21	20417	手肘	49
sz	199	21	20421	受罪	49
sz	199	21	20636	水珠	49
sz	199	21	20801	舒张	49
sz	199	21	21104	算账	49
sz	199	21	18484	赛制	50
sz	199	21	18639	三张	50
sz	199	21	18945	上证	50
sz	199	21	19019	山楂	50
sz	199	21	19410	盛装	50
sz	199	21	19569	神祗	50
sz	199	21	19570	伸直	50
sz	199	21	20179	侍者	50
sz	199	21	20181	时针	50
sz	199	21	20228	失足	50
sz	199	21	20633	税制	50
sz	199	21	20807	叔侄	50
sz	199	21	20808	述职	50
sz	199	21	20815	赎罪	50
sz	199	21	20997	丝织	50
sz	199	21	21003	丝竹	50
sz	199	21	21004	丝状	50
szag	1	0	18649	三自爱国	47
szbf	1	0	21224	孙子兵法	48
szbj	1	0	20195	十之八九	49
szd	3	4	21265	所在地	37
szd	3	4	19563	深圳队	48
szd	3	4	20734	说真的	50
szf	2	3	20186	市政府	40
szf	2	3	19401	省政府	43
szh	1	0	20812	数字化	45
szhw	1	0	19024	山珍海味	43
szj	3	4	20218	十字军	47
szj	3	4	20217	十字架	49
szj	3	4	21220	孙仲君	49
szjr	1	0	20196	时至今日	47
szjs	1	0	19399	生长激素	50
szl	1	0	19400	生长量	47
szlk	1	0	20219	十字路口	48
szm	1	0	18651	三座门	43
szp	2	3	20998	丝织品	49
szp	2	3	21161	随葬品	49
szq	2	3	19408	生殖器	49
szq	2	3	20630	水蒸气	49
szqh	2	3	18647	三中全会	43
szqh	2	3	21001	四中全会	47
szr	1	0	20208	室主任	50
szs	8	8	21221	孙中山	38
szs	8	8	21165	随州市	40
szs	8	8	19564	深圳市	44
szs	8	8	20220	狮子山	44
szs	8	8	21066	宋照肃	47
szs	8	8	21068	松滋市	47
szs	8	8	21222	孙仲寿	50
szs	8	8	21300	苏州市	50
szsw	1	0	21270	所作所为	46
szt	2	3	20414	手指头	46
szt	2	3	20187	市政厅	49
szw	1	0	19617	摄政王	44
szwc	1	0	20423	手足无措	47
szx	4	6	20202	市中心	42
szx	4	6	20197	实质性	46
szx	4	6	19029	山自西	47
szx	4	6	19576	神州行	50
szy	3	4	20638	水资源	45
szy	3	4	19571	甚至于	48
szy	3	4	20203	石中玉	49
szz	3	4	19580	神祖主	49
szz	3	4	20207	石庄主	50
szz	3	4	21297	苏兆征	50
szzy	1	0	20188	实证主义	50
ta	5	6	22268	图案	37
ta	5	6	21632	提案	44
ta	5	6	21633	天安	46
ta	5	6	21598	疼爱	48
ta	5	6	21304	泰安	50
tam	1	0	21634	天安门	27
tb	47	15	21580	特别	29
tb	47	15	22034	同比	38
tb	47	15	21635	填报	40
tb	47	15	22032	同胞	40
tb	47	15	22035	同步	41
tb	47	15	22196	头部	41
tb	47	15	21840	提拔	42
tb	47	15	22033	通报	42
tb	47	15	21307	台北	43
tb	47	15	21640	填补	43
tb	47	15	22030	同伴	43
tb	47	15	22291	吐蕃	43
tb	47	15	21523	逃避	44
tb	47	15	21843	体表	44
tb	47	15	21860	铁棒	44
tb	47	15	22194	投奔	44
tb	47	15	22289	突变	44
tb	47	15	22402	屯兵	45
tb	47	15	22416	拓跋	45
tb	47	15	21306	太保	46
tb	47	15	21844	替补	46
tb	47	15	21926	停泊	46
tb	47	15	21927	停步	46
tb	47	15	22319	退兵	46
tb	47	15	22403	吞并	46
tb	47	15	21409	坦白	47
tb	47	15	21636	天宝	47
tb	47	15	21785	跳板	47
tb	47	15	21841	提包	47
tb	47	15	21924	听罢	47
tb	47	15	22292	徒步	47
tb	47	15	22404	臀部	47
tb	47	15	21305	太白	48
tb	47	15	21418	汤杯	48
tb	47	15	21637	天边	48
tb	47	15	21859	铁板	48
tb	47	15	21925	挺拔	48
tb	47	15	22290	图表	48
tb	47	15	21786	挑拨	49
tb	47	15	21842	提笔	49
tb	47	15	22193	投保	49
tb	47	15	22417	驼背	49
tb	47	15	21302	踏步	50
tb	47	15	22031	铜板	50
tb	47	15	22195	投标	50
tb	47	15	22317	退避	50
tb	47	15	22318	蜕变	50
tbg	1	0	21639	田伯光	43
tbj	1	0	21524	陶伯钧	47
tbs	2	3	21410	谈不上	46
tbs	2	3	22029	桐柏山	46
tby	1	0	21638	田秉毅	47
tbzl	1	0	22320	推波助澜	50
tc	65	17	21850	提出	29
tc	65	17	22036	通常	33
tc	65	17	22297	突出	35
tc	65	17	22324	推出	36
tc	65	17	21581	特产	38
tc	65	17	22325	退出	38
tc	65	17	22293	图册	39
tc	65	17	21411	探测	40
tc	65	17	21526	掏出	40
tc	65	17	21845	题材	40
tc	65	17	21848	提倡	40
tc	65	17	22038	通车	40
tc	65	17	21787	跳槽	41
tc	65	17	22039	通称	41
tc	65	17	22197	投产	41
tc	65	17	21419	唐朝	42
tc	65	17	21525	套餐	42
tc	65	17	22040	统称	42
tc	65	17	21528	陶瓷	43
tc	65	17	21847	体操	43
tc	65	17	22321	推测	43
tc	65	17	21527	逃出	44
tc	65	17	21582	特长	44
tc	65	17	21641	天才	44
tc	65	17	21789	跳出	44
tc	65	17	21931	听从	44
tc	65	17	22044	统筹	44
tc	65	17	22269	团城	44
tc	65	17	22294	土层	44
tc	65	17	22322	推迟	44
tc	65	17	21414	探春	45
tc	65	17	21646	天池	45
tc	65	17	21846	体裁	45
tc	65	17	21853	题词	45
tc	65	17	22323	推崇	45
tc	65	17	22326	推辞	45
tc	65	17	21413	坦诚	46
tc	65	17	21642	甜菜	46
tc	65	17	21928	停产	46
tc	65	17	22041	通城	46
tc	65	17	22046	痛楚	46
tc	65	17	22200	透出	46
tc	65	17	22295	土城	46
tc	65	17	21584	特此	47
tc	65	17	21647	填充	47
tc	65	17	21929	停车	47
tc	65	17	22298	凸出	47
tc	65	17	21308	太仓	48
tc	65	17	21420	唐初	48
tc	65	17	21529	逃窜	48
tc	65	17	21849	提成	48
tc	65	17	21861	铁锤	48
tc	65	17	22198	透彻	48
tc	65	17	21310	台词	49
tc	65	17	21643	田产	49
tc	65	17	21644	天朝	49
tc	65	17	22037	通畅	49
tc	65	17	21421	搪瓷	50
tc	65	17	21788	条陈	50
tc	65	17	21851	剔除	50
tc	65	17	21852	提纯	50
tc	65	17	22043	痛斥	50
tc	65	17	22199	投诚	50
tc	65	17	22299	突触	50
tc	65	17	22418	脱出	50
tcc	1	0	21930	停车场	49
tcdk	1	0	22045	同仇敌忾	48
tcq	1	0	21412	探测器	45
tcs	2	3	21583	特长生	48
tcs	2	3	21309	太常寺	49
tcx	1	0	22042	通城县	47
tcz	2	3	21645	田承忠	47
tcz	2	3	22296	土城子	49
td	56	16	21588	特点	32
td	56	16	22303	土地	32
td	56	16	21314	态度	35
td	56	16	21933	听到	35
td	56	16	22330	推动	35
td	56	16	21855	提到	37
td	56	16	21422	唐代	38
td	56	16	21589	特定	38
td	56	16	21651	天地	38
td	56	16	22050	通道	38
td	56	16	22204	头顶	39
td	56	16	21416	谈到	40
td	56	16	21854	替代	40
td	56	16	22270	团队	41
td	56	16	22304	徒弟	41
td	56	16	22052	同等	42
td	56	16	21587	特地	43
td	56	16	21648	天大	43
td	56	16	21652	田地	43
td	56	16	22047	通达	43
td	56	16	21856	提督	44
td	56	16	22307	土豆	44
td	56	16	22332	推断	44
td	56	16	21313	台地	45
td	56	16	21315	台独	45
td	56	16	21791	跳动	45
td	56	16	21935	停顿	45
td	56	16	22419	妥当	45
td	56	16	21585	特大	46
td	56	16	21857	梯度	46
td	56	16	21864	铁钉	46
td	56	16	21932	停当	46
td	56	16	21311	台大	47
td	56	16	21934	听懂	47
td	56	16	22202	头等	47
td	56	16	22300	图丹	47
td	56	16	22327	推倒	47
td	56	16	21586	特等	48
td	56	16	21649	天道	48
td	56	16	21650	天德	48
td	56	16	21862	铁道	48
td	56	16	22048	痛打	48
td	56	16	22301	屠刀	48
td	56	16	21653	天敌	49
td	56	16	21790	调档	49
td	56	16	22051	同道	49
td	56	16	22053	通牒	49
td	56	16	22201	偷盗	49
td	56	16	22203	投递	49
td	56	16	22329	推定	49
td	56	16	22420	脱掉	49
td	56	16	21312	泰达	50
td	56	16	21415	坦荡	50
td	56	16	21858	梯队	50
td	56	16	22205	透顶	50
td	56	16	22328	推导	50
tdb	1	0	21863	铁道部	45
tddj	1	0	22302	图道多吉	47
tdgg	1	0	22305	土地改革	46
tdgm	1	0	22306	土地革命	44
tdh	1	0	21654	天地会	43
tdl	2	3	22049	佟大雷	48
tdl	2	3	22331	推动力	50
tdx	1	0	21655	天底下	49
te	3	4	22206	头儿	42
te	3	4	21316	胎儿	43
te	3	4	21656	天鹅	44
teq	1	0	22308	土耳其	41
teqr	1	0	22309	土耳其人	47
tez	1	0	21657	天鹅洲	39
tezx	1	0	21936	铤而走险	49
tf	24	13	22207	头发	37
tf	24	13	22333	推翻	39
tf	24	13	21659	天府	41
tf	24	13	21660	天赋	42
tf	24	13	22310	突发	42
tf	24	13	22208	投放	44
tf	24	13	22312	土匪	44
tf	24	13	21530	讨伐	45
tf	24	13	22054	通风	45
tf	24	13	21318	台风	46
tf	24	13	22422	托福	46
tf	24	13	21937	停放	47
tf	24	13	21661	田赋	48
tf	24	13	22423	托付	48
tf	24	13	21319	太傅	49
tf	24	13	21417	探访	49
tf	24	13	21899	提法	49
tf	24	13	22271	团费	49
tf	24	13	21317	太妃	50
tf	24	13	21531	讨饭	50
tf	24	13	21532	套房	50
tf	24	13	21900	体罚	50
tf	24	13	22311	突防	50
tf	24	13	22421	脱发	50
tfdf	1	0	21658	天翻地覆	49
tfj	1	0	21662	田福军	45
tfk	1	0	21533	陶菲克	48
tfmj	1	0	22313	突飞猛进	50
tft	1	0	21663	田福堂	44
tfx	2	3	21664	田福贤	46
tfx	2	3	22272	团风县	47
tg	30	14	22061	通过	27
tg	30	14	21902	提高	30
tg	30	14	21904	提供	30
tg	30	14	22334	推广	37
tg	30	14	21322	泰国	40
tg	30	14	22210	透过	42
tg	30	14	21903	体格	43
tg	30	14	22056	通高	43
tg	30	14	22059	潼关	43
tg	30	14	21320	抬高	44
tg	30	14	21866	铁锅	45
tg	30	14	21321	太公	46
tg	30	14	21425	糖果	46
tg	30	14	21448	贪官	46
tg	30	14	22209	头骨	46
tg	30	14	21423	塘沽	47
tg	30	14	21666	天宫	47
tg	30	14	22057	通告	47
tg	30	14	22314	土改	47
tg	30	14	22424	托管	47
tg	30	14	21901	提纲	48
tg	30	14	21303	他国	49
tg	30	14	21534	桃根	49
tg	30	14	21590	特高	49
tg	30	14	21591	特工	49
tg	30	14	21865	铁轨	49
tg	30	14	21665	天罡	50
tg	30	14	21667	天光	50
tg	30	14	21938	停工	50
tg	30	14	22055	同感	50
tgls	1	0	21424	唐古拉山	50
tgn	1	0	21668	田归农	47
tgs	2	3	21905	提供商	47
tgs	2	3	22062	通古斯	50
tgtc	1	0	22058	同工同酬	44
tgwl	1	0	21449	贪官污吏	49
tgyh	1	0	21535	韬光养晦	49
tgyj	1	0	22060	同归于尽	48
th	44	15	21538	桃花	36
th	44	15	21327	太后	37
th	44	15	21460	谈话	38
th	44	15	22064	通航	40
th	44	15	21907	体会	41
th	44	15	21672	天花	42
th	44	15	22065	同行	42
th	44	15	22068	通红	42
th	44	15	21325	太和	43
th	44	15	21457	弹劾	43
th	44	15	21669	天河	43
th	44	15	21674	天皇	43
th	44	15	21792	调和	43
th	44	15	21906	替换	43
th	44	15	22338	退回	43
th	44	15	21328	太湖	44
th	44	15	21461	探花	44
th	44	15	21462	瘫痪	44
th	44	15	21536	讨好	44
th	44	15	21670	天黑	44
th	44	15	21940	听话	44
th	44	15	22069	通话	44
th	44	15	22316	图画	44
th	44	15	22336	退化	44
th	44	15	21323	台海	45
th	44	15	21464	炭火	45
th	44	15	22067	痛恨	45
th	44	15	22070	童话	45
th	44	15	21939	听候	46
th	44	15	22211	头号	46
th	44	15	22335	退后	46
th	44	15	21428	倘或	47
th	44	15	21463	弹簧	47
th	44	15	22074	通货	47
th	44	15	21540	逃荒	48
th	44	15	22071	同化	48
th	44	15	22337	退还	48
th	44	15	21867	铁盒	49
th	44	15	22073	通婚	49
th	44	15	22273	团伙	49
th	44	15	21459	袒护	50
th	44	15	21539	套话	50
th	44	15	22075	同伙	50
th	44	15	22315	土豪	50
thb	1	0	21673	天花板	48
thd	1	0	21326	太和殿	41
thf	1	0	22072	通话费	49
thg	2	3	21329	太晖观	47
thg	2	3	21426	汤洪高	47
thjc	1	0	21671	天河机场	42
thl	1	0	21427	汤化龙	46
thpz	1	0	22076	通货膨胀	44
thry	1	0	21458	谈何容易	47
ths	1	0	21324	太行山	46
thy	3	4	22063	通海运	49
thy	3	4	21537	陶红英	50
thy	3	4	22066	同行业	50
tj	76	17	21795	条件	30
tj	76	17	22077	统计	34
tj	76	17	21686	天津	35
tj	76	17	21941	听见	35
tj	76	17	22342	推进	35
tj	76	17	21332	太监	36
tj	76	17	22275	团结	36
tj	76	17	22339	推荐	36
tj	76	17	21798	调节	37
tj	76	17	22383	途径	37
tj	76	17	21677	添加	39
tj	76	17	21908	体积	40
tj	76	17	22379	突击	40
tj	76	17	21333	台阶	41
tj	76	17	21399	他家	42
tj	76	17	21913	提交	42
tj	76	17	22380	土家	42
tj	76	17	22385	突厥	42
tj	76	17	21692	甜酒	43
tj	76	17	21799	调解	43
tj	76	17	21912	体检	43
tj	76	17	22212	投机	43
tj	76	17	21592	特级	44
tj	76	17	21793	调剂	44
tj	76	17	21871	贴金	44
tj	76	17	21909	提及	44
tj	76	17	21942	挺进	44
tj	76	17	22078	同级	44
tj	76	17	22345	推举	44
tj	76	17	21330	台基	45
tj	76	17	21681	田间	45
tj	76	17	21682	天监	45
tj	76	17	21688	田径	45
tj	76	17	21331	太极	46
tj	76	17	21469	探究	46
tj	76	17	21593	特技	46
tj	76	17	21869	铁甲	46
tj	76	17	21872	贴近	46
tj	76	17	21943	听觉	46
tj	76	17	22084	铜镜	46
tj	76	17	22214	头颈	46
tj	76	17	21400	她家	47
tj	76	17	21402	踏进	47
tj	76	17	21466	谭家	47
tj	76	17	21689	天井	47
tj	76	17	21868	铁戟	47
tj	76	17	21870	铁匠	47
tj	76	17	22079	通缉	47
tj	76	17	22087	同居	47
tj	76	17	22213	头巾	47
tj	76	17	22215	透镜	47
tj	76	17	21430	汤加	48
tj	76	17	21465	谈及	48
tj	76	17	21800	跳进	48
tj	76	17	22080	通奸	48
tj	76	17	22274	湍急	48
tj	76	17	22277	团聚	48
tj	76	17	22341	推介	48
tj	76	17	22384	途经	48
tj	76	17	21675	天机	49
tj	76	17	21678	天价	49
tj	76	17	21685	天街	49
tj	76	17	21797	调教	49
tj	76	17	22340	腿脚	49
tj	76	17	21335	抬举	50
tj	76	17	21429	羰基	50
tj	76	17	21542	讨教	50
tj	76	17	21676	天际	50
tj	76	17	21679	田家	50
tj	76	17	21683	天将	50
tj	76	17	21794	调价	50
tj	76	17	21910	梯级	50
tj	76	17	21911	提价	50
tj	76	17	22085	痛经	50
tj	76	17	22346	退居	50
tj	76	17	22425	脱节	50
tjd	2	3	21687	天津队	45
tjd	2	3	22382	突击队	47
tjdx	1	0	22081	同济大学	48
tjdy	1	0	21690	天经地义	49
tjfs	1	0	21796	条件反射	50
tjhj	1	0	21541	讨价还价	48
tjj	3	4	21680	添加剂	43
tjj	3	4	22082	统计局	49
tjj	3	4	22343	推进剂	50
tjkz	1	0	21401	塔吉克族	46
tjl	1	0	22083	通缉令	48
tjq	2	3	21334	太极拳	48
tjq	2	3	22344	推进器	50
tjs	1	0	21691	天津市	44
tjw	1	0	21693	天极网	50
tjx	3	4	21684	田见秀	45
tjx	3	4	21431	唐家璇	47
tjx	3	4	22086	统计学	48
tjy	1	0	21467	谭家渊	47
tjyx	1	0	22276	团结一心	49
tjz	2	3	22381	土家族	39
tjz	2	3	21468	谭家洲	47
tk	32	14	21471	坦克	35
tk	32	14	22090	痛苦	36
tk	32	14	21337	太空	38
tk	32	14	21694	天空	39
tk	32	14	22347	推开	40
tk	32	14	22388	图库	40
tk	32	14	21336	太康	41
tk	32	14	21802	调控	41
tk	32	14	21873	铁矿	41
tk	32	14	21803	条款	42
tk	32	14	22092	痛快	42
tk	32	14	22091	痛哭	43
tk	32	14	21470	摊开	45
tk	32	14	22218	头盔	45
tk	32	14	22387	土坑	45
tk	32	14	22093	铜矿	46
tk	32	14	22217	投靠	46
tk	32	14	22389	土块	46
tk	32	14	22428	拓宽	46
tk	32	14	21594	特困	47
tk	32	14	21914	啼哭	47
tk	32	14	21944	停靠	47
tk	32	14	22088	统考	47
tk	32	14	22089	瞳孔	47
tk	32	14	21801	调侃	48
tk	32	14	22216	偷看	48
tk	32	14	21599	腾空	49
tk	32	14	22426	脱口	49
tk	32	14	21695	填空	50
tk	32	14	21945	听课	50
tk	32	14	22386	土炕	50
tk	32	14	22429	脱困	50
tkec	1	0	22427	脱口而出	48
tks	1	0	21874	铁矿石	48
tl	56	16	21876	铁路	32
tl	56	16	21545	讨论	34
tl	56	16	21804	条例	35
tl	56	16	22223	透露	37
tl	56	16	22434	脱离	39
tl	56	16	21949	停留	40
tl	56	16	21915	体力	41
tl	56	16	21475	谈论	42
tl	56	16	22098	统领	42
tl	56	16	22222	头领	42
tl	56	16	21698	天亮	43
tl	56	16	22094	同类	43
tl	56	16	22348	推理	43
tl	56	16	21403	他俩	44
tl	56	16	21472	贪婪	44
tl	56	16	21946	听力	44
tl	56	16	22391	涂料	44
tl	56	16	22435	脱落	44
tl	56	16	21338	泰来	45
tl	56	16	21875	铁链	45
tl	56	16	22349	推力	45
tl	56	16	21339	太郎	46
tl	56	16	21543	逃离	46
tl	56	16	21917	提炼	46
tl	56	16	22224	头颅	46
tl	56	16	22394	吐露	46
tl	56	16	21700	天龙	47
tl	56	16	22096	同僚	47
tl	56	16	22219	投篮	47
tl	56	16	22350	退路	47
tl	56	16	21340	泰勒	48
tl	56	16	21432	糖类	48
tl	56	16	21807	条令	48
tl	56	16	21916	体例	48
tl	56	16	21918	体谅	48
tl	56	16	22095	通例	48
tl	56	16	22280	湍流	48
tl	56	16	22351	推论	48
tl	56	16	22436	陀螺	48
tl	56	16	21544	套路	49
tl	56	16	21595	特里	49
tl	56	16	21696	田里	49
tl	56	16	21697	天理	49
tl	56	16	21805	调理	49
tl	56	16	21806	条理	49
tl	56	16	21947	挺立	49
tl	56	16	22099	铜陵	49
tl	56	16	22100	通路	49
tl	56	16	22278	团里	49
tl	56	16	21948	厅里	50
tl	56	16	22220	偷懒	50
tl	56	16	22221	头里	50
tl	56	16	22279	团练	50
tl	56	16	22390	徒劳	50
tl	56	16	22395	屠戮	50
tl	56	16	22432	拖累	50
tla	1	0	21474	谈恋爱	48
tlb	2	3	22397	土伦杯	49
tlb	2	3	22097	童立本	50
tld	2	3	21600	腾龙洞	47
tld	2	3	22393	屠龙刀	47
tlf	1	0	22396	吐鲁番	47
tlg	1	0	21699	天灵盖	50
tlh	2	3	21341	邰丽华	47
tlh	2	3	21546	讨论会	50
tlj	1	0	22430	拖拉机	45
tlm	2	3	22392	涂黎曼	47
tlm	2	3	22433	托勒密	49
tlmh	1	0	21404	塔里木河	50
tlq	2	3	21473	探雷器	44
tlq	2	3	21877	铁路桥	46
tls	2	3	21342	泰利斯	49
tls	2	3	22431	托拉斯	50
tlx	1	0	21878	铁路线	44
tlxa	1	0	21596	特鲁西埃	48
tlz	1	0	21433	唐良智	47
tm	35	14	21406	他们	23
tm	35	14	21407	它们	31
tm	35	14	21408	她们	34
tm	35	14	21705	天门	35
tm	35	14	21343	太庙	36
tm	35	14	21920	提名	37
tm	35	14	21476	探明	40
tm	35	14	21921	题目	40
tm	35	14	22103	同盟	40
tm	35	14	22225	透明	40
tm	35	14	22227	头目	42
tm	35	14	21701	天麻	43
tm	35	14	22399	图谋	43
tm	35	14	21547	逃命	45
tm	35	14	21707	甜蜜	45
tm	35	14	21708	天明	45
tm	35	14	21879	铁门	45
tm	35	14	21919	体面	45
tm	35	14	22102	同门	46
tm	35	14	22438	唾沫	46
tm	35	14	21709	天命	47
tm	35	14	22106	同名	47
tm	35	14	22398	涂抹	47
tm	35	14	22400	土木	47
tm	35	14	21710	田亩	48
tm	35	14	22101	痛骂	48
tm	35	14	22406	吞没	48
tm	35	14	21597	特命	49
tm	35	14	21703	填满	49
tm	35	14	21704	甜美	49
tm	35	14	21809	条目	49
tm	35	14	22107	通明	49
tm	35	14	21702	天马	50
tm	35	14	21711	天目	50
tm	35	14	21808	条码	50
tmd	2	3	21405	他妈的	42
tmd	2	3	22226	透明度	47
tmg	1	0	22104	同盟国	48
tmgc	1	0	22401	土木工程	49
tmh	1	0	22105	同盟会	46
tms	3	4	21706	天门市	40
tms	3	4	22437	托马斯	45
tms	3	4	21712	天目山	50
tmsb	1	0	21434	汤姆斯杯	47
tmz	1	0	21880	铁木真	45
tn	7	8	22108	同年	37
tn	7	8	21922	体内	38
tn	7	8	22228	头脑	40
tn	7	8	22109	童年	44
tn	7	8	22352	推拿	44
tn	7	8	21923	体能	46
tn	7	8	21548	逃难	47
tnb	1	0	21435	糖尿病	43
tns	1	0	22405	突尼斯	45
tp	22	12	22464	图片	34
tp	22	12	22230	投票	36
tp	22	12	22465	突破	36
tp	22	12	21478	谈判	37
tp	22	12	21345	太平	41
tp	22	12	21549	逃跑	41
tp	22	12	21713	天棚	45
tp	22	12	22110	铜牌	46
tp	22	12	22229	头皮	46
tp	22	12	21810	调皮	47
tp	22	12	21950	停牌	47
tp	22	12	21344	胎盘	48
tp	22	12	21606	特派	48
tp	22	12	21714	天平	48
tp	22	12	22440	脱贫	48
tp	22	12	22439	托盘	49
tp	22	12	22442	拓扑	49
tp	22	12	21477	摊派	50
tp	22	12	21550	陶片	50
tp	22	12	21977	体魄	50
tp	22	12	22111	通判	50
tp	22	12	22468	图谱	50
tpj	1	0	21346	太平军	48
tpk	1	0	22466	突破口	47
tpq	1	0	22231	投票权	47
tptg	1	0	21347	太平天国	45
tpx	1	0	22467	突破性	48
tpy	2	3	21348	太平洋	37
tpy	2	3	21607	特派员	46
tpzf	1	0	22441	脱贫致富	49
tq	48	15	21715	天气	37
tq	48	15	21952	听取	37
tq	48	15	21979	提前	38
tq	48	15	21349	抬起	39
tq	48	15	21978	提起	39
tq	48	15	22112	同期	39
tq	48	15	21609	特权	40
tq	48	15	21551	陶器	41
tq	48	15	21608	特区	41
tq	48	15	21981	提请	41
tq	48	15	22116	同情	41
tq	48	15	22119	通衢	41
tq	48	15	21983	提取	42
tq	48	15	21717	天桥	44
tq	48	15	22355	退却	44
tq	48	15	21479	谈起	45
tq	48	15	21811	挑起	45
tq	48	15	21350	台前	46
tq	48	15	21480	叹气	46
tq	48	15	21881	铁器	46
tq	48	15	21884	铁青	46
tq	48	15	22113	铜器	46
tq	48	15	22115	铜钱	46
tq	48	15	22234	头球	46
tq	48	15	22469	突起	46
tq	48	15	21481	探亲	47
tq	48	15	21716	天堑	47
tq	48	15	21882	铁骑	47
tq	48	15	22354	退去	47
tq	48	15	22443	拖欠	47
tq	48	15	22472	土丘	47
tq	48	15	21482	弹琴	48
tq	48	15	21883	贴切	48
tq	48	15	22353	推敲	48
tq	48	15	22407	臀鳍	48
tq	48	15	21552	淘气	49
tq	48	15	21553	掏钱	49
tq	48	15	21718	天球	49
tq	48	15	21951	挺起	49
tq	48	15	21980	体腔	49
tq	48	15	21982	踢球	49
tq	48	15	22114	通气	49
tq	48	15	22233	投枪	49
tq	48	15	22470	凸起	49
tq	48	15	21483	探求	50
tq	48	15	21601	腾起	50
tq	48	15	22232	透气	50
tq	48	15	22471	土墙	50
tqdl	1	0	22117	通情达理	50
tqx	1	0	22118	童庆禧	47
tr	21	12	22473	突然	30
tr	21	12	22236	投入	34
tr	21	12	21437	倘若	35
tr	21	12	21719	天然	35
tr	21	12	22475	土壤	36
tr	21	12	21571	他人	38
tr	21	12	21484	坦然	46
tr	21	12	21984	体弱	46
tr	21	12	22357	退让	46
tr	21	12	22444	托人	46
tr	21	12	22121	同日	47
tr	21	12	21572	踏入	48
tr	21	12	21721	天人	48
tr	21	12	22474	徒然	48
tr	21	12	21436	唐人	49
tr	21	12	21953	听任	49
tr	21	12	22120	同仁	49
tr	21	12	22235	头人	49
tr	21	12	22478	突入	49
tr	21	12	22356	颓然	50
tr	21	12	22477	土人	50
trq	1	0	21720	天然气	40
trql	1	0	22479	突如其来	47
trw	1	0	21438	汤若望	46
trxj	1	0	22476	突然袭击	48
ts	91	18	22125	同时	28
ts	91	18	21610	特色	33
ts	91	18	21613	特殊	33
ts	91	18	21957	听说	34
ts	91	18	21494	探索	37
ts	91	18	22237	头上	37
ts	91	18	22241	投诉	37
ts	91	18	21987	提升	38
ts	91	18	22126	同事	38
ts	91	18	22486	土司	38
ts	91	18	22130	统帅	39
ts	91	18	21353	台上	40
ts	91	18	21724	天上	40
ts	91	18	21722	天色	41
ts	91	18	21989	提示	41
ts	91	18	22122	通商	41
ts	91	18	22361	推送	41
ts	91	18	22483	图书	41
ts	91	18	21351	泰山	42
ts	91	18	21358	态势	42
ts	91	18	21441	唐僧	42
ts	91	18	21443	倘使	42
ts	91	18	22131	统率	42
ts	91	18	22446	脱身	42
ts	91	18	22481	屠杀	42
ts	91	18	21359	太师	43
ts	91	18	21363	太守	43
ts	91	18	21575	踏上	43
ts	91	18	21723	天山	43
ts	91	18	21576	踏实	44
ts	91	18	21727	天生	44
ts	91	18	21733	天顺	44
ts	91	18	22133	通俗	44
ts	91	18	22239	投身	44
ts	91	18	22362	推算	44
ts	91	18	22447	脱手	44
ts	91	18	21728	天使	45
ts	91	18	21886	贴身	45
ts	91	18	22124	同声	45
ts	91	18	22127	通史	45
ts	91	18	22363	退缩	45
ts	91	18	22445	妥善	45
ts	91	18	21360	太史	46
ts	91	18	21442	堂上	46
ts	91	18	21445	唐宋	46
ts	91	18	21489	坦率	46
ts	91	18	21554	逃生	46
ts	91	18	21573	他杀	46
ts	91	18	21611	特赦	46
ts	91	18	21726	天神	46
ts	91	18	21815	跳水	46
ts	91	18	21364	抬手	47
ts	91	18	21439	糖色	47
ts	91	18	21612	特使	47
ts	91	18	21812	跳伞	47
ts	91	18	21888	铁丝	47
ts	91	18	22238	投射	47
ts	91	18	22240	透视	47
ts	91	18	22408	吞噬	47
ts	91	18	22448	脱水	47
ts	91	18	21444	唐诗	48
ts	91	18	21486	弹射	48
ts	91	18	21729	天师	48
ts	91	18	21730	天时	48
ts	91	18	21813	调试	48
ts	91	18	21816	挑水	48
ts	91	18	21955	挺身	48
ts	91	18	21985	提审	48
ts	91	18	21986	替身	48
ts	91	18	21988	蹄声	48
ts	91	18	22482	徒手	48
ts	91	18	21354	台商	49
ts	91	18	21356	抬升	49
ts	91	18	21357	胎生	49
ts	91	18	21488	探视	49
ts	91	18	21725	田舍	49
ts	91	18	21732	天水	49
ts	91	18	21814	条石	49
ts	91	18	22129	同属	49
ts	91	18	22358	退色	49
ts	91	18	22359	推上	49
ts	91	18	22360	退守	49
ts	91	18	22409	吞食	49
ts	91	18	22480	土色	49
ts	91	18	21440	搪塞	50
ts	91	18	21491	碳酸	50
ts	91	18	21574	塔山	50
ts	91	18	21731	天数	50
ts	91	18	21887	铁树	50
ts	91	18	21889	铁锁	50
ts	91	18	21954	停赛	50
tsb	1	0	22132	统帅部	48
tsd	2	3	21352	泰山队	48
tsd	2	3	22128	同时代	49
tsec	1	0	21956	挺身而出	46
tsg	2	3	22484	图书馆	39
tsg	2	3	21577	塔什干	50
tsgx	1	0	22485	图书馆学	50
tsh	1	0	21355	太上皇	49
tsj	2	3	21555	陶驷驹	47
tsj	2	3	21361	台式机	50
tsjy	1	0	21614	特殊教育	46
tsl	1	0	21492	碳酸锂	49
tsny	1	0	21485	坦桑尼亚	47
tsps	1	0	21487	贪生怕死	50
tsq	1	0	21885	铁山区	47
tst	1	0	21490	谭嗣同	47
tsx	2	3	22123	通山县	47
tsx	2	3	21615	特殊性	48
tsy	2	3	21362	太师椅	49
tsy	2	3	21493	碳酸盐	49
tt	51	16	22281	团体	35
tt	51	16	21365	太太	36
tt	51	16	21366	抬头	39
tt	51	16	21602	疼痛	39
tt	51	16	21737	天天	39
tt	51	16	21497	探讨	40
tt	51	16	21735	天堂	40
tt	51	16	21556	淘汰	41
tt	51	16	21736	天体	41
tt	51	16	21960	听听	42
tt	51	16	22246	偷偷	42
tt	51	16	22249	头陀	42
tt	51	16	21496	谈谈	43
tt	51	16	22136	通天	43
tt	51	16	22245	头痛	43
tt	51	16	22283	团团	43
tt	51	16	21559	逃脱	44
tt	51	16	22137	统统	44
tt	51	16	21447	堂堂	45
tt	51	16	21500	探头	45
tt	51	16	21734	天坛	45
tt	51	16	21820	跳投	45
tt	51	16	21958	厅堂	45
tt	51	16	22243	头疼	45
tt	51	16	22410	屯田	45
tt	51	16	21501	贪图	46
tt	51	16	21993	体贴	46
tt	51	16	21499	探听	47
tt	51	16	21557	滔滔	47
tt	51	16	21818	挑剔	47
tt	51	16	22490	图腾	47
tt	51	16	21495	坍塌	48
tt	51	16	21819	调停	48
tt	51	16	21990	体态	48
tt	51	16	22135	通体	48
tt	51	16	22244	偷听	48
tt	51	16	22491	秃头	48
tt	51	16	21502	滩涂	49
tt	51	16	21817	跳台	49
tt	51	16	21890	铁塔	49
tt	51	16	21991	体坛	49
tt	51	16	21992	梯田	49
tt	51	16	21994	体统	49
tt	51	16	21995	剃头	49
tt	51	16	22134	同堂	49
tt	51	16	22247	头头	49
tt	51	16	22364	推托	49
tt	51	16	22411	吞吐	49
tt	51	16	21891	铁桶	50
tt	51	16	22138	通通	50
tt	51	16	22242	投胎	50
ttba	1	0	21498	忐忑不安	49
ttbj	1	0	21558	滔滔不绝	48
ttc	1	0	22488	土特产	43
ttcp	1	0	22489	土特产品	48
ttkk	1	0	22139	痛痛快快	50
ttl	1	0	22412	吞吐量	44
ttmm	1	0	22248	偷偷摸摸	50
tts	1	0	22282	团体赛	49
tttt	1	0	22413	吞吞吐吐	48
ttym	1	0	21959	听天由命	50
ttz	2	3	21446	唐太宗	46
ttz	2	3	22487	土台子	46
tw	32	14	21367	台湾	33
tw	32	14	22140	通往	39
tw	32	14	22000	提问	40
tw	32	14	21617	特务	41
tw	32	14	21743	天文	41
tw	32	14	21505	贪污	43
tw	32	14	22492	突围	43
tw	32	14	21738	天王	44
tw	32	14	21451	堂屋	45
tw	32	14	21560	逃亡	45
tw	32	14	21561	逃往	45
tw	32	14	21616	特委	45
tw	32	14	21822	调味	45
tw	32	14	21997	题为	45
tw	32	14	22001	体温	45
tw	32	14	21373	太尉	46
tw	32	14	21503	探望	46
tw	32	14	21826	跳舞	46
tw	32	14	21996	体外	46
tw	32	14	22365	退位	46
tw	32	14	21821	眺望	47
tw	32	14	21824	条文	47
tw	32	14	21825	条纹	48
tw	32	14	22493	突兀	48
tw	32	14	21504	摊位	49
tw	32	14	21740	天威	49
tw	32	14	21998	体委	49
tw	32	14	21999	体味	49
tw	32	14	21741	甜味	50
tw	32	14	21744	天问	50
tw	32	14	22284	团委	50
tw	32	14	22366	退伍	50
twd	1	0	21368	台湾岛	49
twdq	1	0	21369	台湾地区	49
twhx	1	0	21370	台湾海峡	48
twj	1	0	21742	甜味剂	47
twpc	1	0	21823	调味品厂	47
twr	1	0	21371	台湾人	50
tws	2	3	21372	台湾省	43
tws	2	3	22141	同位素	45
twsb	1	0	21374	泰晤士报	49
twt	1	0	21745	天文台	46
twx	2	3	21746	天文学	44
twx	2	3	21739	天王星	50
twxj	1	0	21747	天文学家	45
twy	1	0	21450	唐为幽	49
tx	78	17	22002	体系	33
tx	78	17	21748	天下	34
tx	78	17	22004	体现	34
tx	78	17	22157	同学	35
tx	78	17	22009	提醒	37
tx	78	17	22148	通信	37
tx	78	17	22253	投降	37
tx	78	17	21619	特性	39
tx	78	17	22371	推行	39
tx	78	17	22151	通行	40
tx	78	17	22158	通讯	40
tx	78	17	21506	叹息	41
tx	78	17	21511	弹性	41
tx	78	17	22372	退休	41
tx	78	17	22497	图像	41
tx	78	17	21375	台下	42
tx	78	17	21759	天星	42
tx	78	17	21829	挑选	42
tx	78	17	22143	通向	42
tx	78	17	22367	推向	42
tx	78	17	22450	妥协	42
tx	78	17	22499	图形	42
tx	78	17	21961	停下	43
tx	78	17	21751	天线	44
tx	78	17	21758	填写	44
tx	78	17	22142	统辖	44
tx	78	17	22250	偷袭	44
tx	78	17	22254	投向	44
tx	78	17	21377	太小	45
tx	78	17	21378	太行	45
tx	78	17	21507	探险	45
tx	78	17	22010	体型	45
tx	78	17	22011	题型	45
tx	78	17	22252	头衔	45
tx	78	17	22369	推销	45
tx	78	17	21760	天性	46
tx	78	17	21828	挑衅	46
tx	78	17	22012	体形	46
tx	78	17	22146	通宵	46
tx	78	17	22149	痛心	46
tx	78	17	22374	推选	46
tx	78	17	21752	天仙	47
tx	78	17	21753	天象	47
tx	78	17	21892	贴现	47
tx	78	17	22006	题写	47
tx	78	17	22007	提携	47
tx	78	17	22013	体虚	47
tx	78	17	22150	同心	47
tx	78	17	22256	头绪	47
tx	78	17	22449	脱险	47
tx	78	17	22494	突袭	47
tx	78	17	21376	苔藓	48
tx	78	17	21379	太学	48
tx	78	17	21620	特许	48
tx	78	17	21963	听信	48
tx	78	17	22144	同乡	48
tx	78	17	22147	通晓	48
tx	78	17	22251	透析	48
tx	78	17	22368	推想	48
tx	78	17	22370	推卸	48
tx	78	17	22495	凸显	48
tx	78	17	21512	探寻	49
tx	78	17	21603	誊写	49
tx	78	17	22145	铜像	49
tx	78	17	22152	同姓	49
tx	78	17	22255	头像	49
tx	78	17	22496	凸现	49
tx	78	17	22498	吐血	49
tx	78	17	22500	土星	49
tx	78	17	22501	徒刑	49
tx	78	17	21510	谈心	50
tx	78	17	21578	塌陷	50
tx	78	17	21618	特写	50
tx	78	17	21827	调戏	50
tx	78	17	21893	贴心	50
tx	78	17	21962	停歇	50
tx	78	17	22003	提辖	50
tx	78	17	22451	拖鞋	50
txb	1	0	22005	体细胞	49
txd	1	0	21508	探险队	50
txdd	1	0	22008	提心吊胆	48
txdl	1	0	21749	天下大乱	49
txdy	1	0	21750	天下第一	43
txj	2	3	21509	探险家	49
txj	2	3	22373	退休金	50
txjs	1	0	22155	痛心疾首	50
txl	1	0	22153	同性恋	48
txr	1	0	21755	天下人	49
txs	2	3	22159	通讯社	43
txs	2	3	21756	天下事	50
txwd	1	0	21757	天下无敌	50
txwx	1	0	22156	通信卫星	49
txx	1	0	21754	田晓霞	50
txy	1	0	22160	通讯员	45
txz	3	4	21452	唐玄宗	47
txz	3	4	21761	天心洲	47
txz	3	4	22154	通行证	49
ty	57	16	22163	统一	31
ty	57	16	22017	体育	33
ty	57	16	22161	同样	33
ty	57	16	21380	太阳	35
ty	57	16	21831	条约	35
ty	57	16	22164	同意	35
ty	57	16	22165	同一	36
ty	57	16	22014	体验	39
ty	57	16	22016	提议	39
ty	57	16	22171	通用	39
ty	57	16	21391	太原	40
ty	57	16	21625	特有	40
ty	57	16	21562	讨厌	42
ty	57	16	21622	特意	42
ty	57	16	22376	退役	43
ty	57	16	21579	他用	44
ty	57	16	21832	跳跃	44
ty	57	16	21564	桃园	45
ty	57	16	21565	桃源	45
ty	57	16	21626	特约	45
ty	57	16	21764	田野	45
ty	57	16	21769	田园	45
ty	57	16	21964	庭院	45
ty	57	16	22258	头晕	45
ty	57	16	22375	推演	45
ty	57	16	22452	拖延	45
ty	57	16	21768	天宇	46
ty	57	16	22285	团员	46
ty	57	16	22456	椭圆	46
ty	57	16	21388	太医	47
ty	57	16	21623	特异	47
ty	57	16	21767	天鹰	47
ty	57	16	22015	体液	47
ty	57	16	22377	推移	47
ty	57	16	21513	坦言	48
ty	57	16	21762	天涯	48
ty	57	16	21765	天一	48
ty	57	16	22257	投影	48
ty	57	16	22286	团圆	48
ty	57	16	22453	唾液	48
ty	57	16	22502	图样	48
ty	57	16	21563	陶冶	49
ty	57	16	21766	天意	49
ty	57	16	22162	同业	49
ty	57	16	22173	同源	49
ty	57	16	22174	同月	49
ty	57	16	22414	吞咽	49
ty	57	16	22454	托叶	49
ty	57	16	21387	太爷	50
ty	57	16	21389	太阴	50
ty	57	16	21390	泰语	50
ty	57	16	21604	藤椅	50
ty	57	16	21621	特邀	50
ty	57	16	21830	调养	50
ty	57	16	21833	调匀	50
ty	57	16	21965	庭园	50
ty	57	16	22172	桐油	50
tyc	3	4	22018	体育场	42
tyc	3	4	22166	同义词	42
tyc	3	4	21514	谭元春	47
tyec	1	0	22455	脱颖而出	47
tyf	1	0	21453	唐一菲	47
tyg	3	4	22167	同一个	41
tyg	3	4	22019	体育馆	47
tyg	3	4	21381	太阳光	49
tyh	1	0	22503	吐谷浑	50
tyhj	1	0	21763	天涯海角	50
tyk	1	0	21770	田玉科	47
tyl	1	0	21605	滕一雷	48
tyn	3	4	21382	太阳能	44
tyn	3	4	21454	唐一娜	45
tyn	3	4	21383	太阳年	46
tys	1	0	21384	太阳神	50
tyt	2	3	21455	汤用彤	47
tyt	2	3	22168	同一天	49
tyx	5	6	22457	椭圆形	44
tyx	5	6	21385	太阳系	46
tyx	5	6	21624	特异性	47
tyx	5	6	21386	太阳穴	48
tyx	5	6	22169	同一性	50
tyyd	1	0	22020	体育运动	47
tyzx	1	0	22170	统一战线	41
tz	89	18	22263	投资	31
tz	89	18	22178	统治	32
tz	89	18	22179	同志	32
tz	89	18	21837	调整	33
tz	89	18	21627	特征	34
tz	89	18	22024	体制	34
tz	89	18	21972	停止	36
tz	89	18	21396	太子	37
tz	89	18	21834	挑战	37
tz	89	18	22180	通知	37
tz	89	18	21782	天子	39
tz	89	18	22287	团长	39
tz	89	18	22288	团子	39
tz	89	18	21569	逃走	40
tz	89	18	21630	特种	40
tz	89	18	21967	廷杖	41
tz	89	18	21968	庭长	41
tz	89	18	22026	体重	41
tz	89	18	22509	途中	41
tz	89	18	22025	体质	42
tz	89	18	22458	拓展	42
tz	89	18	22022	体长	43
tz	89	18	21398	太祖	44
tz	89	18	21774	天真	44
tz	89	18	21779	天竺	44
tz	89	18	21838	调制	44
tz	89	18	21966	停战	44
tz	89	18	21975	听众	44
tz	89	18	22181	同治	44
tz	89	18	22192	童子	44
tz	89	18	22510	土著	44
tz	89	18	21896	贴着	45
tz	89	18	21969	厅长	45
tz	89	18	21973	停滞	45
tz	89	18	22264	骰子	45
tz	89	18	22415	屯子	45
tz	89	18	22507	图纸	45
tz	89	18	22511	兔子	45
tz	89	18	21392	台站	46
tz	89	18	21393	太重	46
tz	89	18	21394	泰州	46
tz	89	18	21397	太宗	46
tz	89	18	21518	摊子	46
tz	89	18	21570	陶醉	46
tz	89	18	21895	铁掌	46
tz	89	18	21897	铁证	46
tz	89	18	21898	帖子	46
tz	89	18	22027	蹄子	46
tz	89	18	22028	梯子	46
tz	89	18	22182	统制	46
tz	89	18	22190	通州	46
tz	89	18	22191	童装	46
tz	89	18	22259	投掷	46
tz	89	18	22512	土族	46
tz	89	18	21628	特制	47
tz	89	18	21839	条子	47
tz	89	18	21976	亭子	47
tz	89	18	22265	头子	47
tz	89	18	21629	特质	48
tz	89	18	21974	挺直	48
tz	89	18	22021	提早	48
tz	89	18	22175	通则	48
tz	89	18	22189	同种	48
tz	89	18	22378	退走	48
tz	89	18	22504	屠宰	48
tz	89	18	21395	台州	49
tz	89	18	21519	探子	49
tz	89	18	21566	讨债	49
tz	89	18	21567	套装	49
tz	89	18	21771	天灾	49
tz	89	18	21777	添置	49
tz	89	18	22023	体征	49
tz	89	18	22176	通胀	49
tz	89	18	22177	通政	49
tz	89	18	22183	同知	49
tz	89	18	22260	透支	49
tz	89	18	22261	投中	49
tz	89	18	22459	拓殖	49
tz	89	18	22505	土葬	49
tz	89	18	22508	土质	49
tz	89	18	21517	探知	50
tz	89	18	21520	坛子	50
tz	89	18	21521	毯子	50
tz	89	18	21778	田中	50
tz	89	18	21783	天资	50
tz	89	18	21970	听者	50
tz	89	18	22262	投注	50
tz	89	18	22460	拖住	50
tz	89	18	22461	驼子	50
tza	1	0	21568	陶子安	50
tzbd	1	0	21631	特种部队	44
tzc	1	0	21772	田长焯	47
tzd	2	3	21515	探照灯	48
tzd	2	3	21784	天祚帝	50
tze	1	0	22266	投资额	49
tzg	2	3	21456	唐贞观	46
tzg	2	3	21522	谭子拐	47
tzh	2	3	22462	庹宗华	47
tzh	2	3	21971	听证会	50
tzj	1	0	21780	天主教	40
tzjh	1	0	21781	天主教会	49
tzjj	1	0	22184	统治阶级	43
tzk	1	0	22463	庹宗康	47
tzl	3	4	21773	田长霖	47
tzl	3	4	21894	铁栅栏	48
tzl	3	4	21516	谭震林	50
tzlm	1	0	21775	天真烂漫	50
tzq	2	3	22185	统治区	45
tzq	2	3	22186	统治权	47
tzs	1	0	22187	通知书	47
tzw	1	0	22506	涂长望	47
tzx	1	0	21835	挑战性	50
tzy	1	0	21776	田震英	45
tzz	3	4	22188	统治者	36
tzz	3	4	22267	投资者	38
tzz	3	4	21836	挑战者	50
wa	4	6	22601	万安	48
wa	4	6	22884	胃癌	48
wa	4	6	22885	违拗	49
wa	4	6	23294	无碍	49
waq	1	0	22622	汪爱群	47
was	1	0	22623	王安石	45
wb	32	14	22888	未必	37
wb	32	14	23304	无不	37
wb	32	14	23300	无比	39
wb	32	14	22521	外部	40
wb	32	14	22606	完毕	40
wb	32	14	23131	稳步	40
wb	32	14	22519	外边	41
wb	32	14	22604	完备	41
wb	32	14	22520	外表	42
wb	32	14	22605	晚辈	42
wb	32	14	22886	尾巴	42
wb	32	14	22887	违背	42
wb	32	14	23298	五保	42
wb	32	14	22891	微波	43
wb	32	14	23301	务必	43
wb	32	14	22624	王八	44
wb	32	14	22890	卫兵	44
wb	32	14	23295	五百	44
wb	32	14	23129	文本	45
wb	32	14	23302	无边	45
wb	32	14	22603	晚报	46
wb	32	14	22625	网吧	46
wb	32	14	22894	尾部	46
wb	32	14	23128	温饱	46
wb	32	14	23299	武备	46
wb	32	14	22602	万镑	47
wb	32	14	23264	我辈	47
wb	32	14	22518	外币	49
wb	32	14	22892	微薄	49
wb	32	14	22893	韦伯	49
wb	32	14	23130	文笔	49
wb	32	14	22889	威逼	50
wbb	1	0	22626	王保保	49
wbc	1	0	22627	王必成	47
wbg	1	0	23297	吴邦国	45
wbl	1	0	22628	忘不了	48
wbn	1	0	23296	五百年	47
wbwj	1	0	23303	无边无际	50
wbzd	1	0	22895	微不足道	46
wc	39	15	22608	完成	30
wc	39	15	23309	武昌	35
wc	39	15	22630	王朝	36
wc	39	15	22904	维持	36
wc	39	15	22524	外出	42
wc	39	15	22896	未曾	42
wc	39	15	23310	无偿	43
wc	39	15	23322	无处	43
wc	39	15	23326	无从	43
wc	39	15	22522	外侧	44
wc	39	15	22629	往常	44
wc	39	15	23133	温差	44
wc	39	15	23308	物产	44
wc	39	15	23318	无尘	44
wc	39	15	23320	无耻	44
wc	39	15	22897	未尝	45
wc	39	15	22908	为此	45
wc	39	15	23305	五彩	45
wc	39	15	23307	误差	45
wc	39	15	22513	挖出	46
wc	39	15	22523	外层	46
wc	39	15	22607	晚餐	46
wc	39	15	22901	围城	46
wc	39	15	23134	文昌	46
wc	39	15	23138	汶川	46
wc	39	15	23306	午餐	46
wc	39	15	23311	无常	46
wc	39	15	23323	吴楚	46
wc	39	15	22898	胃肠	47
wc	39	15	23136	文臣	47
wc	39	15	23321	五尺	47
wc	39	15	23325	五次	47
wc	39	15	22900	微臣	48
wc	39	15	22905	位处	50
wc	39	15	23132	文采	50
wc	39	15	23137	文成	50
wc	39	15	23139	温存	50
wc	39	15	23265	卧床	50
wc	39	15	23324	悟出	50
wcd	1	0	22899	胃肠道	49
wce	2	3	22632	王承恩	47
wce	2	3	22635	王聪儿	47
wch	2	3	22633	王诚汉	47
wch	2	3	22907	卫春华	47
wcjj	1	0	23316	无产阶级	38
wcl	1	0	22609	完成率	47
wclq	1	0	22906	微处理器	49
wcn	1	0	22902	未成年	49
wcnr	1	0	22903	未成年人	48
wcq	2	3	23313	武昌区	37
wcq	2	3	23317	吴茶清	49
wcqy	1	0	23312	武昌起义	44
wcs	1	0	23135	文昌市	46
wcy	4	6	23314	武昌鱼	46
wcy	4	6	22631	汪潮涌	47
wcy	4	6	22634	王重阳	47
wcy	4	6	23319	吴承瑛	50
wcz	1	0	23315	武昌站	47
wd	46	15	23143	问道	33
wd	46	15	23146	稳定	33
wd	46	15	22612	万吨	35
wd	46	15	22909	伟大	36
wd	46	15	23149	温度	36
wd	46	15	22910	味道	37
wd	46	15	23332	舞蹈	38
wd	46	15	23329	五代	39
wd	46	15	22525	外地	40
wd	46	15	23340	屋顶	40
wd	46	15	23141	温带	41
wd	46	15	22611	豌豆	42
wd	46	15	22514	洼地	43
wd	46	15	22915	唯独	43
wd	46	15	22918	卫队	44
wd	46	15	23144	闻到	44
wd	46	15	23327	五大	44
wd	46	15	22614	万多	45
wd	46	15	22916	纬度	45
wd	46	15	22527	外电	46
wd	46	15	22638	网点	46
wd	46	15	23328	武大	46
wd	46	15	23333	五道	46
wd	46	15	22610	完蛋	47
wd	46	15	22637	王道	47
wd	46	15	22639	忘掉	47
wd	46	15	22641	网队	47
wd	46	15	22914	未定	47
wd	46	15	23145	文帝	47
wd	46	15	23330	武当	47
wd	46	15	23338	无敌	47
wd	46	15	22917	惟独	48
wd	46	15	23140	问答	48
wd	46	15	23142	文档	48
wd	46	15	23334	误导	48
wd	46	15	23344	舞动	48
wd	46	15	23349	无端	48
wd	46	15	23266	我党	49
wd	46	15	23339	五点	49
wd	46	15	23341	武丁	49
wd	46	15	23342	无定	49
wd	46	15	23346	武斗	49
wd	46	15	23347	无毒	49
wd	46	15	22526	外敌	50
wd	46	15	23335	无道	50
wd	46	15	23348	五毒	50
wdf	2	3	22636	王大夫	44
wdf	2	3	23343	吴定富	47
wdgl	1	0	22615	万多公里	46
wdj	3	4	22613	万吨级	46
wdj	3	4	23150	温度计	48
wdj	3	4	23350	五毒教	50
wdly	1	0	22919	维多利亚	48
wdm	1	0	22616	万多亩	41
wdml	1	0	22913	危地马拉	49
wdr	2	3	23351	武敦儒	47
wdr	2	3	22528	外地人	49
wds	3	4	23331	武当山	36
wds	3	4	22911	为的是	45
wds	3	4	22640	王冬生	47
wdw	1	0	23148	文东武	47
wdx	3	4	23147	稳定性	42
wdx	3	4	23336	误导性	47
wdx	3	4	23337	吴德馨	47
wdyz	1	0	23345	无动于衷	48
wdz	1	0	22912	微电子	50
we	4	6	22920	巍峨	45
we	4	6	22921	味儿	46
we	4	6	22617	玩儿	47
we	4	6	22515	娃儿	48
webz	1	0	23352	无恶不作	50
wef	1	0	23267	沃尔夫	49
wefy	1	0	22643	忘恩负义	49
wes	1	0	22922	威尔士	49
wex	1	0	22923	威尔逊	48
wf	27	13	23353	无法	32
wf	27	13	22646	王府	40
wf	27	13	22924	违法	40
wf	27	13	22925	违反	40
wf	27	13	23358	五分	41
wf	27	13	22618	晚饭	42
wf	27	13	22620	万分	42
wf	27	13	23357	无非	42
wf	27	13	22930	威风	43
wf	27	13	22644	往返	44
wf	27	13	23354	午饭	44
wf	27	13	22928	微分	46
wf	27	13	23359	五峰	46
wf	27	13	22619	万方	47
wf	27	13	22645	王妃	47
wf	27	13	23151	文峰	47
wf	27	13	22931	微风	48
wf	27	13	22933	为辅	48
wf	27	13	23268	我方	48
wf	27	13	23355	无妨	48
wf	27	13	23152	文风	49
wf	27	13	22529	外方	50
wf	27	13	22621	万份	50
wf	27	13	22647	往复	50
wf	27	13	22926	违犯	50
wf	27	13	22927	潍坊	50
wf	27	13	23269	卧房	50
wffc	1	0	22929	微分方程	45
wfj	1	0	22648	王府井	48
wfll	1	0	22932	威风凛凛	45
wfr	1	0	22649	王夫人	42
wfs	1	0	22934	魏复盛	47
wfwt	1	0	23356	无法无天	49
wg	49	16	23270	我国	29
wg	49	16	22534	外国	33
wg	49	16	23365	武功	33
wg	49	16	22653	王国	37
wg	49	16	22651	王公	39
wg	49	16	23362	五个	39
wg	49	16	22936	围攻	41
wg	49	16	23372	无关	42
wg	49	16	22533	外观	43
wg	49	16	22654	亡国	43
wg	49	16	22696	完工	43
wg	49	16	23154	文革	43
wg	49	16	23157	文官	43
wg	49	16	23366	蜈蚣	43
wg	49	16	23369	无辜	43
wg	49	16	23373	武官	43
wg	49	16	22726	万股	44
wg	49	16	22938	微观	44
wg	49	16	22942	违规	44
wg	49	16	22943	卫国	44
wg	49	16	23376	乌龟	44
wg	49	16	22517	瓦罐	45
wg	49	16	22642	万个	45
wg	49	16	22652	王宫	45
wg	49	16	22727	顽固	45
wg	49	16	23364	五更	45
wg	49	16	23370	五谷	45
wg	49	16	22531	外公	46
wg	49	16	23156	稳固	46
wg	49	16	22516	瓦工	47
wg	49	16	22939	围观	47
wg	49	16	22940	为官	47
wg	49	16	23374	五官	47
wg	49	16	22935	桅杆	48
wg	49	16	22941	微光	48
wg	49	16	22944	魏国	48
wg	49	16	23377	吴国	48
wg	49	16	22530	外感	49
wg	49	16	22532	外挂	49
wg	49	16	22728	万国	49
wg	49	16	23367	无功	49
wg	49	16	23371	无故	49
wg	49	16	22650	网格	50
wg	49	16	22697	弯弓	50
wg	49	16	22945	未果	50
wg	49	16	23153	文稿	50
wg	49	16	23361	诬告	50
wg	49	16	23363	五根	50
wg	49	16	23368	务工	50
wgd	1	0	23360	乌干达	49
wgg	2	3	22655	王国光	47
wgg	2	3	22937	魏公公	50
wgj	1	0	22698	万公斤	42
wgjy	1	0	23375	无关紧要	49
wgl	2	3	22699	万公里	47
wgl	2	3	23378	吴国伦	47
wgp	1	0	22729	顽固派	46
wgq	1	0	22700	万公顷	37
wgr	1	0	22535	外国人	42
wgs	1	0	22656	王国生	42
wgt	1	0	23155	文工团	46
wgy	1	0	22536	外国语	46
wgz	1	0	22946	卫国之	49
wh	43	15	23165	文化	27
wh	43	15	23380	武汉	28
wh	43	15	22954	维护	34
wh	43	15	22951	为何	38
wh	43	15	22947	危害	39
wh	43	15	22539	外汇	40
wh	43	15	23162	温和	40
wh	43	15	23271	我会	40
wh	43	15	23166	文华	41
wh	43	15	22779	完好	42
wh	43	15	22781	晚会	42
wh	43	15	22658	往后	43
wh	43	15	22538	外号	44
wh	43	15	22948	为害	44
wh	43	15	23164	问候	44
wh	43	15	23394	误会	44
wh	43	15	22662	往回	45
wh	43	15	22782	挽回	45
wh	43	15	23167	问话	45
wh	43	15	22780	万户	46
wh	43	15	22783	完婚	46
wh	43	15	22952	维和	46
wh	43	15	23163	吻合	46
wh	43	15	23177	文汇	46
wh	43	15	23387	午后	46
wh	43	15	22659	王侯	47
wh	43	15	22660	王后	47
wh	43	15	22955	未婚	47
wh	43	15	23385	乌黑	47
wh	43	15	23386	五横	47
wh	43	15	23389	芜湖	47
wh	43	15	22953	渭河	48
wh	43	15	23379	无害	48
wh	43	15	23390	物化	48
wh	43	15	23393	乌桓	48
wh	43	15	22537	外海	49
wh	43	15	22949	威海	49
wh	43	15	23159	文翰	49
wh	43	15	23160	问号	49
wh	43	15	23388	屋后	49
wh	43	15	23395	污秽	49
wh	43	15	23161	问好	50
wh	43	15	23396	舞会	50
whb	1	0	23168	文化部	46
whbm	1	0	23391	五花八门	49
whc	1	0	23169	文化层	46
whcy	1	0	23170	文化产业	48
whd	1	0	23382	武汉队	46
whdx	1	0	23381	武汉大学	43
whg	1	0	23171	文化馆	49
whj	2	3	23174	文化局	48
whj	2	3	23173	文化界	50
whjy	1	0	23172	文化教育	46
whks	1	0	23392	无话可说	48
whl	1	0	23175	文化路	44
whs	2	3	23383	武汉市	29
whs	2	3	23176	文化史	45
whw	2	3	22657	王洪文	49
whw	2	3	22950	威海卫	50
why	1	0	22661	王怀远	47
whz	1	0	23384	武汉站	47
wj	64	17	22543	外交	35
wj	64	17	22956	危机	35
wj	64	17	23181	文件	35
wj	64	17	22663	忘记	38
wj	64	17	22548	外界	39
wj	64	17	23273	我军	39
wj	64	17	22972	位居	40
wj	64	17	22597	挖掘	41
wj	64	17	22665	王家	41
wj	64	17	22785	万家	41
wj	64	17	22957	危急	41
wj	64	17	23272	我家	41
wj	64	17	23399	物价	41
wj	64	17	23402	五间	41
wj	64	17	22790	挽救	42
wj	64	17	22791	玩具	42
wj	64	17	22965	围剿	42
wj	64	17	23178	文集	42
wj	64	17	23397	屋脊	42
wj	64	17	23412	误解	42
wj	64	17	22668	望见	43
wj	64	17	22968	魏晋	43
wj	64	17	22970	未经	43
wj	64	17	23417	武警	43
wj	64	17	22596	瓦解	44
wj	64	17	22958	危及	44
wj	64	17	22973	畏惧	44
wj	64	17	22976	伪军	44
wj	64	17	23184	文教	44
wj	64	17	23405	武将	44
wj	64	17	23403	物件	45
wj	64	17	23413	五届	45
wj	64	17	22540	外籍	46
wj	64	17	22541	外加	46
wj	64	17	22789	万斤	46
wj	64	17	22959	未及	46
wj	64	17	22960	违纪	46
wj	64	17	23182	稳健	46
wj	64	17	23398	无机	46
wj	64	17	23416	无尽	46
wj	64	17	23424	乌桕	46
wj	64	17	22675	网具	47
wj	64	17	22786	玩家	47
wj	64	17	22787	晚间	47
wj	64	17	23179	问及	47
wj	64	17	22542	外间	48
wj	64	17	22664	旺季	48
wj	64	17	22961	微机	48
wj	64	17	23186	问卷	48
wj	64	17	23408	屋角	48
wj	64	17	23428	舞剧	48
wj	64	17	23429	无菌	48
wj	64	17	22962	围歼	49
wj	64	17	22971	味精	49
wj	64	17	23404	五建	49
wj	64	17	23418	五经	49
wj	64	17	22550	外军	50
wj	64	17	22784	烷基	50
wj	64	17	22788	完结	50
wj	64	17	22966	慰藉	50
wj	64	17	22969	围巾	50
wj	64	17	22974	危局	50
wj	64	17	22975	味觉	50
wj	64	17	23406	乌江	50
wja	1	0	22669	王建安	47
wjb	2	3	22544	外交部	33
wjb	2	3	23180	温家宝	46
wjbd	1	0	23419	武警部队	46
wjbz	1	0	22545	外交部长	43
wjc	1	0	23411	吴基传	47
wjd	1	0	22666	王家墩	47
wjdc	1	0	22546	外交大臣	50
wjdl	1	0	23409	五角大楼	45
wjf	1	0	22967	微积分	48
wjg	3	4	22547	外交官	45
wjg	3	4	22667	王家岗	47
wjg	3	4	23420	吴金贵	49
wjgq	1	0	23400	伍家岗区	47
wjkg	1	0	23401	无家可归	50
wjks	1	0	23414	无计可施	49
wjm	4	6	23415	无记名	44
wjm	4	6	22549	外经贸	46
wjm	4	6	23407	吴建民	49
wjm	4	6	23183	文件名	50
wjn	1	0	22963	韦家能	47
wjs	2	3	22673	王九思	47
wjs	2	3	23421	武进士	49
wjsm	1	0	23422	武进士梅	49
wjsx	1	0	23423	武进士徐	49
wjw	2	3	22672	汪精卫	44
wjw	2	3	23425	无机物	50
wjws	1	0	23185	文教卫生	46
wjx	2	3	22964	尉健行	48
wjx	2	3	23410	五角星	49
wjy	4	6	22671	王家耀	47
wjy	4	6	22674	王吉元	48
wjy	4	6	22670	王剑英	49
wjy	4	6	23426	无机盐	50
wjys	1	0	23427	无济于事	47
wk	16	11	23188	文库	38
wk	16	11	23430	无可	42
wk	16	11	22551	外科	43
wk	16	11	23187	文科	44
wk	16	11	23274	倭寇	44
wk	16	11	22978	唯恐	45
wk	16	11	22981	围困	45
wk	16	11	22979	惟恐	46
wk	16	11	22980	胃口	46
wk	16	11	22552	外壳	47
wk	16	11	22977	违抗	47
wk	16	11	22792	万块	48
wk	16	11	22793	碗筷	48
wk	16	11	22599	瓦块	49
wk	16	11	22598	挖苦	50
wk	16	11	23434	无愧	50
wkhf	1	0	23431	无可厚非	50
wkl	1	0	23432	乌克兰	43
wknh	1	0	23433	无可奈何	43
wl	46	15	22984	为了	29
wl	46	15	22681	网络	33
wl	46	15	22982	未来	34
wl	46	15	23472	无论	35
wl	46	15	23439	物理	37
wl	46	15	23456	武林	38
wl	46	15	22676	往来	39
wl	46	15	22794	万历	39
wl	46	15	23440	屋里	39
wl	46	15	22985	威力	40
wl	46	15	23441	无力	40
wl	46	15	23442	武力	40
wl	46	15	22553	外来	42
wl	46	15	22795	万里	42
wl	46	15	22797	万辆	42
wl	46	15	23193	紊乱	43
wl	46	15	23457	武陵	43
wl	46	15	23461	物流	43
wl	46	15	23277	涡轮	44
wl	46	15	23443	五里	44
wl	46	15	23452	无聊	44
wl	46	15	23444	物力	45
wl	46	15	23445	无礼	45
wl	46	15	23447	无量	45
wl	46	15	22554	外力	46
wl	46	15	22987	威廉	46
wl	46	15	22990	未了	46
wl	46	15	23437	无赖	46
wl	46	15	23446	无理	46
wl	46	15	22555	外流	47
wl	46	15	22986	微粒	47
wl	46	15	22988	微量	47
wl	46	15	23191	文联	47
wl	46	15	22796	挽联	48
wl	46	15	22800	挽留	48
wl	46	15	22983	围栏	48
wl	46	15	23276	卧龙	48
wl	46	15	23453	物料	48
wl	46	15	22679	亡灵	49
wl	46	15	23189	纹理	49
wl	46	15	23275	我俩	49
wl	46	15	23438	五类	49
wl	46	15	23462	五六	49
wl	46	15	22991	位列	50
wl	46	15	23190	文理	50
wl	46	15	23448	五两	50
wlaq	1	0	22682	网络安全	50
wlcc	1	0	22798	万里长城	50
wle	1	0	23435	乌拉尔	48
wlf	1	0	22677	王利芬	47
wlfm	1	0	22799	万立方米	41
wlg	3	4	23436	乌拉圭	47
wlg	3	4	23449	五连冠	49
wlg	3	4	23463	五六个	49
wlh	1	0	22683	网络化	50
wlhx	1	0	23454	物理化学	47
wlj	2	3	23470	乌龙驹	48
wlj	2	3	22600	瓦罗加	49
wll	1	0	23455	物理量	47
wlm	1	0	22678	王利明	47
wlmq	1	0	23471	乌鲁木齐	45
wlp	1	0	22680	王立平	47
wlq	2	3	23464	吴六奇	48
wlq	2	3	23465	五六千	49
wlrh	1	0	23473	无论如何	40
wls	3	4	23458	武陵山	44
wls	3	4	23474	无论是	45
wls	3	4	23460	吴立身	49
wlx	2	3	23468	物理学	41
wlx	2	3	23466	物理系	50
wlxj	1	0	23469	物理学家	43
wlxy	1	0	23192	文理学院	40
wlxz	1	0	23467	物理性质	49
wly	2	3	23451	武连元	47
wly	2	3	23450	五粮液	48
wlys	1	0	22989	微量元素	48
wlyx	1	0	22684	网络游戏	45
wlz	1	0	23459	武林中	47
wm	39	15	23278	我们	23
wm	39	15	23196	文明	34
wm	39	15	22558	外面	36
wm	39	15	22807	万亩	37
wm	39	15	23478	午门	37
wm	39	15	22556	外贸	39
wm	39	15	22801	完美	40
wm	39	15	23197	闻名	40
wm	39	15	22994	未免	41
wm	39	15	23476	舞美	42
wm	39	15	22998	为民	43
wm	39	15	22999	为名	43
wm	39	15	22691	网民	44
wm	39	15	22557	外貌	45
wm	39	15	22692	王明	45
wm	39	15	22805	万名	45
wm	39	15	23483	五名	45
wm	39	15	22685	王莽	46
wm	39	15	22993	微米	46
wm	39	15	22995	卫冕	46
wm	39	15	22997	微妙	46
wm	39	15	23000	威名	46
wm	39	15	23001	帷幕	46
wm	39	15	23479	五门	46
wm	39	15	23484	无名	46
wm	39	15	22804	万民	47
wm	39	15	23475	武麻	47
wm	39	15	22992	威猛	48
wm	39	15	23194	文盲	48
wm	39	15	23477	妩媚	48
wm	39	15	23481	屋面	48
wm	39	15	22996	未眠	49
wm	39	15	23198	问明	49
wm	39	15	22693	亡命	50
wm	39	15	22803	万米	50
wm	39	15	22806	玩命	50
wm	39	15	23195	文秘	50
wm	39	15	23480	屋门	50
wm	39	15	23482	诬蔑	50
wmgg	1	0	23199	文明古国	50
wmk	1	0	22690	王梦奎	47
wml	1	0	22687	王茂林	47
wmr	1	0	22688	王茂润	47
wms	1	0	23200	文明史	50
wmx	3	4	23485	吴摩西	43
wmx	3	4	22689	王梅祥	47
wmx	3	4	23002	尉沐昕	47
wmy	2	3	22802	万美元	38
wmy	2	3	22686	王满银	49
wmys	1	0	23201	闻名于世	49
wmzw	1	0	23202	闻名中外	46
wn	19	12	23491	五年	35
wn	19	12	23203	温暖	39
wn	19	12	23486	无奈	39
wn	19	12	23006	未能	40
wn	19	12	22811	万年	41
wn	19	12	22812	晚年	41
wn	19	12	22694	往年	43
wn	19	12	23003	危难	43
wn	19	12	23488	无能	44
wn	19	12	23004	为难	45
wn	19	12	23487	屋内	46
wn	19	12	23493	毋宁	46
wn	19	12	22813	玩弄	47
wn	19	12	22810	万能	48
wn	19	12	23494	务农	48
wn	19	12	22808	皖南	49
wn	19	12	23279	窝囊	49
wn	19	12	23280	蜗牛	49
wn	19	12	23490	污泥	49
wnjh	1	0	23492	五年计划	48
wnrc	1	0	23204	温暖如春	49
wnrl	1	0	23005	委内瑞拉	44
wns	2	3	23007	威尼斯	45
wns	2	3	22695	王宁生	47
wnsb	1	0	22809	皖南事变	50
wnwl	1	0	23489	无能为力	46
wp	13	10	23497	物品	40
wp	13	10	22559	外皮	44
wp	13	10	23008	委派	44
wp	13	10	23205	文凭	44
wp	13	10	22702	王平	45
wp	13	10	22560	外婆	46
wp	13	10	22814	顽皮	47
wp	13	10	23009	危品	47
wp	13	10	22701	王牌	48
wp	13	10	23498	五品	48
wp	13	10	23281	窝棚	49
wp	13	10	22875	瓦片	50
wp	13	10	23495	五派	50
wpf	1	0	23496	吴佩孚	47
wpfm	1	0	22815	万平方米	38
wq	37	14	22823	完全	30
wq	37	14	23499	武器	33
wq	37	14	22816	晚期	40
wq	37	14	22822	弯曲	40
wq	37	14	23013	围墙	40
wq	37	14	22703	往前	41
wq	37	14	23010	为期	41
wq	37	14	23016	委屈	41
wq	37	14	22706	望去	42
wq	37	14	22818	顽强	42
wq	37	14	23505	无穷	42
wq	37	14	23206	问起	43
wq	37	14	23208	温泉	43
wq	37	14	22561	外企	44
wq	37	14	23011	尾鳍	44
wq	37	14	23012	围棋	44
wq	37	14	23501	五千	44
wq	37	14	22704	网球	45
wq	37	14	23503	无情	45
wq	37	14	23509	误区	45
wq	37	14	22821	晚清	46
wq	37	14	22562	外戚	47
wq	37	14	22707	王权	47
wq	37	14	22708	忘却	47
wq	37	14	23500	雾气	47
wq	37	14	23511	无权	47
wq	37	14	22563	外墙	48
wq	37	14	22564	外侨	48
wq	37	14	22565	歪曲	48
wq	37	14	23014	畏怯	48
wq	37	14	22817	万千	49
wq	37	14	23510	舞曲	49
wq	37	14	23017	维权	50
wq	37	14	23018	围裙	50
wq	37	14	23207	温情	50
wq	37	14	23508	务求	50
wq	37	14	23512	物权	50
wqb	1	0	23504	武清伯	48
wqd	1	0	23506	无穷的	49
wqh	1	0	23015	魏清慧	47
wqm	1	0	22819	万千米	47
wqn	1	0	23502	五千年	50
wqtx	1	0	23507	无期徒刑	50
wqw	1	0	22820	万千瓦	42
wqy	1	0	22705	王琦瑶	38
wr	17	11	23513	污染	37
wr	17	11	23516	无人	37
wr	17	11	23019	围绕	38
wr	17	11	23022	微软	39
wr	17	11	22826	宛如	41
wr	17	11	23211	温柔	41
wr	17	11	22566	外人	42
wr	17	11	23210	文人	42
wr	17	11	22711	往日	43
wr	17	11	23024	微弱	43
wr	17	11	23522	侮辱	45
wr	17	11	23209	温热	46
wr	17	11	23020	委任	47
wr	17	11	23021	伟人	48
wr	17	11	23520	五日	48
wr	17	11	22824	宛然	50
wr	17	11	23517	武人	50
wrc	1	0	22825	万人次	43
wrf	1	0	22712	王瑞芬	47
wrgs	1	0	23023	微软公司	46
wrh	1	0	22714	王若涵	47
wrj	1	0	23518	无人机	44
wrl	1	0	22713	王瑞领	49
wrm	1	0	22709	王仁美	50
wrt	1	0	23521	乌日图	47
wrw	2	3	23514	污染物	45
wrw	2	3	23519	误认为	49
wry	2	3	23523	吴汝义	44
wry	2	3	23515	污染源	50
wrz	1	0	22710	王任重	46
ws	75	17	22827	完善	33
ws	75	17	22829	晚上	34
ws	75	17	23028	卫生	35
ws	75	17	22837	万岁	37
ws	75	17	22715	网上	38
ws	75	17	23042	为首	38
ws	75	17	23550	无数	38
ws	75	17	23217	文书	40
ws	75	17	23538	武士	40
ws	75	17	22567	外商	41
ws	75	17	22718	王室	41
ws	75	17	23562	武松	41
ws	75	17	23212	问世	42
ws	75	17	23527	无色	42
ws	75	17	23536	无声	42
ws	75	17	22571	外事	43
ws	75	17	22717	旺盛	43
ws	75	17	22719	往事	43
ws	75	17	23038	卫士	43
ws	75	17	23283	卧室	43
ws	75	17	23539	五十	43
ws	75	17	23540	务实	43
ws	75	17	23551	武术	43
ws	75	17	23558	五四	43
ws	75	17	23029	为生	44
ws	75	17	23043	为数	44
ws	75	17	23282	我省	44
ws	75	17	23556	污水	44
ws	75	17	23048	萎缩	45
ws	75	17	23213	纹饰	45
ws	75	17	23285	握手	45
ws	75	17	23532	巫山	45
ws	75	17	22832	万世	46
ws	75	17	22833	万事	46
ws	75	17	23026	为啥	46
ws	75	17	23027	威慑	46
ws	75	17	23214	文史	46
ws	75	17	23215	温室	46
ws	75	17	23284	我市	46
ws	75	17	23541	物事	46
ws	75	17	22569	外甥	47
ws	75	17	22835	玩耍	47
ws	75	17	23039	委实	47
ws	75	17	23542	五世	47
ws	75	17	23559	无私	47
ws	75	17	22570	外省	48
ws	75	17	22831	晚生	48
ws	75	17	23030	尾声	48
ws	75	17	23040	威势	48
ws	75	17	23218	温水	48
ws	75	17	23220	文说	48
ws	75	17	23528	五色	48
ws	75	17	23543	巫师	48
ws	75	17	23544	无视	48
ws	75	17	23560	乌斯	48
ws	75	17	23564	五岁	48
ws	75	17	22568	外伤	49
ws	75	17	22876	瓦斯	49
ws	75	17	23041	卫视	49
ws	75	17	23046	尾随	49
ws	75	17	23529	物色	49
ws	75	17	23545	午时	49
ws	75	17	23552	巫术	49
ws	75	17	23553	无双	49
ws	75	17	22572	外孙	50
ws	75	17	22828	万山	50
ws	75	17	22830	腕上	50
ws	75	17	23045	渭水	50
ws	75	17	23047	未遂	50
ws	75	17	23049	畏缩	50
ws	75	17	23219	温顺	50
ws	75	17	23533	无上	50
ws	75	17	23534	误伤	50
ws	75	17	23557	无水	50
ws	75	17	23566	无损	50
wsb	1	0	23031	卫生部	43
wsbd	2	3	23044	为数不多	48
wsbd	2	3	23221	纹丝不动	49
wsc	1	0	23555	无数次	46
wsd	1	0	22722	王宋大	47
wsg	2	3	23524	吴三桂	37
wsg	2	3	22834	万寿羹	47
wsj	2	3	23032	卫生间	49
wsj	2	3	23033	卫生局	49
wsk	1	0	23563	吴淞口	46
wsl	1	0	23546	五十两	49
wslj	1	0	23565	乌苏里江	50
wsm	2	3	23037	为什么	32
wsm	2	3	23531	乌纱帽	50
wsn	1	0	23547	五十年	48
wsq	1	0	23554	无霜期	43
wsr	2	3	22720	王守仁	43
wsr	2	3	22716	王尚荣	47
wss	3	4	23034	维生素	39
wss	3	4	22721	王树声	46
wss	3	4	23548	五十岁	49
wssc	1	0	23567	无所适从	50
wst	3	4	23530	五色土	43
wst	3	4	23525	武三通	49
wst	3	4	23025	维森特	50
wsw	3	4	23035	微生物	42
wsw	3	4	23568	无所谓	45
wsw	3	4	23549	五十万	50
wswj	1	0	23569	无所畏惧	48
wsww	1	0	23222	闻所未闻	50
wswx	1	0	23537	无声无息	48
wsx	1	0	23535	吴少勋	47
wsy	1	0	23036	卫生院	48
wsyd	2	3	23561	五四运动	41
wsyd	2	3	23526	五卅运动	47
wsys	1	0	22836	万死一生	49
wsyw	1	0	23050	为所欲为	47
wsz	1	0	23216	闻世震	47
wt	24	13	23225	问题	25
wt	24	13	23053	委托	38
wt	24	13	23570	舞台	38
wt	24	13	23572	物体	39
wt	24	13	22576	外头	44
wt	24	13	22725	妄图	44
wt	24	13	22839	顽童	44
wt	24	13	23226	文体	45
wt	24	13	22838	万台	46
wt	24	13	22840	万头	46
wt	24	13	23224	文坛	46
wt	24	13	23573	五天	46
wt	24	13	23052	卫铁	47
wt	24	13	23230	稳妥	47
wt	24	13	23574	五条	48
wt	24	13	22573	外滩	49
wt	24	13	22574	外套	49
wt	24	13	23579	无头	49
wt	24	13	23580	乌头	49
wt	24	13	22575	外逃	50
wt	24	13	22877	瓦特	50
wt	24	13	23051	为题	50
wt	24	13	23576	舞厅	50
wt	24	13	23578	梧桐	50
wtb	1	0	23581	乌托邦	50
wtf	1	0	23577	伍廷芳	47
wth	1	0	23286	渥太华	50
wtj	1	0	23575	无条件	47
wtk	1	0	22724	王铁口	50
wtl	2	3	23223	文泰来	45
wtl	2	3	22723	王太岚	47
wtr	2	3	23054	委托人	46
wtr	2	3	23229	温体仁	49
wts	3	4	23571	五台山	45
wts	3	4	23055	委托书	46
wts	3	4	23228	文廷式	47
wtx	1	0	23227	文天祥	48
ww	36	14	22730	往往	33
ww	36	14	23232	文物	35
ww	36	14	23059	微微	37
ww	36	14	23233	文武	40
ww	36	14	22841	万万	41
ww	36	14	22878	娃娃	41
ww	36	14	22732	王位	42
ww	36	14	22845	万物	42
ww	36	14	22577	外围	43
ww	36	14	22578	外文	43
ww	36	14	22731	望望	43
ww	36	14	22844	万尾	44
ww	36	14	22881	瓦屋	44
ww	36	14	23061	慰问	44
ww	36	14	23231	问问	44
ww	36	14	23057	威望	45
ww	36	14	23062	威武	45
ww	36	14	23158	嗡嗡	45
ww	36	14	22879	哇哇	46
ww	36	14	23056	委婉	47
ww	36	14	23058	危亡	47
ww	36	14	23060	魏巍	47
ww	36	14	23582	屋外	47
ww	36	14	23583	五万	47
ww	36	14	23584	无望	47
ww	36	14	23586	无畏	47
ww	36	14	23587	无为	47
ww	36	14	23588	五位	47
ww	36	14	22733	妄为	48
ww	36	14	22842	玩玩	48
ww	36	14	23589	无谓	48
ww	36	14	23590	武威	48
ww	36	14	23592	无误	48
ww	36	14	23591	无味	49
ww	36	14	23063	为伍	50
ww	36	14	23593	无物	50
wwbg	1	0	23234	文武百官	42
wwc	1	0	22734	王维城	47
wwe	1	0	23064	维吾尔	47
wwez	1	0	23065	维吾尔族	41
wwqq	1	0	22843	弯弯曲曲	50
wwr	1	0	23585	吴婉容	50
wwsg	1	0	23066	唯物史观	50
wwy	3	4	22736	王纬宇	43
wwy	3	4	22880	娃娃鱼	46
wwy	3	4	22735	王维扬	49
wwys	1	0	22846	万无一失	48
wwzy	1	0	23067	唯物主义	45
wx	52	16	23238	文学	33
wx	52	16	23070	危险	36
wx	52	16	23074	微笑	36
wx	52	16	23078	威胁	36
wx	52	16	23082	卫星	37
wx	52	16	23087	维修	39
wx	52	16	23235	文献	39
wx	52	16	23596	无限	39
wx	52	16	23609	五行	41
wx	52	16	23287	我校	42
wx	52	16	22582	外形	43
wx	52	16	23290	我行	43
wx	52	16	23597	无线	43
wx	52	16	23606	无效	43
wx	52	16	23620	无须	43
wx	52	16	22850	万向	44
wx	52	16	22851	玩笑	44
wx	52	16	23075	微小	44
wx	52	16	23080	威信	44
wx	52	16	23594	无锡	44
wx	52	16	23610	无形	44
wx	52	16	23068	苇席	45
wx	52	16	23243	闻讯	45
wx	52	16	23598	诬陷	45
wx	52	16	23608	无心	45
wx	52	16	23621	无需	45
wx	52	16	22580	外校	46
wx	52	16	22738	妄想	46
wx	52	16	23076	卫校	46
wx	52	16	23081	维新	46
wx	52	16	23083	微型	46
wx	52	16	23236	温馨	46
wx	52	16	23288	我心	46
wx	52	16	23599	五县	46
wx	52	16	23602	五项	46
wx	52	16	22847	惋惜	47
wx	52	16	22849	万线	47
wx	52	16	23069	维系	47
wx	52	16	23237	文选	47
wx	52	16	23595	无暇	47
wx	52	16	23611	五星	47
wx	52	16	22581	外销	48
wx	52	16	23071	为先	48
wx	52	16	23600	吴县	48
wx	52	16	23622	无序	48
wx	52	16	23623	务须	48
wx	52	16	23625	武学	48
wx	52	16	22737	往昔	49
wx	52	16	22848	晚霞	49
wx	52	16	23612	无性	49
wx	52	16	23291	斡旋	50
wx	52	16	23613	悟性	50
wxb	2	3	23077	韦小宝	32
wxb	2	3	22740	王小波	49
wxbf	1	0	23624	戊戌变法	49
wxc	1	0	23088	魏学曾	48
wxcd	1	0	23289	卧薪尝胆	46
wxd	2	3	23601	无线电	41
wxd	2	3	22741	王晓东	44
wxf	1	0	22742	汪啸风	50
wxg	2	3	22744	汪习根	47
wxg	2	3	23614	吴新刚	48
wxhq	1	0	23615	五星红旗	43
wxj	5	6	23239	文学家	46
wxj	5	6	23084	魏兴郡	47
wxj	5	6	22745	王锡爵	48
wxj	5	6	23616	五星级	49
wxj	5	6	23240	文学奖	50
wxl	3	4	22743	王小兰	47
wxl	3	4	22746	王希烈	47
wxl	3	4	23079	威胁论	48
wxp	2	3	22749	王学萍	47
wxp	2	3	23085	维新派	49
wxq	1	0	23604	无限期	50
wxr	2	3	23605	吴县人	49
wxr	2	3	22583	外星人	50
wxs	3	4	23241	文学史	46
wxs	3	4	23626	武穴市	47
wxs	3	4	23618	无锡市	50
wxt	1	0	22747	王新亭	47
wxw	2	3	23619	武修文	44
wxw	2	3	22852	万学文	47
wxx	4	6	22579	外向型	45
wxx	4	6	23603	吴香香	46
wxx	4	6	22739	王祥喜	47
wxx	4	6	23073	危险性	47
wxxs	1	0	23607	武侠小说	49
wxy	2	3	22853	万学远	47
wxy	2	3	23242	文学院	50
wxz	3	4	23072	韦香主	46
wxz	3	4	23617	无形中	49
wxz	3	4	22748	王羲之	50
wxzy	1	0	23086	唯心主义	46
wy	62	17	23101	位于	30
wy	62	17	23102	委员	32
wy	62	17	22867	万元	33
wy	62	17	23093	唯一	35
wy	62	17	22752	网页	37
wy	62	17	23246	文艺	37
wy	62	17	23637	五一	38
wy	62	17	23638	无疑	38
wy	62	17	22753	王爷	39
wy	62	17	22760	网友	39
wy	62	17	22860	万一	40
wy	62	17	23660	五月	40
wy	62	17	22588	外语	41
wy	62	17	23094	惟一	41
wy	62	17	23639	武艺	41
wy	62	17	22854	蜿蜒	42
wy	62	17	22866	万余	42
wy	62	17	23640	无意	42
wy	62	17	22589	外援	43
wy	62	17	23089	威严	43
wy	62	17	23098	唯有	43
wy	62	17	23641	无异	43
wy	62	17	23661	五岳	43
wy	62	17	23664	乌云	43
wy	62	17	23099	惟有	44
wy	62	17	23100	未有	44
wy	62	17	23642	无以	44
wy	62	17	22858	弯腰	45
wy	62	17	23652	无用	45
wy	62	17	22585	外衣	46
wy	62	17	22751	汪洋	46
wy	62	17	23627	乌鸦	46
wy	62	17	23628	无言	46
wy	62	17	23634	呜咽	46
wy	62	17	23643	吴仪	46
wy	62	17	23644	无益	46
wy	62	17	23657	无缘	46
wy	62	17	22861	玩意	47
wy	62	17	23095	位移	47
wy	62	17	23096	尾翼	47
wy	62	17	23247	瘟疫	47
wy	62	17	23629	屋檐	47
wy	62	17	23635	物业	47
wy	62	17	23636	午夜	47
wy	62	17	23656	乌鱼	47
wy	62	17	22587	外用	48
wy	62	17	23091	喂养	48
wy	62	17	23105	违约	48
wy	62	17	23654	无忧	48
wy	62	17	23662	吴越	48
wy	62	17	22584	外延	49
wy	62	17	22755	网易	49
wy	62	17	23090	围堰	49
wy	62	17	23244	文雅	49
wy	62	17	23245	文言	49
wy	62	17	23292	握有	49
wy	62	17	23630	无恙	49
wy	62	17	23653	吴用	49
wy	62	17	22586	外阴	50
wy	62	17	22761	网游	50
wy	62	17	22855	完颜	50
wy	62	17	22859	丸药	50
wyb	1	0	22864	万英镑	49
wyd	2	3	23248	闻一多	43
wyd	2	3	23647	武英殿	46
wye	2	3	22862	玩意儿	46
wye	2	3	22863	玩艺儿	50
wyf	2	3	22756	王伊锋	47
wyf	2	3	22758	王英凡	47
wyfx	1	0	23249	文艺复兴	45
wyg	1	0	23252	文渊阁	45
wyh	2	3	23103	委员会	28
wyh	2	3	23658	吴元华	49
wyj	4	6	22762	望远镜	43
wyj	4	6	23250	文艺界	48
wyj	4	6	23645	无意间	49
wyj	4	6	23106	违约金	50
wyk	1	0	22856	完颜康	49
wyl	1	0	22764	王云龙	47
wylb	1	0	23663	无与伦比	47
wyls	1	0	23631	五颜六色	50
wylw	1	0	23646	无一例外	50
wym	1	0	22757	王以铭	47
wyn	2	3	23092	维也纳	42
wyn	2	3	22750	王亚南	47
wyp	1	0	22857	完颜萍	48
wyq	1	0	22754	王冶秋	49
wys	2	3	23632	吴燕生	47
wys	2	3	23650	武夷山	48
wyw	1	0	23251	文右武	49
wywg	1	0	23659	无缘无故	49
wywl	1	0	23655	无忧无虑	50
wywz	1	0	23648	无影无踪	46
wyx	2	3	23649	吴应熊	46
wyx	2	3	23097	韦一笑	47
wyy	2	3	22759	王永炎	47
wyy	2	3	23651	无异于	47
wyyl	1	0	22865	万有引力	50
wyz	3	4	23104	委员长	35
wyz	3	4	22765	王玉珍	47
wyz	3	4	22763	王元章	48
wyzq	1	0	23633	乌烟瘴气	48
wz	65	17	23120	为主	31
wz	65	17	23114	位置	33
wz	65	17	23671	物质	33
wz	65	17	23255	文章	34
wz	65	17	22766	网站	35
wz	65	17	23261	文字	35
wz	65	17	23684	武装	35
wz	65	17	22869	完整	36
wz	65	17	22593	外资	38
wz	65	17	23688	物资	38
wz	65	17	23115	为止	39
wz	65	17	23689	屋子	39
wz	65	17	22591	外长	41
wz	65	17	23690	兀自	41
wz	65	17	22774	王子	43
wz	65	17	23109	为着	43
wz	65	17	23110	围着	43
wz	65	17	23116	未知	43
wz	65	17	23124	为准	43
wz	65	17	23293	握住	43
wz	65	17	23118	为重	44
wz	65	17	23121	围住	44
wz	65	17	23122	伪装	44
wz	65	17	23259	温州	44
wz	65	17	23672	无知	44
wz	65	17	23677	物种	44
wz	65	17	22590	外债	45
wz	65	17	23257	文中	45
wz	65	17	22770	王者	46
wz	65	17	22771	网址	46
wz	65	17	22882	袜子	46
wz	65	17	23107	伪造	46
wz	65	17	23113	为政	46
wz	65	17	23125	位子	46
wz	65	17	23256	文职	46
wz	65	17	23262	蚊子	46
wz	65	17	23669	五丈	46
wz	65	17	23678	五种	46
wz	65	17	23679	五中	46
wz	65	17	23694	五座	46
wz	65	17	22592	外传	47
wz	65	17	22874	婉转	47
wz	65	17	23111	违者	47
wz	65	17	23260	稳住	47
wz	65	17	23673	五指	47
wz	65	17	23674	武职	47
wz	65	17	23682	捂住	47
wz	65	17	23693	无罪	47
wz	65	17	22775	王族	48
wz	65	17	23108	违章	48
wz	65	17	23123	围追	48
wz	65	17	23258	稳重	48
wz	65	17	22773	网状	49
wz	65	17	22872	万种	49
wz	65	17	22883	娃子	49
wz	65	17	23112	威震	49
wz	65	17	23263	文宗	49
wz	65	17	23665	五脏	49
wz	65	17	23683	无助	49
wz	65	17	22868	万丈	50
wz	65	17	22873	万州	50
wz	65	17	23126	苇子	50
wz	65	17	23127	围坐	50
wz	65	17	23254	文摘	50
wz	65	17	23670	乌镇	50
wzbd	1	0	23685	武装部队	46
wzbk	1	0	23691	乌兹别克	50
wzf	1	0	22594	外祖父	49
wzg	1	0	22768	王兆国	46
wzj	1	0	22769	王昭君	46
wzlf	1	0	23666	五脏六腑	50
wzll	1	0	23686	武装力量	39
wzm	1	0	22595	外祖母	46
wzqh	1	0	23680	五中全会	47
wzqy	1	0	23687	武装起义	44
wzqz	1	0	23695	无足轻重	50
wzr	3	4	22776	王作荣	47
wzr	3	4	23667	伍增荣	47
wzr	3	4	23675	吴之荣	48
wzs	4	6	22767	王长顺	46
wzs	4	6	22777	王佐书	47
wzs	4	6	22871	万震山	47
wzs	4	6	23117	未知数	49
wzsy	1	0	23681	无中生有	50
wzt	1	0	23668	武则天	47
wzwm	1	0	23676	物质文明	48
wzx	4	6	23119	魏忠贤	43
wzx	4	6	23692	伍子胥	45
wzx	4	6	22778	王祖训	47
wzx	4	6	22870	完整性	50
wzz	1	0	22772	王治郅	48
wzzf	1	0	23253	文责自负	43
xa	11	10	23767	西安	37
xa	11	10	23746	喜爱	40
xa	11	10	23768	西岸	42
xa	11	10	24643	心爱	45
xa	11	10	23696	狭隘	47
xa	11	10	23769	酰胺	48
xa	11	10	24690	性爱	48
xa	11	10	23807	相爱	50
xa	11	10	23808	香案	50
xa	11	10	24692	兴安	50
xa	11	10	25493	巡按	50
xag	1	0	24488	谢爱光	50
xald	1	0	24647	心安理得	50
xaq	1	0	23770	咸安区	47
xas	1	0	24092	西安市	48
xasb	1	0	24096	西安事变	47
xb	48	15	25276	宣布	33
xb	48	15	24455	细胞	34
xb	48	15	24460	西北	34
xb	48	15	24472	西部	34
xb	48	15	23811	相比	36
xb	48	15	24701	刑部	38
xb	48	15	25274	选拔	39
xb	48	15	24466	西边	40
xb	48	15	24697	性别	41
xb	48	15	23771	鲜卑	42
xb	48	15	23812	想必	42
xb	48	15	25367	雪白	42
xb	48	15	23698	下班	43
xb	48	15	23703	下边	44
xb	48	15	23704	下部	44
xb	48	15	24162	小贝	44
xb	48	15	25054	胸部	44
xb	48	15	24648	新版	45
xb	48	15	24696	兴办	45
xb	48	15	25165	修补	45
xb	48	15	23697	下巴	46
xb	48	15	23773	宪兵	46
xb	48	15	23810	湘北	46
xb	48	15	24652	新兵	46
xb	48	15	24699	性病	46
xb	48	15	23809	相伴	47
xb	48	15	24651	新编	47
xb	48	15	25494	巡捕	47
xb	48	15	24164	小便	48
xb	48	15	24469	稀薄	48
xb	48	15	23772	先辈	49
xb	48	15	24160	小包	49
xb	48	15	24489	协办	49
xb	48	15	24653	心病	49
xb	48	15	24700	兴兵	49
xb	48	15	25368	雪崩	49
xb	48	15	23702	下笔	50
xb	48	15	23813	相变	50
xb	48	15	23814	香槟	50
xb	48	15	24161	小宝	50
xb	48	15	24163	小辈	50
xb	48	15	24467	溪边	50
xb	48	15	24490	写本	50
xb	48	15	24649	心包	50
xb	48	15	24650	信报	50
xb	48	15	24654	信步	50
xb	48	15	25275	悬臂	50
xb	48	15	25369	学部	50
xbb	3	4	24461	西北部	39
xbb	3	4	24698	性别比	46
xbb	3	4	24456	细胞壁	49
xbc	2	3	23699	下半场	42
xbc	2	3	24159	小白菜	47
xbd	1	0	23816	想不到	41
xbdq	1	0	24462	西北地区	46
xbf	2	3	24464	西北风	49
xbf	2	3	24463	西北方	50
xbh	1	0	24457	细胞核	48
xbj	1	0	24465	西北角	49
xbly	1	0	24470	西伯利亚	43
xbm	2	3	24468	西便门	45
xbm	2	3	24458	细胞膜	49
xbn	1	0	23700	下半年	42
xbp	1	0	24451	西柏坡	47
xbt	1	0	24702	行不通	49
xby	2	3	24452	西班牙	37
xby	2	3	23701	下半叶	47
xbyr	1	0	24453	西班牙人	45
xbyy	1	0	24454	西班牙语	48
xbz	2	3	24471	锡伯族	46
xbz	2	3	24459	细胞质	49
xbzx	1	0	23815	相比之下	46
xbzy	1	0	24655	心不在焉	48
xc	77	17	24706	形成	28
xc	77	17	25279	宣传	35
xc	77	17	23776	现场	36
xc	77	17	23827	乡村	38
xc	77	17	24173	消除	38
xc	77	17	25278	选出	38
xc	77	17	23783	现存	39
xc	77	17	23777	县城	40
xc	77	17	23818	乡长	40
xc	77	17	25496	寻常	40
xc	77	17	23817	相差	41
xc	77	17	24172	小吃	41
xc	77	17	24473	西侧	41
xc	77	17	23825	相处	42
xc	77	17	23826	相传	42
xc	77	17	24491	写成	42
xc	77	17	24493	写出	42
xc	77	17	24660	新城	42
xc	77	17	24707	行程	42
xc	77	17	23713	下次	43
xc	77	17	23775	献策	43
xc	77	17	23780	显出	43
xc	77	17	24174	小船	43
xc	77	17	24477	西城	43
xc	77	17	24661	薪酬	43
xc	77	17	25166	秀才	43
xc	77	17	25277	宣称	43
xc	77	17	23705	下层	44
xc	77	17	23709	下车	44
xc	77	17	23781	现出	44
xc	77	17	24171	小城	44
xc	77	17	24474	细长	44
xc	77	17	23778	现成	45
xc	77	17	23824	相持	45
xc	77	17	24478	戏称	45
xc	77	17	24657	心肠	45
xc	77	17	24665	新村	45
xc	77	17	23706	狭长	46
xc	77	17	23707	下场	46
xc	77	17	23710	下沉	46
xc	77	17	23712	下垂	46
xc	77	17	24175	哮喘	46
xc	77	17	24663	新春	46
xc	77	17	24710	行刺	46
xc	77	17	23782	献出	47
xc	77	17	23820	响彻	47
xc	77	17	23821	相称	47
xc	77	17	24166	小肠	47
xc	77	17	24168	小车	47
xc	77	17	24703	刑场	47
xc	77	17	24704	行车	47
xc	77	17	25359	许昌	47
xc	77	17	25497	训斥	47
xc	77	17	24176	小村	48
xc	77	17	24479	析出	48
xc	77	17	24662	辛丑	48
xc	77	17	23774	仙草	49
xc	77	17	24169	消沉	49
xc	77	17	24480	西川	49
xc	77	17	24656	心裁	49
xc	77	17	24711	幸存	49
xc	77	17	25171	羞耻	49
xc	77	17	25172	修辞	49
xc	77	17	23711	下城	50
xc	77	17	23779	线虫	50
xc	77	17	23819	香肠	50
xc	77	17	24170	小臣	50
xc	77	17	24492	挟持	50
xc	77	17	24658	新潮	50
xc	77	17	24705	星辰	50
xc	77	17	24709	腥臭	50
xc	77	17	25055	凶残	50
xc	77	17	25167	羞惭	50
xc	77	17	25168	修长	50
xc	77	17	25169	修成	50
xc	77	17	25370	学成	50
xc	77	17	25495	巡查	50
xcb	1	0	25280	宣传部	46
xcbz	1	0	25281	宣传部长	50
xcc	1	0	24708	兴冲冲	48
xcd	2	3	24475	西朝东	47
xcd	2	3	23708	狭长的	50
xcdx	1	0	24659	新陈代谢	46
xcf	1	0	24476	西朝房	49
xcl	1	0	25056	熊赐履	48
xcp	1	0	25360	畜产品	49
xcq	1	0	23822	襄城区	42
xct	1	0	25170	修承天	47
xcww	1	0	24481	喜出望外	47
xcx	2	3	24167	孝昌县	47
xcx	2	3	25371	薛传薪	47
xcy	1	0	24664	信春鹰	47
xcyx	1	0	23823	响彻云霄	49
xcz	2	3	24165	小册子	49
xcz	2	3	24712	幸存者	49
xd	73	17	25364	许多	28
xd	73	17	23784	现代	32
xd	73	17	24715	行动	32
xd	73	17	25057	兄弟	32
xd	73	17	23829	相当	34
xd	73	17	23832	想到	34
xd	73	17	23839	相对	34
xd	73	17	23790	显得	35
xd	73	17	24499	协定	37
xd	73	17	23835	相等	39
xd	73	17	24494	携带	39
xd	73	17	23795	限度	40
xd	73	17	24180	晓得	40
xd	73	17	25372	穴道	40
xd	73	17	23714	下达	41
xd	73	17	23718	下跌	41
xd	73	17	23837	向东	41
xd	73	17	24182	小弟	41
xd	73	17	24497	写道	42
xd	73	17	24672	心底	42
xd	73	17	25176	修订	42
xd	73	17	25285	宣读	42
xd	73	17	24666	信贷	43
xd	73	17	25284	选定	43
xd	73	17	24177	小岛	44
xd	73	17	24185	消毒	44
xd	73	17	24673	新堤	44
xd	73	17	25373	学到	44
xd	73	17	23791	贤弟	45
xd	73	17	23792	献帝	45
xd	73	17	23794	限定	45
xd	73	17	23828	相待	45
xd	73	17	25282	宣德	45
xd	73	17	25374	雪地	45
xd	73	17	23788	咸蛋	46
xd	73	17	23793	先帝	46
xd	73	17	23833	向导	46
xd	73	17	24674	心地	46
xd	73	17	23716	吓倒	47
xd	73	17	23717	下地	47
xd	73	17	23838	响动	47
xd	73	17	24183	小店	47
xd	73	17	24186	小队	47
xd	73	17	24483	西德	47
xd	73	17	24485	吸毒	47
xd	73	17	24667	信道	47
xd	73	17	24669	心得	47
xd	73	17	24676	心动	47
xd	73	17	23715	夏代	48
xd	73	17	23789	先导	48
xd	73	17	24178	小刀	48
xd	73	17	24179	小道	48
xd	73	17	24482	西单	48
xd	73	17	24484	洗涤	48
xd	73	17	24500	亵渎	48
xd	73	17	24668	心道	48
xd	73	17	24713	幸得	48
xd	73	17	24714	星等	48
xd	73	17	25173	修道	48
xd	73	17	25283	悬吊	48
xd	73	17	23722	下毒	49
xd	73	17	24486	西段	49
xd	73	17	24498	鞋底	49
xd	73	17	25498	训导	49
xd	73	17	23719	下定	50
xd	73	17	23723	下肚	50
xd	73	17	23724	下端	50
xd	73	17	23836	相抵	50
xd	73	17	24184	小调	50
xd	73	17	24487	西端	50
xd	73	17	24495	懈怠	50
xd	73	17	25174	嗅到	50
xd	73	17	25363	许都	50
xdc	1	0	25362	蓄电池	48
xdd	1	0	23834	想得到	48
xdg	3	4	25177	修订稿	49
xdg	3	4	25499	寻杜谷	49
xdg	3	4	24670	信得过	50
xdh	1	0	23785	现代化	34
xdjs	1	0	25058	凶多吉少	50
xdjx	1	0	23720	下定决心	48
xdl	2	3	23840	相对论	44
xdl	2	3	24671	新德里	48
xdn	2	3	25365	许多年	47
xdn	2	3	23830	想当年	49
xdr	1	0	23786	现代人	46
xds	1	0	23725	下毒手	48
xdt	1	0	24675	心电图	50
xdy	4	6	23831	相当于	39
xdy	4	6	23721	夏斗寅	47
xdy	4	6	24496	谢丹阳	47
xdy	4	6	25175	修道院	49
xdz	3	4	24181	小德子	48
xdz	3	4	25361	胥德章	49
xdz	3	4	25366	许多种	49
xdzy	1	0	23787	现代主义	49
xe	9	9	24188	小儿	43
xe	9	9	23796	险恶	44
xe	9	9	23841	湘鄂	44
xe	9	9	24502	谢恩	44
xe	9	9	23797	限额	45
xe	9	9	24716	幸而	45
xe	9	9	24501	邪恶	46
xe	9	9	25059	凶恶	46
xe	9	9	24187	小额	49
xesx	1	0	24717	形而上学	48
xex	1	0	25286	宣恩县	47
xeyj	1	0	23798	显而易见	46
xez	1	0	24189	小儿子	49
xf	63	17	23799	宪法	32
xf	63	17	24570	西方	34
xf	63	17	24195	消费	35
xf	63	17	23844	相反	36
xf	63	17	24722	幸福	36
xf	63	17	23843	想法	37
xf	63	17	24720	兴奋	37
xf	63	17	24575	媳妇	39
xf	63	17	25501	巡抚	40
xf	63	17	23802	先锋	41
xf	63	17	24685	信奉	41
xf	63	17	25375	学费	41
xf	63	17	25379	学府	41
xf	63	17	24718	刑罚	42
xf	63	17	23803	咸丰	43
xf	63	17	24686	新风	43
xf	63	17	24719	刑法	43
xf	63	17	25179	修复	43
xf	63	17	23846	厢房	44
xf	63	17	24201	小腹	44
xf	63	17	24688	心腹	44
xf	63	17	23726	下发	45
xf	63	17	23805	县府	45
xf	63	17	23845	襄樊	45
xf	63	17	23851	相符	45
xf	63	17	24569	稀饭	45
xf	63	17	24576	吸附	45
xf	63	17	24687	信封	45
xf	63	17	25287	旋风	45
xf	63	17	24572	西非	46
xf	63	17	25376	学分	46
xf	63	17	23728	下放	47
xf	63	17	23729	下方	47
xf	63	17	23850	相逢	47
xf	63	17	24191	小贩	47
xf	63	17	24192	消防	47
xf	63	17	24574	西风	47
xf	63	17	24681	新房	47
xf	63	17	25288	悬浮	47
xf	63	17	25377	学风	47
xf	63	17	25500	寻访	47
xf	63	17	24503	解法	48
xf	63	17	24573	细分	48
xf	63	17	24678	心法	48
xf	63	17	25060	雄风	48
xf	63	17	23847	相仿	49
xf	63	17	24190	效法	49
xf	63	17	24193	校方	49
xf	63	17	24194	效仿	49
xf	63	17	24196	小费	49
xf	63	17	24577	西服	49
xf	63	17	24679	新法	49
xf	63	17	24680	心烦	49
xf	63	17	24684	心肺	49
xf	63	17	25061	胸腹	49
xf	63	17	23727	下凡	50
xf	63	17	23800	掀翻	50
xf	63	17	23806	先父	50
xf	63	17	24504	写法	50
xf	63	17	24682	心房	50
xf	63	17	24689	信服	50
xf	63	17	25178	秀发	50
xf	63	17	25378	雪峰	50
xfd	1	0	24200	小分队	48
xfe	1	0	24578	媳妇儿	49
xfg	1	0	25461	徐复观	47
xfj	1	0	24721	兴奋剂	49
xfl	1	0	25380	学府路	44
xfp	1	0	24197	消费品	41
xfr	2	3	24571	西方人	46
xfr	2	3	24723	邢夫人	47
xfs	3	4	23849	襄樊市	46
xfs	3	4	25289	宣抚使	47
xfs	3	4	25290	宣抚司	47
xfsf	1	0	23848	想方设法	47
xfx	1	0	23804	咸丰县	47
xfxc	1	0	23852	相辅相成	49
xfyl	1	0	24683	心烦意乱	50
xfz	3	4	24198	消费者	37
xfz	3	4	24506	谢富治	46
xfz	3	4	24505	谢伏瞻	47
xfzl	1	0	24199	消费资料	48
xfzr	1	0	23801	先发制人	49
xg	47	15	23860	相关	31
xg	47	15	23855	香港	33
xg	47	15	24210	效果	35
xg	47	15	24582	习惯	35
xg	47	15	25180	修改	35
xg	47	15	23730	下岗	38
xg	47	15	24202	孝感	38
xg	47	15	24726	性格	38
xg	47	15	25291	宣告	38
xg	47	15	25293	悬挂	38
xg	47	15	25381	血管	40
xg	47	15	23732	峡谷	42
xg	47	15	23858	相公	42
xg	47	15	24693	新港	42
xg	47	15	24730	兴国	42
xg	47	15	23737	下锅	43
xg	47	15	24695	新高	43
xg	47	15	24579	膝盖	44
xg	47	15	24581	西瓜	44
xg	47	15	23738	下过	45
xg	47	15	23842	献给	45
xg	47	15	23857	相隔	45
xg	47	15	24207	小鬼	45
xg	47	15	24729	星光	45
xg	47	15	23733	下官	47
xg	47	15	23853	相干	47
xg	47	15	24507	写给	47
xg	47	15	24724	性感	47
xg	47	15	24727	行宫	47
xg	47	15	25292	选购	47
xg	47	15	25463	虚构	47
xg	47	15	25504	殉国	47
xg	47	15	23854	湘赣	48
xg	47	15	23859	香菇	48
xg	47	15	24211	小国	48
xg	47	15	24691	心肝	48
xg	47	15	24804	新股	48
xg	47	15	23735	霞光	49
xg	47	15	23736	下跪	49
xg	47	15	24206	小狗	49
xg	47	15	24580	西宫	49
xg	47	15	25502	训诂	49
xg	47	15	23734	下关	50
xg	47	15	23954	仙姑	50
xg	47	15	23955	县官	50
xg	47	15	23956	闲逛	50
xg	47	15	23957	显贵	50
xgcl	1	0	24725	兴高采烈	46
xgd	1	0	25462	徐高栋	47
xgdj	1	0	25503	循规蹈矩	50
xgf	1	0	23731	下功夫	47
xgn	2	3	24209	小姑娘	42
xgn	2	3	24728	性功能	48
xgp	1	0	24203	小钢炮	47
xgqy	1	0	24694	心甘情愿	47
xgr	1	0	24204	孝感人	47
xgs	1	0	24205	孝感市	39
xgtq	1	0	23856	香港特区	48
xgx	1	0	24583	习惯性	50
xgy	1	0	24584	习惯于	46
xgz	1	0	24208	小桂子	46
xh	75	17	24015	先后	32
xh	75	17	24596	喜欢	32
xh	75	17	23865	相互	34
xh	75	17	24511	协会	37
xh	75	17	25388	学会	37
xh	75	17	25508	循环	37
xh	75	17	24863	信号	38
xh	75	17	24212	小孩	39
xh	75	17	24586	西汉	39
xh	75	17	24216	消耗	40
xh	75	17	24222	消化	40
xh	75	17	24016	鲜花	41
xh	75	17	24223	笑话	41
xh	75	17	24731	型号	41
xh	75	17	24012	显赫	42
xh	75	17	23743	下滑	43
xh	75	17	24592	西湖	43
xh	75	17	24732	幸好	43
xh	75	17	24864	新河	43
xh	75	17	23866	相会	44
xh	75	17	24014	鲜红	44
xh	75	17	24017	闲话	44
xh	75	17	24866	新华	44
xh	75	17	25064	雄厚	44
xh	75	17	25295	喧哗	44
xh	75	17	24593	西华	45
xh	75	17	24734	星火	45
xh	75	17	24867	心怀	45
xh	75	17	24873	新婚	45
xh	75	17	25387	雪花	45
xh	75	17	23742	吓唬	46
xh	75	17	23744	吓坏	46
xh	75	17	23863	祥和	46
xh	75	17	24011	陷害	46
xh	75	17	24228	销毁	46
xh	75	17	25063	凶狠	46
xh	75	17	25505	巡航	46
xh	75	17	23740	下颌	47
xh	75	17	23867	香火	47
xh	75	17	24217	小河	47
xh	75	17	24587	稀罕	47
xh	75	17	24589	喜好	47
xh	75	17	24733	行贿	47
xh	75	17	25066	胸怀	47
xh	75	17	25382	学海	47
xh	75	17	24013	先河	48
xh	75	17	24018	鲜活	48
xh	75	17	24508	协和	48
xh	75	17	24862	信函	48
xh	75	17	25067	雄浑	48
xh	75	17	25181	绣花	48
xh	75	17	25294	宣和	48
xh	75	17	25385	血红	48
xh	75	17	25464	徐海	48
xh	75	17	25509	巡回	48
xh	75	17	23739	下海	49
xh	75	17	23741	夏侯	49
xh	75	17	23864	相合	49
xh	75	17	24588	希罕	49
xh	75	17	25468	序号	49
xh	75	17	25469	虚幻	49
xh	75	17	25507	驯化	49
xh	75	17	23861	向海	50
xh	75	17	23862	相好	50
xh	75	17	24019	现货	50
xh	75	17	24224	小花	50
xh	75	17	24229	小伙	50
xh	75	17	24509	邂逅	50
xh	75	17	24594	细化	50
xh	75	17	24595	西化	50
xh	75	17	25062	凶悍	50
xh	75	17	25065	雄花	50
xh	75	17	25383	学好	50
xh	75	17	25384	血痕	50
xh	75	17	25466	续航	50
xha	1	0	24585	西海岸	48
xhd	3	4	25465	徐海东	46
xhd	3	4	24225	消化道	47
xhd	3	4	25470	许皇帝	49
xhdb	1	0	25386	血红蛋白	47
xhdd	1	0	25506	巡航导弹	43
xhe	2	3	24510	谢皇恩	47
xhe	2	3	24213	小孩儿	48
xhfj	1	0	23745	下回分解	46
xhgm	1	0	24861	辛亥革命	38
xhh	1	0	24226	萧皇后	49
xhjh	1	0	24735	星火计划	42
xhk	1	0	24218	小河口	44
xhkz	1	0	24219	小河口镇	47
xhl	3	4	24220	肖鸿林	45
xhl	3	4	24214	肖海亮	47
xhl	3	4	25467	续航力	50
xhm	2	3	24868	新华门	42
xhm	2	3	24221	小红马	50
xhnf	1	0	24870	心花怒放	49
xhq	1	0	24590	西红墙	49
xhs	2	3	24871	新华社	35
xhs	2	3	24591	西红柿	48
xhsl	1	0	24865	心狠手辣	50
xhw	1	0	24872	新华网	41
xhxt	1	0	24227	消化系统	50
xhye	1	0	24874	新婚燕尔	46
xhyl	1	0	24869	心慌意乱	50
xhz	2	3	24215	小孩子	41
xhz	2	3	24230	小伙子	41
xhzj	1	0	23868	相互之间	48
xhzy	1	0	23869	相互作用	42
xj	114	19	25302	选举	30
xj	114	19	24025	先进	31
xj	114	19	23749	下降	35
xj	114	19	24237	小姐	35
xj	114	19	24020	县级	36
xj	114	19	24885	新疆	37
xj	114	19	25183	修建	37
xj	114	19	23870	相继	38
xj	114	19	24613	戏剧	38
xj	114	19	24740	兴建	38
xj	114	19	24597	袭击	39
xj	114	19	24607	西晋	39
xj	114	19	23747	夏季	40
xj	114	19	23748	下级	40
xj	114	19	23873	相见	40
xj	114	19	24604	细节	40
xj	114	19	24617	细菌	40
xj	114	19	23879	橡胶	41
xj	114	19	23888	相距	41
xj	114	19	24026	现金	41
xj	114	19	24027	现今	41
xj	114	19	24883	新建	41
xj	114	19	23880	相交	42
xj	114	19	23882	相接	42
xj	114	19	23883	相近	42
xj	114	19	23887	相救	42
xj	114	19	24028	县境	42
xj	114	19	24231	消极	42
xj	114	19	25471	虚假	42
xj	114	19	24029	陷阱	43
xj	114	19	24236	小将	43
xj	114	19	24614	喜剧	43
xj	114	19	24743	行径	43
xj	114	19	24746	行军	43
xj	114	19	24884	信件	43
xj	114	19	23881	香蕉	44
xj	114	19	24023	衔接	44
xj	114	19	24240	孝敬	44
xj	114	19	24736	星级	44
xj	114	19	24742	行进	44
xj	114	19	24887	新教	44
xj	114	19	25296	选集	44
xj	114	19	25392	削减	44
xj	114	19	25394	学界	44
xj	114	19	25472	许家	44
xj	114	19	23871	相机	45
xj	114	19	23889	相聚	45
xj	114	19	24601	西江	45
xj	114	19	24892	心惊	45
xj	114	19	24893	心境	45
xj	114	19	25478	许久	45
xj	114	19	25512	迅捷	45
xj	114	19	23874	相间	46
xj	114	19	23884	详尽	46
xj	114	19	23890	湘军	46
xj	114	19	24512	谢家	46
xj	114	19	24615	席卷	46
xj	114	19	24737	星际	46
xj	114	19	24890	新近	46
xj	114	19	25184	嗅觉	46
xj	114	19	25389	血迹	46
xj	114	19	25391	学家	46
xj	114	19	25393	血浆	46
xj	114	19	25473	徐家	46
xj	114	19	23875	想见	47
xj	114	19	23876	详见	47
xj	114	19	23886	香精	47
xj	114	19	24022	显见	47
xj	114	19	24034	险峻	47
xj	114	19	24605	洗劫	47
xj	114	19	24609	洗净	47
xj	114	19	24738	性急	47
xj	114	19	24881	心肌	47
xj	114	19	24886	新江	47
xj	114	19	24896	新旧	47
xj	114	19	24899	新军	47
xj	114	19	25068	胸襟	47
xj	114	19	25182	休假	47
xj	114	19	23872	相加	48
xj	114	19	23877	乡间	48
xj	114	19	23878	湘江	48
xj	114	19	24513	鞋匠	48
xj	114	19	24602	西郊	48
xj	114	19	24606	西街	48
xj	114	19	24612	喜酒	48
xj	114	19	24882	心悸	48
xj	114	19	24891	薪金	48
xj	114	19	25297	旋即	48
xj	114	19	25395	学究	48
xj	114	19	25513	巡警	48
xj	114	19	24235	小建	49
xj	114	19	24238	小节	49
xj	114	19	24239	消解	49
xj	114	19	24241	小径	49
xj	114	19	24515	谢绝	49
xj	114	19	24610	西经	49
xj	114	19	24741	行将	49
xj	114	19	25298	玄机	49
xj	114	19	25299	宣讲	49
xj	114	19	25479	酗酒	49
xj	114	19	23750	下界	50
xj	114	19	23751	下卷	50
xj	114	19	23885	想尽	50
xj	114	19	24021	献祭	50
xj	114	19	24030	仙境	50
xj	114	19	24232	小鸡	50
xj	114	19	24598	希冀	50
xj	114	19	24600	席间	50
xj	114	19	24608	锡金	50
xj	114	19	24611	西京	50
xj	114	19	24744	行经	50
xj	114	19	24898	新居	50
xj	114	19	25390	学籍	50
xj	114	19	25511	迅即	50
xjb	2	3	25476	徐继斌	49
xjb	2	3	24739	性价比	50
xjc	1	0	24599	习家池	47
xjd	1	0	24024	现阶段	47
xjdz	1	0	24894	心惊胆战	50
xjf	1	0	25303	选举法	47
xjg	1	0	25474	徐家岗	47
xjh	2	3	25300	宣讲会	48
xjh	2	3	24233	小家伙	50
xjj	1	0	24616	戏剧家	50
xjl	3	4	25477	蓄积量	45
xjl	3	4	25475	许嘉璐	46
xjl	3	4	24234	肖家岭	47
xjmx	1	0	24603	西交民巷	49
xjp	1	0	24889	新加坡	40
xjq	1	0	25304	选举权	43
xjr	1	0	25305	选举人	50
xjrt	1	0	24895	心惊肉跳	49
xjs	3	4	24032	县级市	41
xjs	3	4	24745	性激素	49
xjs	3	4	25301	宣金受	49
xjt	1	0	24888	心绞痛	50
xjtj	1	0	24033	先决条件	50
xjx	4	6	23752	下决心	47
xjx	4	6	24031	先进性	48
xjx	4	6	24618	戏剧性	48
xjx	4	6	24514	谢景新	50
xjy	1	0	24897	新纪元	44
xk	22	12	25396	学科	36
xk	22	12	25069	胸口	38
xk	22	12	24904	辛苦	40
xk	22	12	24243	小康	42
xk	22	12	24035	掀开	43
xk	22	12	24246	小孔	43
xk	22	12	24748	幸亏	43
xk	22	12	25480	许可	43
xk	22	12	24619	细看	44
xk	22	12	24620	西口	46
xk	22	12	25185	休克	46
xk	22	12	23753	侠客	47
xk	22	12	24245	小可	47
xk	22	12	25187	羞愧	47
xk	22	12	24242	小看	48
xk	22	12	24747	星空	48
xk	22	12	23754	下款	49
xk	22	12	24902	心口	49
xk	22	12	25186	袖口	49
xk	22	12	23892	巷口	50
xk	22	12	25306	悬空	50
xk	22	12	25483	虚空	50
xkj	2	3	25481	徐克俊	47
xkj	2	3	24247	小口径	49
xkkh	1	0	24903	信口开河	49
xkp	1	0	24900	新开铺	47
xksy	1	0	24905	心旷神怡	47
xkx	1	0	24244	小康县	44
xkz	2	3	25482	许可证	45
xkz	2	3	23891	相控阵	50
xkzy	1	0	24901	新科状元	45
xl	90	18	23755	下来	30
xl	90	18	24911	心里	32
xl	90	18	25514	训练	33
xl	90	18	24912	心理	34
xl	90	18	24255	小龙	35
xl	90	18	24621	希腊	37
xl	90	18	24628	系列	37
xl	90	18	23757	下令	38
xl	90	18	23899	相连	38
xl	90	18	24047	线路	38
xl	90	18	24260	效率	38
xl	90	18	23894	向来	40
xl	90	18	24251	笑脸	40
xl	90	18	24914	心灵	40
xl	90	18	25398	学历	40
xl	90	18	23756	下列	41
xl	90	18	23895	想来	42
xl	90	18	24250	效力	42
xl	90	18	24750	行李	42
xl	90	18	25188	秀丽	42
xl	90	18	25484	序列	42
xl	90	18	23760	下落	43
xl	90	18	24043	先令	43
xl	90	18	24048	显露	43
xl	90	18	24751	行礼	43
xl	90	18	24908	新浪	43
xl	90	18	25189	修理	43
xl	90	18	25190	修炼	43
xl	90	18	25520	巡逻	43
xl	90	18	23902	响亮	44
xl	90	18	23904	香料	44
xl	90	18	23905	相邻	44
xl	90	18	24039	贤良	44
xl	90	18	24257	小路	44
xl	90	18	24517	泄露	44
xl	90	18	24518	泄漏	44
xl	90	18	24634	西路	44
xl	90	18	24749	醒来	44
xl	90	18	24909	新郎	44
xl	90	18	25399	学联	44
xl	90	18	23759	下楼	45
xl	90	18	24036	县里	45
xl	90	18	24046	腺瘤	45
xl	90	18	24252	销量	45
xl	90	18	24625	洗礼	45
xl	90	18	24753	行路	45
xl	90	18	24907	信赖	45
xl	90	18	25309	旋律	45
xl	90	18	25519	驯鹿	45
xl	90	18	24037	先例	46
xl	90	18	24044	县令	46
xl	90	18	24049	陷落	46
xl	90	18	24253	小林	46
xl	90	18	24630	西陵	46
xl	90	18	24918	新路	46
xl	90	18	25307	绚丽	46
xl	90	18	25308	选料	46
xl	90	18	25401	血流	46
xl	90	18	23893	香辣	47
xl	90	18	23898	乡里	47
xl	90	18	23903	向量	47
xl	90	18	23907	香炉	47
xl	90	18	24042	先烈	47
xl	90	18	24627	洗脸	47
xl	90	18	24632	溪流	47
xl	90	18	24752	兴隆	47
xl	90	18	23896	香兰	48
xl	90	18	23900	项链	48
xl	90	18	23901	相联	48
xl	90	18	23906	香菱	48
xl	90	18	24040	限量	48
xl	90	18	24256	小楼	48
xl	90	18	24626	犀利	48
xl	90	18	24906	辛辣	48
xl	90	18	24920	心律	48
xl	90	18	25397	血泪	48
xl	90	18	23758	下流	49
xl	90	18	23897	享乐	49
xl	90	18	24038	献礼	49
xl	90	18	24041	闲聊	49
xl	90	18	24248	效劳	49
xl	90	18	24258	销路	49
xl	90	18	24259	小鹿	50
xl	90	18	24622	稀烂	50
xl	90	18	24910	辛劳	50
xl	90	18	24919	新罗	50
xl	90	18	24921	心率	50
xl	90	18	25191	修路	50
xl	90	18	25400	雪亮	50
xl	90	18	25402	血路	50
xlb	1	0	25515	训练班	43
xlc	1	0	25516	训练场	48
xlh	2	3	25485	徐立华	47
xlh	2	3	24913	心里话	48
xlj	1	0	24635	西路军	50
xll	1	0	24516	血淋淋	48
xlp	2	3	24045	献礼片	49
xlp	2	3	24249	小老婆	49
xlq	2	3	23761	下陆区	47
xlq	2	3	24631	西陵区	47
xlqb	1	0	24754	星罗棋布	47
xlr	1	0	24623	希腊人	44
xls	1	0	24629	系列赛	50
xlsj	1	0	24915	心力衰竭	50
xlt	1	0	25517	训练团	46
xlx	1	0	24916	心理学	40
xlxj	1	0	24917	心理学家	47
xlxy	1	0	24633	西里西亚	50
xly	2	3	25486	叙利亚	43
xly	2	3	24624	希腊语	49
xlys	1	0	25518	训练有素	49
xlz	1	0	24254	小玲子	49
xm	48	15	23910	项目	31
xm	48	15	24270	校名	35
xm	48	15	24757	性命	35
xm	48	15	23766	下面	36
xm	48	15	25310	选民	37
xm	48	15	24267	消灭	38
xm	48	15	24262	小麦	39
xm	48	15	24758	姓名	39
xm	48	15	24052	鲜明	40
xm	48	15	23762	下马	41
xm	48	15	23763	厦门	41
xm	48	15	23908	相貌	41
xm	48	15	24050	鲜美	41
xm	48	15	24637	西门	41
xm	48	15	24925	心目	41
xm	48	15	24054	羡慕	43
xm	48	15	25072	凶猛	43
xm	48	15	25490	畜牧	43
xm	48	15	25491	序幕	44
xm	48	15	25521	迅猛	44
xm	48	15	24261	小马	45
xm	48	15	24266	小米	45
xm	48	15	24640	西面	45
xm	48	15	24641	熄灭	45
xm	48	15	25071	兄妹	45
xm	48	15	25070	熊猫	46
xm	48	15	25522	寻觅	46
xm	48	15	24263	小妹	47
xm	48	15	24759	醒目	47
xm	48	15	24051	先民	48
xm	48	15	24053	现名	48
xm	48	15	24269	小民	48
xm	48	15	24639	细密	48
xm	48	15	24755	形貌	48
xm	48	15	24756	幸免	48
xm	48	15	25403	血脉	48
xm	48	15	25488	虚名	48
xm	48	15	23909	乡民	49
xm	48	15	24264	校门	49
xm	48	15	24265	小门	49
xm	48	15	24271	小命	49
xm	48	15	24272	消磨	49
xm	48	15	24519	斜面	49
xm	48	15	24520	写明	49
xm	48	15	25192	秀美	49
xm	48	15	24923	新民	50
xm	48	15	25193	修明	50
xm	48	15	25487	须眉	50
xmd	1	0	23764	厦门队	49
xmly	1	0	24636	喜马拉雅	48
xmm	1	0	24268	笑眯眯	47
xms	1	0	23765	厦门市	50
xmxh	1	0	24924	新民学会	49
xmy	1	0	25492	畜牧业	42
xmyz	1	0	24922	心满意足	47
xmz	2	3	25489	须弥座	40
xmz	2	3	24638	西门子	46
xn	37	14	24644	西南	34
xn	37	14	24761	性能	36
xn	37	14	24058	咸宁	39
xn	37	14	25073	匈奴	39
xn	37	14	24926	信念	42
xn	37	14	24927	新年	43
xn	37	14	24929	新娘	43
xn	37	14	24875	细腻	44
xn	37	14	24928	心念	44
xn	37	14	25510	虚拟	44
xn	37	14	24055	鲜嫩	45
xn	37	14	24278	小牛	45
xn	37	14	24677	细嫩	45
xn	37	14	23912	想念	46
xn	37	14	24061	仙女	46
xn	37	14	24276	效能	46
xn	37	14	24878	西宁	46
xn	37	14	25313	悬念	46
xn	37	14	24280	小女	47
xn	37	14	24642	吸纳	47
xn	37	14	24876	悉尼	47
xn	37	14	25532	许诺	47
xn	37	14	24277	小鸟	48
xn	37	14	24279	小农	48
xn	37	14	24879	熙宁	48
xn	37	14	24931	戏弄	48
xn	37	14	25404	学年	48
xn	37	14	24877	昔年	49
xn	37	14	24880	犀牛	49
xn	37	14	24979	息怒	49
xn	37	14	25311	喧闹	49
xn	37	14	23911	湘南	50
xn	37	14	24056	贤能	50
xn	37	14	24057	现年	50
xn	37	14	24274	小脑	50
xn	37	14	24275	校内	50
xn	37	14	24760	行囊	50
xnb	1	0	24645	西南部	40
xndq	1	0	24646	西南地区	47
xne	1	0	24281	小女儿	49
xng	1	0	24980	西暖阁	49
xnh	1	0	24282	小女孩	47
xnp	1	0	25523	逊尼派	49
xnq	1	0	24273	孝南区	47
xns	2	3	24059	咸宁市	39
xns	2	3	25312	喧闹声	49
xnt	1	0	24060	先农坛	49
xnz	2	3	24930	新娘子	48
xnz	2	3	24283	小女子	50
xo	1	0	25104	西欧	41
xp	21	12	25405	学派	40
xp	21	12	24933	芯片	41
xp	21	12	25315	选票	42
xp	21	12	25074	胸脯	45
xp	21	12	24286	小品	46
xp	21	12	25314	选派	46
xp	21	12	24062	鲜品	47
xp	21	12	24521	胁迫	47
xp	21	12	24522	斜坡	47
xp	21	12	24762	型谱	47
xp	21	12	25406	血泊	47
xp	21	12	25106	西平	48
xp	21	12	25543	许配	48
xp	21	12	24284	小跑	49
xp	21	12	23913	相碰	50
xp	21	12	23914	橡皮	50
xp	21	12	23915	相片	50
xp	21	12	24932	心皮	50
xp	21	12	24934	新品	50
xp	21	12	25105	吸盘	50
xp	21	12	25107	西坡	50
xpy	1	0	24285	小朋友	47
xq	71	17	24401	下去	32
xq	71	17	25546	需求	34
xq	71	17	23916	想起	35
xq	71	17	24775	兴趣	36
xq	71	17	24939	心情	36
xq	71	17	23920	向前	37
xq	71	17	24402	辖区	39
xq	71	17	24763	兴起	39
xq	71	17	24068	先前	40
xq	71	17	24764	星期	40
xq	71	17	24938	辛勤	40
xq	71	17	25115	戏曲	40
xq	71	17	25525	寻求	40
xq	71	17	23917	响起	41
xq	71	17	24063	掀起	41
xq	71	17	24295	校区	41
xq	71	17	25316	选区	41
xq	71	17	24767	性情	42
xq	71	17	25076	胸前	42
xq	71	17	25116	吸取	43
xq	71	17	23922	乡亲	44
xq	71	17	23923	详情	44
xq	71	17	24069	先秦	44
xq	71	17	24071	先驱	44
xq	71	17	25194	修葺	44
xq	71	17	23918	香气	45
xq	71	17	23921	镶嵌	45
xq	71	17	24064	先期	45
xq	71	17	24296	小区	45
xq	71	17	24772	星球	45
xq	71	17	25113	喜庆	45
xq	71	17	25317	选取	45
xq	71	17	25524	汛期	45
xq	71	17	24065	限期	46
xq	71	17	24935	新奇	46
xq	71	17	24936	新桥	46
xq	71	17	25407	学期	46
xq	71	17	25408	血清	46
xq	71	17	24288	消遣	47
xq	71	17	24297	小觑	47
xq	71	17	24397	下棋	47
xq	71	17	23919	象棋	48
xq	71	17	24066	仙器	48
xq	71	17	24072	线圈	48
xq	71	17	24399	夏秋	48
xq	71	17	24937	心切	48
xq	71	17	25075	胸鳍	48
xq	71	17	25077	胸腔	48
xq	71	17	25108	希奇	48
xq	71	17	25117	稀缺	48
xq	71	17	23924	相劝	49
xq	71	17	24067	嫌弃	49
xq	71	17	24070	险情	49
xq	71	17	24287	骁骑	49
xq	71	17	24289	小巧	49
xq	71	17	24523	邪气	49
xq	71	17	24524	泄气	49
xq	71	17	24940	新区	49
xq	71	17	25109	吸气	49
xq	71	17	25110	稀奇	49
xq	71	17	24290	小桥	50
xq	71	17	24292	校庆	50
xq	71	17	24293	小球	50
xq	71	17	24298	小曲	50
xq	71	17	24299	小泉	50
xq	71	17	24398	下期	50
xq	71	17	25111	习气	50
xq	71	17	25112	洗钱	50
xq	71	17	25118	喜鹊	50
xq	71	17	25195	羞怯	50
xq	71	17	25549	序曲	50
xqc	1	0	24291	小汽车	49
xqe	1	0	24765	星期二	49
xqj	1	0	25544	徐青君	50
xql	2	3	25547	需求量	46
xql	2	3	24766	星期六	47
xqn	1	0	24400	下丘脑	47
xqr	1	0	24768	星期日	48
xqs	3	4	24526	谢秋思	49
xqs	3	4	24769	星期三	50
xqs	3	4	24770	星期四	50
xqt	1	0	24771	星期天	46
xqw	2	3	24773	星期五	48
xqw	2	3	25545	许亲王	49
xqy	2	3	24294	小企业	49
xqy	2	3	24774	星期一	49
xqyy	1	0	25114	喜气洋洋	50
xqz	2	3	25548	徐秋斋	44
xqz	2	3	24525	谢清斋	50
xr	39	15	24073	显然	35
xr	39	15	24942	信任	38
xr	39	15	24079	陷入	39
xr	39	15	24300	小人	39
xr	39	15	24301	笑容	40
xr	39	15	25120	昔日	40
xr	39	15	24776	行人	41
xr	39	15	25413	削弱	41
xr	39	15	24778	形容	42
xr	39	15	24074	现任	43
xr	39	15	24075	仙人	43
xr	39	15	24943	新人	43
xr	39	15	25320	选任	43
xr	39	15	25553	虚弱	44
xr	39	15	24944	新任	45
xr	39	15	25078	雄蕊	45
xr	39	15	24941	欣然	46
xr	39	15	25122	吸入	46
xr	39	15	25318	渲染	46
xr	39	15	23927	相容	47
xr	39	15	24076	先人	47
xr	39	15	24403	吓人	47
xr	39	15	24405	夏日	47
xr	39	15	25196	羞辱	47
xr	39	15	24077	闲人	48
xr	39	15	24404	下人	48
xr	39	15	25321	选人	48
xr	39	15	25409	血肉	48
xr	39	15	25550	旭日	48
xr	39	15	23925	相让	49
xr	39	15	24527	卸任	49
xr	39	15	24528	写入	49
xr	39	15	24777	杏仁	49
xr	39	15	25322	选入	49
xr	39	15	25551	虚荣	49
xr	39	15	24302	消融	50
xr	39	15	25119	喜人	50
xr	39	15	25121	息肉	50
xr	39	15	25123	细软	50
xrc	1	0	24779	形容词	50
xrdb	1	0	25319	轩然大波	47
xrhf	1	0	25410	血肉横飞	48
xrk	1	0	23926	向日葵	48
xrmh	1	0	25411	血肉模糊	50
xrp	1	0	24529	谢若萍	47
xrx	1	0	25552	虚荣心	50
xrz	1	0	24078	仙人掌	50
xrzq	1	0	25412	血肉之躯	47
xs	155	20	25416	学生	28
xs	155	20	24785	形式	30
xs	155	20	24084	先生	31
xs	155	20	25530	迅速	32
xs	155	20	24085	显示	33
xs	155	20	24312	小时	33
xs	155	20	24319	销售	34
xs	155	20	24326	小说	34
xs	155	20	24786	行使	34
xs	155	20	24787	形势	34
xs	155	20	24086	现实	35
xs	155	20	23943	相似	36
xs	155	20	25137	吸收	36
xs	155	20	23939	享受	37
xs	155	20	24313	消失	37
xs	155	20	25419	学术	37
xs	155	20	23934	像是	38
xs	155	20	24087	县市	38
xs	155	20	25131	牺牲	38
xs	155	20	25324	选手	38
xs	155	20	24530	协商	39
xs	155	20	24782	行省	39
xs	155	20	24946	欣赏	39
xs	155	20	24965	心思	39
xs	155	20	25424	学说	39
xs	155	20	24411	下属	40
xs	155	20	24788	行事	40
xs	155	20	24950	新生	40
xs	155	20	24966	寻思	40
xs	155	20	25198	修缮	40
xs	155	20	25561	叙述	40
xs	155	20	24088	先是	41
xs	155	20	24307	小声	41
xs	155	20	24308	笑声	41
xs	155	20	24314	小事	41
xs	155	20	24789	刑事	41
xs	155	20	24947	心上	41
xs	155	20	25152	习俗	41
xs	155	20	25417	学士	41
xs	155	20	23930	向上	42
xs	155	20	23935	象是	42
xs	155	20	24103	线索	42
xs	155	20	24406	下山	42
xs	155	20	24410	下手	42
xs	155	20	24790	行驶	42
xs	155	20	24964	薪水	42
xs	155	20	25415	雪山	42
xs	155	20	23936	相识	43
xs	155	20	24408	下设	43
xs	155	20	24796	兴衰	43
xs	155	20	24797	形似	43
xs	155	20	25133	喜事	43
xs	155	20	25140	系数	43
xs	155	20	25325	悬殊	43
xs	155	20	23932	响声	44
xs	155	20	24303	潇洒	44
xs	155	20	24328	小厮	44
xs	155	20	24413	下水	44
xs	155	20	24954	新式	44
xs	155	20	25128	西山	44
xs	155	20	25129	稀少	44
xs	155	20	25147	浠水	44
xs	155	20	23928	香山	45
xs	155	20	23937	乡试	45
xs	155	20	24102	娴熟	45
xs	155	20	24534	携手	45
xs	155	20	24783	兴盛	45
xs	155	20	24791	型式	45
xs	155	20	24949	心神	45
xs	155	20	24955	心事	45
xs	155	20	25081	凶手	45
xs	155	20	25141	稀疏	45
xs	155	20	25527	巡视	45
xs	155	20	25555	虚实	45
xs	155	20	23929	象山	46
xs	155	20	23940	橡树	46
xs	155	20	24082	献身	46
xs	155	20	24305	小山	46
xs	155	20	24315	小史	46
xs	155	20	24329	硝酸	46
xs	155	20	24780	兴山	46
xs	155	20	24792	姓氏	46
xs	155	20	25414	血色	46
xs	155	20	25556	叙事	46
xs	155	20	23942	香水	47
xs	155	20	24083	现身	47
xs	155	20	24089	先师	47
xs	155	20	24090	现时	47
xs	155	20	24320	小手	47
xs	155	20	24321	消瘦	47
xs	155	20	24325	孝顺	47
xs	155	20	24795	行署	47
xs	155	20	24945	新沙	47
xs	155	20	25127	西沙	47
xs	155	20	25134	稀释	47
xs	155	20	25138	洗手	47
xs	155	20	25145	蟋蟀	47
xs	155	20	25148	溪水	47
xs	155	20	25323	宣誓	47
xs	155	20	25418	学识	47
xs	155	20	23933	相声	48
xs	155	20	23938	相视	48
xs	155	20	24080	县上	48
xs	155	20	24091	现世	48
xs	155	20	24304	消散	48
xs	155	20	24306	校舍	48
xs	155	20	24309	小生	48
xs	155	20	24409	下身	48
xs	155	20	24412	下述	48
xs	155	20	24415	瞎说	48
xs	155	20	24532	写实	48
xs	155	20	24951	心声	48
xs	155	20	24968	心酸	48
xs	155	20	24969	辛酸	48
xs	155	20	25126	喜色	48
xs	155	20	25197	羞涩	48
xs	155	20	25199	修饰	48
xs	155	20	25420	血书	48
xs	155	20	25526	逊色	48
xs	155	20	25529	寻死	48
xs	155	20	23941	详述	49
xs	155	20	23944	相思	49
xs	155	20	23945	相随	49
xs	155	20	24081	献上	49
xs	155	20	24093	闲时	49
xs	155	20	24310	啸声	49
xs	155	20	24311	箫声	49
xs	155	20	24316	消逝	49
xs	155	20	24324	小树	49
xs	155	20	24531	写生	49
xs	155	20	24533	写诗	49
xs	155	20	24956	心室	49
xs	155	20	24957	信使	49
xs	155	20	25135	西施	49
xs	155	20	25149	吸水	49
xs	155	20	25151	细说	49
xs	155	20	25153	细碎	49
xs	155	20	25421	血栓	49
xs	155	20	25422	血水	49
xs	155	20	25562	蓄水	49
xs	155	20	23931	乡绅	50
xs	155	20	24094	闲事	50
xs	155	20	24095	闲适	50
xs	155	20	24958	新诗	50
xs	155	20	24962	信守	50
xs	155	20	24963	新书	50
xs	155	20	25079	雄狮	50
xs	155	20	25136	吸食	50
xs	155	20	25142	洗漱	50
xs	155	20	25143	悉数	50
xs	155	20	25144	洗刷	50
xs	155	20	25200	袖手	50
xs	155	20	25202	休斯	50
xs	155	20	25425	血丝	50
xs	155	20	25564	叙说	50
xsbn	1	0	25146	西双版纳	47
xsc	1	0	25557	徐世昌	47
xsd	2	3	24952	新生代	47
xsd	2	3	24414	下水道	50
xsdl	1	0	24535	歇斯底里	50
xse	2	3	24322	销售额	43
xse	2	3	24953	新生儿	47
xsh	3	4	24317	小时候	43
xsh	3	4	24784	性生活	45
xsh	3	4	25560	徐寿辉	45
xsj	6	7	24959	新世纪	44
xsj	6	7	24967	新四军	44
xsj	6	7	25423	学术界	45
xsj	6	7	24327	小说家	47
xsj	6	7	24960	新世界	49
xsj	6	7	25139	洗手间	50
xsl	3	4	25080	熊十力	47
xsl	3	4	24323	销售量	49
xsl	3	4	25563	蓄水量	50
xsp	3	4	24097	显示屏	48
xsp	3	4	25554	许三品	49
xsp	3	4	25132	牺牲品	50
xspg	1	0	25201	袖手旁观	49
xsq	4	6	24961	新石器	42
xsq	4	6	24098	显示器	43
xsq	4	6	24099	县市区	44
xsq	4	6	24318	小石桥	46
xsqd	1	0	25130	西沙群岛	49
xsr	1	0	24948	心上人	50
xss	2	3	25124	西塞山	47
xss	2	3	25558	叙事诗	49
xssq	1	0	25125	西塞山区	47
xsx	3	4	24781	兴山县	47
xsx	3	4	25150	浠水县	47
xsx	3	4	24100	现实性	50
xsy	2	3	25559	许世友	45
xsy	2	3	25528	巡视员	46
xsz	2	3	24407	夏商周	47
xsz	2	3	24793	邢世忠	47
xszy	2	3	24101	现实主义	44
xszy	2	3	24794	形式主义	49
xt	56	16	25159	系统	29
xt	56	16	23949	相同	32
xt	56	16	24418	夏天	36
xt	56	16	24537	协调	36
xt	56	16	24105	仙桃	37
xt	56	16	24798	形态	37
xt	56	16	24976	心头	39
xt	56	16	24970	心态	40
xt	56	16	23950	相通	41
xt	56	16	24538	协同	42
xt	56	16	24972	心疼	43
xt	56	16	25082	胸膛	43
xt	56	16	25426	学堂	43
xt	56	16	24108	先天	44
xt	56	16	24419	下调	44
xt	56	16	24973	心跳	44
xt	56	16	24110	线条	45
xt	56	16	24800	形体	45
xt	56	16	24977	信徒	45
xt	56	16	24331	小摊	46
xt	56	16	24332	萧条	46
xt	56	16	24978	信托	46
xt	56	16	25328	宣统	46
xt	56	16	25428	血统	46
xt	56	16	24104	闲谈	47
xt	56	16	24799	邢台	47
xt	56	16	25157	西天	47
xt	56	16	25327	悬挑	47
xt	56	16	25427	血糖	47
xt	56	16	24107	腺体	48
xt	56	16	24333	小艇	48
xt	56	16	24336	小偷	48
xt	56	16	24337	消退	48
xt	56	16	24338	小腿	48
xt	56	16	24417	下台	48
xt	56	16	24803	星团	48
xt	56	16	24975	心痛	48
xt	56	16	25154	戏台	48
xt	56	16	25164	稀土	48
xt	56	16	25429	学徒	48
xt	56	16	25531	熏陶	48
xt	56	16	23947	香甜	49
xt	56	16	23952	乡土	49
xt	56	16	24111	先头	49
xt	56	16	24334	消停	49
xt	56	16	24416	下榻	49
xt	56	16	24974	信条	49
xt	56	16	23946	湘潭	50
xt	56	16	23951	相投	50
xt	56	16	24420	下同	50
xt	56	16	24801	星体	50
xt	56	16	24802	兴头	50
xt	56	16	25084	胸痛	50
xt	56	16	25156	习题	50
xt	56	16	25158	烯烃	50
xt	56	16	25326	选题	50
xtb	2	3	25083	熊廷弼	43
xtb	2	3	24971	新台币	50
xtbl	1	0	23948	相提并论	48
xtc	1	0	25565	徐天川	47
xtd	1	0	25160	系统地	44
xtgc	1	0	25161	系统工程	47
xth	2	3	25566	徐天宏	43
xth	2	3	25162	系统化	50
xtj	1	0	24330	小太监	49
xtl	1	0	25155	希特勒	42
xtq	1	0	24335	小提琴	45
xtqx	1	0	23953	乡土气息	46
xts	1	0	24106	仙桃市	39
xtx	2	3	24109	先天性	47
xtx	2	3	25163	系统性	49
xtxd	1	0	24536	谢天谢地	48
xw	43	15	24982	新闻	31
xw	43	15	25219	希望	31
xw	43	15	24807	行为	32
xw	43	15	24423	下午	35
xw	43	15	25430	学位	37
xw	43	15	25533	询问	38
xw	43	15	24112	纤维	39
xw	43	15	23958	向往	40
xw	43	15	24113	县委	40
xw	43	15	25432	学问	41
xw	43	15	25085	雄伟	42
xw	43	15	23959	相望	44
xw	43	15	23960	香味	44
xw	43	15	24981	欣慰	44
xw	43	15	24340	校外	45
xw	43	15	24343	小屋	45
xw	43	15	24805	兴旺	45
xw	43	15	25220	席位	45
xw	43	15	24341	消亡	46
xw	43	15	24809	醒悟	46
xw	43	15	25221	细微	46
xw	43	15	24810	省悟	47
xw	43	15	25329	旋涡	47
xw	43	15	25331	玄武	47
xw	43	15	25332	宣武	47
xw	43	15	25431	穴位	47
xw	43	15	25567	虚伪	47
xw	43	15	24339	小娃	48
xw	43	15	24422	下文	48
xw	43	15	25222	西魏	48
xw	43	15	25330	漩涡	48
xw	43	15	25433	学武	48
xw	43	15	23961	相位	49
xw	43	15	24342	校尉	49
xw	43	15	24539	鞋袜	49
xw	43	15	24808	行文	49
xw	43	15	25224	檄文	49
xw	43	15	25568	徐渭	49
xw	43	15	25569	虚无	49
xw	43	15	24806	兴亡	50
xw	43	15	24991	心窝	50
xw	43	15	25225	细问	50
xw	43	15	25434	血污	50
xwb	1	0	24114	纤维板	44
xwc	1	0	25086	熊文灿	50
xwd	1	0	25223	西为德	49
xwg	2	3	24983	新闻稿	48
xwg	2	3	24984	新闻官	50
xwh	1	0	24985	新文化	50
xwj	2	3	24986	新闻界	45
xwj	2	3	24115	显微镜	46
xwjz	1	0	24987	新闻记者	50
xwm	1	0	25333	宣武门	45
xws	4	6	24116	纤维素	44
xws	4	6	24989	新闻司	44
xws	4	6	23962	响尾蛇	50
xws	4	6	24988	新闻社	50
xww	1	0	24990	新闻网	45
xwy	2	3	24421	夏威夷	46
xwy	2	3	25334	玄武岩	47
xx	111	19	25437	学校	30
xx	111	19	24992	信息	31
xx	111	19	25435	学习	31
xx	111	19	24121	现象	32
xx	111	19	24344	消息	32
xx	111	19	24995	心想	33
xx	111	19	23974	相信	34
xx	111	19	24813	形象	35
xx	111	19	24363	小学	36
xx	111	19	25005	新型	36
xx	111	19	25203	休息	36
xx	111	19	23963	详细	37
xx	111	19	25003	信心	37
xx	111	19	23967	想象	38
xx	111	19	24354	小心	38
xx	111	19	24124	现行	39
xx	111	19	24127	鲜血	39
xx	111	19	24356	小型	39
xx	111	19	24994	新鲜	39
xx	111	19	23968	想想	40
xx	111	19	25006	新兴	40
xx	111	19	24125	先行	41
xx	111	19	24351	小小	41
xx	111	19	24424	下辖	41
xx	111	19	24541	写下	41
xx	111	19	24544	谢谢	41
xx	111	19	25205	休闲	41
xx	111	19	25228	西夏	41
xx	111	19	23965	向下	42
xx	111	19	24119	闲暇	42
xx	111	19	24122	险些	42
xx	111	19	24811	星系	42
xx	111	19	25207	修行	42
xx	111	19	25239	习性	42
xx	111	19	25440	血腥	42
xx	111	19	23966	乡下	43
xx	111	19	24347	潇湘	43
xx	111	19	24430	下旬	43
xx	111	19	24546	写信	43
xx	111	19	24815	行星	43
xx	111	19	25226	细细	43
xx	111	19	25335	选项	43
xx	111	19	23964	湘西	44
xx	111	19	23969	想像	44
xx	111	19	24120	显现	44
xx	111	19	24126	线性	44
xx	111	19	24824	星宿	44
xx	111	19	25017	心血	44
xx	111	19	25087	凶险	44
xx	111	19	25231	细小	44
xx	111	19	25237	细心	44
xx	111	19	24348	肖像	45
xx	111	19	24352	笑笑	45
xx	111	19	24426	下乡	45
xx	111	19	24427	狭小	45
xx	111	19	24816	星星	45
xx	111	19	25091	雄性	45
xx	111	19	25534	讯息	45
xx	111	19	24540	歇息	46
xx	111	19	24817	行刑	46
xx	111	19	24993	欣喜	46
xx	111	19	25204	修习	46
xx	111	19	25243	喜讯	46
xx	111	19	25336	喧嚣	46
xx	111	19	25441	血型	46
xx	111	19	25577	徐徐	46
xx	111	19	24545	歇歇	47
xx	111	19	25242	西学	47
xx	111	19	24117	纤细	48
xx	111	19	24123	献血	48
xx	111	19	24345	小溪	48
xx	111	19	24346	小西	48
xx	111	19	24349	小巷	48
xx	111	19	24548	些许	48
xx	111	19	24812	性腺	48
xx	111	19	24825	兴修	48
xx	111	19	25007	心性	48
xx	111	19	25010	心胸	48
xx	111	19	25015	心绪	48
xx	111	19	25018	新学	48
xx	111	19	25092	熊熊	48
xx	111	19	25206	休想	48
xx	111	19	25229	西线	48
xx	111	19	25337	宣泄	48
xx	111	19	25339	玄学	48
xx	111	19	25442	血性	48
xx	111	19	25576	虚心	48
xx	111	19	23970	相像	49
xx	111	19	24425	下限	49
xx	111	19	24428	下行	49
xx	111	19	24429	下雪	49
xx	111	19	24542	卸下	49
xx	111	19	24822	行凶	49
xx	111	19	24996	信箱	49
xx	111	19	25011	新秀	49
xx	111	19	25016	心虚	49
xx	111	19	25089	雄心	49
xx	111	19	25232	嘻笑	49
xx	111	19	25436	雪线	49
xx	111	19	24118	嫌隙	50
xx	111	19	24355	孝心	50
xx	111	19	24543	些小	50
xx	111	19	24814	行销	50
xx	111	19	24818	悻悻	50
xx	111	19	24819	猩猩	50
xx	111	19	24826	兴许	50
xx	111	19	25008	新星	50
xx	111	19	25227	嬉戏	50
xx	111	19	25238	悉心	50
xx	111	19	25338	选修	50
xx	111	19	25570	许下	50
xxaq	1	0	24997	信息安全	49
xxb	1	0	25438	血小板	48
xxbb	2	3	25004	信心百倍	49
xxbb	2	3	25090	雄心勃勃	50
xxbl	1	0	25088	凶相毕露	49
xxcb	1	0	25439	血吸虫病	49
xxcl	1	0	24998	信息处理	50
xxd	4	6	24353	小小的	38
xxd	4	6	25230	西向东	43
xxd	4	6	25233	细细的	47
xxd	4	6	24360	小兄弟	48
xxdd	1	0	25578	许许多多	46
xxf	2	3	24547	谢杏芳	47
xxf	2	3	25573	徐小凤	47
xxg	1	0	25019	心血管	46
xxh	2	3	24999	信息化	40
xxh	2	3	24350	肖像画	50
xxhh	1	0	25234	嘻嘻哈哈	50
xxjj	1	0	25535	循序渐进	50
xxjs	2	3	25000	信息技术	45
xxjs	2	3	24358	小心谨慎	49
xxk	1	0	25571	徐霞客	46
xxkk	1	0	25009	辛辛苦苦	48
xxl	6	7	25001	新西兰	43
xxl	6	7	23971	想象力	47
xxl	6	7	25235	西西里	47
xxl	6	7	25574	徐啸力	49
xxl	6	7	23972	向小龙	50
xxl	6	7	25002	信息量	50
xxld	1	0	25236	西西里岛	49
xxll	1	0	24128	鲜血淋漓	49
xxq	1	0	25572	徐向前	48
xxr	1	0	23973	乡下人	48
xxrr	1	0	25240	熙熙攘攘	50
xxrs	1	0	25579	栩栩如生	49
xxs	3	4	24364	小学生	44
xxs	3	4	25208	休息室	50
xxs	3	4	25575	许晓书	50
xxss	1	0	24820	形形色色	48
xxt	1	0	24823	星系团	50
xxw	2	3	25012	信息网	45
xxw	2	3	24821	性行为	49
xxx	2	3	24361	笑嘻嘻	44
xxx	2	3	24357	小行星	48
xxxg	1	0	25241	息息相关	45
xxxt	1	0	25013	信息系统	47
xxyy	1	0	24359	小心翼翼	44
xxz	1	0	24362	小玄子	50
xxzx	1	0	25014	信息中心	48
xy	124	19	25449	学院	28
xy	124	19	25581	需要	28
xy	124	19	23977	襄阳	31
xy	124	19	23983	相应	35
xy	124	19	24551	协议	35
xy	124	19	25253	吸引	36
xy	124	19	23987	享有	37
xy	124	19	24138	现有	37
xy	124	19	24380	校园	37
xy	124	19	23980	想要	38
xy	124	19	24370	效益	38
xy	124	19	24372	效应	38
xy	124	19	24436	下游	39
xy	124	19	25024	信仰	39
xy	124	19	25034	信用	39
xy	124	19	25341	宣言	39
xy	124	19	25444	血液	39
xy	124	19	25039	新月	40
xy	124	19	25258	西域	40
xy	124	19	23984	响应	41
xy	124	19	24134	现已	41
xy	124	19	25450	学员	41
xy	124	19	23989	项羽	42
xy	124	19	24135	现役	42
xy	124	19	24140	限于	42
xy	124	19	24141	陷于	42
xy	124	19	24375	小于	42
xy	124	19	25028	心意	42
xy	124	19	25246	西洋	42
xy	124	19	25261	喜悦	42
xy	124	19	25345	选用	42
xy	124	19	23978	向阳	43
xy	124	19	23990	相遇	43
xy	124	19	24130	鲜艳	43
xy	124	19	24376	小雨	43
xy	124	19	24834	幸运	43
xy	124	19	24835	星云	43
xy	124	19	25038	心愿	43
xy	124	19	25209	修养	43
xy	124	19	25244	西亚	43
xy	124	19	25245	吸烟	43
xy	124	19	25443	血压	43
xy	124	19	23976	香烟	44
xy	124	19	23986	享用	44
xy	124	19	24437	下雨	44
xy	124	19	25256	稀有	44
xy	124	19	25342	宣扬	44
xy	124	19	25538	鲟鱼	44
xy	124	19	23981	相宜	45
xy	124	19	23993	湘云	45
xy	124	19	24132	咸阳	45
xy	124	19	24365	硝烟	45
xy	124	19	24432	狭义	45
xy	124	19	24439	下院	45
xy	124	19	25026	新药	45
xy	124	19	25340	悬崖	45
xy	124	19	25445	学业	45
xy	124	19	25446	学艺	45
xy	124	19	25451	血缘	45
xy	124	19	23975	象牙	46
xy	124	19	23982	相异	46
xy	124	19	24133	险要	46
xy	124	19	24136	嫌疑	46
xy	124	19	24139	鲜有	46
xy	124	19	24142	县域	46
xy	124	19	24143	先于	46
xy	124	19	24367	逍遥	46
xy	124	19	24371	笑意	46
xy	124	19	24374	效用	46
xy	124	19	24828	星夜	46
xy	124	19	24832	行辕	46
xy	124	19	25020	新颜	46
xy	124	19	25032	新颖	46
xy	124	19	25094	汹涌	46
xy	124	19	25247	夕阳	46
xy	124	19	25343	炫耀	46
xy	124	19	24377	小鱼	47
xy	124	19	24433	侠义	47
xy	124	19	24549	斜眼	47
xy	124	19	24831	性欲	47
xy	124	19	25037	信誉	47
xy	124	19	25210	休养	47
xy	124	19	25452	学苑	47
xy	124	19	25588	须臾	47
xy	124	19	23979	像样	48
xy	124	19	24381	小院	48
xy	124	19	24438	下狱	48
xy	124	19	24829	行医	48
xy	124	19	25021	心眼	48
xy	124	19	25025	信阳	48
xy	124	19	25029	新意	48
xy	124	19	25249	洗衣	48
xy	124	19	25250	西医	48
xy	124	19	25347	眩晕	48
xy	124	19	23991	享誉	49
xy	124	19	23992	相约	49
xy	124	19	24131	显眼	49
xy	124	19	24369	小叶	49
xy	124	19	24431	下腰	49
xy	124	19	25248	西药	49
xy	124	19	25251	蜥蜴	49
xy	124	19	25447	血衣	49
xy	124	19	25536	驯养	49
xy	124	19	25580	序言	49
xy	124	19	25582	须要	49
xy	124	19	25583	蓄意	49
xy	124	19	25585	需用	49
xy	124	19	23988	香油	50
xy	124	19	24129	县衙	50
xy	124	19	24366	消炎	50
xy	124	19	24378	笑语	50
xy	124	19	24379	晓谕	50
xy	124	19	24552	写意	50
xy	124	19	24827	荥阳	50
xy	124	19	24830	行营	50
xy	124	19	24833	星月	50
xy	124	19	25022	心砚	50
xy	124	19	25027	新野	50
xy	124	19	25030	信义	50
xy	124	19	25031	心仪	50
xy	124	19	25259	细雨	50
xy	124	19	25260	西苑	50
xy	124	19	25344	旋翼	50
xy	124	19	25589	许愿	50
xyc	1	0	25590	徐援朝	49
xycz	1	0	25096	胸有成竹	49
xyd	1	0	24434	下一代	45
xye	2	3	25023	心眼儿	49
xye	2	3	25454	薛月儿	50
xyg	1	0	24555	协约国	47
xyj	3	4	25537	巡洋舰	44
xyj	3	4	25252	洗衣机	48
xyj	3	4	25257	西游记	50
xyk	2	3	24550	谢烟客	46
xyk	2	3	25035	信用卡	46
xyl	5	6	25453	学院路	41
xyl	5	6	25093	匈牙利	42
xyl	5	6	25254	吸引力	43
xyl	5	6	24440	夏玉莲	45
xyl	5	6	25097	熊有伦	47
xym	2	3	25346	玄岳门	44
xym	2	3	25448	薛姨妈	45
xypp	1	0	25095	汹涌澎湃	49
xyq	2	3	24554	谢佑卿	47
xyq	2	3	25586	徐永清	47
xyr	1	0	24137	嫌疑人	48
xys	3	4	24435	下意识	47
xys	3	4	25036	信用社	48
xys	3	4	24553	协议书	49
xyt	1	0	24368	小丫头	49
xytl	1	0	23994	襄渝铁路	47
xywc	1	0	25255	习以为常	49
xywm	1	0	23985	相依为命	50
xywz	1	0	25033	信以为真	50
xyx	2	3	23995	襄渝线	47
xyx	2	3	25584	徐以显	47
xyy	1	0	24373	笑吟吟	45
xyz	1	0	25587	徐有贞	49
xz	121	19	24144	现在	27
xz	121	19	24838	行政	29
xz	121	19	25047	心中	30
xz	121	19	25349	选择	32
xz	121	19	24845	性质	33
xz	121	19	24000	象征	35
xz	121	19	24150	限制	35
xz	121	19	25456	学者	35
xz	121	19	24383	校长	36
xz	121	19	24837	行者	36
xz	121	19	25541	寻找	36
xz	121	19	23997	想着	37
xz	121	19	24145	县长	37
xz	121	19	24153	显著	37
xz	121	19	24393	小子	37
xz	121	19	24396	小组	37
xz	121	19	25262	西藏	37
xz	121	19	24853	形状	38
xz	121	19	24559	协助	39
xz	121	19	23999	乡镇	40
xz	121	19	24155	现状	40
xz	121	19	24567	写作	40
xz	121	19	24859	行走	40
xz	121	19	25040	心脏	40
xz	121	19	25269	西周	40
xz	121	19	25358	旋转	40
xz	121	19	24441	下载	41
xz	121	19	24444	狭窄	41
xz	121	19	25042	新增	41
xz	121	19	25540	勋章	41
xz	121	19	23998	向着	42
xz	121	19	24005	襄州	42
xz	121	19	24006	相助	42
xz	121	19	24568	协作	42
xz	121	19	24846	形制	42
xz	121	19	25102	雄壮	42
xz	121	19	25212	修正	42
xz	121	19	25217	修筑	42
xz	121	19	25599	徐州	42
xz	121	19	24009	箱子	43
xz	121	19	24447	瞎子	43
xz	121	19	24856	性子	43
xz	121	19	25098	兄长	43
xz	121	19	25218	袖子	43
xz	121	19	25266	细致	43
xz	121	19	24394	小字	44
xz	121	19	24395	孝子	44
xz	121	19	24560	鞋子	44
xz	121	19	24847	兴致	44
xz	121	19	24148	宪政	45
xz	121	19	24387	小镇	45
xz	121	19	24848	行至	45
xz	121	19	24854	性状	45
xz	121	19	25043	新政	45
xz	121	19	25099	熊掌	45
xz	121	19	25101	胸中	45
xz	121	19	25263	洗澡	45
xz	121	19	25352	宣战	45
xz	121	19	25459	学子	45
xz	121	19	24146	宪章	46
xz	121	19	24147	闲着	46
xz	121	19	24157	宪宗	46
xz	121	19	24384	小张	46
xz	121	19	24389	效忠	46
xz	121	19	24448	虾子	46
xz	121	19	25049	新洲	46
xz	121	19	25051	新字	46
xz	121	19	25052	薪资	46
xz	121	19	25270	西装	46
xz	121	19	25273	细作	46
xz	121	19	24151	闲置	47
xz	121	19	24449	匣子	47
xz	121	19	24858	行踪	47
xz	121	19	24860	星座	47
xz	121	19	25103	雄姿	47
xz	121	19	25357	选中	47
xz	121	19	25458	学制	47
xz	121	19	25594	须知	47
xz	121	19	23996	巷战	48
xz	121	19	24007	香主	48
xz	121	19	24010	巷子	48
xz	121	19	24152	先知	48
xz	121	19	24154	先主	48
xz	121	19	24385	嚣张	48
xz	121	19	24392	小舟	48
xz	121	19	24445	夏至	48
xz	121	19	24446	下肢	48
xz	121	19	24561	蝎子	48
xz	121	19	25213	休整	48
xz	121	19	25264	细则	48
xz	121	19	25265	西站	48
xz	121	19	25348	玄奘	48
xz	121	19	25455	血战	48
xz	121	19	25457	血症	48
xz	121	19	25460	靴子	48
xz	121	19	25539	殉葬	48
xz	121	19	25542	荀子	48
xz	121	19	24008	相撞	49
xz	121	19	24156	仙子	49
xz	121	19	24382	小站	49
xz	121	19	24442	下葬	49
xz	121	19	24556	写照	49
xz	121	19	24557	谐振	49
xz	121	19	24562	写字	49
xz	121	19	24566	谢罪	49
xz	121	19	25045	心智	49
xz	121	19	25046	新址	49
xz	121	19	25211	修造	49
xz	121	19	25271	吸着	49
xz	121	19	24158	先祖	50
xz	121	19	24388	小指	50
xz	121	19	24390	消肿	50
xz	121	19	24558	挟制	50
xz	121	19	24849	行止	50
xz	121	19	24855	行装	50
xz	121	19	24857	星子	50
xz	121	19	25053	新作	50
xz	121	19	25214	修整	50
xz	121	19	25355	选址	50
xz	121	19	25356	宣纸	50
xz	121	19	25593	虚证	50
xza	1	0	25215	修正案	47
xzb	1	0	25041	心脏病	44
xzbb	1	0	24850	兴致勃勃	47
xzbm	1	0	24839	行政部门	46
xzc	1	0	25595	徐志纯	47
xzf	4	6	24149	县政府	41
xzf	4	6	24004	向忠发	46
xzf	4	6	24001	乡政府	47
xzf	4	6	25044	新政府	50
xzg	2	3	25353	宣诏官	49
xzg	2	3	25596	徐治功	49
xzgs	1	0	24840	行政公署	41
xzh	3	4	25597	许智宏	47
xzh	3	4	24391	萧中慧	48
xzh	3	4	24852	兴中会	50
xzl	2	3	24563	写字楼	48
xzl	2	3	25591	徐长老	49
xzlh	1	0	24836	幸灾乐祸	48
xzm	1	0	25267	西直门	45
xzmw	1	0	25268	西直门外	49
xzq	5	6	24841	行政区	38
xzq	5	6	24450	夏佐全	47
xzq	5	6	24565	协奏曲	47
xzq	5	6	25050	新洲区	47
xzq	5	6	25598	许志琴	47
xzqh	1	0	24842	行政区划	35
xzqy	3	4	24843	行政区域	39
xzqy	3	4	24003	乡镇企业	42
xzqy	3	4	24386	嚣张气焰	46
xzr	1	0	25272	系主任	45
xzss	1	0	25592	虚张声势	50
xzt	2	3	25350	选择题	48
xzt	2	3	24564	写字台	49
xzx	2	3	25351	选择性	47
xzx	2	3	24002	象征性	48
xzy	2	3	24844	行政院	47
xzy	2	3	25354	宣诏员	49
xzys	1	0	25048	心中有数	49
xzyx	1	0	24851	行之有效	47
xzz	2	3	24443	夏赞忠	47
xzz	2	3	25100	熊召政	47
xzzy	1	0	25216	修正主义	47
ya	11	10	26176	议案	37
ya	11	10	25634	沿岸	39
ya	11	10	25635	延安	40
ya	11	10	27548	远安	42
ya	11	10	27192	永安	43
ya	11	10	27547	预案	46
ya	11	10	26525	阴暗	47
ya	11	10	26177	一案	48
ya	11	10	27267	友爱	48
ya	11	10	27268	右岸	48
ya	11	10	27269	幽暗	50
yax	1	0	27549	远安县	47
yb	69	17	26187	一般	28
yb	69	17	26210	一边	33
yb	69	17	26178	一把	35
yb	69	17	26188	一半	35
yb	69	17	26218	一步	35
yb	69	17	26219	一部	37
yb	69	17	26199	以北	38
yb	69	17	26211	一遍	38
yb	69	17	26212	以便	38
yb	69	17	25639	演变	39
yb	69	17	27551	原本	39
yb	69	17	26200	一杯	40
yb	69	17	26206	一本	40
yb	69	17	26179	一八	41
yb	69	17	26201	一倍	41
yb	69	17	26209	一笔	41
yb	69	17	26528	隐蔽	42
yb	69	17	27733	预备	42
yb	69	17	25600	哑巴	43
yb	69	17	26097	也罢	43
yb	69	17	26213	仪表	43
yb	69	17	27196	永不	43
yb	69	17	27272	右边	43
yb	69	17	27732	预报	43
yb	69	17	26180	一百	44
yb	69	17	26565	应变	44
yb	69	17	27271	右臂	44
yb	69	17	26189	一班	45
yb	69	17	26195	一包	45
yb	69	17	26216	一并	45
yb	69	17	26566	迎宾	45
yb	69	17	27193	拥抱	45
yb	69	17	27195	用兵	45
yb	69	17	27273	邮编	45
yb	69	17	25672	样本	46
yb	69	17	26190	一帮	46
yb	69	17	26196	医保	46
yb	69	17	26202	以备	46
yb	69	17	26207	译本	46
yb	69	17	26563	影壁	46
yb	69	17	27275	有别	46
yb	69	17	25668	氧吧	47
yb	69	17	26562	英镑	47
yb	69	17	27197	用布	47
yb	69	17	27737	余部	47
yb	69	17	25968	腰部	48
yb	69	17	26203	一辈	48
yb	69	17	26527	引爆	48
yb	69	17	26564	硬币	48
yb	69	17	27274	有变	48
yb	69	17	27550	元宝	48
yb	69	17	27552	援兵	48
yb	69	17	27553	渊博	48
yb	69	17	27768	阅兵	48
yb	69	17	25673	养病	49
yb	69	17	25966	摇摆	49
yb	69	17	26204	椅背	49
yb	69	17	26215	宜宾	49
yb	69	17	26529	银币	49
yb	69	17	27194	用笔	49
yb	69	17	27917	云板	49
yb	69	17	25601	芽孢	50
yb	69	17	25602	崖壁	50
yb	69	17	25638	岩壁	50
yb	69	17	25641	眼部	50
yb	69	17	25967	腰包	50
yb	69	17	26098	叶柄	50
yb	69	17	26530	阴部	50
yb	69	17	27769	月饼	50
ybb	3	4	27277	尤伯杯	45
ybb	3	4	26220	一步步	47
ybb	3	4	25636	眼巴巴	49
ybd	2	3	27734	预备队	47
ybd	2	3	27278	由不得	49
ybdn	1	0	26181	一百多年	49
ybf	1	0	26221	一部分	35
ybg	1	0	26182	一百个	47
ybjs	1	0	26191	一般见识	49
ybl	4	6	25670	杨柏龄	47
ybl	4	6	25669	杨百利	49
ybl	4	6	27738	于步廊	49
ybl	4	6	26183	一百两	50
ybls	1	0	26192	一般来说	49
ybly	1	0	26214	伊比利亚	50
ybn	1	0	26184	一百年	47
ybp	1	0	25637	颜邦屏	47
ybq	3	4	27771	岳不群	41
ybq	3	4	26099	叶碧秋	45
ybq	3	4	25640	言伯乾	50
ybr	2	3	25969	要不然	46
ybr	2	3	26193	一班人	49
ybrc	1	0	26222	义不容辞	50
ybs	5	6	25671	杨百顺	44
ybs	5	6	25970	要不是	45
ybs	5	6	26197	一把手	46
ybs	5	6	27770	阅兵式	48
ybs	5	6	26526	银白色	49
ybsl	1	0	26194	一般说来	45
ybt	1	0	25674	杨波坦	47
ybtd	1	0	26185	一败涂地	48
ybw	2	3	27270	有把握	49
ybw	2	3	26186	一百万	50
ybxx	1	0	26223	一不小心	50
yby	3	4	27736	俞伯牙	44
yby	3	4	27735	预备役	45
yby	3	4	27276	有别于	49
ybz	4	6	26205	一辈子	39
ybz	4	6	27198	用不着	42
ybz	4	6	26198	一把抓	48
ybz	4	6	27279	有步骤	48
ybzj	1	0	26208	一本正经	47
ybzl	1	0	26217	一臂之力	50
yc	103	19	26257	一次	29
yc	103	19	26536	因此	29
yc	103	19	27285	又称	33
yc	103	19	26228	一场	34
yc	103	19	26229	宜昌	35
yc	103	19	25650	演出	36
yc	103	19	26230	异常	36
yc	103	19	27290	由此	36
yc	103	19	26225	一层	37
yc	103	19	26226	遗产	37
yc	103	19	26244	一处	38
yc	103	19	27741	预测	38
yc	103	19	26258	依次	39
yc	103	19	27560	远处	39
yc	103	19	25644	延长	40
yc	103	19	25971	药材	40
yc	103	19	26248	遗传	40
yc	103	19	26259	以此	40
yc	103	19	26531	隐藏	40
yc	103	19	25603	牙齿	41
yc	103	19	26245	一出	41
yc	103	19	27556	元朝	41
yc	103	19	27557	远程	41
yc	103	19	25677	养成	42
yc	103	19	26224	一侧	42
yc	103	19	27287	幼虫	42
yc	103	19	27919	蕴藏	42
yc	103	19	25642	烟草	43
yc	103	19	25645	演唱	43
yc	103	19	26233	议程	43
yc	103	19	26234	已成	43
yc	103	19	26249	一串	43
yc	103	19	27282	右侧	43
yc	103	19	27739	育才	43
yc	103	19	26235	宜城	44
yc	103	19	26256	乙醇	44
yc	103	19	26567	英才	44
yc	103	19	26569	应城	44
yc	103	19	27202	涌出	44
yc	103	19	27742	渔场	44
yc	103	19	27746	鱼池	44
yc	103	19	27750	愚蠢	44
yc	103	19	27772	月初	44
yc	103	19	25643	岩层	45
yc	103	19	25648	严惩	45
yc	103	19	26236	译成	45
yc	103	19	26568	英超	45
yc	103	19	27283	油茶	45
yc	103	19	27773	跃出	45
yc	103	19	25974	要冲	46
yc	103	19	26241	一尺	46
yc	103	19	26263	遗存	46
yc	103	19	26264	一村	46
yc	103	19	26265	一寸	46
yc	103	19	26533	阴沉	46
yc	103	19	26534	引出	46
yc	103	19	26535	银川	46
yc	103	19	26573	应酬	46
yc	103	19	26576	英寸	46
yc	103	19	27280	油菜	46
yc	103	19	27555	原产	46
yc	103	19	27747	鱼翅	46
yc	103	19	27748	余处	46
yc	103	19	27749	渔船	46
yc	103	19	25651	言辞	47
yc	103	19	26100	野菜	47
yc	103	19	26251	一幢	47
yc	103	19	26574	迎春	47
yc	103	19	27288	忧愁	47
yc	103	19	27561	原创	47
yc	103	19	25647	烟尘	48
yc	103	19	25649	延迟	48
yc	103	19	25653	烟囱	48
yc	103	19	25973	药厂	48
yc	103	19	26262	依从	48
yc	103	19	26532	饮茶	48
yc	103	19	26572	英尺	48
yc	103	19	27201	用餐	48
yc	103	19	27922	匀称	48
yc	103	19	25652	言词	49
yc	103	19	25676	样车	49
yc	103	19	25972	遥测	49
yc	103	19	26232	一车	49
yc	103	19	26237	一程	49
yc	103	19	26238	一成	49
yc	103	19	26246	溢出	49
yc	103	19	26266	依存	49
yc	103	19	26570	应承	49
yc	103	19	26575	应从	49
yc	103	19	27203	用处	49
yc	103	19	27289	游船	49
yc	103	19	27751	遇刺	49
yc	103	19	27754	渔村	49
yc	103	19	27918	云彩	49
yc	103	19	27921	云层	49
yc	103	19	25678	阳城	50
yc	103	19	26101	野草	50
yc	103	19	26242	一筹	50
yc	103	19	26247	益处	50
yc	103	19	26250	驿传	50
yc	103	19	27199	用材	50
yc	103	19	27743	浴场	50
yc	103	19	27752	余次	50
ycb	1	0	27745	于城邦	46
ycbb	1	0	26239	一成不变	45
ycc	1	0	26260	一次次	49
yceq	1	0	25675	扬长而去	49
ycg	1	0	25679	杨臣刚	47
ych	4	6	27559	袁崇焕	41
ych	4	6	25681	杨晨晖	47
ych	4	6	25646	演唱会	49
ych	4	6	27740	余沧海	50
ycj	1	0	27744	于长江	46
ycjf	1	0	26255	一触即发	50
yckj	1	0	27291	由此可见	45
ycl	3	4	27554	原材料	41
ycl	3	4	27920	蕴藏量	44
ycl	3	4	27200	用材林	46
ycmz	1	0	26243	一筹莫展	50
ycn	1	0	26227	一刹那	47
ycs	3	4	26231	宜昌市	37
ycs	3	4	26240	宜城市	47
ycs	3	4	26571	应城市	47
ycts	1	0	27753	与此同时	38
ycwz	1	0	26252	遗传物质	50
ycx	5	6	26254	遗传学	45
ycx	5	6	26261	一次性	45
ycx	5	6	27286	右丞相	49
ycx	5	6	25680	杨成协	50
ycx	5	6	26253	遗传性	50
ycz	3	4	27558	袁承志	37
ycz	3	4	27281	油菜籽	49
ycz	3	4	27284	有产者	50
yd	124	19	26296	一定	28
yd	124	19	27925	运动	30
yd	124	19	26289	一点	31
yd	124	19	26545	印度	32
yd	124	19	26578	应当	34
yd	124	19	26270	一带	35
yd	124	19	26277	一旦	35
yd	124	19	26311	一段	35
yd	124	19	27756	遇到	35
yd	124	19	27779	阅读	35
yd	124	19	26267	一大	36
yd	124	19	26279	一道	36
yd	124	19	26302	移动	36
yd	124	19	27298	有点	36
yd	124	19	26309	一度	37
yd	124	19	26271	一代	38
yd	124	19	26314	一对	38
yd	124	19	26318	一顿	38
yd	124	19	26537	引导	38
yd	124	19	27766	鱼肚	38
yd	124	19	26280	一刀	39
yd	124	19	25607	雅典	40
yd	124	19	26579	赢得	40
yd	124	19	27299	优点	40
yd	124	19	27564	元代	40
yd	124	19	27757	御道	40
yd	124	19	26303	以东	41
yd	124	19	26319	亿吨	41
yd	124	19	27763	预定	41
yd	124	19	26284	一灯	42
yd	124	19	26285	一等	42
yd	124	19	26307	宜都	42
yd	124	19	26312	一端	42
yd	124	19	26315	一堆	42
yd	124	19	26316	一队	42
yd	124	19	27777	约定	42
yd	124	19	25659	炎帝	43
yd	124	19	26581	营地	43
yd	124	19	27759	余地	43
yd	124	19	27780	乐队	43
yd	124	19	25606	压低	44
yd	124	19	25979	药店	44
yd	124	19	25980	要点	44
yd	124	19	25981	窑洞	44
yd	124	19	26297	一顶	44
yd	124	19	26320	一朵	44
yd	124	19	26538	阴道	44
yd	124	19	26582	硬度	44
yd	124	19	27292	有待	44
yd	124	19	27300	邮电	44
yd	124	19	27304	有毒	44
yd	124	19	27565	元旦	44
yd	124	19	27567	原地	44
yd	124	19	27571	远东	44
yd	124	19	27764	预订	44
yd	124	19	27776	月底	44
yd	124	19	25605	压倒	45
yd	124	19	25660	岩洞	45
yd	124	19	25975	腰带	45
yd	124	19	25976	要道	45
yd	124	19	26287	一滴	45
yd	124	19	27204	拥戴	45
yd	124	19	27569	原定	45
yd	124	19	27930	云朵	45
yd	124	19	25663	盐度	46
yd	124	19	26298	议定	46
yd	124	19	26304	一动	46
yd	124	19	26540	引得	46
yd	124	19	27205	用到	46
yd	124	19	27207	用地	46
yd	124	19	27294	游荡	46
yd	124	19	27295	诱导	46
yd	124	19	27774	约旦	46
yd	124	19	27923	运到	46
yd	124	19	25655	阉党	47
yd	124	19	25982	摇动	47
yd	124	19	27206	甬道	47
yd	124	19	27293	优待	47
yd	124	19	27296	油灯	47
yd	124	19	27303	游动	47
yd	124	19	27755	玉带	47
yd	124	19	27778	越冬	47
yd	124	19	27924	晕倒	47
yd	124	19	25604	亚当	48
yd	124	19	25977	妖道	48
yd	124	19	26268	一打	48
yd	124	19	26272	以待	48
yd	124	19	26288	异地	48
yd	124	19	26295	一叠	48
yd	124	19	26313	异端	48
yd	124	19	26543	音调	48
yd	124	19	26546	阴毒	48
yd	124	19	26577	应答	48
yd	124	19	26580	应得	48
yd	124	19	26583	应对	48
yd	124	19	27208	用电	48
yd	124	19	27211	涌动	48
yd	124	19	27760	玉帝	48
yd	124	19	27762	语调	48
yd	124	19	25654	烟袋	49
yd	124	19	25661	燕都	49
yd	124	19	25978	腰刀	49
yd	124	19	26273	一袋	49
yd	124	19	26274	衣袋	49
yd	124	19	26278	一担	49
yd	124	19	26305	一栋	49
yd	124	19	26310	一堵	49
yd	124	19	27761	雨点	49
yd	124	19	27765	豫东	49
yd	124	19	25608	压电	50
yd	124	19	25657	烟道	50
yd	124	19	25662	烟斗	50
yd	124	19	25664	研读	50
yd	124	19	25684	炀帝	50
yd	124	19	25685	洋底	50
yd	124	19	26103	液滴	50
yd	124	19	26104	野地	50
yd	124	19	26290	疑点	50
yd	124	19	26299	一锭	50
yd	124	19	26308	一斗	50
yd	124	19	27562	远大	50
yd	124	19	27568	园地	50
yd	124	19	27570	圆顶	50
yd	124	19	27572	怨毒	50
yda	1	0	26541	印第安	47
ydar	1	0	26542	印第安人	42
ydb	1	0	26269	一大半	48
ydbd	1	0	26306	一动不动	44
ydc	1	0	27926	运动场	50
ydd	4	6	27563	元大都	40
ydd	4	6	26291	一点点	42
ydd	4	6	26281	一道道	48
ydd	4	6	26292	一点多	49
yde	2	3	26293	一点儿	41
yde	2	3	27301	有点儿	44
ydfs	1	0	27302	有的放矢	50
ydg	1	0	25682	杨大哥	46
ydh	4	6	27927	运动会	44
ydh	4	6	26547	印度河	47
ydh	4	6	27775	约旦河	49
ydh	4	6	27210	永定河	50
ydj	2	3	26286	一等奖	44
ydj	2	3	26548	印度教	45
ydl	3	4	26275	意大利	35
ydl	3	4	26300	一定量	46
ydl	3	4	27209	用电量	46
ydlr	1	0	26276	意大利人	48
ydn	1	0	25656	颜大怒	49
ydp	1	0	25658	言达平	50
ydq	1	0	25683	杨德清	47
ydr	1	0	26549	印度人	46
yds	4	6	27297	有的是	42
yds	4	6	26282	胰岛素	46
yds	4	6	26322	宜都市	47
yds	4	6	26301	议定书	49
ydt	1	0	27566	袁大头	49
ydy	7	8	27928	运动员	39
ydy	7	8	26550	印度洋	41
ydy	7	8	26102	叶大鹰	42
ydy	7	8	26321	亿多元	46
ydy	7	8	27758	俞大猷	48
ydy	7	8	26539	阴道炎	49
ydy	7	8	26317	一对一	50
ydyd	1	0	26294	一点一点	49
ydz	3	4	26283	一大早	45
ydz	3	4	26323	一肚子	47
ydz	3	4	27929	运动战	49
ydzf	1	0	26551	印度政府	49
ydzn	1	0	26552	印度支那	49
ydzy	1	0	26544	因地制宜	48
ye	11	10	26554	因而	34
ye	11	10	26584	婴儿	39
ye	11	10	26324	一二	41
ye	11	10	27767	余额	44
ye	11	10	26325	伊尔	45
ye	11	10	27305	幼儿	47
ye	11	10	25688	样儿	48
ye	11	10	27573	员额	48
ye	11	10	27781	悦耳	49
ye	11	10	27820	鱼儿	49
ye	11	10	27306	诱饵	50
yej	2	3	26326	一二九	48
yej	2	3	27307	尤二姐	50
yel	1	0	27821	于二龙	46
yen	1	0	26105	叶二娘	47
yer	1	0	25689	杨二人	49
yes	1	0	26555	因而是	49
yey	1	0	27308	幼儿园	45
yf	52	16	26341	衣服	35
yf	52	16	26329	一番	36
yf	52	16	26335	一份	36
yf	52	16	25665	研发	38
yf	52	16	26327	依法	38
yf	52	16	26331	一方	38
yf	52	16	27841	预防	38
yf	52	16	26342	一副	39
yf	52	16	26556	引发	39
yf	52	16	27785	月份	39
yf	52	16	26336	一分	40
yf	52	16	26337	一封	40
yf	52	16	26343	一幅	40
yf	52	16	26587	应付	40
yf	52	16	27844	预付	40
yf	52	16	27782	越发	42
yf	52	16	27839	语法	42
yf	52	16	26344	义父	43
yf	52	16	27784	岳飞	43
yf	52	16	26328	一发	44
yf	52	16	26332	以防	44
yf	52	16	26345	依附	44
yf	52	16	27786	岳父	44
yf	52	16	27843	与否	44
yf	52	16	27931	孕妇	44
yf	52	16	27309	诱发	45
yf	52	16	27574	远方	45
yf	52	16	27840	愈发	45
yf	52	16	27213	永福	46
yf	52	16	25666	厌烦	47
yf	52	16	25691	阳府	47
yf	52	16	25984	要犯	47
yf	52	16	25985	药房	47
yf	52	16	25986	药方	47
yf	52	16	26586	迎风	47
yf	52	16	27842	与非	47
yf	52	16	25690	养分	48
yf	52	16	26557	印发	48
yf	52	16	26585	营房	48
yf	52	16	27212	用法	48
yf	52	16	27787	乐府	48
yf	52	16	25983	妖法	49
yf	52	16	26346	一夫	49
yf	52	16	26559	隐伏	49
yf	52	16	26560	淫妇	49
yf	52	16	27577	缘分	49
yf	52	16	27783	约法	49
yf	52	16	26558	阴风	50
yf	52	16	26561	音符	50
yf	52	16	27310	有方	50
yf	52	16	27576	远非	50
yf	52	16	27578	元丰	50
yffs	1	0	26330	一帆风顺	50
yfh	1	0	26334	一番话	49
yfm	1	0	26333	一方面	37
yfr	1	0	27788	岳夫人	46
yfty	1	0	26338	义愤填膺	47
yfwe	1	0	26339	一分为二	50
yfx	1	0	27575	原发性	50
yfy	1	0	27932	云拂羽	49
yfz	1	0	26340	一分钟	44
yg	57	16	26351	一个	21
yg	57	16	26588	应该	29
yg	57	16	27313	有关	29
yg	57	16	26591	英国	31
yg	57	16	25686	严格	35
yg	57	16	25693	阳光	36
yg	57	16	27580	员工	36
yg	57	16	26358	一根	37
yg	57	16	26363	一股	37
yg	57	16	25687	沿革	38
yg	57	16	25757	眼光	38
yg	57	16	27214	勇敢	40
yg	57	16	26367	一贯	41
yg	57	16	27582	缘故	41
yg	57	16	27789	月光	41
yg	57	16	26360	一共	42
yg	57	16	25667	掩盖	43
yg	57	16	27790	越国	43
yg	57	16	26347	一概	44
yg	57	16	27311	有功	44
yg	57	16	25610	牙膏	45
yg	57	16	25988	妖怪	45
yg	57	16	26348	乙肝	45
yg	57	16	26590	荧光	45
yg	57	16	26652	因故	45
yg	57	16	27579	原告	45
yg	57	16	27845	预感	45
yg	57	16	25987	遥感	46
yg	57	16	26654	因果	46
yg	57	16	27215	佣工	46
yg	57	16	27216	用功	46
yg	57	16	27218	永固	46
yg	57	16	27583	远古	46
yg	57	16	25609	亚纲	48
yg	57	16	26368	衣冠	48
yg	57	16	25611	雅高	49
yg	57	16	25612	雅各	49
yg	57	16	25613	压根	49
yg	57	16	25615	牙关	49
yg	57	16	25692	秧歌	49
yg	57	16	25989	摇滚	49
yg	57	16	26349	一杆	49
yg	57	16	26364	已故	49
yg	57	16	26370	乙炔	49
yg	57	16	26373	异国	49
yg	57	16	26653	银光	49
yg	57	16	27312	油工	49
yg	57	16	27314	油锅	49
yg	57	16	27847	余个	49
yg	57	16	25694	仰光	50
yg	57	16	25758	燕国	50
yg	57	16	26361	异构	50
yg	57	16	26365	遗骨	50
yg	57	16	26366	亿股	50
yg	57	16	26371	依归	50
yg	57	16	27217	用工	50
yg	57	16	27846	渔港	50
ygb	1	0	26352	一个半	49
ygc	1	0	27581	元宫城	49
ygcc	1	0	26369	衣冠楚楚	49
ygd	1	0	26353	一个多	45
ygdy	1	0	26354	一个多月	45
yge	1	0	25614	压根儿	47
ygej	1	0	26350	一干二净	50
ygg	1	0	26355	一个个	38
yghj	1	0	26592	英国海军	48
ygjd	1	0	26356	一个劲地	50
ygje	1	0	26357	一个劲儿	49
ygl	3	4	26589	英格兰	42
ygl	3	4	25695	杨国梁	47
ygl	3	4	27848	余公里	49
yglz	1	0	26374	一国两制	44
ygn	1	0	27584	袁冠南	49
ygne	1	0	26372	一古脑儿	50
ygp	1	0	25696	杨国屏	47
ygq	1	0	25697	杨国庆	47
ygr	1	0	26593	英国人	42
ygt	1	0	26362	异构体	49
ygx	1	0	25698	杨过笑	49
ygy	2	3	26359	一个月	39
ygy	2	3	26596	硬骨鱼	50
ygyh	1	0	26594	英国议会	46
ygym	1	0	27315	忧国忧民	48
ygzf	1	0	26595	英国政府	47
yh	90	18	26382	以后	29
yh	90	18	26708	银行	33
yh	90	18	27221	用户	33
yh	90	18	25794	沿海	36
yh	90	18	26388	议会	36
yh	90	18	26389	一会	37
yh	90	18	27317	友好	37
yh	90	18	26107	也好	38
yh	90	18	26390	一回	38
yh	90	18	25702	氧化	40
yh	90	18	26375	遗憾	41
yh	90	18	27222	拥护	41
yh	90	18	27316	有害	41
yh	90	18	27320	优化	41
yh	90	18	27323	优惠	41
yh	90	18	27858	与会	41
yh	90	18	27934	运河	41
yh	90	18	25802	掩护	42
yh	90	18	25805	演化	42
yh	90	18	26376	一号	42
yh	90	18	26393	疑惑	42
yh	90	18	25801	咽喉	43
yh	90	18	25811	宴会	43
yh	90	18	25990	要害	43
yh	90	18	25991	吆喝	43
yh	90	18	25992	摇晃	43
yh	90	18	27321	油画	43
yh	90	18	27324	诱惑	43
yh	90	18	27853	愈合	43
yh	90	18	25795	严寒	44
yh	90	18	25796	沿河	44
yh	90	18	26377	议和	44
yh	90	18	26386	一晃	44
yh	90	18	26394	一伙	44
yh	90	18	26716	隐患	44
yh	90	18	27791	约翰	44
yh	90	18	25617	丫鬟	45
yh	90	18	25699	央行	45
yh	90	18	25700	洋行	45
yh	90	18	25706	养活	45
yh	90	18	26714	银河	45
yh	90	18	27220	永恒	45
yh	90	18	25616	雅虎	46
yh	90	18	25618	丫环	46
yh	90	18	25813	烟火	46
yh	90	18	26387	宜黄	46
yh	90	18	27219	永和	46
yh	90	18	27588	怨恨	46
yh	90	18	27796	约会	46
yh	90	18	25803	雁湖	47
yh	90	18	25810	延缓	47
yh	90	18	26395	抑或	47
yh	90	18	26598	迎合	47
yh	90	18	26599	硬化	47
yh	90	18	26705	银海	47
yh	90	18	27794	月湖	47
yh	90	18	27855	鱼花	47
yh	90	18	27859	迂回	47
yh	90	18	27933	蕴含	47
yh	90	18	25804	盐湖	48
yh	90	18	26108	液化	48
yh	90	18	26383	医护	48
yh	90	18	26385	异化	48
yh	90	18	26392	已婚	48
yh	90	18	26600	樱花	48
yh	90	18	26707	隐含	48
yh	90	18	27793	约合	48
yh	90	18	27851	宇航	48
yh	90	18	27854	预后	48
yh	90	18	25701	养护	49
yh	90	18	25797	眼红	49
yh	90	18	25806	岩画	49
yh	90	18	25807	眼花	49
yh	90	18	26109	野花	49
yh	90	18	26378	一盒	49
yh	90	18	26379	怡和	49
yh	90	18	26384	一户	49
yh	90	18	27318	黝黑	49
yh	90	18	27319	优厚	49
yh	90	18	27322	忧患	49
yh	90	18	27585	远航	49
yh	90	18	27935	运回	49
yh	90	18	25707	洋货	50
yh	90	18	25798	殷红	50
yh	90	18	25808	烟花	50
yh	90	18	26597	婴孩	50
yh	90	18	27587	原核	50
yh	90	18	27590	猿猴	50
yh	90	18	27795	月华	50
yh	90	18	27849	遇害	50
yhc	3	4	27850	于汉初	47
yhc	3	4	25705	杨虎城	50
yhc	3	4	26601	萤火虫	50
yhd	1	0	27589	袁宏道	47
yhe	1	0	26391	一会儿	37
yhf	1	0	26106	叶海峰	47
yhg	1	0	26706	殷海光	47
yhh	1	0	25799	阎鸿唤	44
yhj	2	3	26709	银行家	47
yhj	2	3	27856	玉皇剑	47
yhk	1	0	26710	银行卡	47
yhl	2	3	25800	颜洪烈	45
yhl	2	3	25703	氧化铝	49
yhll	1	0	25809	眼花缭乱	48
yhm	1	0	27586	袁汉民	47
yhn	1	0	26713	尹汉宁	47
yhq	1	0	26711	银行券	45
yht	2	3	26380	义和团	38
yht	2	3	25812	宴会厅	48
yhw	1	0	25704	氧化物	45
yhx	2	3	26715	银河系	46
yhx	2	3	27792	约翰逊	47
yhxc	1	0	26396	异乎寻常	50
yhy	4	6	26381	颐和园	45
yhy	4	6	27852	宇航员	46
yhy	4	6	26712	银行业	48
yhy	4	6	27857	御花园	50
yhz	1	0	27860	与会者	46
yj	144	20	26422	已经	25
yj	144	20	25832	研究	27
yj	144	20	26397	以及	28
yj	144	20	25827	眼睛	32
yj	144	20	26406	意见	32
yj	144	20	26427	一句	33
yj	144	20	26398	一级	34
yj	144	20	26403	一家	34
yj	144	20	26407	一件	34
yj	144	20	26428	依据	36
yj	144	20	25816	眼见	37
yj	144	20	27861	预计	37
yj	144	20	26110	业绩	38
yj	144	20	26606	迎接	38
yj	144	20	26736	引进	38
yj	144	20	27325	有机	38
yj	144	20	27341	悠久	38
yj	144	20	25828	燕京	40
yj	144	20	25842	严峻	40
yj	144	20	26111	夜间	40
yj	144	20	26114	冶金	40
yj	144	20	26408	一间	40
yj	144	20	26409	一剑	40
yj	144	20	26426	依旧	40
yj	144	20	26435	义军	40
yj	144	20	25995	腰间	41
yj	144	20	25996	要紧	41
yj	144	20	26399	遗迹	41
yj	144	20	26404	一架	41
yj	144	20	26411	一脚	41
yj	144	20	27939	云集	41
yj	144	20	25818	演讲	42
yj	144	20	25823	严谨	42
yj	144	20	25829	眼镜	42
yj	144	20	26420	一斤	42
yj	144	20	26429	一举	42
yj	144	20	26604	硬件	42
yj	144	20	26605	营建	42
yj	144	20	26738	饮酒	42
yj	144	20	27801	月经	42
yj	144	20	27869	遇见	42
yj	144	20	27873	预警	42
yj	144	20	25819	岩浆	43
yj	144	20	25997	妖精	43
yj	144	20	26421	衣襟	43
yj	144	20	26430	移居	43
yj	144	20	26602	应急	43
yj	144	20	26607	应届	43
yj	144	20	26610	英军	43
yj	144	20	26740	隐居	43
yj	144	20	27227	永久	43
yj	144	20	27864	余家	43
yj	144	20	27865	御驾	43
yj	144	20	25820	沿江	44
yj	144	20	25824	严禁	44
yj	144	20	26115	夜景	44
yj	144	20	26412	一角	44
yj	144	20	26418	一届	44
yj	144	20	26419	一节	44
yj	144	20	26423	一经	44
yj	144	20	26431	一具	44
yj	144	20	26609	营救	44
yj	144	20	26611	英俊	44
yj	144	20	27223	拥挤	44
yj	144	20	27862	淤积	44
yj	144	20	25621	亚军	45
yj	144	20	25821	眼角	45
yj	144	20	26113	业界	45
yj	144	20	26116	液晶	45
yj	144	20	26400	一记	45
yj	144	20	26413	移交	45
yj	144	20	26424	意境	45
yj	144	20	26433	一卷	45
yj	144	20	26733	音节	45
yj	144	20	27326	游击	45
yj	144	20	27327	游记	45
yj	144	20	27332	邮件	45
yj	144	20	27595	元件	45
yj	144	20	27598	远近	45
yj	144	20	27866	愈加	45
yj	144	20	25814	严加	46
yj	144	20	25822	眼界	46
yj	144	20	25825	延津	46
yj	144	20	26725	印记	46
yj	144	20	26730	银奖	46
yj	144	20	27329	油价	46
yj	144	20	27798	岳家	46
yj	144	20	27803	阅卷	46
yj	144	20	27804	月均	46
yj	144	20	27863	雨季	46
yj	144	20	27870	预见	46
yj	144	20	27876	语句	46
yj	144	20	25841	厌倦	47
yj	144	20	26425	易经	47
yj	144	20	26728	引见	47
yj	144	20	26737	阴茎	47
yj	144	20	27229	用具	47
yj	144	20	27330	有加	47
yj	144	20	27333	右脚	47
yj	144	20	27336	游街	47
yj	144	20	27591	原籍	47
yj	144	20	27596	原件	47
yj	144	20	27601	援军	47
yj	144	20	27797	月季	47
yj	144	20	27872	于今	47
yj	144	20	25826	演进	48
yj	144	20	25993	药剂	48
yj	144	20	25994	药价	48
yj	144	20	27347	邮局	48
yj	144	20	27593	冤家	48
yj	144	20	27597	远见	48
yj	144	20	27599	远景	48
yj	144	20	27867	瑜伽	48
yj	144	20	25620	押解	49
yj	144	20	25708	阳极	49
yj	144	20	25815	严家	49
yj	144	20	25817	眼睑	49
yj	144	20	26405	意甲	49
yj	144	20	26432	一局	49
yj	144	20	26726	阴极	49
yj	144	20	26731	银匠	49
yj	144	20	27225	佣金	49
yj	144	20	27338	幽静	49
yj	144	20	27799	越加	49
yj	144	20	27800	跃进	49
yj	144	20	27802	跃居	49
yj	144	20	27871	羽箭	49
yj	144	20	25999	药酒	50
yj	144	20	26000	要诀	50
yj	144	20	26401	异己	50
yj	144	20	26402	疑忌	50
yj	144	20	26414	衣角	50
yj	144	20	26436	以军	50
yj	144	20	26603	迎击	50
yj	144	20	26727	印加	50
yj	144	20	26729	阴间	50
yj	144	20	26734	音阶	50
yj	144	20	27224	永嘉	50
yj	144	20	27226	用尽	50
yj	144	20	27328	邮寄	50
yj	144	20	27331	有假	50
yj	144	20	27342	有救	50
yj	144	20	27592	圆寂	50
yj	144	20	27874	语境	50
yjb	1	0	27868	喻家碑	47
yjc	1	0	25712	养鸡场	46
yjca	1	0	27594	冤假错案	49
yjcm	1	0	26434	一举成名	48
yjd	3	4	27335	游击队	42
yjd	3	4	26417	一季度	45
yjd	3	4	25619	雅加达	49
yjdx	1	0	25830	燕京大学	46
yjf	1	0	26735	尹吉甫	46
yjh	2	3	25833	研究会	45
yjh	2	3	25709	杨建华	46
yjhx	1	0	27337	有机化学	49
yjj	2	3	26118	叶君健	47
yjj	2	3	27875	预警机	47
yjl	2	3	27600	远距离	46
yjl	2	3	26608	英吉利	50
yjr	1	0	26415	一家人	42
yjs	6	7	25837	研究所	37
yjs	6	7	25834	研究生	39
yjs	6	7	25836	研究室	46
yjs	6	7	25714	杨继盛	49
yjs	6	7	26410	意见书	49
yjs	6	7	25831	闫京生	50
yjss	1	0	26117	也就是说	40
yjsy	1	0	25835	研究生院	49
yjt	3	4	25710	杨家台	47
yjt	3	4	25711	杨家潭	47
yjt	3	4	27340	有机体	50
yjw	1	0	27343	有机物	46
yjx	1	0	27228	永久性	47
yjy	4	6	25838	研究员	41
yjy	4	6	25839	研究院	42
yjy	4	6	26112	叶剑英	44
yjy	4	6	25713	杨景宇	47
yjyd	1	0	26437	一举一动	48
yjyg	1	0	25998	咬紧牙关	49
yjyx	1	0	27339	又惊又喜	45
yjz	6	7	26732	殷家洲	44
yjz	6	7	26739	尹集镇	47
yjz	6	7	27344	游击战	47
yjz	6	7	25840	研究者	48
yjz	6	7	27346	有机质	48
yjz	6	7	26416	一家子	49
yjzq	1	0	27334	有价证券	48
yjzz	1	0	27345	游击战争	44
yk	31	14	26449	一块	33
yk	31	14	27348	游客	35
yk	31	14	26445	一口	36
yk	31	14	26439	依靠	37
yk	31	14	26440	一颗	38
yk	31	14	25843	眼看	40
yk	31	14	26441	一刻	41
yk	31	14	27878	愉快	41
yk	31	14	26442	一棵	43
yk	31	14	25847	眼眶	44
yk	31	14	26443	亦可	45
yk	31	14	25622	亚科	46
yk	31	14	25624	牙口	46
yk	31	14	25846	严酷	46
yk	31	14	26001	遥控	46
yk	31	14	26451	一款	46
yk	31	14	25623	雅克	47
yk	31	14	25845	堰口	47
yk	31	14	26002	药库	47
yk	31	14	26119	夜空	47
yk	31	14	26438	一开	47
yk	31	14	27805	月刊	47
yk	31	14	26444	医科	48
yk	31	14	26612	应考	48
yk	31	14	27351	铀矿	48
yk	31	14	25844	眼科	49
yk	31	14	26448	衣裤	49
yk	31	14	27350	有空	49
yk	31	14	27877	预科	49
yk	31	14	26452	一捆	50
yk	31	14	26613	营口	50
yke	1	0	26450	一块儿	43
ykq	1	0	26446	一口气	39
yks	1	0	25715	杨可世	47
ykts	1	0	26447	异口同声	50
ykx	1	0	26741	尹克西	45
yky	1	0	27349	邮科院	47
yl	132	20	27602	原来	30
yl	132	20	26453	以来	32
yl	132	20	25625	压力	34
yl	132	20	26458	伊朗	36
yl	132	20	26479	医疗	36
yl	132	20	27362	优良	36
yl	132	20	27605	原理	36
yl	132	20	27610	原料	36
yl	132	20	25848	眼泪	37
yl	132	20	26459	一类	37
yl	132	20	26495	一路	37
yl	132	20	27230	用来	37
yl	132	20	27231	永乐	37
yl	132	20	27357	有力	37
yl	132	20	27885	鱼类	37
yl	132	20	27358	有利	38
yl	132	20	25850	眼里	39
yl	132	20	26454	依赖	39
yl	132	20	26496	议论	39
yl	132	20	26500	一律	39
yl	132	20	27232	用力	39
yl	132	20	27883	娱乐	39
yl	132	20	27900	舆论	39
yl	132	20	25851	严厉	40
yl	132	20	26121	夜里	40
yl	132	20	26489	一流	40
yl	132	20	27611	园林	40
yl	132	20	26474	一辆	41
yl	132	20	26497	一轮	41
yl	132	20	27363	油料	41
yl	132	20	27809	月亮	41
yl	132	20	27886	鱼雷	41
yl	132	20	25854	演练	42
yl	132	20	26455	一来	42
yl	132	20	26470	一脸	42
yl	132	20	26490	遗留	42
yl	132	20	26614	迎来	42
yl	132	20	26617	盈利	42
yl	132	20	26747	饮料	42
yl	132	20	27355	游览	42
yl	132	20	27371	忧虑	42
yl	132	20	27606	远离	42
yl	132	20	25716	养老	43
yl	132	20	25858	言论	43
yl	132	20	26460	一粒	43
yl	132	20	26471	一连	43
yl	132	20	26485	夷陵	43
yl	132	20	27609	原谅	43
yl	132	20	27889	预料	43
yl	132	20	26122	冶炼	44
yl	132	20	26618	应力	44
yl	132	20	26749	引领	44
yl	132	20	27359	有理	44
yl	132	20	27360	游离	44
yl	132	20	27604	元老	44
yl	132	20	27607	院里	44
yl	132	20	27614	院落	44
yl	132	20	27940	运力	44
yl	132	20	25719	杨柳	45
yl	132	20	26475	一两	45
yl	132	20	26493	遗漏	45
yl	132	20	26501	疑虑	45
yl	132	20	26744	引力	45
yl	132	20	26746	银两	45
yl	132	20	27364	优劣	45
yl	132	20	25855	颜料	46
yl	132	20	26461	伊犁	46
yl	132	20	26462	伊利	46
yl	132	20	26480	意料	46
yl	132	20	26502	一缕	46
yl	132	20	26742	引来	46
yl	132	20	27361	游历	46
yl	132	20	27366	幽灵	46
yl	132	20	27808	阅历	46
yl	132	20	27942	韵律	46
yl	132	20	25852	艳丽	47
yl	132	20	26004	摇篮	47
yl	132	20	26007	要领	47
yl	132	20	26463	一例	47
yl	132	20	26464	毅力	47
yl	132	20	26619	赢利	47
yl	132	20	27881	玉兰	47
yl	132	20	27887	雨量	47
yl	132	20	25722	洋楼	48
yl	132	20	25853	眼力	48
yl	132	20	26472	依恋	48
yl	132	20	26483	一列	48
yl	132	20	26491	一溜	48
yl	132	20	26751	引路	48
yl	132	20	26752	音律	48
yl	132	20	27233	用量	48
yl	132	20	27352	由来	48
yl	132	20	27613	源流	48
yl	132	20	27879	雨来	48
yl	132	20	27890	渔猎	48
yl	132	20	27891	玉林	48
yl	132	20	27892	榆林	48
yl	132	20	27897	预留	48
yl	132	20	27899	语录	48
yl	132	20	25627	雅龙	49
yl	132	20	25720	洋流	49
yl	132	20	25849	盐类	49
yl	132	20	25857	沿路	49
yl	132	20	26465	一里	49
yl	132	20	26466	屹立	49
yl	132	20	26467	以利	49
yl	132	20	26486	衣领	49
yl	132	20	26616	营垒	49
yl	132	20	26743	阴冷	49
yl	132	20	27356	游乐	49
yl	132	20	27368	右路	49
yl	132	20	27608	园里	49
yl	132	20	27882	预览	49
yl	132	20	27893	雨淋	49
yl	132	20	25718	养料	50
yl	132	20	25856	严令	50
yl	132	20	26005	药理	50
yl	132	20	26006	要脸	50
yl	132	20	26120	夜来	50
yl	132	20	26468	义理	50
yl	132	20	26469	迤逦	50
yl	132	20	26494	一楼	50
yl	132	20	26615	硬朗	50
yl	132	20	26620	英里	50
yl	132	20	26622	英烈	50
yl	132	20	26745	阴历	50
yl	132	20	27369	油轮	50
yl	132	20	27370	邮轮	50
yl	132	20	27810	约略	50
yl	132	20	27894	鱼鳞	50
yl	132	20	27898	玉龙	50
yl	132	20	27941	运量	50
ylb	1	0	26621	英联邦	47
ylbx	1	0	26481	医疗保险	48
ylc	2	3	26473	一连串	45
ylc	2	3	27884	娱乐城	50
ylds	1	0	26127	耶律大石	46
yldx	1	0	26125	耶鲁大学	50
ylff	1	0	26498	议论纷纷	50
ylfm	1	0	26484	亿立方米	39
ylg	1	0	26476	一两个	45
ylh	1	0	26748	阴丽华	50
ylhj	1	0	26128	耶律洪基	48
ylj	2	3	27895	御林军	45
ylj	2	3	25628	鸭绿江	47
ylk	1	0	26457	伊拉克	37
ylkt	1	0	27365	有利可图	50
yln	1	0	26477	一两年	48
ylq	4	6	26129	耶律齐	44
ylq	4	6	26003	姚来泉	47
ylq	4	6	26487	夷陵区	47
ylq	4	6	26124	叶利钦	48
ylrc	1	0	27603	原来如此	46
yls	4	6	26499	一路上	42
yls	4	6	27612	园林式	47
yls	4	6	26130	叶绿素	49
yls	4	6	27807	阅览室	50
ylsb	1	0	26488	伊丽莎白	49
ylsd	1	0	25626	亚历山大	44
ylsl	1	0	26126	耶路撒冷	45
ylt	4	6	26750	殷梨亭	46
ylt	4	6	26478	一两天	48
ylt	4	6	26131	叶绿体	49
ylt	4	6	25717	杨莲亭	50
ylx	2	3	27896	喻林祥	47
ylx	2	3	26456	依赖性	49
yly	5	6	27806	越来越	33
yly	5	6	27367	有利于	37
yly	5	6	27880	愈来愈	43
yly	5	6	27354	有赖于	47
yly	5	6	26492	一溜烟	50
ylyj	1	0	27353	由来已久	50
ylz	3	4	26123	叶莲子	42
ylz	3	4	27888	俞莲舟	45
ylz	3	4	25721	阳离子	50
ylzw	1	0	26482	意料之外	46
ym	76	17	26510	一面	34
ym	76	17	26515	一名	35
ym	76	17	25633	衙门	37
ym	76	17	26506	一门	38
ym	76	17	27376	又名	38
ym	76	17	27907	玉米	39
ym	76	17	27909	鱼苗	39
ym	76	17	26511	以免	40
ym	76	17	26514	移民	40
ym	76	17	26756	阴谋	40
ym	76	17	27377	有名	40
ym	76	17	27619	原名	40
ym	76	17	25862	严密	41
ym	76	17	26504	一枚	41
ym	76	17	27372	优美	41
ym	76	17	26008	要么	42
ym	76	17	26133	野蛮	42
ym	76	17	27615	圆满	42
ym	76	17	26624	迎面	43
ym	76	17	26753	隐瞒	43
ym	76	17	27378	幽默	43
ym	76	17	27380	游牧	43
ym	76	17	27912	渔民	43
ym	76	17	25723	羊毛	44
ym	76	17	25865	淹没	44
ym	76	17	26518	一幕	44
ym	76	17	27902	羽毛	44
ym	76	17	27906	郁闷	44
ym	76	17	27944	云母	44
ym	76	17	26009	要命	45
ym	76	17	26512	疫苗	45
ym	76	17	27234	勇猛	45
ym	76	17	27617	院门	45
ym	76	17	26623	英美	46
ym	76	17	26627	英亩	46
ym	76	17	26755	隐秘	46
ym	76	17	27811	约莫	46
ym	76	17	27901	余脉	46
ym	76	17	27913	域名	46
ym	76	17	25629	亚麻	47
ym	76	17	25727	仰慕	47
ym	76	17	25859	掩埋	47
ym	76	17	25863	颜面	47
ym	76	17	25864	严明	47
ym	76	17	26010	妖魔	47
ym	76	17	26135	也门	47
ym	76	17	26137	夜幕	47
ym	76	17	26503	姨妈	47
ym	76	17	26508	乙醚	47
ym	76	17	26509	一米	47
ym	76	17	26519	一目	47
ym	76	17	26625	英明	47
ym	76	17	27374	优孟	47
ym	76	17	27813	岳母	47
ym	76	17	27905	愚昧	47
ym	76	17	27908	余米	47
ym	76	17	27915	余亩	47
ym	76	17	26517	一抹	48
ym	76	17	26758	银幕	48
ym	76	17	27618	辕门	48
ym	76	17	25860	燕麦	49
ym	76	17	26132	野马	49
ym	76	17	26136	爷们	49
ym	76	17	26507	义门	49
ym	76	17	26513	一秒	49
ym	76	17	27914	余名	49
ym	76	17	25724	仰面	50
ym	76	17	25866	湮没	50
ym	76	17	26134	野猫	50
ym	76	17	26520	一亩	50
ym	76	17	26626	英名	50
ym	76	17	26754	隐没	50
ym	76	17	27375	幼苗	50
ym	76	17	27616	原煤	50
ym	76	17	27812	约摸	50
ym	76	17	27910	育苗	50
ymb	1	0	27911	玉米棒	47
ymd	1	0	25867	烟幕弹	50
ymg	2	3	27379	幽默感	49
ymg	2	3	25861	雁门关	50
ymgj	1	0	26757	阴谋诡计	50
ymj	1	0	25630	牙买加	48
ymlr	1	0	26521	一目了然	48
ymm	1	0	27381	游牧民	49
ymny	1	0	25632	亚美尼亚	47
ymq	1	0	27903	羽毛球	44
yms	1	0	27904	羽毛扇	47
ymsh	1	0	25631	亚马孙河	49
ymwh	1	0	26516	一命呜呼	48
ymx	2	3	25726	杨摩西	47
ymx	2	3	27943	云梦县	47
ymy	3	4	26505	亿美元	37
ymy	3	4	27373	有没有	38
ymy	3	4	27620	圆明园	48
ymyy	1	0	26522	一模一样	43
ymz	1	0	25725	杨苗洲	47
yn	27	13	26717	一年	33
yn	27	13	27623	元年	35
yn	27	13	27945	云南	37
yn	27	13	26523	以南	39
yn	27	13	27814	越南	40
yn	27	13	26553	以内	41
yn	27	13	26759	印尼	41
yn	27	13	26718	翌年	42
yn	27	13	26524	疑难	43
yn	27	13	27621	院内	43
yn	27	13	27383	幼年	44
yn	27	13	27936	淤泥	44
yn	27	13	27937	余年	44
yn	27	13	27947	酝酿	44
yn	27	13	26138	业内	45
yn	27	13	25728	养牛	46
yn	27	13	26719	亿年	46
yn	27	13	27964	玉女	46
yn	27	13	27622	园内	47
yn	27	13	27916	遇难	47
yn	27	13	27938	余孽	48
yn	27	13	26721	姨娘	49
yn	27	13	26760	隐匿	49
yn	27	13	27384	幼女	49
yn	27	13	26140	野牛	50
yn	27	13	26720	意念	50
yn	27	13	27382	油腻	50
ynd	1	0	26761	印尼队	50
ynrs	1	0	26139	业内人士	44
yns	2	3	27946	云南省	44
yns	2	3	26722	一年生	49
ynsj	1	0	26723	一年四季	49
ynxj	1	0	27965	玉女心经	48
ynyd	1	0	26724	一年一度	48
ynzx	1	0	26800	一怒之下	50
yoc	1	0	27385	由藕池	47
yoy	1	0	26762	印欧语	47
yp	35	14	26864	一片	33
yp	35	14	26862	一批	35
yp	35	14	26011	药品	37
yp	35	14	26629	影片	38
yp	35	14	26071	压迫	39
yp	35	14	26857	一派	40
yp	35	14	26860	一旁	41
yp	35	14	26865	一篇	41
yp	35	14	25729	羊皮	42
yp	35	14	26067	鸦片	42
yp	35	14	26630	应聘	42
yp	35	14	26863	一匹	42
yp	35	14	26869	一品	42
yp	35	14	27235	用品	42
yp	35	14	27386	右派	42
yp	35	14	26858	一排	43
yp	35	14	25730	样品	44
yp	35	14	25868	眼皮	44
yp	35	14	26141	叶片	44
yp	35	14	26069	亚平	45
yp	35	14	26628	硬盘	45
yp	35	14	26859	一盘	45
yp	35	14	26868	一瞥	45
yp	35	14	27388	邮票	45
yp	35	14	27948	云盘	45
yp	35	14	26764	银票	46
yp	35	14	26870	一瓶	46
yp	35	14	26861	一盆	47
yp	35	14	26763	银牌	48
yp	35	14	27624	圆盘	48
yp	35	14	26765	音频	49
yp	35	14	27236	永平	49
yp	35	14	26867	一票	50
yp	35	14	27387	诱骗	50
yp	35	14	27987	余篇	50
ypfm	1	0	27988	余平方米	47
yph	1	0	26871	一品红	49
ypm	1	0	26070	亚平妈	49
ypp	1	0	26866	一片片	50
ypz	1	0	26631	应聘者	44
ypzz	1	0	26068	鸦片战争	44
yq	81	18	26015	要求	29
yq	81	18	26872	一起	30
yq	81	18	26890	一切	30
yq	81	18	26766	引起	31
yq	81	18	26881	以前	32
yq	81	18	27389	尤其	33
yq	81	18	25871	眼前	35
yq	81	18	26013	邀请	36
yq	81	18	26873	一齐	37
yq	81	18	26899	一群	38
yq	81	18	27400	有权	38
yq	81	18	27989	与其	38
yq	81	18	27237	勇气	39
yq	81	18	27990	预期	39
yq	81	18	26874	仪器	40
yq	81	18	27399	有趣	40
yq	81	18	27815	乐器	41
yq	81	18	27949	运气	41
yq	81	18	27991	语气	41
yq	81	18	26897	一拳	42
yq	81	18	26898	一圈	42
yq	81	18	27816	跃起	42
yq	81	18	27818	月球	42
yq	81	18	26875	一期	43
yq	81	18	26894	以求	43
yq	81	18	27392	有钱	43
yq	81	18	27394	右倾	43
yq	81	18	27992	玉器	43
yq	81	18	25731	氧气	44
yq	81	18	25873	宴请	44
yq	81	18	25875	眼球	44
yq	81	18	26882	一千	44
yq	81	18	26885	一枪	44
yq	81	18	27390	油漆	44
yq	81	18	27634	源泉	44
yq	81	18	25869	延期	45
yq	81	18	26012	要钱	45
yq	81	18	26769	引桥	45
yq	81	18	26876	义气	45
yq	81	18	26895	一曲	45
yq	81	18	27631	远去	45
yq	81	18	27632	园区	45
yq	81	18	27635	圆圈	45
yq	81	18	25732	扬起	46
yq	81	18	25874	延庆	46
yq	81	18	26632	迎娶	46
yq	81	18	26770	殷勤	46
yq	81	18	27391	油气	46
yq	81	18	27625	元气	46
yq	81	18	27819	乐曲	46
yq	81	18	25870	焉耆	47
yq	81	18	25872	堰桥	47
yq	81	18	25876	眼圈	47
yq	81	18	26877	遗弃	47
yq	81	18	27395	友情	47
yq	81	18	25734	洋枪	48
yq	81	18	26072	压强	48
yq	81	18	26768	银钱	48
yq	81	18	26878	以期	48
yq	81	18	26892	疫情	48
yq	81	18	27396	有情	48
yq	81	18	27626	怨气	48
yq	81	18	27817	跃迁	48
yq	81	18	25733	阳气	49
yq	81	18	25736	央求	49
yq	81	18	26633	营区	49
yq	81	18	26771	引擎	49
yq	81	18	26879	一气	49
yq	81	18	26896	易趣	49
yq	81	18	27239	用钱	49
yq	81	18	27628	院墙	49
yq	81	18	27630	圆球	49
yq	81	18	25737	羊群	50
yq	81	18	26767	阴气	50
yq	81	18	26880	意气	50
yq	81	18	26886	一腔	50
yq	81	18	27238	涌起	50
yq	81	18	27627	远期	50
yq	81	18	27633	冤屈	50
yq	81	18	27950	孕期	50
yq	81	18	27993	逾期	50
yqbt	1	0	26889	一窍不通	49
yqd	1	0	26883	一千多	50
yqdn	1	0	26884	一千多年	48
yqec	1	0	26893	一清二楚	46
yqh	1	0	25735	杨桥湖	42
yqj	1	0	27629	元器件	50
yql	2	3	27994	玉泉路	47
yql	2	3	26887	一千两	49
yqq	1	0	26891	益切钦	49
yqs	2	3	26014	邀请赛	49
yqs	2	3	26772	阴气森	49
yqtx	1	0	27397	有期徒刑	47
yqwl	1	0	27398	有气无力	50
yqws	2	3	26888	亿千瓦时	46
yqws	2	3	26073	鸦雀无声	48
yqys	1	0	27393	有钱有势	46
yqz	1	0	26016	姚期智	47
yr	34	14	27403	有人	30
yr	34	14	26900	依然	36
yr	34	14	26908	一日	38
yr	34	14	26901	已然	40
yr	34	14	27240	用人	40
yr	34	14	27408	犹如	40
yr	34	14	26777	引入	41
yr	34	14	25739	羊肉	42
yr	34	14	27409	有如	42
yr	34	14	25738	洋人	43
yr	34	14	26142	野人	43
yr	34	14	25879	炎热	44
yr	34	14	26902	毅然	44
yr	34	14	26904	艺人	44
yr	34	14	27404	游人	44
yr	34	14	25877	俨然	46
yr	34	14	26912	一如	46
yr	34	14	27242	拥入	46
yr	34	14	27405	诱人	46
yr	34	14	26905	宜人	47
yr	34	14	27243	涌入	47
yr	34	14	27406	友人	47
yr	34	14	27822	跃入	47
yr	34	14	27995	渔人	47
yr	34	14	26906	一任	48
yr	34	14	27241	佣人	48
yr	34	14	26911	易溶	49
yr	34	14	27996	鱼肉	49
yr	34	14	26017	妖人	50
yr	34	14	26773	印染	50
yr	34	14	26774	隐忍	50
yr	34	14	26903	亦然	50
yr	34	14	27401	悠然	50
yr	34	14	27636	圆润	50
yrd	1	0	26074	亚热带	38
yres	1	0	27402	油然而生	50
yrfz	1	0	26913	易如反掌	50
yrjw	1	0	26914	一如既往	47
yrl	1	0	27951	云绕龙	49
yrrs	1	0	26775	引人入胜	50
yrt	1	0	26143	叶如棠	47
yrwb	1	0	26907	以人为本	48
yry	2	3	26910	亿日元	48
yry	2	3	26909	一日游	50
yryx	1	0	25878	嫣然一笑	48
yryy	1	0	27407	游刃有余	50
yrzm	1	0	26776	引人注目	43
ys	180	21	26920	以上	28
ys	180	21	26923	一声	30
ys	180	21	26953	艺术	31
ys	180	21	28004	于是	31
ys	180	21	26795	因素	33
ys	180	21	27423	有时	33
ys	180	21	26931	一时	34
ys	180	21	26966	意思	34
ys	180	21	27424	优势	34
ys	180	21	27955	运输	34
ys	180	21	26924	医生	35
ys	180	21	26932	意识	35
ys	180	21	27441	有所	35
ys	180	21	28019	预算	35
ys	180	21	26925	一生	36
ys	180	21	26933	仪式	36
ys	180	21	27434	右手	36
ys	180	21	27642	原始	36
ys	180	21	25880	颜色	37
ys	180	21	25884	延伸	37
ys	180	21	26022	要是	37
ys	180	21	26031	要素	37
ys	180	21	25888	岩石	38
ys	180	21	26922	一身	38
ys	180	21	25898	严肃	39
ys	180	21	26146	野生	39
ys	180	21	26786	饮食	39
ys	180	21	26934	议事	39
ys	180	21	26951	一手	39
ys	180	21	26957	一双	39
ys	180	21	27643	院士	39
ys	180	21	27654	元素	39
ys	180	21	27826	越是	39
ys	180	21	26029	要说	40
ys	180	21	26790	印刷	40
ys	180	21	28005	玉石	40
ys	180	21	25885	眼神	41
ys	180	21	26967	一丝	41
ys	180	21	27828	约束	41
ys	180	21	28000	遇上	41
ys	180	21	25745	样式	42
ys	180	21	25881	眼色	42
ys	180	21	26917	衣衫	42
ys	180	21	26935	一事	42
ys	180	21	26936	一世	42
ys	180	21	26937	以示	42
ys	180	21	26952	一首	42
ys	180	21	26972	一艘	42
ys	180	21	26975	一所	42
ys	180	21	27651	元帅	42
ys	180	21	25889	掩饰	43
ys	180	21	26023	钥匙	43
ys	180	21	26075	衙署	43
ys	180	21	26079	压缩	43
ys	180	21	26148	野兽	43
ys	180	21	26921	衣裳	43
ys	180	21	26938	医师	43
ys	180	21	27245	勇士	43
ys	180	21	27649	元首	43
ys	180	21	27960	运送	43
ys	180	21	27961	运算	43
ys	180	21	28006	御史	43
ys	180	21	28016	雨水	43
ys	180	21	25882	燕山	44
ys	180	21	25892	验收	44
ys	180	21	25893	严守	44
ys	180	21	25895	演说	44
ys	180	21	26024	药师	44
ys	180	21	26030	要死	44
ys	180	21	26149	耶稣	44
ys	180	21	26640	应试	44
ys	180	21	26641	硬是	44
ys	180	21	26954	一束	44
ys	180	21	27246	用水	44
ys	180	21	27247	庸俗	44
ys	180	21	27425	有事	44
ys	180	21	27825	跃上	44
ys	180	21	25746	央视	45
ys	180	21	26144	夜色	45
ys	180	21	26642	萤石	45
ys	180	21	26643	影视	45
ys	180	21	26784	隐身	45
ys	180	21	26794	隐私	45
ys	180	21	26939	衣食	45
ys	180	21	26955	遗书	45
ys	180	21	27418	优胜	45
ys	180	21	27419	有生	45
ys	180	21	27426	有失	45
ys	180	21	27435	有数	45
ys	180	21	25883	衍射	46
ys	180	21	25886	衍生	46
ys	180	21	25890	演示	46
ys	180	21	25899	盐酸	46
ys	180	21	26018	要塞	46
ys	180	21	26019	药膳	46
ys	180	21	26026	摇手	46
ys	180	21	26634	英山	46
ys	180	21	26638	应声	46
ys	180	21	27410	有色	46
ys	180	21	27416	幽深	46
ys	180	21	27427	幼时	46
ys	180	21	27639	袁绍	46
ys	180	21	27954	陨石	46
ys	180	21	28007	预示	46
ys	180	21	25897	淹死	47
ys	180	21	26639	营生	47
ys	180	21	26792	引水	47
ys	180	21	26918	一扇	47
ys	180	21	26961	一瞬	47
ys	180	21	27412	油砂	47
ys	180	21	27414	有伤	47
ys	180	21	27428	油饰	47
ys	180	21	27998	玉山	47
ys	180	21	28008	遇事	47
ys	180	21	28018	鱼松	47
ys	180	21	25744	养生	48
ys	180	21	26077	雅思	48
ys	180	21	26636	影射	48
ys	180	21	26637	映射	48
ys	180	21	26646	罂粟	48
ys	180	21	26778	银色	48
ys	180	21	26779	音色	48
ys	180	21	26785	引申	48
ys	180	21	26793	饮水	48
ys	180	21	26915	一色	48
ys	180	21	26940	义士	48
ys	180	21	26956	医术	48
ys	180	21	26971	移送	48
ys	180	21	27413	友善	48
ys	180	21	27415	忧伤	48
ys	180	21	27437	游说	48
ys	180	21	27440	有损	48
ys	180	21	27640	原生	48
ys	180	21	27823	月色	48
ys	180	21	28002	预审	48
ys	180	21	28003	语声	48
ys	180	21	25750	杨树	49
ys	180	21	25894	盐水	49
ys	180	21	25896	言说	49
ys	180	21	25900	演算	49
ys	180	21	26076	亚述	49
ys	180	21	26145	夜深	49
ys	180	21	26147	夜视	49
ys	180	21	26780	阴森	49
ys	180	21	26782	阴山	49
ys	180	21	26787	吟诗	49
ys	180	21	26941	伊始	49
ys	180	21	26942	役使	49
ys	180	21	26974	一岁	49
ys	180	21	27952	云杉	49
ys	180	21	27997	预赛	49
ys	180	21	28009	浴室	49
ys	180	21	28010	余实	49
ys	180	21	28011	喻示	49
ys	180	21	25741	养伤	50
ys	180	21	25747	仰视	50
ys	180	21	25901	延髓	50
ys	180	21	26020	咬伤	50
ys	180	21	26027	药水	50
ys	180	21	26028	尧舜	50
ys	180	21	26078	押送	50
ys	180	21	26150	叶酸	50
ys	180	21	26645	应收	50
ys	180	21	26783	殷商	50
ys	180	21	26788	隐士	50
ys	180	21	26789	引述	50
ys	180	21	26943	衣饰	50
ys	180	21	26973	乙酸	50
ys	180	21	27244	用膳	50
ys	180	21	27417	有神	50
ys	180	21	27420	有声	50
ys	180	21	27429	由是	50
ys	180	21	27438	油水	50
ys	180	21	27439	游丝	50
ys	180	21	27637	远山	50
ys	180	21	27650	援手	50
ys	180	21	27827	乐师	50
ys	180	21	27953	云山	50
ys	180	21	27999	御膳	50
ys	180	21	28020	寓所	50
ysbg	1	0	26968	一丝不苟	50
ysbk	1	0	26926	一声不吭	47
ysbs	1	0	26919	依山傍水	46
ysbt	1	0	27442	有所不同	44
ysbx	1	0	26927	一声不响	48
ysc	1	0	25751	杨嗣昌	42
ysd	1	0	27652	元顺帝	50
ysdf	1	0	28012	御史大夫	49
ysdw	1	0	27641	原生动物	50
ysf	3	4	26025	姚师傅	44
ysf	3	4	27436	有双凤	49
ysf	3	4	27824	约瑟夫	49
ysgj	1	0	28013	与世隔绝	49
ysh	2	3	27430	有时候	40
ysh	2	3	26944	议事会	47
ysj	6	7	26958	艺术家	41
ysj	6	7	27956	运输机	43
ysj	6	7	26945	一时间	44
ysj	6	7	26959	艺术节	46
ysj	6	7	25749	杨守敬	47
ysj	6	7	26962	一瞬间	47
ysjj	1	0	28014	与时俱进	50
ysjs	1	0	27411	有色金属	44
ysk	2	3	27644	袁世凯	37
ysk	2	3	25742	杨尚昆	47
ysl	5	6	26916	以色列	38
ysl	5	6	26969	伊斯兰	43
ysl	5	6	26960	艺术类	46
ysl	5	6	27957	运输量	46
ysl	5	6	27829	约束力	49
yslj	1	0	26970	伊斯兰教	39
ysll	1	0	27421	有生力量	49
yslx	1	0	26928	一声令下	49
ysp	1	0	26963	艺术品	45
ysq	4	6	26946	一时期	43
ysq	4	6	28001	余少群	47
ysq	4	6	25748	杨士奇	48
ysq	4	6	25891	岩石圈	49
ysrc	1	0	26947	议事日程	50
yss	5	6	26796	殷素素	44
yss	5	6	27638	袁姗姗	47
yss	5	6	26781	阴森森	50
yss	5	6	26791	印刷术	50
yss	5	6	26929	一声声	50
yssh	1	0	27645	原始社会	47
yssk	1	0	26948	一时三刻	50
yst	2	3	26964	艺术团	49
yst	2	3	28015	御史台	50
ystr	1	0	26949	一视同仁	50
ysw	1	0	25887	衍生物	47
yswh	1	0	25743	仰韶文化	50
yswk	1	0	27431	有恃无恐	50
ysx	4	6	27958	运输线	46
ysx	4	6	26635	英山县	47
ysx	4	6	26965	艺术性	49
ysx	4	6	27646	袁士霄	49
ysxt	1	0	26950	意识形态	44
ysy	3	4	28017	余叔岩	46
ysy	3	4	27653	袁思怡	47
ysy	3	4	27959	运输业	49
ysyb	1	0	26021	摇身一变	49
ysyl	1	0	27432	有史以来	46
ysys	2	3	26930	一生一世	49
ysys	2	3	27422	有声有色	50
ysz	4	6	27648	元世祖	44
ysz	4	6	27647	袁时中	45
ysz	4	6	25740	阳三蒸	47
ysz	4	6	26644	应试者	50
yszs	1	0	27433	有识之士	50
yszw	1	0	27443	有所作为	46
yt	64	17	26993	一条	32
yt	64	17	26989	一天	33
yt	64	17	26032	摇头	37
yt	64	17	26984	一套	37
yt	64	17	26083	丫头	39
yt	64	17	27000	一头	39
yt	64	17	26152	液体	40
yt	64	17	26986	一体	40
yt	64	17	27248	用途	40
yt	64	17	26981	一趟	41
yt	64	17	26995	一同	41
yt	64	17	27003	一团	41
yt	64	17	27001	意图	42
yt	64	17	25904	研讨	43
yt	64	17	25911	沿途	43
yt	64	17	26977	一台	43
yt	64	17	26987	遗体	43
yt	64	17	27005	依托	43
yt	64	17	27449	油田	43
yt	64	17	25902	烟台	44
yt	64	17	26988	议题	44
yt	64	17	25753	仰天	45
yt	64	17	26648	樱桃	45
yt	64	17	26996	一通	45
yt	64	17	27444	犹太	45
yt	64	17	27453	油桐	45
yt	64	17	27657	源头	45
yt	64	17	26982	饴糖	46
yt	64	17	27454	右腿	46
yt	64	17	27655	远眺	46
yt	64	17	28025	鱼头	46
yt	64	17	25752	阳台	47
yt	64	17	26151	液态	47
yt	64	17	26997	异同	47
yt	64	17	26998	一统	47
yt	64	17	27962	云梯	47
yt	64	17	25756	仰头	48
yt	64	17	25903	言谈	48
yt	64	17	26153	叶挺	48
yt	64	17	26799	隐退	48
yt	64	17	26980	一摊	48
yt	64	17	27448	幼体	48
yt	64	17	27452	游艇	48
yt	64	17	27830	乐团	48
yt	64	17	27963	云头	48
yt	64	17	25907	岩体	49
yt	64	17	25909	盐铁	49
yt	64	17	26154	野兔	49
yt	64	17	26650	应天	49
yt	64	17	26978	以太	49
yt	64	17	26999	一桶	49
yt	64	17	27002	以图	49
yt	64	17	27004	疑团	49
yt	64	17	25908	掩体	50
yt	64	17	25910	烟头	50
yt	64	17	26080	亚泰	50
yt	64	17	26082	压痛	50
yt	64	17	26647	影坛	50
yt	64	17	26651	迎头	50
yt	64	17	26983	一堂	50
yt	64	17	27450	油条	50
yt	64	17	28021	羽坛	50
yt	64	17	28022	鱼塘	50
yt	64	17	28023	羽田	50
ytb	1	0	25905	研讨班	46
ytbw	2	3	26985	伊藤博文	48
ytbw	2	3	27451	有条不紊	49
ytdq	1	0	26081	亚太地区	43
ytdw	1	0	26990	一天到晚	46
yte	1	0	26649	英特尔	43
yth	2	3	26994	一体化	41
yth	2	3	25906	研讨会	43
ythn	1	0	26033	摇头晃脑	50
ytht	1	0	26976	一塌糊涂	50
ytj	2	3	27445	犹太教	48
ytj	2	3	26991	倚天剑	49
ytr	1	0	27446	犹太人	43
yts	1	0	28024	玉田寺	47
ytt	2	3	26979	姨太太	45
ytt	2	3	26992	一天天	48
ytw	1	0	26797	因特网	46
ytx	2	3	25754	杨铁心	47
ytx	2	3	27656	圆筒形	50
ytz	3	4	25755	杨同嘴	47
ytz	3	4	26798	殷天正	48
ytz	3	4	27447	游坦之	48
yw	71	17	26801	因为	27
yw	71	17	27017	一位	32
yw	71	17	26158	业务	33
yw	71	17	27018	以为	34
yw	71	17	26038	药物	36
yw	71	17	27006	以外	36
yw	71	17	26656	英文	38
yw	71	17	27007	意外	38
yw	71	17	27032	义务	38
yw	71	17	27012	以往	39
yw	71	17	27660	愿望	39
yw	71	17	28030	誉为	39
yw	71	17	26156	夜晚	40
yw	71	17	27008	一碗	41
yw	71	17	27019	一味	42
yw	71	17	27025	疑问	42
yw	71	17	27457	有望	42
yw	71	17	27458	尤为	42
yw	71	17	28027	欲望	42
yw	71	17	28032	语文	42
yw	71	17	25915	烟雾	43
yw	71	17	25916	厌恶	43
yw	71	17	26155	野外	43
yw	71	17	27020	意味	43
yw	71	17	27461	有无	43
yw	71	17	27661	冤枉	43
yw	71	17	27968	云雾	43
yw	71	17	27009	一万	44
yw	71	17	27026	一文	44
yw	71	17	28026	余万	44
yw	71	17	26157	野味	45
yw	71	17	26655	应为	45
yw	71	17	27010	亿万	45
yw	71	17	27033	遗物	45
yw	71	17	25760	杨维	46
yw	71	17	25917	延误	46
yw	71	17	27013	遗忘	46
yw	71	17	27034	医务	46
yw	71	17	27035	衣物	46
yw	71	17	27455	游玩	46
yw	71	17	27663	原文	46
yw	71	17	28028	渔网	46
yw	71	17	28031	鱼尾	46
yw	71	17	25759	仰望	47
yw	71	17	25765	洋务	47
yw	71	17	25912	阎王	47
yw	71	17	26035	遥望	47
yw	71	17	27011	伊万	47
yw	71	17	27462	有误	47
yw	71	17	27834	乐舞	47
yw	71	17	27966	运往	47
yw	71	17	26034	药丸	48
yw	71	17	26039	要务	48
yw	71	17	26657	鹦鹉	48
yw	71	17	27027	译文	48
yw	71	17	27036	异物	48
yw	71	17	27459	有违	48
yw	71	17	27658	员外	48
yw	71	17	27662	原委	48
yw	71	17	25913	眼窝	49
yw	71	17	26036	药王	49
yw	71	17	27028	艺文	49
yw	71	17	27037	贻误	49
yw	71	17	27967	韵味	49
yw	71	17	25761	阳痿	50
yw	71	17	25914	燕窝	50
yw	71	17	27021	移位	50
yw	71	17	27022	依偎	50
yw	71	17	27029	轶闻	50
yw	71	17	27456	右腕	50
yw	71	17	27832	越位	50
ywc	1	0	25762	杨文骢	50
ywdj	1	0	27014	一网打尽	50
ywf	1	0	27030	一窝蜂	50
ywfg	1	0	27038	义无反顾	50
ywg	1	0	27831	越王勾	47
ywjy	1	0	27039	义务教育	42
ywk	1	0	27031	依我看	49
ywl	2	3	27015	一万两	50
ywl	2	3	27659	员外郎	50
ywnf	1	0	27016	伊万诺夫	49
ywr	1	0	27040	义务人	48
yws	2	3	25763	杨闻孙	47
yws	2	3	27833	岳维山	50
ywsc	1	0	27023	意味深长	49
ywsy	1	0	27041	一无所有	49
ywsz	1	0	27042	一无所知	47
ywt	1	0	28033	宇文泰	49
ywts	1	0	27460	尤文图斯	49
ywx	1	0	26040	药物学	46
ywy	4	6	28029	余万元	46
ywy	4	6	25764	杨文岳	49
ywy	4	6	26159	业务员	49
ywy	4	6	26037	姚文元	50
ywys	1	0	27043	一五一十	49
ywyw	1	0	26041	耀武扬威	45
ywz	1	0	27024	意味着	38
yx	113	19	27061	一些	27
yx	113	19	26658	影响	28
yx	113	19	27480	有些	30
yx	113	19	27049	一下	31
yx	113	19	27050	以下	33
yx	113	19	27475	有效	33
yx	113	19	26163	也许	34
yx	113	19	26664	英雄	34
yx	113	19	27490	优秀	35
yx	113	19	27666	院校	35
yx	113	19	25918	演习	36
yx	113	19	27077	医学	36
yx	113	19	27485	游行	36
yx	113	19	27971	运行	36
yx	113	19	27973	允许	36
yx	113	19	27052	一项	37
yx	113	19	27463	游戏	37
yx	113	19	27464	有限	37
yx	113	19	26803	印象	38
yx	113	19	25924	眼下	39
yx	113	19	27069	一行	39
yx	113	19	25930	延续	40
yx	113	19	26661	营销	40
yx	113	19	27051	一线	40
yx	113	19	27053	一向	40
yx	113	19	27059	一小	40
yx	113	19	27249	涌现	40
yx	113	19	27465	优先	40
yx	113	19	27664	原先	41
yx	113	19	27671	圆形	41
yx	113	19	25768	阳新	42
yx	113	19	27044	以西	42
yx	113	19	27054	一响	42
yx	113	19	27066	一心	42
yx	113	19	27067	疑心	42
yx	113	19	27250	用心	42
yx	113	19	28039	预先	42
yx	113	19	26161	野心	43
yx	113	19	27068	一新	43
yx	113	19	27075	衣袖	43
yx	113	19	27667	远销	43
yx	113	19	25926	沿线	44
yx	113	19	26809	银杏	44
yx	113	19	26810	隐形	44
yx	113	19	27491	有序	44
yx	113	19	27672	原型	44
yx	113	19	27835	月薪	44
yx	113	19	28036	余下	44
yx	113	19	25919	沿袭	45
yx	113	19	25920	筵席	45
yx	113	19	25928	言行	45
yx	113	19	27055	意向	45
yx	113	19	27070	宜兴	45
yx	113	19	27482	有心	45
yx	113	19	28034	语系	45
yx	113	19	25770	阳性	46
yx	113	19	25929	严刑	46
yx	113	19	26659	影像	46
yx	113	19	26667	应选	46
yx	113	19	26804	音响	46
yx	113	19	26805	音像	46
yx	113	19	26808	引信	46
yx	113	19	27045	依稀	46
yx	113	19	27046	乙烯	46
yx	113	19	27071	异性	46
yx	113	19	27251	永新	46
yx	113	19	27466	攸县	46
yx	113	19	27486	有幸	46
yx	113	19	27969	郧县	46
yx	113	19	28047	鱼汛	46
yx	113	19	25921	研习	47
yx	113	19	26806	引向	47
yx	113	19	27047	一席	47
yx	113	19	27467	悠闲	47
yx	113	19	27476	幼小	47
yx	113	19	25922	演戏	48
yx	113	19	26160	腋下	48
yx	113	19	26811	阴性	48
yx	113	19	26814	殷墟	48
yx	113	19	27252	用血	48
yx	113	19	27468	有线	48
yx	113	19	27487	有形	48
yx	113	19	27668	元宵	48
yx	113	19	28035	豫西	48
yx	113	19	28045	浴血	48
yx	113	19	25923	宴席	49
yx	113	19	25925	咽下	49
yx	113	19	26044	要挟	49
yx	113	19	26045	药性	49
yx	113	19	26662	迎晓	49
yx	113	19	26802	阴险	49
yx	113	19	26816	音讯	49
yx	113	19	27072	异姓	49
yx	113	19	27074	义兄	49
yx	113	19	27470	油箱	49
yx	113	19	27673	远行	49
yx	113	19	28037	鱼虾	49
yx	113	19	28038	余暇	49
yx	113	19	28040	遇险	49
yx	113	19	28041	预想	49
yx	113	19	28044	预选	49
yx	113	19	26043	药效	50
yx	113	19	26663	硬性	50
yx	113	19	26812	隐性	50
yx	113	19	26815	阴虚	50
yx	113	19	27048	议席	50
yx	113	19	27056	意象	50
yx	113	19	27471	幽香	50
yx	113	19	27472	诱降	50
yx	113	19	27483	忧心	50
yx	113	19	27488	有性	50
yx	113	19	27970	运销	50
yx	113	19	27974	晕眩	50
yxb	1	0	25767	杨晓波	47
yxbb	1	0	26162	野心勃勃	50
yxbd	1	0	27057	意想不到	45
yxc	1	0	26042	姚湘成	47
yxcc	1	0	27484	忧心忡忡	48
yxd	1	0	25769	养心殿	48
yxds	1	0	27469	有线电视	50
yxf	3	4	25771	杨兴富	47
yxf	3	4	28042	俞小凡	47
yxf	3	4	27670	袁锡藩	49
yxg	2	3	28046	玉虚宫	44
yxg	2	3	27665	袁相公	49
yxgs	1	0	27473	有限公司	34
yxh	1	0	27063	一席话	49
yxhh	1	0	26665	英雄好汉	46
yxhj	1	0	26666	英雄豪杰	48
yxj	4	6	27481	游戏机	46
yxj	4	6	27674	原型机	48
yxj	4	6	27669	元宵节	49
yxj	4	6	27078	医学家	50
yxkj	1	0	27064	依稀可见	49
yxl	2	3	27065	一系列	35
yxl	2	3	26660	影响力	43
yxn	1	0	28043	豫西南	46
yxp	2	3	25927	严晓频	47
yxp	2	3	27675	袁行霈	47
yxq	1	0	27477	有效期	49
yxsc	1	0	27478	有效射程	50
yxsy	1	0	26084	亚硝酸盐	49
yxsz	1	0	27489	有性生殖	49
yxx	3	4	25772	阳新县	47
yxx	3	4	27479	有效性	47
yxx	3	4	27972	郧西县	47
yxy	2	3	27079	医学院	44
yxy	2	3	26085	亚细亚	45
yxyj	1	0	26813	隐形眼镜	49
yxyy	1	0	27073	一心一意	47
yxz	4	6	27060	一下子	38
yxz	4	6	25766	杨献珍	47
yxz	4	6	27058	易贤忠	47
yxz	4	6	27062	一些则	49
yxzd	1	0	27076	一席之地	50
yxzr	1	0	27474	有限责任	43
yxzy	1	0	26807	印象主义	49
yy	186	21	27514	由于	28
yy	186	21	27083	一样	29
yy	186	21	27110	亿元	30
yy	186	21	27684	原因	31
yy	186	21	26678	应用	33
yy	186	21	27093	意义	33
yy	186	21	27111	医院	33
yy	186	21	27256	拥有	33
yy	186	21	27258	用于	33
yy	186	21	28048	语言	33
yy	186	21	26836	音乐	34
yy	186	21	27080	一眼	34
yy	186	21	27680	愿意	34
yy	186	21	26684	英语	35
yy	186	21	27261	永远	35
yy	186	21	26668	营养	36
yy	186	21	26823	引用	36
yy	186	21	27087	医药	36
yy	186	21	27088	一页	36
yy	186	21	27104	已有	36
yy	186	21	27978	运用	36
yy	186	21	25946	演员	37
yy	186	21	26829	银鱼	37
yy	186	21	27692	远远	37
yy	186	21	25942	言语	38
yy	186	21	26166	爷爷	38
yy	186	21	27687	原有	38
yy	186	21	27975	郧阳	38
yy	186	21	28057	予以	38
yy	186	21	27089	一夜	39
yy	186	21	27094	一一	39
yy	186	21	28056	渔业	39
yy	186	21	25941	沿用	40
yy	186	21	26671	营业	40
yy	186	21	26677	盈盈	40
yy	186	21	26679	英勇	40
yy	186	21	26818	阴阳	40
yy	186	21	27112	议员	40
yy	186	21	27254	用以	40
yy	186	21	27497	友谊	40
yy	186	21	27498	有益	40
yy	186	21	27499	有意	40
yy	186	21	26058	药用	41
yy	186	21	26681	应有	41
yy	186	21	26820	隐隐	41
yy	186	21	27105	易于	41
yy	186	21	27509	游泳	41
yy	186	21	27515	犹豫	41
yy	186	21	27522	优越	41
yy	186	21	27691	源于	41
yy	186	21	27976	运营	41
yy	186	21	25780	洋芋	42
yy	186	21	26059	遥远	42
yy	186	21	26168	业余	42
yy	186	21	26821	阴影	42
yy	186	21	27510	有用	42
yy	186	21	27677	鸳鸯	42
yy	186	21	27688	原油	42
yy	186	21	28064	语音	42
yy	186	21	26047	谣言	43
yy	186	21	26086	压抑	43
yy	186	21	27106	一隅	43
yy	186	21	27113	意愿	43
yy	186	21	27114	一员	43
yy	186	21	27118	一月	43
yy	186	21	27253	用药	43
yy	186	21	27693	圆圆	43
yy	186	21	28049	预言	43
yy	186	21	26046	咬牙	44
yy	186	21	26048	耀眼	44
yy	186	21	26167	业已	44
yy	186	21	27084	意杨	44
yy	186	21	27095	异议	44
yy	186	21	27255	用意	44
yy	186	21	27500	优异	44
yy	186	21	27501	右翼	44
yy	186	21	27516	有余	44
yy	186	21	27517	优于	44
yy	186	21	27689	缘由	44
yy	186	21	27694	渊源	44
yy	186	21	28065	玉音	44
yy	186	21	26055	药业	45
yy	186	21	26164	液压	45
yy	186	21	26670	应邀	45
yy	186	21	26824	饮用	45
yy	186	21	26837	隐约	45
yy	186	21	27099	一应	45
yy	186	21	27107	意欲	45
yy	186	21	27259	勇于	45
yy	186	21	27492	优雅	45
yy	186	21	27512	悠悠	45
yy	186	21	27678	远洋	45
yy	186	21	27979	孕育	45
yy	186	21	25773	扬言	46
yy	186	21	25931	岩盐	46
yy	186	21	25937	演绎	46
yy	186	21	26057	徭役	46
yy	186	21	26826	引诱	46
yy	186	21	26830	饮誉	46
yy	186	21	26833	银元	46
yy	186	21	27085	异样	46
yy	186	21	27096	熠熠	46
yy	186	21	27108	抑郁	46
yy	186	21	27119	怡悦	46
yy	186	21	27257	用油	46
yy	186	21	27513	幽幽	46
yy	186	21	27518	鱿鱼	46
yy	186	21	27519	忧郁	46
yy	186	21	28058	寓意	46
yy	186	21	25778	洋溢	47
yy	186	21	25935	烟叶	47
yy	186	21	25943	谚语	47
yy	186	21	26087	衙役	47
yy	186	21	26687	营运	47
yy	186	21	26817	饮宴	47
yy	186	21	26819	音译	47
yy	186	21	27260	用语	47
yy	186	21	27262	踊跃	47
yy	186	21	27679	原野	47
yy	186	21	27681	原意	47
yy	186	21	27685	援引	47
yy	186	21	27836	越野	47
yy	186	21	28050	寓言	47
yy	186	21	28070	鱼原	47
yy	186	21	28071	愉悦	47
yy	186	21	25774	样样	48
yy	186	21	25775	痒痒	48
yy	186	21	25781	养育	48
yy	186	21	25939	掩映	48
yy	186	21	26049	摇摇	48
yy	186	21	26050	遥遥	48
yy	186	21	26056	摇曳	48
yy	186	21	26165	页岩	48
yy	186	21	26685	盈余	48
yy	186	21	27081	遗言	48
yy	186	21	27101	医用	48
yy	186	21	27109	宜于	48
yy	186	21	27115	一元	48
yy	186	21	27116	译员	48
yy	186	21	27495	悠扬	48
yy	186	21	27502	游艺	48
yy	186	21	27520	有缘	48
yy	186	21	27676	怨言	48
yy	186	21	27682	园艺	48
yy	186	21	27686	元音	48
yy	186	21	27690	原由	48
yy	186	21	27980	云云	48
yy	186	21	28072	逾越	48
yy	186	21	25782	养鱼	49
yy	186	21	25944	艳遇	49
yy	186	21	26089	亚运	49
yy	186	21	26688	应允	49
yy	186	21	26834	姻缘	49
yy	186	21	26844	音韵	49
yy	186	21	27090	一叶	49
yy	186	21	28054	余姚	49
yy	186	21	28059	语义	49
yy	186	21	28060	愈益	49
yy	186	21	28061	语意	49
yy	186	21	28067	御用	49
yy	186	21	28068	余鱼	49
yy	186	21	28069	郁郁	49
yy	186	21	28073	预约	49
yy	186	21	25932	筵宴	50
yy	186	21	25936	盐业	50
yy	186	21	25938	宴饮	50
yy	186	21	25945	烟雨	50
yy	186	21	26060	要员	50
yy	186	21	26061	要约	50
yy	186	21	26088	牙龈	50
yy	186	21	26676	影印	50
yy	186	21	26686	影院	50
yy	186	21	26827	印有	50
yy	186	21	26828	隐忧	50
yy	186	21	26831	音域	50
yy	186	21	26832	阴雨	50
yy	186	21	26835	因缘	50
yy	186	21	26845	阴云	50
yy	186	21	27097	依依	50
yy	186	21	27493	幽雅	50
yy	186	21	27494	右眼	50
yy	186	21	27503	犹疑	50
yy	186	21	27504	诱因	50
yy	186	21	27695	源源	50
yy	186	21	28062	羽翼	50
yy	186	21	28063	雨衣	50
yyb	1	0	26672	营业部	47
yybd	1	0	27696	源源不断	47
yybf	1	0	27082	一言不发	45
yybj	1	0	27521	犹豫不决	49
yyc	2	3	27683	园艺场	43
yyc	2	3	27511	游泳池	49
yyd	2	3	27698	远远地	44
yyd	2	3	27697	圆圆的	48
yydl	1	0	27098	以逸待劳	50
yye	2	3	26673	营业额	49
yye	2	3	26682	婴幼儿	49
yyeq	1	0	27120	一跃而起	48
yyes	2	3	27102	一拥而上	46
yyes	2	3	26689	应运而生	48
yyf	1	0	27121	一月份	46
yyg	2	3	25776	杨业功	47
yyg	2	3	27523	优越感	50
yyh	3	4	26090	亚运会	42
yyh	3	4	26838	音乐会	44
yyh	3	4	25777	杨叶湖	47
yyhh	1	0	26051	摇摇晃晃	47
yyht	1	0	27086	一氧化碳	48
yyj	3	4	27091	一夜间	46
yyj	3	4	27103	义勇军	46
yyj	3	4	26839	音乐家	47
yyjq	1	0	27100	一应俱全	50
yyjy	1	0	26683	应有尽有	50
yyl	1	0	28066	预应力	50
yylc	1	0	27699	源远流长	49
yylm	1	0	26843	阴雨连绵	49
yyq	1	0	25779	杨一清	50
yyqc	1	0	26054	咬牙切齿	44
yyrj	1	0	26680	应用软件	50
yys	6	7	27977	运营商	41
yys	6	7	27506	有意思	44
yys	6	7	27505	有意识	46
yys	6	7	27092	肄业生	47
yys	6	7	26669	营养素	48
yys	6	7	26825	饮用水	50
yyss	1	0	25933	严严实实	47
yyt	3	4	26052	摇摇头	40
yyt	3	4	26840	音乐堂	41
yyt	3	4	26841	音乐厅	46
yywy	1	0	27507	有意无意	49
yyx	4	6	28051	语言学	46
yyx	4	6	25940	严义埙	47
yyx	4	6	27524	优越性	47
yyx	4	6	28055	于雅先	50
yyxy	1	0	26842	音乐学院	44
yyy	3	4	27508	有益于	44
yyy	3	4	26674	营业员	49
yyy	3	4	27496	油页岩	50
yyyl	1	0	28053	愈演愈烈	47
yyys	1	0	27837	跃跃欲试	49
yyyx	1	0	25934	奄奄一息	48
yyyy	1	0	26822	隐隐约约	47
yyyz	2	3	26053	摇摇欲坠	50
yyyz	2	3	28052	欲言又止	50
yyz	2	3	27117	一院制	42
yyz	2	3	27122	抑郁症	49
yyzz	1	0	26675	营业执照	48
yz	175	21	27172	一种	27
yz	175	21	27153	一直	30
yz	175	21	25957	严重	32
yz	175	21	27700	原则	32
yz	175	21	27145	一阵	33
yz	175	21	25788	样子	34
yz	175	21	25953	研制	34
yz	175	21	26095	亚洲	34
yz	175	21	27133	一张	34
yz	175	21	27154	一只	34
yz	175	21	27155	遗址	34
yz	175	21	27156	一致	34
yz	175	21	27173	一中	34
yz	175	21	27191	一座	34
yz	175	21	27702	院长	34
yz	175	21	26855	银子	36
yz	175	21	27139	依照	36
yz	175	21	27157	一支	36
yz	175	21	27530	有着	36
yz	175	21	27706	原种	36
yz	175	21	25784	养殖	37
yz	175	21	27140	一招	37
yz	175	21	27158	意志	38
yz	175	21	27533	优质	38
yz	175	21	27717	原子	38
yz	175	21	27718	院子	38
yz	175	21	28086	宇宙	38
yz	175	21	25947	沿着	39
yz	175	21	27159	抑制	39
yz	175	21	27160	以致	39
yz	175	21	27266	用作	39
yz	175	21	27711	援助	39
yz	175	21	28079	鱼种	39
yz	175	21	25786	扬州	40
yz	175	21	25958	眼中	40
yz	175	21	26174	叶子	40
yz	175	21	26690	营造	40
yz	175	21	27161	以至	40
yz	175	21	27162	已知	40
yz	175	21	27185	椅子	40
yz	175	21	27986	运作	40
yz	175	21	25965	演奏	41
yz	175	21	26701	影子	41
yz	175	21	27123	一再	41
yz	175	21	27163	移植	41
yz	175	21	27176	一周	41
yz	175	21	28080	余种	41
yz	175	21	25948	验证	42
yz	175	21	27125	一早	42
yz	175	21	27127	一则	42
yz	175	21	27134	仪仗	42
yz	175	21	27179	一株	42
yz	175	21	27187	一组	42
yz	175	21	27188	彝族	42
yz	175	21	27531	邮政	42
yz	175	21	28091	语族	42
yz	175	21	26066	瑶族	43
yz	175	21	26092	压制	43
yz	175	21	26096	鸭子	43
yz	175	21	26694	营长	43
yz	175	21	27128	一战	43
yz	175	21	27164	一枝	43
yz	175	21	27263	雍正	43
yz	175	21	27534	油脂	43
yz	175	21	27707	院中	43
yz	175	21	27712	圆柱	43
yz	175	21	27985	运转	43
yz	175	21	25949	炎症	44
yz	175	21	26169	野战	44
yz	175	21	26856	因子	44
yz	175	21	27129	一盏	44
yz	175	21	27527	右掌	44
yz	175	21	27703	远征	44
yz	175	21	25787	养猪	45
yz	175	21	25950	严整	45
yz	175	21	25962	眼珠	45
yz	175	21	25964	燕子	45
yz	175	21	26172	业主	45
yz	175	21	26692	迎战	45
yz	175	21	27124	意在	45
yz	175	21	27126	一遭	45
yz	175	21	27135	议长	45
yz	175	21	27165	意旨	45
yz	175	21	27166	医治	45
yz	175	21	27535	幼稚	45
yz	175	21	27546	有罪	45
yz	175	21	27719	园子	45
yz	175	21	27981	运载	45
yz	175	21	28081	狱中	45
yz	175	21	25951	严正	46
yz	175	21	26063	要旨	46
yz	175	21	26175	椰子	46
yz	175	21	26700	郢州	46
yz	175	21	26847	引着	46
yz	175	21	26848	银针	46
yz	175	21	26849	印证	46
yz	175	21	27130	一站	46
yz	175	21	27131	驿站	46
yz	175	21	27136	一丈	46
yz	175	21	27137	一章	46
yz	175	21	27143	一着	46
yz	175	21	27148	议政	46
yz	175	21	27180	遗嘱	46
yz	175	21	27182	一桩	46
yz	175	21	27183	衣着	46
yz	175	21	27184	一桌	46
yz	175	21	27543	游子	46
yz	175	21	27705	原址	46
yz	175	21	28082	语种	46
yz	175	21	28083	育种	46
yz	175	21	25954	胭脂	47
yz	175	21	26173	野猪	47
yz	175	21	26846	印章	47
yz	175	21	27167	一纸	47
yz	175	21	27181	亿株	47
yz	175	21	27190	一尊	47
yz	175	21	27525	油榨	47
yz	175	21	27538	由衷	47
yz	175	21	27541	幽州	47
yz	175	21	27708	园中	47
yz	175	21	27720	源自	47
yz	175	21	28077	谕旨	47
yz	175	21	25789	养子	48
yz	175	21	25790	阳子	48
yz	175	21	26093	雅致	48
yz	175	21	26094	亚种	48
yz	175	21	26691	营寨	48
yz	175	21	26695	营帐	48
yz	175	21	26696	映照	48
yz	175	21	26703	影踪	48
yz	175	21	26851	引致	48
yz	175	21	26852	印制	48
yz	175	21	27138	依仗	48
yz	175	21	27141	一朝	48
yz	175	21	27142	遗诏	48
yz	175	21	27177	益州	48
yz	175	21	27539	有种	48
yz	175	21	27540	优种	48
yz	175	21	27730	远祖	48
yz	175	21	27983	云中	48
yz	175	21	28078	御制	48
yz	175	21	25791	扬子	49
yz	175	21	25955	腌制	49
yz	175	21	25961	兖州	49
yz	175	21	26062	夭折	49
yz	175	21	26064	要职	49
yz	175	21	26091	压榨	49
yz	175	21	26693	应战	49
yz	175	21	26697	鹰爪	49
yz	175	21	26698	应征	49
yz	175	21	26702	英子	49
yz	175	21	26704	英宗	49
yz	175	21	26854	引种	49
yz	175	21	27132	翼展	49
yz	175	21	27168	懿旨	49
yz	175	21	27174	倚重	49
yz	175	21	27189	异族	49
yz	175	21	27264	甬钟	49
yz	175	21	27526	油炸	49
yz	175	21	27545	游走	49
yz	175	21	27838	乐章	49
yz	175	21	28092	狱卒	49
yz	175	21	26065	窑子	50
yz	175	21	26170	夜战	50
yz	175	21	27144	译者	50
yz	175	21	27146	一针	50
yz	175	21	27265	臃肿	50
yz	175	21	27528	悠长	50
yz	175	21	27536	有志	50
yz	175	21	27544	幼子	50
yz	175	21	27713	圆锥	50
yz	175	21	27731	原作	50
yz	175	21	28074	预兆	50
yz	175	21	28090	预装	50
yz	175	21	28093	余座	50
yzbm	1	0	27532	邮政编码	43
yzbt	1	0	28084	与众不同	45
yzc	1	0	27709	原种场	41
yzd	3	4	27721	原子弹	44
yzd	3	4	27728	袁宗第	46
yzd	3	4	27727	袁宗道	47
yzf	1	0	27147	一阵风	48
yzfc	1	0	28087	宇宙飞船	50
yzg	1	0	27729	袁宗皋	44
yzh	3	4	27722	原子核	44
yzh	3	4	25783	杨长槐	47
yzh	3	4	27984	云中鹤	47
yzhj	1	0	27982	运载火箭	47
yzhx	1	0	27714	圆锥花序	50
yzj	4	6	26171	野战军	43
yzj	4	6	25792	扬子江	45
yzj	4	6	27704	远征军	49
yzj	4	6	27169	抑制剂	50
yzkj	1	0	28088	宇宙空间	50
yzl	2	3	27723	原子量	47
yzl	2	3	27710	圆周率	50
yzm	2	3	26850	殷正茂	46
yzm	2	3	25793	羊子庙	47
yzn	2	3	27178	一周年	46
yzn	2	3	27724	原子能	46
yzp	1	0	26853	尹志平	45
yzpk	1	0	27186	一字排开	48
yzqh	1	0	27175	一中全会	47
yzs	2	3	27701	原则上	45
yzs	2	3	28075	俞正声	47
yzt	2	3	27149	一整套	47
yzt	2	3	27150	一整天	49
yztp	1	0	26699	硬着头皮	47
yzx	5	6	27715	圆锥形	45
yzx	5	6	27716	圆柱形	48
yzx	5	6	25959	严重性	49
yzx	5	6	27170	一致性	49
yzx	5	6	28089	宇宙线	50
yzxc	1	0	28085	语重心长	50
yzxs	1	0	27725	原子序数	50
yzy	5	6	27542	有助于	40
yzy	5	6	27171	以至于	42
yzy	5	6	27726	袁紫衣	45
yzy	5	6	25785	养殖业	49
yzy	5	6	27537	有志于	49
yzyr	1	0	27529	有朝一日	48
yzz	7	8	27151	一阵阵	45
yzz	7	8	27152	一阵子	45
yzz	7	8	25952	眼睁睁	46
yzz	7	8	25956	严智泽	47
yzz	7	8	25960	严重者	48
yzz	7	8	25963	眼珠子	49
yzz	7	8	28076	玉真子	50
za	9	9	28351	障碍	38
za	9	9	29034	治安	39
za	9	9	30558	阻碍	42
za	9	9	29032	致癌	46
za	9	9	28554	招安	47
za	9	9	30675	左岸	47
za	9	9	29033	致哀	49
za	9	9	28708	珍爱	50
za	9	9	29400	钟爱	50
zal	1	0	28352	张爱玲	49
zaw	1	0	28353	障碍物	48
zaz	1	0	29760	专案组	48
zb	88	18	30071	准备	30
zb	88	18	30220	资本	30
zb	88	18	29775	装备	33
zb	88	18	29406	中部	35
zb	88	18	29941	逐步	35
zb	88	18	29045	直播	36
zb	88	18	29761	转变	36
zb	88	18	28663	这般	37
zb	88	18	29042	指标	38
zb	88	18	30423	总部	38
zb	88	18	29686	周边	39
zb	88	18	28740	政变	40
zb	88	18	29037	植被	40
zb	88	18	29940	主编	40
zb	88	18	28669	这部	41
zb	88	18	29930	主办	41
zb	88	18	30588	嘴巴	41
zb	88	18	28666	这笔	42
zb	88	18	28668	这边	42
zb	88	18	29936	珠宝	42
zb	88	18	30422	总兵	42
zb	88	18	30679	左边	42
zb	88	18	30680	坐标	42
zb	88	18	28328	战败	43
zb	88	18	28247	责备	44
zb	88	18	28329	战备	44
zb	88	18	28555	招办	44
zb	88	18	28665	这本	44
zb	88	18	29035	值班	44
zb	88	18	29039	直奔	44
zb	88	18	29043	治病	44
zb	88	18	30677	左臂	44
zb	88	18	28354	长辈	45
zb	88	18	28559	招标	45
zb	88	18	28664	这帮	45
zb	88	18	28739	正比	45
zb	88	18	29038	制备	45
zb	88	18	29040	纸币	45
zb	88	18	29046	支部	45
zb	88	18	29404	重兵	45
zb	88	18	28709	珍宝	46
zb	88	18	28710	振臂	46
zb	88	18	28741	争辩	46
zb	88	18	29044	致病	46
zb	88	18	29047	织布	46
zb	88	18	29774	装扮	46
zb	88	18	29931	诸般	46
zb	88	18	30589	嘴边	46
zb	88	18	28256	增补	47
zb	88	18	28330	占卜	47
zb	88	18	28738	正版	47
zb	88	18	29405	重病	47
zb	88	18	29937	朱笔	47
zb	88	18	30008	追兵	47
zb	88	18	28184	早报	48
zb	88	18	28556	照搬	48
zb	88	18	28667	遮蔽	48
zb	88	18	28737	争霸	48
zb	88	18	28742	整编	48
zb	88	18	29402	钟表	48
zb	88	18	29938	铸币	48
zb	88	18	30081	桌边	48
zb	88	18	30218	自保	48
zb	88	18	30219	自卑	48
zb	88	18	30678	作弊	48
zb	88	18	28097	再拜	49
zb	88	18	28304	眨巴	49
zb	88	18	28743	征兵	49
zb	88	18	29041	质变	49
zb	88	18	29403	中标	49
zb	88	18	29685	周报	49
zb	88	18	29762	转播	49
zb	88	18	30009	追捕	49
zb	88	18	30225	淄博	49
zb	88	18	30523	奏报	49
zb	88	18	30524	奏本	49
zb	88	18	30525	走遍	49
zb	88	18	30566	祖辈	49
zb	88	18	30656	尊卑	49
zb	88	18	30676	作罢	49
zb	88	18	30682	作别	49
zb	88	18	28557	照办	50
zb	88	18	29036	置办	50
zb	88	18	29048	止步	50
zb	88	18	29932	主板	50
zb	88	18	29939	驻跸	50
zb	88	18	30224	自便	50
zb	88	18	30226	滋补	50
zbb	1	0	29401	中北部	50
zbf	3	4	28670	这部分	43
zbf	3	4	29934	朱邦复	47
zbf	3	4	29933	主办方	49
zbg	1	0	29049	只不过	38
zbj	5	6	30221	资本家	37
zbj	5	6	30072	准备金	47
zbj	5	6	30421	总编辑	47
zbj	5	6	29929	猪八戒	48
zbj	5	6	28560	赵秉钧	49
zbl	2	3	30222	资本论	49
zbl	2	3	30683	做不了	49
zbp	1	0	30227	滋补品	46
zbs	1	0	28558	赵半山	45
zbt	1	0	29687	周伯通	40
zbx	1	0	30681	坐标系	48
zby	1	0	28162	赞比亚	48
zbz	2	3	29935	朱邦造	46
zbz	2	3	29051	止不住	47
zbzd	1	0	29050	知不知道	49
zbzy	1	0	30223	资本主义	35
zc	119	19	30567	组成	29
zc	119	19	28744	政策	30
zc	119	19	28187	造成	32
zc	119	19	28672	这次	32
zc	119	19	29061	支持	32
zc	119	19	29064	指出	33
zc	119	19	30690	作出	33
zc	119	19	28746	正常	34
zc	119	19	28101	再次	35
zc	119	19	29953	主持	35
zc	119	19	28331	战场	36
zc	119	19	30691	做出	36
zc	119	19	28671	这场	37
zc	119	19	29055	制成	37
zc	119	19	30229	资产	37
zc	119	19	30526	走出	37
zc	119	19	30590	最初	37
zc	119	19	28712	侦察	38
zc	119	19	30238	自从	38
zc	119	19	30232	自成	39
zc	119	19	30424	总裁	39
zc	119	19	28186	早晨	40
zc	119	19	28358	章程	40
zc	119	19	29056	支撑	40
zc	119	19	29065	支出	40
zc	119	19	29067	至此	40
zc	119	19	29944	注册	40
zc	119	19	29946	主场	40
zc	119	19	30591	嘴唇	40
zc	119	19	28098	在场	41
zc	119	19	28163	赞成	41
zc	119	19	29947	著称	41
zc	119	19	30233	自称	41
zc	119	19	30237	自此	41
zc	119	19	28257	增产	42
zc	119	19	28332	战车	42
zc	119	19	28562	找出	42
zc	119	19	28717	真诚	42
zc	119	19	29052	制裁	42
zc	119	19	30685	左侧	42
zc	119	19	30687	做成	42
zc	119	19	28188	造船	43
zc	119	19	28334	展出	43
zc	119	19	28749	争吵	43
zc	119	19	29057	职称	43
zc	119	19	29407	仲裁	43
zc	119	19	29421	忠诚	43
zc	119	19	29948	筑城	43
zc	119	19	28305	榨菜	44
zc	119	19	29688	周长	44
zc	119	19	29943	贮藏	44
zc	119	19	29949	筑成	44
zc	119	19	29956	住处	44
zc	119	19	30431	总称	44
zc	119	19	28185	早餐	45
zc	119	19	28248	责成	45
zc	119	19	28713	侦查	45
zc	119	19	29411	中层	45
zc	119	19	29414	中常	45
zc	119	19	29415	中场	45
zc	119	19	29419	重臣	45
zc	119	19	29959	贮存	45
zc	119	19	28100	再创	46
zc	119	19	28335	战船	46
zc	119	19	28750	整车	46
zc	119	19	29420	忠臣	46
zc	119	19	29763	专场	46
zc	119	19	29766	专程	46
zc	119	19	29957	逐出	46
zc	119	19	30228	资财	46
zc	119	19	30432	总成	46
zc	119	19	30659	遵从	46
zc	119	19	28094	杂草	47
zc	119	19	28359	长成	47
zc	119	19	28711	珍藏	47
zc	119	19	28716	震颤	47
zc	119	19	28718	针刺	47
zc	119	19	29412	中曾	47
zc	119	19	29422	中程	47
zc	119	19	29424	重创	47
zc	119	19	30684	座舱	47
zc	119	19	28561	照常	48
zc	119	19	29408	种菜	48
zc	119	19	29689	周朝	48
zc	119	19	29690	轴承	48
zc	119	19	29764	专长	48
zc	119	19	29945	主产	48
zc	119	19	29950	铸成	48
zc	119	19	30010	追查	48
zc	119	19	30235	自持	48
zc	119	19	30425	总参	48
zc	119	19	28190	早春	49
zc	119	19	28333	展翅	49
zc	119	19	29053	直肠	49
zc	119	19	29068	直刺	49
zc	119	19	29413	中产	49
zc	119	19	29765	砖场	49
zc	119	19	29951	诸城	49
zc	119	19	29954	住持	49
zc	119	19	29958	主从	49
zc	119	19	30239	自忖	49
zc	119	19	30428	总厂	49
zc	119	19	30570	祖传	49
zc	119	19	30657	尊称	49
zc	119	19	30658	尊崇	49
zc	119	19	30686	坐车	49
zc	119	19	30688	作成	49
zc	119	19	30692	坐船	49
zc	119	19	28751	征程	50
zc	119	19	28753	整饬	50
zc	119	19	28754	证词	50
zc	119	19	29058	织成	50
zc	119	19	29059	支承	50
zc	119	19	29062	指斥	50
zc	119	19	29066	痔疮	50
zc	119	19	29409	中藏	50
zc	119	19	29416	终场	50
zc	119	19	30231	自嘲	50
zc	119	19	30236	自筹	50
zca	1	0	29054	直肠癌	49
zcb	1	0	28714	侦察兵	50
zcbf	1	0	30568	组成部分	38
zcc	1	0	28189	造船厂	47
zccs	1	0	28095	杂草丛生	46
zce	1	0	28355	张昌尔	47
zcg	1	0	28752	郑成功	46
zch	3	4	28747	正常化	49
zch	3	4	29952	朱宸濠	49
zch	3	4	28361	章楚红	50
zcj	2	3	28715	侦察机	44
zcj	2	3	30433	总成绩	49
zcjj	2	3	30230	资产阶级	36
zcjj	2	3	29418	中产阶级	43
zcl	1	0	30429	总产量	39
zcmb	1	0	30426	总参谋部	49
zcmz	1	0	30427	总参谋长	45
zcp	3	4	28356	张昌平	47
zcp	3	4	29942	主裁判	48
zcp	3	4	29060	制成品	50
zcq	3	4	29692	周纯全	47
zcq	3	4	29417	中长期	48
zcq	3	4	28362	张春桥	49
zcr	3	4	29955	主持人	38
zcr	3	4	28748	正常人	47
zcr	3	4	28360	张成仁	49
zcs	1	0	28363	张翠山	42
zct	1	0	28357	张朝唐	49
zcw	1	0	30234	自称为	50
zcx	3	4	29691	周传雄	47
zcx	3	4	28745	政策性	50
zcx	3	4	30689	左丞相	50
zcy	2	3	29423	中成药	49
zcy	2	3	29410	中草药	50
zcyj	1	0	29069	只此一家	47
zcz	4	6	30430	总产值	38
zcz	4	6	28099	在城镇	46
zcz	4	6	29063	支持者	48
zcz	4	6	30569	祖冲之	48
zd	135	20	29072	知道	26
zd	135	20	29092	制度	29
zd	135	20	30592	最大	30
zd	135	20	29086	制定	31
zd	135	20	29425	重大	31
zd	135	20	29434	重点	31
zd	135	20	28567	找到	33
zd	135	20	29073	指导	33
zd	135	20	28341	战斗	34
zd	135	20	28721	真的	34
zd	135	20	28191	遭到	35
zd	135	20	29444	众多	35
zd	135	20	28729	针对	36
zd	135	20	29965	主动	36
zd	135	20	29078	值得	37
zd	135	20	29079	只得	37
zd	135	20	30249	自动	37
zd	135	20	30694	做到	37
zd	135	20	28755	政党	38
zd	135	20	28756	正当	38
zd	135	20	28767	整顿	38
zd	135	20	28768	争夺	38
zd	135	20	30437	总督	38
zd	135	20	30594	最低	38
zd	135	20	28255	怎地	39
zd	135	20	28258	增大	39
zd	135	20	28259	增多	39
zd	135	20	28722	阵地	39
zd	135	20	28728	诊断	39
zd	135	20	29087	指定	39
zd	135	20	29431	中等	39
zd	135	20	28103	再度	40
zd	135	20	28306	炸弹	40
zd	135	20	28337	占地	40
zd	135	20	28364	长大	40
zd	135	20	29082	指点	40
zd	135	20	29088	制订	40
zd	135	20	29438	中毒	40
zd	135	20	29961	主导	40
zd	135	20	29963	驻地	40
zd	135	20	30438	总队	40
zd	135	20	28725	振动	41
zd	135	20	29070	直达	41
zd	135	20	29074	直到	41
zd	135	20	29436	中东	41
zd	135	20	29769	转动	41
zd	135	20	29970	诸多	41
zd	135	20	30242	自带	41
zd	135	20	30244	子弹	41
zd	135	20	30246	子弟	41
zd	135	20	28675	这点	42
zd	135	20	28726	震动	42
zd	135	20	29075	制导	42
zd	135	20	29080	质地	42
zd	135	20	29440	中断	42
zd	135	20	29441	中段	42
zd	135	20	29442	终端	42
zd	135	20	29443	中队	42
zd	135	20	29776	壮大	42
zd	135	20	29962	朱德	42
zd	135	20	28724	镇定	43
zd	135	20	29094	支队	43
zd	135	20	29430	中道	43
zd	135	20	29964	注定	43
zd	135	20	30571	阻挡	43
zd	135	20	28365	张大	44
zd	135	20	28563	招待	44
zd	135	20	28674	着地	44
zd	135	20	28678	折断	44
zd	135	20	28719	震荡	44
zd	135	20	28765	争斗	44
zd	135	20	28766	争端	44
zd	135	20	29435	终点	44
zd	135	20	29694	周到	44
zd	135	20	28192	早点	45
zd	135	20	28759	正德	45
zd	135	20	28764	正殿	45
zd	135	20	30434	总得	45
zd	135	20	30439	纵队	45
zd	135	20	30573	租地	45
zd	135	20	30696	坐定	45
zd	135	20	28368	长堤	46
zd	135	20	28677	浙东	46
zd	135	20	29071	只当	46
zd	135	20	29083	质点	46
zd	135	20	29084	致电	46
zd	135	20	29426	中大	46
zd	135	20	29428	重担	46
zd	135	20	29767	转达	46
zd	135	20	29768	专电	46
zd	135	20	29969	主队	46
zd	135	20	30697	作对	46
zd	135	20	28339	站点	47
zd	135	20	28346	斩断	47
zd	135	20	28676	折叠	47
zd	135	20	28720	振荡	47
zd	135	20	29693	周代	47
zd	135	20	29966	柱洞	47
zd	135	20	30247	字典	47
zd	135	20	30527	走动	47
zd	135	20	28723	真谛	48
zd	135	20	28757	整党	48
zd	135	20	29076	执导	48
zd	135	20	29081	直抵	48
zd	135	20	29427	肿大	48
zd	135	20	29429	中弹	48
zd	135	20	29432	种地	48
zd	135	20	29433	重地	48
zd	135	20	30240	自打	48
zd	135	20	30575	租佃	48
zd	135	20	30576	阻断	48
zd	135	20	30693	作答	48
zd	135	20	28104	在读	49
zd	135	20	28307	乍得	49
zd	135	20	28336	栈道	49
zd	135	20	28338	战地	49
zd	135	20	28673	遮挡	49
zd	135	20	28758	正道	49
zd	135	20	28760	争得	49
zd	135	20	29085	支点	49
zd	135	20	29089	制动	49
zd	135	20	29695	周颠	49
zd	135	20	30241	自大	49
zd	135	20	30695	坐地	49
zd	135	20	28102	栽倒	50
zd	135	20	28310	摘掉	50
zd	135	20	28345	粘度	50
zd	135	20	28761	挣得	50
zd	135	20	28762	征得	50
zd	135	20	28763	政敌	50
zd	135	20	29096	直裰	50
zd	135	20	29439	重度	50
zd	135	20	29777	壮丁	50
zd	135	20	30245	自得	50
zd	135	20	30574	足底	50
zdb	2	3	30248	子弟兵	45
zdb	2	3	28342	战斗部	47
zdbq	1	0	30250	自动步枪	47
zdc	1	0	29960	朱丹臣	48
zdcr	1	0	28366	长大成人	50
zdd	1	0	30595	最低点	48
zddq	1	0	29437	中东地区	49
zdf	1	0	29090	制动阀	47
zdh	5	6	30251	自动化	41
zdh	5	6	28564	招待会	42
zdh	5	6	29093	制度化	44
zdh	5	6	30593	最大化	49
zdh	5	6	30011	追悼会	50
zdj	1	0	28343	战斗机	38
zdjt	1	0	28340	斩钉截铁	48
zdk	1	0	30243	自大狂	49
zdl	2	3	28344	战斗力	40
zdl	2	3	28367	章大郎	48
zdls	1	0	30435	总的来说	48
zdm	1	0	28566	赵大明	44
zdq	3	4	28727	振动器	47
zdq	3	4	29967	主动权	47
zdq	3	4	29091	制动器	49
zds	2	3	28565	招待所	45
zds	2	3	30572	祖大寿	47
zdx	2	3	28730	针对性	43
zdx	2	3	29968	主动性	45
zdy	2	3	29077	指导员	43
zdy	2	3	30436	总动员	46
zdz	2	3	30440	总队长	42
zdz	2	3	29095	支队长	49
ze	10	9	28679	这儿	36
ze	10	9	30441	总额	36
ze	10	9	30596	罪恶	42
ze	10	9	29097	侄儿	43
ze	10	9	29770	转而	43
ze	10	9	29098	之二	45
ze	10	9	29697	周二	45
ze	10	9	30252	字儿	47
ze	10	9	30699	昨儿	47
ze	10	9	29971	主儿	48
zedd	1	0	30698	作恶多端	50
zel	1	0	29696	周恩来	37
zeyl	1	0	28731	震耳欲聋	50
zeyz	1	0	30442	总而言之	47
zf	81	18	28778	政府	29
zf	81	18	28372	丈夫	35
zf	81	18	29109	支付	36
zf	81	18	30700	做法	36
zf	81	18	29973	住房	38
zf	81	18	28779	征服	39
zf	81	18	28193	造反	40
zf	81	18	28681	这份	40
zf	81	18	29102	脂肪	40
zf	81	18	29445	中纺	40
zf	81	18	29446	中方	40
zf	81	18	29976	主峰	40
zf	81	18	30704	作风	40
zf	81	18	28373	涨幅	41
zf	81	18	29099	执法	41
zf	81	18	29110	致富	41
zf	81	18	29978	嘱咐	41
zf	81	18	30255	资费	41
zf	81	18	30702	做饭	41
zf	81	18	28732	阵法	42
zf	81	18	29103	纸坊	42
zf	81	18	29111	知府	42
zf	81	18	28349	战俘	43
zf	81	18	30528	走访	43
zf	81	18	28369	掌法	44
zf	81	18	28733	振奋	44
zf	81	18	28770	蒸发	44
zf	81	18	29112	制服	44
zf	81	18	29698	州府	44
zf	81	18	29771	转发	44
zf	81	18	30253	自发	44
zf	81	18	30580	祖父	44
zf	81	18	30597	罪犯	44
zf	81	18	28164	脏腑	45
zf	81	18	28194	早饭	45
zf	81	18	28260	增发	45
zf	81	18	28261	增幅	45
zf	81	18	28371	张飞	45
zf	81	18	28771	政法	45
zf	81	18	30258	字符	45
zf	81	18	30444	总分	45
zf	81	18	30578	组分	45
zf	81	18	30701	作法	45
zf	81	18	30703	作坊	45
zf	81	18	28347	战法	46
zf	81	18	28776	整风	46
zf	81	18	28780	正副	46
zf	81	18	29979	祝福	46
zf	81	18	30254	子房	46
zf	81	18	30259	自负	46
zf	81	18	28196	遭逢	47
zf	81	18	28197	造福	47
zf	81	18	28348	战犯	47
zf	81	18	28772	征伐	47
zf	81	18	30260	姊夫	47
zf	81	18	30443	宗法	47
zf	81	18	30579	祖坟	47
zf	81	18	28249	责罚	48
zf	81	18	28370	章法	48
zf	81	18	28569	招抚	48
zf	81	18	28734	阵风	48
zf	81	18	28736	振幅	48
zf	81	18	28775	正方	48
zf	81	18	29448	中锋	48
zf	81	18	29772	专访	48
zf	81	18	29974	驻防	48
zf	81	18	30256	自费	48
zf	81	18	29100	治法	49
zf	81	18	29101	制法	49
zf	81	18	29107	脂粉	49
zf	81	18	29108	职分	49
zf	81	18	29447	中非	49
zf	81	18	29449	中风	49
zf	81	18	29972	竹筏	49
zf	81	18	29977	珠峰	49
zf	81	18	29980	主妇	49
zf	81	18	28350	战斧	50
zf	81	18	28774	正反	50
zf	81	18	29975	煮沸	50
zf	81	18	30257	自焚	50
zf	81	18	30577	租房	50
zfbm	1	0	28781	政府部门	45
zfc	2	3	30261	字符串	47
zfc	2	3	28568	赵凤昌	50
zfg	1	0	29104	脂肪肝	50
zfl	2	3	30581	祖福临	49
zfl	2	3	28773	蒸发量	50
zfm	2	3	28680	这方面	39
zfm	2	3	30582	祖父母	48
zfp	1	0	28195	造反派	46
zfq	1	0	29106	执法权	47
zfs	1	0	29105	脂肪酸	47
zfxd	1	0	28735	针锋相对	48
zfyd	1	0	28777	整风运动	46
zfz	1	0	28782	征服者	49
zg	86	18	29457	中国	22
zg	86	18	28683	这个	25
zg	86	18	28784	整个	31
zg	86	18	30598	最高	31
zg	86	18	29118	职工	35
zg	86	18	30263	资格	36
zg	86	18	30586	祖国	36
zg	86	18	28441	战国	37
zg	86	18	29451	中共	37
zg	86	18	29991	主管	37
zg	86	18	30585	足够	37
zg	86	18	28571	照顾	38
zg	86	18	29814	转过	38
zg	86	18	28375	长官	40
zg	86	18	28877	珍贵	40
zg	86	18	28376	掌管	41
zg	86	18	28685	鹧鸪	41
zg	86	18	29121	只管	41
zg	86	18	29992	主观	41
zg	86	18	30012	追赶	41
zg	86	18	30268	自古	41
zg	86	18	28198	糟糕	42
zg	86	18	28788	正规	42
zg	86	18	29120	只顾	42
zg	86	18	30266	子宫	42
zg	86	18	30450	总管	42
zg	86	18	30532	走过	42
zg	86	18	29126	治国	43
zg	86	18	29996	诸国	43
zg	86	18	30445	总共	43
zg	86	18	30451	纵贯	43
zg	86	18	28262	增高	44
zg	86	18	28769	真个	44
zg	86	18	29122	职官	44
zg	86	18	29780	壮观	44
zg	86	18	29988	主公	44
zg	86	18	30269	秭归	44
zg	86	18	30531	走狗	44
zg	86	18	28377	掌柜	45
zg	86	18	28418	战功	45
zg	86	18	28442	战果	45
zg	86	18	29114	职高	45
zg	86	18	29989	助攻	45
zg	86	18	29993	烛光	45
zg	86	18	30660	尊贵	45
zg	86	18	28785	政工	46
zg	86	18	28876	贞观	46
zg	86	18	29113	质感	46
zg	86	18	29123	直观	46
zg	86	18	29124	直管	46
zg	86	18	30603	罪过	46
zg	86	18	30707	做官	46
zg	86	18	28250	责怪	47
zg	86	18	29981	主干	47
zg	86	18	29990	主攻	47
zg	86	18	30264	自个	47
zg	86	18	30583	阻隔	47
zg	86	18	30705	做工	47
zg	86	18	28783	整改	48
zg	86	18	29117	制革	48
zg	86	18	29773	转告	48
zg	86	18	29812	专管	48
zg	86	18	29982	竹竿	48
zg	86	18	30452	纵观	48
zg	86	18	28308	扎根	49
zg	86	18	28311	斋宫	49
zg	86	18	28440	战鼓	49
zg	86	18	28570	招工	49
zg	86	18	28682	遮盖	49
zg	86	18	28684	这根	49
zg	86	18	29450	忠告	49
zg	86	18	29454	中古	49
zg	86	18	29778	转给	49
zg	86	18	29813	转轨	49
zg	86	18	29985	诸葛	49
zg	86	18	30446	总攻	49
zg	86	18	30584	组阁	49
zg	86	18	30706	作怪	49
zg	86	18	28374	掌故	50
zg	86	18	28572	照管	50
zg	86	18	29119	织工	50
zg	86	18	29456	终归	50
zg	86	18	29801	专攻	50
zg	86	18	29986	逐个	50
zg	86	18	30453	综观	50
zg	86	18	30529	走高	50
zgc	4	6	28786	郑功成	47
zgc	4	6	29455	中关村	49
zgc	4	6	29983	朱高炽	49
zgc	4	6	28443	战国策	50
zgcs	1	0	30447	总工程师	45
zgd	6	7	29460	中国队	38
zgd	6	7	28380	张国焘	45
zgd	6	7	30599	最高点	46
zgd	6	7	28378	掌柜的	48
zgd	6	7	28381	张国栋	49
zgd	6	7	29115	制高点	50
zgdx	2	3	29458	中国大学	46
zgdx	2	3	29459	中国电信	48
zge	2	3	30073	准噶尔	47
zge	2	3	30265	自个儿	47
zgf	2	3	30601	最高峰	43
zgf	2	3	28789	郑贵妃	49
zgfy	2	3	30600	最高法院	49
zgfy	2	3	30262	自告奋勇	50
zgg	1	0	28382	张国光	47
zgh	5	6	28379	张桂华	47
zgh	5	6	29461	中国画	47
zgh	5	6	29779	庄公惠	47
zgh	5	6	30448	总工会	47
zgh	5	6	28790	正规化	48
zgj	2	3	28791	正规军	48
zgj	2	3	30602	最高级	49
zgkj	1	0	29462	中国空军	49
zgl	1	0	29987	诸葛亮	41
zglt	1	0	29463	中国联通	47
zgnd	2	3	29466	中国女队	48
zgnd	2	3	29464	中国男队	49
zgnl	1	0	29465	中国男篮	48
zgq	2	3	29467	中国区	47
zgq	2	3	28383	张国庆	48
zgr	1	0	28384	张国荣	48
zgrb	1	0	29468	中国日报	48
zgs	3	4	30267	子公司	43
zgs	3	4	30449	总公司	44
zgs	3	4	29469	中国式	49
zgtw	1	0	29470	中国台湾	48
zgws	1	0	29116	至高无上	45
zgx	2	3	30270	秭归县	46
zgx	2	3	29984	朱高煦	48
zgy	3	4	29452	重工业	44
zgy	3	4	29994	朱光亚	46
zgy	3	4	30530	邹高阳	47
zgyd	1	0	29471	中国移动	45
zgyh	1	0	29472	中国银行	48
zgyl	1	0	30271	自古以来	45
zgz	1	0	28787	郑公子	50
zgzf	1	0	29473	中国政府	40
zgzx	2	3	29475	中国足协	45
zgzx	2	3	29474	中国政协	47
zgzy	3	4	29453	中共中央	36
zgzy	3	4	29125	至关重要	44
zgzy	3	4	29995	主观主义	48
zh	83	18	29128	之后	29
zh	83	18	30605	最后	29
zh	83	18	29131	指挥	33
zh	83	18	30454	综合	33
zh	83	18	29127	只好	34
zh	83	18	29835	转化	36
zh	83	18	28687	这话	37
zh	83	18	28792	正好	37
zh	83	18	30587	组合	37
zh	83	18	30708	做好	37
zh	83	18	29481	中华	38
zh	83	18	28574	招呼	39
zh	83	18	29132	智慧	39
zh	83	18	29836	转换	39
zh	83	18	28489	战后	40
zh	83	18	30463	总会	40
zh	83	18	28793	整合	41
zh	83	18	30457	纵横	41
zh	83	18	28105	灾害	42
zh	83	18	28688	这回	42
zh	83	18	30000	诸侯	42
zh	83	18	30006	驻华	42
zh	83	18	28938	震撼	43
zh	83	18	29478	中和	43
zh	83	18	29999	朱红	43
zh	83	18	30455	总和	43
zh	83	18	30604	最好	43
zh	83	18	28388	账户	44
zh	83	18	28491	战火	44
zh	83	18	28576	召回	44
zh	83	18	28686	折合	44
zh	83	18	28794	郑和	44
zh	83	18	29757	抓好	44
zh	83	18	29998	祝贺	44
zh	83	18	30272	自豪	44
zh	83	18	28106	载荷	45
zh	83	18	28200	造化	45
zh	83	18	28263	憎恨	45
zh	83	18	29477	中行	45
zh	83	18	29997	珠海	45
zh	83	18	30661	尊号	45
zh	83	18	28107	在乎	46
zh	83	18	28309	炸毁	46
zh	83	18	28939	真话	46
zh	83	18	28575	召唤	47
zh	83	18	28689	折回	47
zh	83	18	28691	这伙	47
zh	83	18	29129	滞后	47
zh	83	18	30273	字号	47
zh	83	18	30277	字画	47
zh	83	18	30709	作好	47
zh	83	18	28108	灾荒	48
zh	83	18	28109	灾祸	48
zh	83	18	28490	展会	48
zh	83	18	28577	找回	48
zh	83	18	29130	置换	48
zh	83	18	29758	抓获	48
zh	83	18	30005	住户	48
zh	83	18	30007	烛火	48
zh	83	18	28169	暂缓	49
zh	83	18	28199	枣核	49
zh	83	18	28937	镇海	49
zh	83	18	29133	知会	49
zh	83	18	29476	中海	49
zh	83	18	29488	重回	49
zh	83	18	29781	壮汉	49
zh	83	18	29782	装潢	49
zh	83	18	29832	转行	49
zh	83	18	29837	转回	49
zh	83	18	29839	砖混	49
zh	83	18	30013	坠毁	49
zh	83	18	30464	纵火	49
zh	83	18	30710	作画	49
zh	83	18	28096	杂货	50
zh	83	18	28386	账号	50
zh	83	18	28387	张衡	50
zh	83	18	28389	帐户	50
zh	83	18	28578	照会	50
zh	83	18	28579	招魂	50
zh	83	18	29479	忠厚	50
zh	83	18	29833	专横	50
zh	83	18	29838	转会	50
zh	83	18	30275	紫红	50
zhb	1	0	29134	指挥部	39
zhbh	1	0	29834	专横跋扈	49
zhe	1	0	28690	这会儿	41
zhg	4	6	29135	指挥官	44
zhg	4	6	30001	诸侯国	48
zhg	4	6	30607	最惠国	49
zhg	4	6	30274	自豪感	50
zhgl	1	0	30456	综合国力	47
zhhz	1	0	29482	中华和钟	44
zhjc	1	0	30458	纵横交错	49
zhl	1	0	28385	张海丽	46
zhm	1	0	29483	中华门	39
zhmg	1	0	29484	中华民国	42
zhmz	1	0	29485	中华民族	37
zhp	1	0	30002	朱厚磐	49
zhq	1	0	29480	中后期	49
zhs	4	6	29136	指挥所	44
zhs	4	6	28573	赵宏声	45
zhs	4	6	30462	棕黄色	46
zhs	4	6	30276	紫红色	49
zhsj	1	0	29486	中华书局	46
zhtd	1	0	30606	最后通牒	46
zhw	1	0	30003	诸侯王	50
zhx	2	3	30459	综合性	39
zhx	2	3	29487	中华鲟	42
zhy	1	0	29137	指挥员	44
zhz	2	3	30460	综合征	45
zhz	2	3	30004	朱厚照	46
zhzl	1	0	30461	综合治理	43
zj	185	21	30278	自己	23
zj	185	21	29146	之间	28
zj	185	21	28264	增加	30
zj	185	21	29156	直接	30
zj	185	21	29147	只见	32
zj	185	21	29844	专家	32
zj	185	21	30035	逐渐	33
zj	185	21	29492	中间	34
zj	185	21	30282	资金	34
zj	185	21	30469	宗教	34
zj	185	21	30610	最近	34
zj	185	21	28693	这件	35
zj	185	21	28580	召集	36
zj	185	21	29158	至今	36
zj	185	21	30471	总结	36
zj	185	21	30608	最佳	36
zj	185	21	30711	作家	36
zj	185	21	28205	早就	37
zj	185	21	28694	浙江	37
zj	185	21	29138	之际	37
zj	185	21	30533	走进	37
zj	185	21	28492	战机	38
zj	185	21	28497	占据	39
zj	185	21	29159	直径	39
zj	185	21	29785	装甲	39
zj	185	21	30290	自觉	39
zj	185	21	28795	征集	40
zj	185	21	28809	证据	40
zj	185	21	29506	终究	40
zj	185	21	30642	组建	40
zj	185	21	28110	在家	41
zj	185	21	28581	着急	41
zj	185	21	28585	召见	41
zj	185	21	28692	这家	41
zj	185	21	28944	震惊	41
zj	185	21	30015	追加	41
zj	185	21	30534	走近	41
zj	185	21	28206	造就	42
zj	185	21	29149	之江	42
zj	185	21	29489	中级	42
zj	185	21	29495	中将	42
zj	185	21	30016	追究	42
zj	185	21	30038	珠江	42
zj	185	21	30281	自家	42
zj	185	21	30609	嘴角	42
zj	185	21	30663	尊敬	42
zj	185	21	28267	增进	43
zj	185	21	29163	知觉	43
zj	185	21	29500	中介	43
zj	185	21	29759	抓紧	43
zj	185	21	29786	庄稼	43
zj	185	21	30049	主角	43
zj	185	21	30050	驻军	43
zj	185	21	30468	总监	43
zj	185	21	30559	钻进	43
zj	185	21	30645	租界	43
zj	185	21	28111	在建	44
zj	185	21	28202	造价	44
zj	185	21	28204	藻井	44
zj	185	21	28493	战绩	44
zj	185	21	28494	战舰	44
zj	185	21	28583	赵家	44
zj	185	21	28808	拯救	44
zj	185	21	28810	政局	44
zj	185	21	28942	镇江	44
zj	185	21	29139	制剂	44
zj	185	21	29496	众将	44
zj	185	21	29507	中军	44
zj	185	21	29783	撞击	44
zj	185	21	29787	庄家	44
zj	185	21	30014	追击	44
zj	185	21	30032	主机	44
zj	185	21	30279	自给	44
zj	185	21	30280	字迹	44
zj	185	21	30283	自尽	44
zj	185	21	30465	踪迹	44
zj	185	21	30473	总局	44
zj	185	21	28112	再见	45
zj	185	21	28157	杂交	45
zj	185	21	28158	杂剧	45
zj	185	21	28390	张家	45
zj	185	21	28498	战局	45
zj	185	21	28584	招架	45
zj	185	21	28798	证见	45
zj	185	21	28807	正经	45
zj	185	21	28945	镇静	45
zj	185	21	28949	真菌	45
zj	185	21	29143	指甲	45
zj	185	21	29164	直觉	45
zj	185	21	29501	终结	45
zj	185	21	29840	传记	45
zj	185	21	30466	总计	45
zj	185	21	30639	足迹	45
zj	185	21	28591	昭君	46
zj	185	21	28796	政绩	46
zj	185	21	28797	郑家	46
zj	185	21	28799	证件	46
zj	185	21	28941	真假	46
zj	185	21	28946	真经	46
zj	185	21	28947	针灸	46
zj	185	21	29153	执教	46
zj	185	21	29490	终极	46
zj	185	21	29493	中建	46
zj	185	21	29701	周家	46
zj	185	21	29841	转机	46
zj	185	21	30039	主将	46
zj	185	21	30041	主教	46
zj	185	21	30288	自居	46
zj	185	21	30648	租金	46
zj	185	21	30712	左脚	46
zj	185	21	28155	杂技	47
zj	185	21	28156	咱家	47
zj	185	21	28265	增减	47
zj	185	21	28391	涨价	47
zj	185	21	28590	照旧	47
zj	185	21	28804	整洁	47
zj	185	21	29140	知己	47
zj	185	21	29141	至极	47
zj	185	21	29150	枝江	47
zj	185	21	29154	指教	47
zj	185	21	29160	致敬	47
zj	185	21	29165	志军	47
zj	185	21	29790	撞见	47
zj	185	21	30643	足见	47
zj	185	21	28203	造假	48
zj	185	21	28312	斋戒	48
zj	185	21	28394	长脚	48
zj	185	21	28396	章节	48
zj	185	21	28805	政界	48
zj	185	21	28940	赈济	48
zj	185	21	28943	阵脚	48
zj	185	21	28948	斟酒	48
zj	185	21	29142	织机	48
zj	185	21	29144	支架	48
zj	185	21	29494	中坚	48
zj	185	21	29497	中奖	48
zj	185	21	29502	重金	48
zj	185	21	29699	洲际	48
zj	185	21	29704	州郡	48
zj	185	21	29842	专机	48
zj	185	21	29846	转交	48
zj	185	21	29848	转接	48
zj	185	21	30036	主见	48
zj	185	21	30044	注解	48
zj	185	21	30045	驻京	48
zj	185	21	30082	卓绝	48
zj	185	21	30286	自救	48
zj	185	21	30640	祖籍	48
zj	185	21	30641	阻击	48
zj	185	21	30644	组件	48
zj	185	21	30662	尊驾	48
zj	185	21	28397	长进	49
zj	185	21	28495	战将	49
zj	185	21	28496	湛江	49
zj	185	21	28800	政见	49
zj	185	21	28806	症结	49
zj	185	21	29148	指尖	49
zj	185	21	29166	治军	49
zj	185	21	29491	中加	49
zj	185	21	29700	周济	49
zj	185	21	29784	装机	49
zj	185	21	29794	壮举	49
zj	185	21	30033	逐级	49
zj	185	21	30037	竹简	49
zj	185	21	30042	助教	49
zj	185	21	30051	诸君	49
zj	185	21	30560	钻井	49
zj	185	21	30646	租借	49
zj	185	21	30713	左近	49
zj	185	21	28159	杂居	50
zj	185	21	28201	遭际	50
zj	185	21	28582	招集	50
zj	185	21	28697	折旧	50
zj	185	21	28802	正教	50
zj	185	21	28803	正交	50
zj	185	21	29151	纸浆	50
zj	185	21	29155	直角	50
zj	185	21	29161	止境	50
zj	185	21	29162	置酒	50
zj	185	21	29498	终将	50
zj	185	21	29843	专辑	50
zj	185	21	29845	转嫁	50
zj	185	21	30284	紫金	50
zj	185	21	30289	字句	50
zj	185	21	30467	总集	50
zjb	3	4	29788	装甲兵	44
zjb	3	4	30046	驻京办	45
zjb	3	4	28399	张君宝	47
zjc	2	3	30285	紫禁城	39
zjc	2	3	29789	装甲车	44
zjd	2	3	30034	朱家渡	47
zjd	2	3	30647	租借地	49
zjdx	1	0	28695	浙江大学	49
zjg	1	0	29145	芝加哥	45
zjh	3	4	29702	周家湖	47
zjh	3	4	29703	周继红	47
zjh	3	4	28801	证监会	48
zjj	1	0	28392	张家界	48
zjk	2	3	28588	赵寄客	43
zjk	2	3	28393	张家口	46
zjl	2	3	30472	总经理	39
zjl	2	3	30043	主教练	43
zjld	1	0	29157	直截了当	49
zjq	1	0	29505	重机枪	49
zjr	2	3	29791	庄稼人	47
zjr	2	3	28589	召集人	49
zjrl	1	0	29793	装机容量	47
zjs	8	8	28696	浙江省	43
zjs	8	8	29503	重晶石	45
zjs	8	8	29792	装甲师	46
zjs	8	8	29152	枝江市	47
zjs	8	8	30047	诸进士	49
zjs	8	8	29504	重金属	50
zjs	8	8	30040	朱见深	50
zjs	8	8	30474	总决赛	50
zjss	1	0	28698	这就是说	47
zjt	2	3	29499	中间体	45
zjt	2	3	28586	赵家条	47
zjw	2	3	28395	张家湾	46
zjw	2	3	28587	赵家湾	47
zjx	1	0	30291	自觉性	48
zjy	1	0	28398	张继禹	47
zjz	5	6	28400	张居正	35
zjz	5	6	28266	增加值	39
zjz	5	6	30470	总价值	48
zjz	5	6	29847	专家组	49
zjz	5	6	30048	朱九真	49
zjzl	1	0	28113	再接再厉	50
zjzz	1	0	30287	自给自足	46
zk	35	14	28592	召开	32
zk	35	14	28499	展开	33
zk	35	14	29796	状况	34
zk	35	14	28700	这块	41
zk	35	14	29705	周刊	41
zk	35	14	29849	专科	41
zk	35	14	30294	子口	41
zk	35	14	30611	最快	43
zk	35	14	28401	张开	44
zk	35	14	28811	郑克	44
zk	35	14	28950	真空	44
zk	35	14	28403	张口	45
zk	35	14	30292	自考	45
zk	35	14	28699	折扣	46
zk	35	14	29168	指控	46
zk	35	14	30535	走开	46
zk	35	14	28593	照看	47
zk	35	14	28812	政客	47
zk	35	14	29795	庄客	47
zk	35	14	30714	做客	47
zk	35	14	28402	掌控	48
zk	35	14	28594	招考	48
zk	35	14	29513	肿块	48
zk	35	14	29797	壮阔	48
zk	35	14	29167	止咳	49
zk	35	14	29852	转口	49
zk	35	14	30053	住口	49
zk	35	14	28114	载客	50
zk	35	14	28500	战况	50
zk	35	14	28813	整块	50
zk	35	14	29508	中考	50
zk	35	14	29511	中空	50
zk	35	14	29850	篆刻	50
zk	35	14	29853	专款	50
zk	35	14	30561	钻孔	50
zkb	1	0	30293	自考办	50
zkd	1	0	29706	周口店	50
zkg	1	0	30052	主考官	50
zkhs	1	0	30612	罪魁祸首	50
zkm	1	0	28595	赵可铭	47
zkq	2	3	29169	制空权	49
zkq	2	3	29509	钟克勤	49
zkr	1	0	29707	周坤仁	47
zkxx	1	0	29851	专科学校	43
zky	2	3	29510	中科院	47
zky	2	3	28596	赵匡胤	48
zkyc	1	0	29512	众口一词	49
zkz	1	0	30075	准考证	49
zl	106	19	28702	这里	28
zl	106	19	28512	战略	32
zl	106	19	30301	资料	32
zl	106	19	29178	质量	33
zl	106	19	29179	治疗	33
zl	106	19	30475	总理	33
zl	106	19	29515	种类	35
zl	106	19	28508	占领	36
zl	106	19	29172	治理	37
zl	106	19	30054	主力	37
zl	106	19	28404	长老	38
zl	106	19	29170	之类	38
zl	106	19	30476	总量	38
zl	106	19	30613	嘴里	38
zl	106	19	28815	整理	39
zl	106	19	29518	重量	39
zl	106	19	29520	肿瘤	39
zl	106	19	29798	壮丽	39
zl	106	19	28501	展览	40
zl	106	19	28821	争论	40
zl	106	19	28951	真理	40
zl	106	19	29173	致力	40
zl	106	19	29182	支流	40
zl	106	19	30055	助理	40
zl	106	19	28208	造林	41
zl	106	19	28504	站立	41
zl	106	19	29174	直隶	41
zl	106	19	29175	智力	41
zl	106	19	29523	中路	41
zl	106	19	29856	专利	41
zl	106	19	30062	主流	41
zl	106	19	30536	走来	41
zl	106	19	30537	走廊	41
zl	106	19	30649	阻拦	41
zl	106	19	28511	战乱	42
zl	106	19	28599	照例	42
zl	106	19	29180	指令	42
zl	106	19	30538	走路	42
zl	106	19	28603	诏令	43
zl	106	19	29176	智利	43
zl	106	19	29516	重力	43
zl	106	19	30297	自立	43
zl	106	19	30650	阻力	43
zl	106	19	28170	咱俩	44
zl	106	19	28602	照料	44
zl	106	19	30083	着力	44
zl	106	19	30295	自来	44
zl	106	19	30719	坐落	44
zl	106	19	29177	直立	45
zl	106	19	29517	中立	45
zl	106	19	30084	着陆	45
zl	106	19	30652	租赁	45
zl	106	19	28165	葬礼	46
zl	106	19	28207	藻类	46
zl	106	19	28268	增量	46
zl	106	19	28409	张罗	46
zl	106	19	28820	蒸笼	46
zl	106	19	29187	指路	46
zl	106	19	29709	周六	46
zl	106	19	30059	主料	46
zl	106	19	30061	竹林	46
zl	106	19	28252	责令	47
zl	106	19	28597	招来	47
zl	106	19	28600	照亮	47
zl	106	19	28703	哲理	47
zl	106	19	28818	蒸馏	47
zl	106	19	29183	直流	47
zl	106	19	29708	周礼	47
zl	106	19	29799	壮烈	47
zl	106	19	29855	专栏	47
zl	106	19	30063	著录	47
zl	106	19	30298	资历	47
zl	106	19	30303	自律	47
zl	106	19	28161	杂乱	48
zl	106	19	28313	寨里	48
zl	106	19	28405	丈量	48
zl	106	19	29184	滞留	48
zl	106	19	30017	坠落	48
zl	106	19	28326	栅栏	49
zl	106	19	28505	战栗	49
zl	106	19	28701	遮拦	49
zl	106	19	28817	政令	49
zl	106	19	29171	制冷	49
zl	106	19	29185	之流	49
zl	106	19	29522	钟楼	49
zl	106	19	29524	中旅	49
zl	106	19	29858	专列	49
zl	106	19	30056	助力	49
zl	106	19	30057	伫立	49
zl	106	19	30085	着落	49
zl	106	19	30299	子粒	49
zl	106	19	30300	自理	49
zl	106	19	30479	棕榈	49
zl	106	19	30614	嘴脸	49
zl	106	19	30718	左路	49
zl	106	19	28160	杂粮	50
zl	106	19	28314	摘录	50
zl	106	19	28410	涨落	50
zl	106	19	28506	粘连	50
zl	106	19	28598	招揽	50
zl	106	19	28704	这辆	50
zl	106	19	28819	整流	50
zl	106	19	28952	诊疗	50
zl	106	19	29857	转脸	50
zl	106	19	30058	株连	50
zl	106	19	30651	足联	50
zlba	1	0	30717	坐立不安	49
zlc	1	0	30715	左冷禅	48
zld	1	0	29186	直流电	48
zldz	1	0	29521	中流砥柱	45
zlg	2	3	28407	长岭岗	47
zlg	2	3	28502	展览馆	49
zlgs	1	0	30302	自力更生	47
zlh	2	3	28503	展览会	47
zlh	2	3	28816	郑李辉	47
zlj	4	6	28408	张龙俊	47
zlj	4	6	28507	战列舰	49
zlj	4	6	30064	侏罗纪	49
zlj	4	6	29514	中郎将	50
zlk	1	0	29519	钟灵可	49
zll	1	0	30060	朱丽兰	47
zlm	1	0	28406	张利民	49
zlp	1	0	28510	战利品	47
zlq	3	4	28814	正蓝旗	48
zlq	3	4	28509	占领区	49
zlq	3	4	29859	专利权	50
zls	3	4	30477	总领事	48
zls	3	4	28601	赵良嗣	49
zls	3	4	30296	自来水	49
zlx	3	4	28513	战略性	46
zlx	3	4	30478	总路线	48
zlx	3	4	29181	指令性	50
zly	1	0	30716	左良玉	42
zlzq	1	0	29854	转来转去	50
zm	55	16	28288	怎么	28
zm	55	16	28705	这么	29
zm	55	16	28172	咱们	30
zm	55	16	30066	著名	32
zm	55	16	29863	专门	33
zm	55	16	28824	证明	34
zm	55	16	28822	正门	38
zm	55	16	28823	正面	39
zm	55	16	29193	知名	40
zm	55	16	30304	姊妹	40
zm	55	16	28707	折磨	41
zm	55	16	29191	殖民	41
zm	55	16	28413	掌门	42
zm	55	16	30069	瞩目	42
zm	55	16	30087	琢磨	42
zm	55	16	30307	字母	42
zm	55	16	28514	战马	43
zm	55	16	28605	照明	43
zm	55	16	29194	致命	43
zm	55	16	29714	周末	43
zm	55	16	30616	罪名	43
zm	55	16	29195	指明	44
zm	55	16	29711	皱眉	44
zm	55	16	29713	周密	44
zm	55	16	30720	做梦	44
zm	55	16	28171	赞美	45
zm	55	16	28516	粘膜	45
zm	55	16	28607	招募	45
zm	55	16	29188	芝麻	45
zm	55	16	30086	桌面	45
zm	55	16	28115	灾民	46
zm	55	16	28411	长满	46
zm	55	16	30067	注明	46
zm	55	16	28327	闸门	47
zm	55	16	28416	账目	47
zm	55	16	29189	致密	47
zm	55	16	29710	咒骂	47
zm	55	16	29861	专卖	47
zm	55	16	30070	注目	47
zm	55	16	30481	宗庙	47
zm	55	16	30654	祖母	47
zm	55	16	29860	转马	48
zm	55	16	30615	最美	48
zm	55	16	28253	责骂	49
zm	55	16	28953	缜密	49
zm	55	16	29800	装满	49
zm	55	16	30088	捉摸	49
zm	55	16	30653	祖庙	49
zm	55	16	30664	遵命	49
zm	55	16	28515	沾满	50
zm	55	16	28604	照面	50
zm	55	16	29190	直面	50
zm	55	16	29200	智谋	50
zm	55	16	30065	苎麻	50
zm	55	16	30305	字面	50
zmb	1	0	28289	怎么办	50
zmd	6	7	29192	殖民地	39
zmd	6	7	29526	中密度	42
zmd	6	7	29196	知名度	46
zmd	6	7	30306	自民党	47
zmd	6	7	29862	专卖店	49
zmd	6	7	28606	照明弹	50
zmj	1	0	30480	总面积	37
zmk	1	0	28415	张明楷	47
zmkk	1	0	29527	众目睽睽	50
zml	2	3	30539	走马岭	42
zml	2	3	28412	张美兰	47
zmq	1	0	30540	奏鸣曲	50
zmr	1	0	28414	掌门人	42
zmrs	1	0	29197	知名人士	49
zms	2	3	28517	詹姆斯	43
zms	2	3	30068	祝铭山	47
zmt	1	0	29712	皱眉头	48
zmy	1	0	28290	怎么样	38
zmz	4	6	29198	殖民者	43
zmz	4	6	29525	中美洲	46
zmz	4	6	28291	怎么着	47
zmz	4	6	28706	这么着	48
zmzy	1	0	29199	殖民主义	46
zn	31	14	29205	只能	34
zn	31	14	29206	职能	37
zn	31	14	28117	在内	38
zn	31	14	29204	之内	38
zn	31	14	30308	子女	39
zn	31	14	29715	周年	40
zn	31	14	28116	灾难	41
zn	31	14	28209	早年	41
zn	31	14	29202	指南	41
zn	31	14	29533	中年	41
zn	31	14	29207	智能	42
zn	31	14	30074	逐年	42
zn	31	14	29528	中南	43
zn	31	14	29534	终年	43
zn	31	14	29864	转念	43
zn	31	14	30655	阻挠	43
zn	31	14	28417	张宁	44
zn	31	14	28825	正南	45
zn	31	14	29532	中能	46
zn	31	14	28254	责难	47
zn	31	14	29210	侄女	47
zn	31	14	30089	捉拿	47
zn	31	14	30482	总能	47
zn	31	14	28826	狰狞	48
zn	31	14	30090	捉弄	48
zn	31	14	28955	震怒	49
zn	31	14	29209	执拗	49
zn	31	14	30617	罪孽	49
zn	31	14	28954	镇南	50
zn	31	14	29201	支那	50
zn	31	14	30722	作孽	50
znb	1	0	29529	中南部	41
zncb	1	0	30721	坐南朝北	49
znh	2	3	29530	中南海	45
znh	2	3	29208	智能化	50
znr	1	0	29535	中年人	45
zns	1	0	29531	终南山	47
znz	1	0	29203	指南针	48
zo	2	3	29536	中欧	47
zo	2	3	28293	择偶	50
zp	26	13	30724	作品	32
zp	26	13	28610	招聘	36
zp	26	13	29211	只怕	37
zp	26	13	28609	照片	38
zp	26	13	29213	支配	39
zp	26	13	28118	栽培	40
zp	26	13	29219	制品	40
zp	26	13	28956	珍品	41
zp	26	13	28420	帐篷	42
zp	26	13	29802	装配	45
zp	26	13	30483	宗派	45
zp	26	13	30723	左派	45
zp	26	13	28608	招牌	46
zp	26	13	28827	正派	47
zp	26	13	29217	质朴	47
zp	26	13	28518	展品	48
zp	26	13	28654	诈骗	48
zp	26	13	29212	指派	48
zp	26	13	29218	支票	48
zp	26	13	29537	重炮	48
zp	26	13	30018	追捧	48
zp	26	13	29214	纸片	49
zp	26	13	30091	桌旁	49
zp	26	13	30112	主仆	49
zp	26	13	28957	侦破	50
zp	26	13	29215	制片	50
zpc	1	0	29216	制片厂	48
zpg	2	3	28419	张培刚	47
zpg	2	3	29716	周培公	47
zph	1	0	28611	招聘会	44
zpr	1	0	29538	钟朋荣	47
zpxs	1	0	29539	中篇小说	49
zq	74	17	29221	之前	32
zq	74	17	28843	政权	34
zq	74	17	28847	正确	34
zq	74	17	29233	职权	34
zq	74	17	28269	增强	35
zq	74	17	28210	早期	36
zq	74	17	28841	争取	36
zq	74	17	28844	证券	36
zq	74	17	30019	追求	37
zq	74	17	30076	准确	37
zq	74	17	29540	中期	38
zq	74	17	29717	周期	38
zq	74	17	30116	主权	38
zq	74	17	30775	足球	38
zq	74	17	28840	征求	40
zq	74	17	28520	战区	41
zq	74	17	28828	整齐	41
zq	74	17	28836	正桥	41
zq	74	17	29867	专区	41
zq	74	17	28121	灾区	43
zq	74	17	28315	债券	43
zq	74	17	29234	治权	43
zq	74	17	29865	赚钱	43
zq	74	17	29926	抓起	43
zq	74	17	28173	暂且	44
zq	74	17	30618	最强	44
zq	74	17	30725	坐骑	44
zq	74	17	28316	债权	45
zq	74	17	28829	蒸汽	45
zq	74	17	28830	蒸气	45
zq	74	17	28834	挣钱	45
zq	74	17	28842	政区	45
zq	74	17	28960	真情	45
zq	74	17	29222	值钱	45
zq	74	17	29226	知青	45
zq	74	17	29229	只求	45
zq	74	17	30726	做起	45
zq	74	17	28831	正气	46
zq	74	17	28958	阵前	46
zq	74	17	28959	真切	46
zq	74	17	29227	知情	46
zq	74	17	29230	制取	46
zq	74	17	29545	种群	46
zq	74	17	30727	作曲	46
zq	74	17	28166	脏器	47
zq	74	17	28519	战前	47
zq	74	17	28832	争气	47
zq	74	17	29719	舟曲	47
zq	74	17	29720	周全	47
zq	74	17	29869	专权	47
zq	74	17	30113	朱漆	47
zq	74	17	28211	早起	48
zq	74	17	29220	志气	48
zq	74	17	29231	直取	48
zq	74	17	29543	中秋	48
zq	74	17	30092	桌前	48
zq	74	17	30117	朱雀	48
zq	74	17	30309	自强	48
zq	74	17	28119	再起	49
zq	74	17	28120	灾情	49
zq	74	17	28423	掌权	49
zq	74	17	28655	榨取	49
zq	74	17	28833	政企	49
zq	74	17	28835	争抢	49
zq	74	17	29232	支取	49
zq	74	17	28421	张骞	50
zq	74	17	28424	长裙	50
zq	74	17	28612	沼气	50
zq	74	17	29225	执勤	50
zq	74	17	29541	钟情	50
zq	74	17	29866	砖墙	50
zq	74	17	29868	赚取	50
zq	74	17	30484	宗亲	50
zq	74	17	30541	走强	50
zqb	1	0	28845	证券报	46
zqd	1	0	30776	足球队	49
zqdl	1	0	28846	争权夺利	50
zqdy	1	0	28837	争奇斗艳	48
zqg	1	0	29223	支气管	47
zqgy	1	0	29224	支气管炎	50
zqj	3	4	30728	作曲家	45
zqj	3	4	28838	蒸汽机	46
zqj	3	4	29544	中秋节	49
zqm	1	0	30619	最起码	49
zqn	1	0	29542	中青年	48
zqq	2	3	30774	祖千秋	49
zqq	2	3	29228	知情权	50
zqr	1	0	28317	债权人	47
zqs	2	3	28613	赵钱孙	48
zqs	2	3	30777	足球赛	49
zqw	1	0	28839	郑亲王	50
zqx	3	4	29718	周期性	45
zqx	3	4	30077	准确性	48
zqx	3	4	28848	正确性	50
zqy	2	3	28422	章启月	47
zqy	2	3	30114	朱祁钰	47
zqz	1	0	30115	朱祁镇	45
zr	49	16	30310	自然	29
zr	49	16	30118	主任	31
zr	49	16	29546	众人	32
zr	49	16	28294	责任	34
zr	49	16	30119	主人	36
zr	49	16	30730	昨日	38
zr	49	16	30125	注入	39
zr	49	16	29870	转让	40
zr	49	16	30485	纵然	40
zr	49	16	29549	中日	41
zr	49	16	29873	转入	41
zr	49	16	30126	诸如	41
zr	49	16	28962	阵容	42
zr	49	16	30124	猪肉	42
zr	49	16	28212	早日	43
zr	49	16	29547	重任	43
zr	49	16	30729	做人	43
zr	49	16	28961	真人	44
zr	49	16	30324	自如	44
zr	49	16	30325	滋润	44
zr	49	16	30778	族人	44
zr	49	16	28123	载入	45
zr	49	16	29721	骤然	45
zr	49	16	29871	专任	45
zr	49	16	28122	载人	46
zr	49	16	28851	整日	46
zr	49	16	29722	周日	46
zr	49	16	30543	走入	46
zr	49	16	30562	钻入	46
zr	49	16	28251	贼人	47
zr	49	16	28849	证人	47
zr	49	16	29548	中人	47
zr	49	16	29550	终日	47
zr	49	16	29872	专人	47
zr	49	16	30620	罪人	47
zr	49	16	28614	招惹	48
zr	49	16	28852	正如	48
zr	49	16	29803	装入	48
zr	49	16	30488	纵容	48
zr	49	16	30542	走人	48
zr	49	16	28425	丈人	49
zr	49	16	30020	坠入	49
zr	49	16	30093	灼热	49
zr	49	16	30323	自认	49
zr	49	16	30665	尊荣	49
zr	49	16	28521	沾染	50
zr	49	16	28615	朝日	50
zr	49	16	29235	植入	50
zr	49	16	30621	醉人	50
zrb	1	0	28427	张润斌	47
zrer	1	0	30311	自然而然	45
zrf	2	3	30486	宗人府	46
zrf	2	3	30312	自然法	50
zrg	2	3	28295	责任感	44
zrg	2	3	30120	主人公	44
zrhj	1	0	30313	自然环境	45
zrj	2	3	30314	自然界	42
zrj	2	3	30123	朱镕基	49
zrjj	1	0	30315	自然经济	50
zrjz	1	0	28850	正人君子	50
zrk	1	0	30487	总人口	36
zrkx	1	0	30316	自然科学	43
zrl	1	0	30317	自然力	50
zrr	3	4	28426	张蓉蓉	47
zrr	3	4	28296	责任人	48
zrr	3	4	30318	自然人	49
zrs	1	0	30319	自然数	49
zrwy	1	0	30121	主任委员	46
zrx	1	0	28297	责任心	49
zrys	1	0	30122	主任医师	49
zrz	1	0	28298	责任制	44
zrzh	1	0	30320	自然灾害	46
zrzy	2	3	30322	自然资源	40
zrzy	2	3	30321	自然主义	50
zs	200	21	29008	这时	31
zs	200	21	28854	正是	32
zs	200	21	28855	正式	32
zs	200	21	28966	真是	33
zs	200	21	29248	知识	33
zs	200	21	29240	至少	34
zs	200	21	29565	重视	34
zs	200	21	30493	总是	34
zs	200	21	28620	招生	35
zs	200	21	29249	只是	35
zs	200	21	30329	自身	35
zs	200	21	28526	战士	36
zs	200	21	29237	之上	36
zs	200	21	29874	转身	36
zs	200	21	30734	左手	36
zs	200	21	28131	再说	37
zs	200	21	28175	暂时	37
zs	200	21	28531	战术	37
zs	200	21	28967	真实	37
zs	200	21	29250	指示	37
zs	200	21	30498	总数	37
zs	200	21	28215	遭受	38
zs	200	21	28524	战胜	38
zs	200	21	28527	展示	38
zs	200	21	28627	诏书	38
zs	200	21	29261	指数	38
zs	200	21	29268	职司	38
zs	200	21	30095	桌上	38
zs	200	21	30544	走上	38
zs	200	21	30667	遵守	38
zs	200	21	28856	证实	39
zs	200	21	28862	证书	39
zs	200	21	29805	装饰	39
zs	200	21	28213	早上	40
zs	200	21	28270	增设	40
zs	200	21	29251	致使	40
zs	200	21	29554	重伤	40
zs	200	21	29560	终身	40
zs	200	21	30096	着手	40
zs	200	21	28625	招收	41
zs	200	21	28628	招数	41
zs	200	21	29009	着实	41
zs	200	21	29551	中山	41
zs	200	21	30133	注视	41
zs	200	21	30327	自杀	41
zs	200	21	30341	子孙	41
zs	200	21	30491	纵身	41
zs	200	21	30494	宗室	41
zs	200	21	30504	总算	41
zs	200	21	28530	斩首	42
zs	200	21	28857	政事	42
zs	200	21	28861	征收	42
zs	200	21	29262	直属	42
zs	200	21	29271	治所	42
zs	200	21	29571	中枢	42
zs	200	21	30132	注射	42
zs	200	21	30337	字数	42
zs	200	21	30549	走私	42
zs	200	21	30732	做事	42
zs	200	21	28124	再三	43
zs	200	21	28126	再生	43
zs	200	21	28174	赞赏	43
zs	200	21	28272	增收	43
zs	200	21	28616	招商	43
zs	200	21	28619	照射	43
zs	200	21	28863	整数	43
zs	200	21	28865	正说	43
zs	200	21	28963	镇上	43
zs	200	21	30023	追溯	43
zs	200	21	30137	助手	43
zs	200	21	30142	主帅	43
zs	200	21	30326	紫色	43
zs	200	21	30332	姿势	43
zs	200	21	30545	走势	43
zs	200	21	30623	最深	43
zs	200	21	28130	在手	44
zs	200	21	28214	噪声	44
zs	200	21	28273	赠送	44
zs	200	21	28432	掌声	44
zs	200	21	28528	战事	44
zs	200	21	28656	扎实	44
zs	200	21	28968	阵势	44
zs	200	21	29252	制式	44
zs	200	21	29566	忠实	44
zs	200	21	29731	周岁	44
zs	200	21	30134	注释	44
zs	200	21	30141	著述	44
zs	200	21	30145	住宿	44
zs	200	21	30330	资深	44
zs	200	21	30492	纵深	44
zs	200	21	30563	钻石	44
zs	200	21	30622	最少	44
zs	200	21	30781	祖师	44
zs	200	21	28271	增生	45
zs	200	21	28274	增速	45
zs	200	21	28532	战死	45
zs	200	21	28626	招手	45
zs	200	21	28864	征税	45
zs	200	21	28970	镇守	45
zs	200	21	29006	折射	45
zs	200	21	29253	指使	45
zs	200	21	29263	植树	45
zs	200	21	29561	终生	45
zs	200	21	29727	周身	45
zs	200	21	30024	追随	45
zs	200	21	30128	朱砂	45
zs	200	21	30138	驻守	45
zs	200	21	30548	奏疏	45
zs	200	21	28430	长山	46
zs	200	21	28431	掌上	46
zs	200	21	28622	招式	46
zs	200	21	28858	正视	46
zs	200	21	29005	折扇	46
zs	200	21	29238	智商	46
zs	200	21	29242	置身	46
zs	200	21	29562	钟声	46
zs	200	21	29729	宙斯	46
zs	200	21	29808	装束	46
zs	200	21	30130	竹山	46
zs	200	21	30147	住所	46
zs	200	21	30331	滋生	46
zs	200	21	30489	棕色	46
zs	200	21	30547	走兽	46
zs	200	21	28853	正色	47
zs	200	21	29254	执事	47
zs	200	21	29264	支书	47
zs	200	21	29269	致死	47
zs	200	21	29567	中式	47
zs	200	21	29572	种属	47
zs	200	21	29723	周三	47
zs	200	21	29804	庄上	47
zs	200	21	29806	壮士	47
zs	200	21	29875	砖石	47
zs	200	21	29881	转速	47
zs	200	21	30021	追杀	47
zs	200	21	30078	准时	47
zs	200	21	30135	诸事	47
zs	200	21	30136	主食	47
zs	200	21	30338	梓树	47
zs	200	21	30339	自私	47
zs	200	21	30779	阻塞	47
zs	200	21	30780	祖上	47
zs	200	21	28971	诊所	48
zs	200	21	29239	至上	48
zs	200	21	29241	直射	48
zs	200	21	29244	制胜	48
zs	200	21	29266	治水	48
zs	200	21	29267	直说	48
zs	200	21	29555	重赏	48
zs	200	21	29725	舟山	48
zs	200	21	29730	周四	48
zs	200	21	29876	转世	48
zs	200	21	29878	专属	48
zs	200	21	30022	追述	48
zs	200	21	30129	诛杀	48
zs	200	21	30333	自恃	48
zs	200	21	30334	姿式	48
zs	200	21	30340	子嗣	48
zs	200	21	30546	走时	48
zs	200	21	30666	尊师	48
zs	200	21	30735	左首	48
zs	200	21	28129	在世	49
zs	200	21	28167	葬身	49
zs	200	21	28433	长史	49
zs	200	21	28859	正事	49
zs	200	21	28965	震慑	49
zs	200	21	29236	之三	49
zs	200	21	29245	吱声	49
zs	200	21	29255	致仕	49
zs	200	21	29270	至死	49
zs	200	21	29877	转手	49
zs	200	21	29880	专司	49
zs	200	21	30495	纵使	49
zs	200	21	30496	宗师	49
zs	200	21	28125	宰杀	50
zs	200	21	28216	早熟	50
zs	200	21	28217	枣树	50
zs	200	21	28522	站上	50
zs	200	21	28529	战史	50
zs	200	21	28623	昭示	50
zs	200	21	28860	正史	50
zs	200	21	28866	整肃	50
zs	200	21	28964	枕上	50
zs	200	21	29243	只身	50
zs	200	21	29256	直视	50
zs	200	21	29265	直率	50
zs	200	21	29552	钟山	50
zs	200	21	29563	众生	50
zs	200	21	29728	州市	50
zs	200	21	29879	转述	50
zs	200	21	30094	着色	50
zs	200	21	30139	祝寿	50
zs	200	21	30140	住手	50
zs	200	21	30143	注水	50
zs	200	21	30336	自首	50
zs	200	21	30499	总署	50
zs	200	21	30500	综述	50
zs	200	21	30733	作势	50
zs	200	21	30783	租税	50
zs	200	21	30784	祖孙	50
zsb	2	3	29726	周少波	47
zsb	2	3	28621	招生办	50
zsc	2	3	28127	再生产	43
zsc	2	3	28434	张士诚	48
zscq	1	0	29257	知识产权	43
zsd	3	4	29258	知识点	45
zsd	3	4	29564	中生代	47
zsd	3	4	29568	种师道	47
zsdx	1	0	29553	中山大学	48
zsex	1	0	30328	自上而下	49
zsf	4	6	28428	张三丰	45
zsf	4	6	29724	周森锋	47
zsf	4	6	28523	占上风	49
zsf	4	6	30146	住宿费	49
zsfj	1	0	29246	直升飞机	50
zsfz	1	0	29259	知识分子	39
zsg	1	0	28525	战胜国	46
zsgy	1	0	29556	中山公园	41
zsh	2	3	29010	这时候	39
zsh	2	3	29569	中石化	49
zsj	7	8	29247	直升机	39
zsj	7	8	30501	总书记	41
zsj	7	8	29570	中世纪	42
zsj	7	8	28429	长三角	45
zsj	7	8	28435	长时间	50
zsj	7	8	28617	招商局	50
zsj	7	8	30127	珠三角	50
zsl	4	6	30502	总司令	39
zsl	4	6	29558	中山路	46
zsl	4	6	29007	折射率	48
zsl	4	6	29573	中书令	50
zslb	1	0	30503	总司令部	48
zsm	1	0	28618	找上门	49
zsmj	1	0	30144	蛛丝马迹	50
zsp	1	0	29807	装饰品	49
zsqn	1	0	29260	知识青年	50
zsr	1	0	30497	总收入	48
zss	1	0	29574	中书省	43
zssj	1	0	29575	中枢神经	46
zsss	1	0	30490	综上所述	50
zst	2	3	29559	中山堂	44
zst	2	3	28128	宰牲亭	47
zsx	3	4	28969	真实性	47
zsx	3	4	30131	竹山县	47
zsx	3	4	28437	张松溪	48
zsy	6	7	29272	之所以	37
zsy	6	7	30731	做生意	45
zsy	6	7	28436	张舒媛	47
zsy	6	7	28624	赵世炎	48
zsy	6	7	29557	中上游	48
zsy	6	7	30782	祖师爷	48
zsz	1	0	30025	追随者	49
zszz	2	3	29576	众所周知	46
zszz	2	3	30335	自始至终	48
zt	69	17	28870	政体	29
zt	69	17	29809	状态	33
zt	69	17	30506	总统	34
zt	69	17	30738	昨天	35
zt	69	17	28871	整体	36
zt	69	17	30149	主体	37
zt	69	17	30150	主题	37
zt	69	17	29882	专题	38
zt	69	17	30505	总体	38
zt	69	17	28275	增添	40
zt	69	17	29013	这天	40
zt	69	17	29883	转头	40
zt	69	17	30342	姿态	41
zt	69	17	28872	整天	42
zt	69	17	28873	正统	42
zt	69	17	29012	折腾	42
zt	69	17	28176	赞叹	43
zt	69	17	28177	暂停	43
zt	69	17	28178	赞同	43
zt	69	17	28975	枕头	43
zt	69	17	29582	中途	43
zt	69	17	30343	字体	43
zt	69	17	28132	载体	44
zt	69	17	28439	涨停	44
zt	69	17	29275	肢体	44
zt	69	17	29279	直通	44
zt	69	17	29281	指头	44
zt	69	17	30736	座谈	44
zt	69	17	28438	张贴	45
zt	69	17	28533	站台	45
zt	69	17	28875	挣脱	45
zt	69	17	28972	震天	45
zt	69	17	29577	中堂	45
zt	69	17	29884	砖头	45
zt	69	17	30151	铸铁	45
zt	69	17	30153	柱头	45
zt	69	17	28219	灶台	46
zt	69	17	29011	蔗糖	46
zt	69	17	29273	制糖	46
zt	69	17	29276	纸条	46
zt	69	17	29580	中统	46
zt	69	17	29583	中土	46
zt	69	17	30346	字头	46
zt	69	17	30739	左腿	46
zt	69	17	28218	糟蹋	47
zt	69	17	28868	征讨	47
zt	69	17	29811	装填	47
zt	69	17	28974	镇痛	48
zt	69	17	29277	枝条	48
zt	69	17	29280	止痛	48
zt	69	17	29581	钟头	48
zt	69	17	30148	烛台	48
zt	69	17	30152	竹筒	48
zt	69	17	28534	展台	49
zt	69	17	28867	政坛	49
zt	69	17	28869	蒸腾	49
zt	69	17	28874	征途	49
zt	69	17	29578	种田	49
zt	69	17	30154	嘱托	49
zt	69	17	30344	字条	49
zt	69	17	30785	足坛	49
zt	69	17	30786	组团	49
zt	69	17	28535	展厅	50
zt	69	17	28973	侦听	50
zt	69	17	29274	制陶	50
zt	69	17	29282	枝头	50
zt	69	17	29283	制图	50
zt	69	17	29579	中天	50
zt	69	17	30564	钻探	50
ztf	1	0	30507	总统府	45
ztg	1	0	30345	子童阁	47
zth	2	3	30737	座谈会	41
zth	2	3	29810	庄太后	50
ztt	1	0	29278	直挺挺	50
ztwl	1	0	30550	走投无路	48
ztx	1	0	30097	卓天雄	49
ztz	1	0	30508	总统制	50
zw	62	17	30741	作为	28
zw	62	17	29014	这位	33
zw	62	17	29289	植物	33
zw	62	17	29284	之外	34
zw	62	17	29733	周围	34
zw	62	17	28449	掌握	35
zw	62	17	29290	职务	36
zw	62	17	30355	自我	37
zw	62	17	30624	最为	37
zw	62	17	29286	职位	38
zw	62	17	29584	中外	39
zw	62	17	29588	中文	39
zw	62	17	28878	政委	40
zw	62	17	28879	正文	40
zw	62	17	28881	政务	40
zw	62	17	29590	中午	40
zw	62	17	30746	作物	40
zw	62	17	28133	在外	41
zw	62	17	28318	债务	41
zw	62	17	29285	指望	41
zw	62	17	30740	昨晚	41
zw	62	17	30742	座位	41
zw	62	17	29887	转为	42
zw	62	17	30155	驻外	42
zw	62	17	30349	滋味	42
zw	62	17	28134	在位	43
zw	62	17	28220	早晚	43
zw	62	17	30026	追问	43
zw	62	17	30156	诸位	43
zw	62	17	30350	自卫	43
zw	62	17	30745	作文	43
zw	62	17	28976	阵亡	45
zw	62	17	29291	织物	45
zw	62	17	29734	皱纹	45
zw	62	17	28536	展望	46
zw	62	17	28882	正午	46
zw	62	17	29735	周五	46
zw	62	17	29886	转弯	46
zw	62	17	28444	张望	47
zw	62	17	28537	站稳	47
zw	62	17	28629	爪哇	47
zw	62	17	28977	真味	47
zw	62	17	29287	质问	47
zw	62	17	29732	轴瓦	47
zw	62	17	29885	砖瓦	47
zw	62	17	29888	撰文	47
zw	62	17	30353	自刎	47
zw	62	17	30743	做为	47
zw	62	17	28978	真伪	48
zw	62	17	28239	杂文	49
zw	62	17	28240	杂物	49
zw	62	17	28276	憎恶	49
zw	62	17	29587	中尉	49
zw	62	17	30347	紫外	49
zw	62	17	28299	责问	50
zw	62	17	28446	长尾	50
zw	62	17	28880	征文	50
zw	62	17	29288	指纹	50
zw	62	17	29292	支吾	50
zw	62	17	29591	肿物	50
zw	62	17	30157	助威	50
zw	62	17	30744	作伪	50
zwc	2	3	29586	钟万仇	48
zwc	2	3	30509	总务处	49
zwd	2	3	30351	自卫队	44
zwd	2	3	30354	紫文道	46
zwg	1	0	28447	张维国	47
zwh	1	0	30787	组委会	45
zwhz	1	0	29585	中外合资	50
zwj	2	3	28450	张无忌	39
zwj	2	3	30352	自卫军	50
zwpd	1	0	28300	责无旁贷	48
zwpp	1	0	30356	自我批评	47
zwq	1	0	28445	张湾区	42
zwr	1	0	28319	债务人	48
zwt	2	3	29293	植物体	47
zwt	2	3	28448	张闻天	48
zwx	3	4	30348	紫外线	46
zwx	3	4	29294	植物学	49
zwx	3	4	29589	中文系	49
zwy	3	4	29296	植物园	48
zwy	3	4	28883	政务院	50
zwy	3	4	29295	植物油	50
zx	135	20	29017	这些	26
zx	135	20	29604	中心	29
zx	135	20	30158	主席	29
zx	135	20	29312	执行	31
zx	135	20	29622	中学	33
zx	135	20	29300	之下	34
zx	135	20	29018	哲学	35
zx	135	20	30372	咨询	35
zx	135	20	30551	走向	36
zx	135	20	28892	政协	37
zx	135	20	29315	秩序	37
zx	135	20	30357	仔细	37
zx	135	20	30627	最新	37
zx	135	20	30747	坐下	37
zx	135	20	29890	转向	38
zx	135	20	30362	自行	38
zx	135	20	28138	在校	40
zx	135	20	28224	造型	40
zx	135	20	28538	战线	40
zx	135	20	28979	珍稀	40
zx	135	20	29016	这项	40
zx	135	20	30361	自信	40
zx	135	20	30363	字形	40
zx	135	20	30626	最小	40
zx	135	20	30669	遵循	40
zx	135	20	30789	祖先	40
zx	135	20	28135	在线	41
zx	135	20	28137	宰相	41
zx	135	20	28983	真相	41
zx	135	20	29889	专线	41
zx	135	20	29892	撰写	41
zx	135	20	28539	展现	42
zx	135	20	29302	直线	42
zx	135	20	29306	指向	42
zx	135	20	29609	中型	42
zx	135	20	29610	重型	42
zx	135	20	29624	中旬	42
zx	135	20	29891	专项	42
zx	135	20	29894	转型	42
zx	135	20	30371	自学	42
zx	135	20	28894	整修	43
zx	135	20	28985	振兴	43
zx	135	20	29301	直辖	43
zx	135	20	29308	知晓	43
zx	135	20	29596	中小	43
zx	135	20	29611	中兴	43
zx	135	20	30625	最先	43
zx	135	20	30629	罪行	43
zx	135	20	28136	再现	44
zx	135	20	28140	再行	44
zx	135	20	28540	崭新	44
zx	135	20	28885	争相	44
zx	135	20	28980	珍惜	44
zx	135	20	28984	真心	44
zx	135	20	29303	知县	44
zx	135	20	29319	质询	44
zx	135	20	29594	钟祥	44
zx	135	20	29605	重心	44
zx	135	20	29606	忠心	44
zx	135	20	29612	中性	44
zx	135	20	29613	中星	44
zx	135	20	30098	着想	44
zx	135	20	30159	竹溪	44
zx	135	20	30170	助学	44
zx	135	20	30373	资讯	44
zx	135	20	28454	掌心	45
zx	135	20	28633	照相	45
zx	135	20	28637	找寻	45
zx	135	20	28981	阵线	45
zx	135	20	29297	直系	45
zx	135	20	29298	窒息	45
zx	135	20	29593	中线	45
zx	135	20	29614	种姓	45
zx	135	20	29738	周旋	45
zx	135	20	29817	装修	45
zx	135	20	29893	专心	45
zx	135	20	30160	朱熹	45
zx	135	20	30748	作响	45
zx	135	20	30788	足下	45
zx	135	20	30790	足协	45
zx	135	20	28179	暂行	46
zx	135	20	28223	早些	46
zx	135	20	29313	支行	46
zx	135	20	29317	止血	46
zx	135	20	29592	中西	46
zx	135	20	29815	装卸	46
zx	135	20	30364	字型	46
zx	135	20	30369	自旋	46
zx	135	20	30511	纵向	46
zx	135	20	28222	造像	47
zx	135	20	28451	长相	47
zx	135	20	28541	粘性	47
zx	135	20	28886	正向	47
zx	135	20	29304	支线	47
zx	135	20	29607	衷心	47
zx	135	20	30028	追寻	47
zx	135	20	30079	准许	47
zx	135	20	30162	竹乡	47
zx	135	20	30360	自小	47
zx	135	20	28221	早先	48
zx	135	20	28225	造血	48
zx	135	20	28631	朝霞	48
zx	135	20	28632	招贤	48
zx	135	20	28634	招降	48
zx	135	20	28887	正像	48
zx	135	20	28893	整形	48
zx	135	20	28982	针线	48
zx	135	20	29608	中信	48
zx	135	20	29737	周详	48
zx	135	20	30161	主线	48
zx	135	20	30510	总线	48
zx	135	20	30628	醉心	48
zx	135	20	30668	尊姓	48
zx	135	20	28180	赞许	49
zx	135	20	28453	长效	49
zx	135	20	28630	朝夕	49
zx	135	20	28895	征询	49
zx	135	20	29299	支系	49
zx	135	20	29307	志向	49
zx	135	20	29316	只许	49
zx	135	20	29318	治学	49
zx	135	20	30027	锥形	49
zx	135	20	30552	奏效	49
zx	135	20	28277	增选	50
zx	135	20	28884	正弦	50
zx	135	20	28888	征象	50
zx	135	20	29015	浙西	50
zx	135	20	29305	制宪	50
zx	135	20	29309	直销	50
zx	135	20	29311	知心	50
zx	135	20	29597	中校	50
zx	135	20	29620	中选	50
zx	135	20	29736	轴线	50
zx	135	20	30370	自选	50
zx	135	20	30512	总行	50
zxb	3	4	29603	中西部	46
zxb	3	4	28455	张新宝	47
zxb	3	4	29621	中宣部	48
zxc	1	0	30365	自行车	41
zxcs	1	0	30359	自相残杀	49
zxd	2	3	28457	张学东	47
zxd	2	3	28456	长辛店	49
zxes	1	0	30358	自下而上	50
zxg	1	0	29314	执行官	45
zxgg	1	0	29615	忠心耿耿	48
zxhp	1	0	30366	自行火炮	49
zxj	4	6	29019	哲学家	42
zxj	4	6	28635	照相机	46
zxj	4	6	28890	郑晓京	48
zxj	4	6	30171	助学金	50
zxkh	1	0	28889	争先恐后	49
zxl	3	4	28458	张学良	44
zxl	3	4	30169	主旋律	46
zxl	3	4	29816	装卸量	47
zxpy	1	0	29616	众星捧月	45
zxqy	1	0	29598	中小企业	43
zxs	8	8	29310	直辖市	32
zxs	8	8	29595	钟祥市	42
zxs	8	8	28139	在校生	45
zxs	8	8	29623	中学生	45
zxs	8	8	29020	哲学史	48
zxs	8	8	30164	朱先生	48
zxs	8	8	29617	中新社	49
zxs	8	8	28636	赵小双	50
zxt	3	4	30167	主席团	39
zxt	3	4	30166	主席台	44
zxt	3	4	30368	子系统	50
zxw	1	0	29618	中新网	44
zxx	4	6	29600	中小学	41
zxx	4	6	30168	竹溪县	47
zxx	4	6	29599	中小型	48
zxx	4	6	30367	自信心	49
zxxs	1	0	29601	中小学生	47
zxy	3	4	29602	中下游	43
zxy	3	4	30163	朱相远	47
zxy	3	4	29619	中西医	50
zxz	3	4	28452	张献忠	41
zxz	3	4	28891	郑肖庄	47
zxz	3	4	30165	朱仙镇	47
zxzz	1	0	29895	专心致志	50
zy	169	21	30174	主要	25
zy	169	21	29022	这样	26
zy	169	21	29640	重要	27
zy	169	21	29326	职业	29
zy	169	21	29334	之一	29
zy	169	21	30755	作用	29
zy	169	21	29628	中央	30
zy	169	21	29899	专业	30
zy	169	21	30395	资源	30
zy	169	21	29324	只要	32
zy	169	21	29653	终于	32
zy	169	21	30178	注意	32
zy	169	21	30756	左右	32
zy	169	21	28292	怎样	33
zy	169	21	30383	自由	33
zy	169	21	29345	只有	34
zy	169	21	28145	在于	35
zy	169	21	28230	早已	35
zy	169	21	29346	至于	35
zy	169	21	28141	再也	36
zy	169	21	29349	志愿	36
zy	169	21	29904	转移	36
zy	169	21	28543	战役	37
zy	169	21	28900	正义	37
zy	169	21	29657	中原	37
zy	169	21	30179	主意	37
zy	169	21	28545	占有	38
zy	169	21	28897	正要	38
zy	169	21	28986	镇压	38
zy	169	21	29350	支援	38
zy	169	21	29818	庄严	38
zy	169	21	30180	主义	38
zy	169	21	28234	遭遇	39
zy	169	21	29355	制约	39
zy	169	21	29644	中叶	40
zy	169	21	30670	尊严	40
zy	169	21	30750	作业	40
zy	169	21	28546	战友	41
zy	169	21	28901	争议	41
zy	169	21	29325	制药	41
zy	169	21	29347	置于	41
zy	169	21	29625	中亚	41
zy	169	21	29641	中药	41
zy	169	21	29645	中医	41
zy	169	21	29652	中游	41
zy	169	21	29820	装有	41
zy	169	21	29822	状元	41
zy	169	21	29907	专用	41
zy	169	21	30384	自有	41
zy	169	21	30385	自幼	41
zy	169	21	28143	再有	42
zy	169	21	28638	朝阳	42
zy	169	21	29321	直言	42
zy	169	21	29627	重檐	42
zy	169	21	29740	昼夜	42
zy	169	21	30172	主演	42
zy	169	21	30396	自愿	42
zy	169	21	28181	赞扬	43
zy	169	21	28231	造诣	43
zy	169	21	28542	瞻仰	43
zy	169	21	28639	照样	43
zy	169	21	28658	炸药	43
zy	169	21	28904	正月	43
zy	169	21	29351	职员	43
zy	169	21	29352	致远	43
zy	169	21	29649	重用	43
zy	169	21	29910	转运	43
zy	169	21	30099	着眼	43
zy	169	21	30104	卓越	43
zy	169	21	30187	住院	43
zy	169	21	30375	字样	43
zy	169	21	30752	左翼	43
zy	169	21	28320	摘要	44
zy	169	21	28544	占用	44
zy	169	21	28640	照耀	44
zy	169	21	29335	质疑	44
zy	169	21	29341	指引	44
zy	169	21	29343	之用	44
zy	169	21	30751	昨夜	44
zy	169	21	30791	足以	44
zy	169	21	28142	在意	45
zy	169	21	28279	增援	45
zy	169	21	28989	阵营	45
zy	169	21	29336	旨意	45
zy	169	21	29342	知音	45
zy	169	21	29646	忠义	45
zy	169	21	29654	忠于	45
zy	169	21	29896	转眼	45
zy	169	21	30181	逐一	45
zy	169	21	30513	踪影	45
zy	169	21	30565	钻研	45
zy	169	21	28226	枣阳	46
zy	169	21	28459	长阳	46
zy	169	21	28460	张扬	46
zy	169	21	29327	枝叶	46
zy	169	21	29337	执意	46
zy	169	21	29344	只用	46
zy	169	21	29348	治愈	46
zy	169	21	29629	中阳	46
zy	169	21	29741	周一	46
zy	169	21	29745	周瑜	46
zy	169	21	29823	庄园	46
zy	169	21	30188	竹园	46
zy	169	21	30189	祝愿	46
zy	169	21	30374	字眼	46
zy	169	21	30378	子叶	46
zy	169	21	28144	载有	47
zy	169	21	28232	噪音	47
zy	169	21	28301	择业	47
zy	169	21	28302	择优	47
zy	169	21	28466	掌印	47
zy	169	21	28642	照应	47
zy	169	21	28645	赵云	47
zy	169	21	28660	扎营	47
zy	169	21	29021	遮掩	47
zy	169	21	29322	纸烟	47
zy	169	21	29650	中用	47
zy	169	21	29819	装药	47
zy	169	21	29909	专员	47
zy	169	21	30101	桌椅	47
zy	169	21	30379	自已	47
zy	169	21	28182	赞誉	48
zy	169	21	28461	张掖	48
zy	169	21	28463	仗义	48
zy	169	21	28661	榨油	48
zy	169	21	29338	直译	48
zy	169	21	29651	中庸	48
zy	169	21	29742	周易	48
zy	169	21	29746	咒语	48
zy	169	21	30630	最远	48
zy	169	21	30671	遵义	48
zy	169	21	30753	作揖	48
zy	169	21	30793	租用	48
zy	169	21	28233	造影	49
zy	169	21	28657	眨眼	49
zy	169	21	28899	整夜	49
zy	169	21	28987	真言	49
zy	169	21	29339	致以	49
zy	169	21	29340	致意	49
zy	169	21	29655	中雨	49
zy	169	21	29656	重于	49
zy	169	21	29821	壮语	49
zy	169	21	29900	转业	49
zy	169	21	29905	专一	49
zy	169	21	29908	转悠	49
zy	169	21	30376	滋养	49
zy	169	21	30380	自缢	49
zy	169	21	30749	左眼	49
zy	169	21	30754	座椅	49
zy	169	21	28227	遭殃	50
zy	169	21	28229	造谣	50
zy	169	21	28241	咋样	50
zy	169	21	28242	杂役	50
zy	169	21	28278	增压	50
zy	169	21	28321	宅院	50
zy	169	21	28898	政要	50
zy	169	21	28902	征用	50
zy	169	21	28990	镇远	50
zy	169	21	29320	质押	50
zy	169	21	29328	执业	50
zy	169	21	29329	汁液	50
zy	169	21	29744	周游	50
zy	169	21	29906	专营	50
zy	169	21	30102	着意	50
zy	169	21	30177	主业	50
zy	169	21	30184	主营	50
zy	169	21	30394	自语	50
zy	169	21	30554	奏乐	50
zy	169	21	30792	足印	50
zyb	1	0	29330	职业病	48
zybh	1	0	29323	直言不讳	50
zyc	3	4	28467	张英才	43
zyc	3	4	28469	张佑才	47
zyc	3	4	29642	中药材	49
zycx	1	0	30103	卓有成效	47
zyd	4	6	28641	赵一荻	47
zyd	4	6	30553	邹远东	47
zyd	4	6	30386	自由党	48
zyd	4	6	30387	自由度	49
zydd	1	0	29331	职业道德	48
zydh	1	0	29023	这样的话	45
zydq	2	3	29658	中原地区	48
zydq	2	3	29626	中亚地区	50
zydx	2	3	29631	中央大学	48
zydx	2	3	29630	中央党校	50
zye	1	0	28659	扎伊尔	47
zyf	1	0	30757	左右分	49
zygl	1	0	30397	资源管理	47
zyh	5	6	29901	专业化	45
zyh	5	6	30388	自由化	46
zyh	5	6	28468	张永红	47
zyh	5	6	30173	朱阳湖	47
zyh	5	6	29332	职业化	49
zyhj	1	0	29632	中央红军	48
zyhy	1	0	30672	遵义会议	48
zyj	4	6	30182	朱翊钧	41
zyj	4	6	29353	志愿军	44
zyj	4	6	29897	转眼间	47
zyj	4	6	29634	中央局	50
zyjq	1	0	29633	中央集权	44
zyjw	1	0	29635	中央军委	42
zyk	1	0	29902	专业课	48
zyl	4	6	30183	注意力	43
zyl	4	6	28988	针叶林	46
zyl	4	6	29025	这一来	47
zyl	4	6	28464	张义兰	50
zylz	1	0	30758	左右两座	49
zym	4	6	28896	正阳门	38
zym	4	6	28465	张义民	45
zym	4	6	28471	张毓茂	47
zym	4	6	30759	左右门	49
zymd	1	0	30175	主要矛盾	48
zyn	1	0	28643	赵姨娘	49
zyq	4	6	29743	周逸群	47
zyq	4	6	29747	周玉清	47
zyq	4	6	30176	朱雅琼	47
zyq	4	6	30381	自营权	47
zyr	2	3	30389	自由人	41
zyr	2	3	29739	周延儒	48
zys	4	6	30794	祖右社	45
zys	4	6	28547	占优势	46
zys	4	6	28228	枣阳市	47
zys	4	6	28462	张业遂	47
zysc	1	0	30390	自由市场	50
zyws	1	0	30382	自以为是	50
zywy	1	0	29636	中央委员	44
zyx	5	6	29643	重要性	41
zyx	5	6	29026	这一下	42
zyx	5	6	29903	专业性	48
zyx	5	6	28903	郑元勋	49
zyx	5	6	28644	赵用贤	50
zyy	5	6	29648	众议院	44
zyy	5	6	29637	钟阳阳	47
zyy	5	6	30100	着眼于	47
zyy	5	6	29647	中医药	48
zyy	5	6	30391	自由泳	50
zyyh	1	0	29638	中央银行	48
zyyl	1	0	29024	这样一来	44
zyyw	1	0	30185	主营业务	47
zyz	4	6	30190	朱元璋	38
zyz	4	6	29354	志愿者	42
zyz	4	6	30186	主义者	44
zyz	4	6	28470	张有智	50
zyzf	1	0	29639	中央政府	44
zyzg	1	0	29333	执业资格	49
zyzj	1	0	29898	转眼之间	50
zyzy	2	3	30377	自言自语	45
zyzy	2	3	30392	自由主义	46
zyzz	1	0	30393	自由自在	46
zz	248	22	29027	这种	26
zz	248	22	28913	政治	28
zz	248	22	30797	组织	28
zz	248	22	28280	增长	29
zz	248	22	28551	战争	30
zz	248	22	28994	真正	32
zz	248	22	29387	之中	32
zz	248	22	30761	作战	32
zz	248	22	29358	制造	34
zz	248	22	30198	主张	34
zz	248	22	30635	最终	34
zz	248	22	30760	坐在	34
zz	248	22	28905	正在	35
zz	248	22	29399	制作	35
zz	248	22	29673	种种	36
zz	248	22	29825	装置	36
zz	248	22	29927	抓住	36
zz	248	22	30217	著作	36
zz	248	22	30399	自治	36
zz	248	22	30631	最早	36
zz	248	22	30762	作者	36
zz	248	22	28934	症状	37
zz	248	22	29375	执政	37
zz	248	22	29666	种植	37
zz	248	22	30206	注重	37
zz	248	22	30412	自主	37
zz	248	22	28243	杂志	38
zz	248	22	29372	指着	38
zz	248	22	29680	种子	38
zz	248	22	30110	桌子	38
zz	248	22	30674	尊重	38
zz	248	22	28168	藏族	39
zz	248	22	28927	正中	39
zz	248	22	29363	职责	39
zz	248	22	29381	直至	39
zz	248	22	29388	支柱	39
zz	248	22	29749	州长	39
zz	248	22	30798	阻止	39
zz	248	22	28906	挣扎	40
zz	248	22	28910	整整	40
zz	248	22	29918	专制	40
zz	248	22	30413	资助	40
zz	248	22	30516	总之	40
zz	248	22	30517	宗旨	40
zz	248	22	28646	沼泽	41
zz	248	22	28991	镇长	41
zz	248	22	29364	指责	41
zz	248	22	29382	制止	41
zz	248	22	29683	种族	41
zz	248	22	29830	壮族	41
zz	248	22	29916	专政	41
zz	248	22	30105	着重	41
zz	248	22	30194	住宅	41
zz	248	22	30806	祖宗	41
zz	248	22	28236	造纸	42
zz	248	22	28481	长子	42
zz	248	22	28548	站长	42
zz	248	22	28931	郑州	42
zz	248	22	28999	珍珠	42
zz	248	22	29356	旨在	42
zz	248	22	29366	执掌	42
zz	248	22	29675	中洲	42
zz	248	22	29678	中专	42
zz	248	22	29755	周转	42
zz	248	22	30080	准则	42
zz	248	22	30192	铸造	42
zz	248	22	30193	驻扎	42
zz	248	22	30210	柱子	42
zz	248	22	30514	总长	42
zz	248	22	30633	最长	42
zz	248	22	30795	组长	42
zz	248	22	28149	在职	43
zz	248	22	28283	增至	43
zz	248	22	28284	增殖	43
zz	248	22	28285	增值	43
zz	248	22	28552	站住	43
zz	248	22	28914	整治	43
zz	248	22	28915	争执	43
zz	248	22	28916	政制	43
zz	248	22	28928	郑重	43
zz	248	22	29031	折子	43
zz	248	22	29398	至尊	43
zz	248	22	29661	重镇	43
zz	248	22	29667	终止	43
zz	248	22	29826	庄重	43
zz	248	22	29922	专著	43
zz	248	22	30216	驻足	43
zz	248	22	28235	早早	44
zz	248	22	28237	早知	44
zz	248	22	28917	正值	44
zz	248	22	28918	正直	44
zz	248	22	28935	正宗	44
zz	248	22	28992	阵阵	44
zz	248	22	29029	褶皱	44
zz	248	22	29389	植株	44
zz	248	22	29829	庄子	44
zz	248	22	29914	转折	44
zz	248	22	30029	追逐	44
zz	248	22	30207	诸州	44
zz	248	22	30211	主子	44
zz	248	22	30400	自知	44
zz	248	22	30556	奏折	44
zz	248	22	28151	载重	45
zz	248	22	28154	在座	45
zz	248	22	28183	赞助	45
zz	248	22	28244	杂质	45
zz	248	22	28246	杂种	45
zz	248	22	28487	张嘴	45
zz	248	22	28553	辗转	45
zz	248	22	29000	真主	45
zz	248	22	29002	斟酌	45
zz	248	22	29030	遮住	45
zz	248	22	29394	质子	45
zz	248	22	29396	知足	45
zz	248	22	29668	中指	45
zz	248	22	29669	种质	45
zz	248	22	29681	中子	45
zz	248	22	29831	装作	45
zz	248	22	29919	专职	45
zz	248	22	29923	专注	45
zz	248	22	30031	追踪	45
zz	248	22	30191	主宰	45
zz	248	22	30196	主战	45
zz	248	22	30518	总值	45
zz	248	22	30522	宗族	45
zz	248	22	30557	走走	45
zz	248	22	30807	足足	45
zz	248	22	28323	宅子	46
zz	248	22	28650	招致	46
zz	248	22	28907	征战	46
zz	248	22	29367	纸张	46
zz	248	22	29383	指指	46
zz	248	22	29390	止住	46
zz	248	22	29391	蜘蛛	46
zz	248	22	29824	装载	46
zz	248	22	29911	转载	46
zz	248	22	29912	转增	46
zz	248	22	29913	转战	46
zz	248	22	30107	捉住	46
zz	248	22	30401	自制	46
zz	248	22	30415	自转	46
zz	248	22	30521	粽子	46
zz	248	22	30555	奏章	46
zz	248	22	30636	最重	46
zz	248	22	30673	遵照	46
zz	248	22	28322	寨主	47
zz	248	22	28908	征兆	47
zz	248	22	28995	诊治	47
zz	248	22	28996	真挚	47
zz	248	22	29359	织造	47
zz	248	22	29374	指针	47
zz	248	22	29376	至正	47
zz	248	22	29384	直指	47
zz	248	22	29392	执着	47
zz	248	22	29659	肿胀	47
zz	248	22	29670	中止	47
zz	248	22	29917	转正	47
zz	248	22	30108	卓著	47
zz	248	22	30199	助长	47
zz	248	22	30203	主治	47
zz	248	22	30204	主旨	47
zz	248	22	30212	竹子	47
zz	248	22	30213	珠子	47
zz	248	22	30402	资质	47
zz	248	22	30414	自助	47
zz	248	22	30419	自尊	47
zz	248	22	30763	坐镇	47
zz	248	22	30764	作证	47
zz	248	22	30768	左传	47
zz	248	22	30804	诅咒	47
zz	248	22	30805	组装	47
zz	248	22	28148	再者	48
zz	248	22	28473	长者	48
zz	248	22	28480	漳州	48
zz	248	22	28550	战阵	48
zz	248	22	28936	整座	48
zz	248	22	29004	振作	48
zz	248	22	29365	指摘	48
zz	248	22	29395	侄子	48
zz	248	22	29660	重者	48
zz	248	22	29663	中正	48
zz	248	22	29827	庄周	48
zz	248	22	29828	庄主	48
zz	248	22	30202	主政	48
zz	248	22	30410	自重	48
zz	248	22	30411	辎重	48
zz	248	22	30418	自足	48
zz	248	22	30637	罪状	48
zz	248	22	30766	做主	48
zz	248	22	30770	坐坐	48
zz	248	22	30796	族长	48
zz	248	22	28147	再战	49
zz	248	22	28150	栽植	49
zz	248	22	28287	增资	49
zz	248	22	28479	掌中	49
zz	248	22	28482	帐子	49
zz	248	22	28909	征召	49
zz	248	22	28911	铮铮	49
zz	248	22	28933	怔住	49
zz	248	22	29003	镇子	49
zz	248	22	29357	志在	49
zz	248	22	29373	智者	49
zz	248	22	29393	执著	49
zz	248	22	29662	重振	49
zz	248	22	29664	重整	49
zz	248	22	29665	重症	49
zz	248	22	29748	周遭	49
zz	248	22	29921	转轴	49
zz	248	22	29924	转转	49
zz	248	22	29925	转子	49
zz	248	22	29928	爪子	49
zz	248	22	30106	涿州	49
zz	248	22	30109	着装	49
zz	248	22	30205	住址	49
zz	248	22	30209	柱状	49
zz	248	22	30214	诸子	49
zz	248	22	30398	滋长	49
zz	248	22	30638	最最	49
zz	248	22	30765	佐证	49
zz	248	22	30767	作主	49
zz	248	22	30799	阻滞	49
zz	248	22	28146	再造	50
zz	248	22	28152	栽种	50
zz	248	22	28238	枣子	50
zz	248	22	28303	啧啧	50
zz	248	22	28324	寨子	50
zz	248	22	28325	摘自	50
zz	248	22	28475	长治	50
zz	248	22	28648	招展	50
zz	248	22	28993	真真	50
zz	248	22	28997	针织	50
zz	248	22	29028	折衷	50
zz	248	22	29368	职掌	50
zz	248	22	29370	执照	50
zz	248	22	29371	支招	50
zz	248	22	29397	治罪	50
zz	248	22	29676	中州	50
zz	248	22	29679	中转	50
zz	248	22	29750	周折	50
zz	248	22	29756	周庄	50
zz	248	22	30111	镯子	50
zz	248	22	30197	助战	50
zz	248	22	30208	主轴	50
zz	248	22	30416	自传	50
zz	248	22	30632	罪责	50
zz	248	22	30634	罪证	50
zz	248	22	30771	做作	50
zz	248	22	30772	做做	50
zzb	3	4	28919	政治部	39
zzb	3	4	28998	甄志丙	46
zzb	3	4	30800	组织部	47
zzba	1	0	30030	惴惴不安	50
zzbl	1	0	29385	置之不理	48
zzc	2	3	29360	制造厂	48
zzc	2	3	28484	张宗昌	49
zzd	5	6	28476	张之洞	44
zzd	5	6	29377	执政党	46
zzd	5	6	29915	转折点	46
zzd	5	6	28647	沼泽地	47
zzd	5	6	28281	增长点	48
zzdm	1	0	30801	足智多谋	50
zzdw	1	0	29386	置之度外	49
zzf	4	6	30802	组织法	41
zzf	4	6	29751	州政府	43
zzf	4	6	29378	执政府	45
zzf	4	6	28920	政治犯	50
zzg	2	3	29001	珍珠港	49
zzg	2	3	29379	执政官	49
zzh	3	4	30519	总指挥	45
zzh	3	4	28477	张智华	47
zzh	3	4	30520	宗朱厚	47
zzj	6	7	28921	政治家	40
zzj	6	7	28651	赵志敬	41
zzj	6	7	28923	政治局	42
zzj	6	7	28478	张志坚	47
zzj	6	7	28929	正中间	48
zzj	6	7	30201	朱瞻基	50
zzjg	1	0	30403	自治机关	41
zzjj	2	3	28549	战战兢兢	47
zzjj	2	3	28922	政治经济	47
zzl	7	8	28282	增长率	41
zzl	7	8	28488	张作霖	45
zzl	7	8	30215	朱子柳	45
zzl	7	8	30200	朱长龄	48
zzl	7	8	28483	张自烈	49
zzl	7	8	28153	载重量	50
zzl	7	8	30404	自治领	50
zzm	1	0	30769	左子穆	50
zzq	8	8	30405	自治区	31
zzq	8	8	30406	自治权	43
zzq	8	8	28485	张宗琪	47
zzq	8	8	28652	赵钟泉	47
zzq	8	8	29682	钟子期	47
zzq	8	8	29752	周正庆	47
zzq	8	8	30417	自主权	47
zzq	8	8	30195	住宅区	49
zzql	1	0	28924	政治权利	42
zzqq	1	0	28912	整整齐齐	48
zzqs	1	0	28930	郑重其事	50
zzr	1	0	29753	周芷若	42
zzs	5	6	29361	制造商	45
zzs	5	6	28474	张振仕	47
zzs	5	6	28245	杂志社	48
zzs	5	6	28286	增值税	50
zzs	5	6	28932	郑州市	50
zzss	1	0	28662	扎扎实实	48
zztj	1	0	30407	资治通鉴	48
zzwy	1	0	28925	政治委员	43
zzx	5	6	30408	自治县	36
zzx	5	6	29677	中轴线	40
zzx	5	6	28486	章宗祥	44
zzx	5	6	28926	政治学	45
zzx	5	6	30420	自尊心	47
zzy	7	8	29362	制造业	42
zzy	7	8	29754	周仲英	45
zzy	7	8	29671	种植业	46
zzy	7	8	29369	指战员	48
zzy	7	8	29672	种植园	48
zzy	7	8	28653	赵紫阳	49
zzy	7	8	30773	左祖右	49
zzz	5	6	30409	自治州	34
zzz	5	6	28472	张召重	43
zzz	5	6	30803	组织者	47
zzz	5	6	29380	执政者	48
zzz	5	6	28649	赵争争	49
zzzb	1	0	30515	总政治部	49
zzzy	2	3	29684	种族主义	50
zzzy	2	3	29920	专制主义	50
zzzz	1	0	29674	重中之重	50
