# 音串	词	语料频次	量化代价
# 生成：python components/pinyin_engine/scripts/gen_engine_dict.py
# 来源：jieba dict.txt 频次 + pypinyin 词级注音
abingma	阿炳妈	111	50
aboluo	阿波罗	243	47
achangzu	阿昌族	288	46
aerkate	阿尔卡特	177	48
aertaishan	阿尔泰山	193	48
afuhan	阿富汗	816	42
age	阿哥	2088	38
agebu	阿格布	138	49
agenting	阿根廷	964	41
aichunrong	艾春荣	256	47
aici	挨次	192	48
aida	挨打	308	46
aidai	爱戴	185	48
aidao	哀悼	168	48
aidehua	爱德华	140	49
aierlan	爱尔兰	669	43
aifudun	埃弗顿	117	50
aifuer	埃伏尔	160	49
aiguo	爱国	6444	34
aiguorenshi	爱国人士	282	46
aiguozhe	爱国者	306	46
aiguozhuyi	爱国主义	513	44
aihao	爱好	810	42
aihaozhe	爱好者	445	44
aihu	爱护	436	45
aiji	埃及	2888	37
ailian	爱怜	130	49
ailikesen	埃里克森	168	48
ailixin	爱立信	141	49
aimei	暧昧	163	48
aimei	爱美	137	49
aimin	爱民	107	50
aimu	爱慕	149	49
aipang	矮胖	239	47
aiqiang	矮墙	152	49
aiqing	爱情	2606	37
aiqinhai	爱琴海	160	49
aiqiu	哀求	332	46
airen	爱人	145	49
aishang	哀伤	142	49
aishaniya	爱沙尼亚	178	48
aishengtanqi	唉声叹气	116	50
aishi	碍事	186	48
aixi	爱惜	253	47
aixiao	矮小	327	46
aixibao	癌细胞	137	49
aixin	爱心	646	43
aiya	哎呀	378	45
aiyinsitan	爱因斯坦	605	43
aiyo	哎哟	236	47
aizhe	挨着	313	46
aizheng	癌症	730	42
aizi	矮子	327	46
aizi	爱子	121	50
aizibing	艾滋病	1130	41
ajimide	阿基米德	112	50
akesu	阿克苏	122	50
ala	阿拉	277	46
alabo	阿拉伯	1860	39
alaboren	阿拉伯人	590	43
alaboyu	阿拉伯语	228	47
alafate	阿拉法特	123	50
alamutu	阿拉木图	106	50
alasijia	阿拉斯加	228	47
ali	阿里	726	42
alianqiu	阿联酋	138	49
aman	阿曼	536	44
anan	暗暗	2156	38
ananjingjing	安安静静	106	50
anbangzhi	安邦治	128	49
anbangzhiguo	安邦治国	257	47
anbian	岸边	506	44
anbingbudong	按兵不动	111	50
ancang	暗藏	237	47
ancaoer	安草儿	101	50
ancha	安插	106	50
anchu	暗处	121	50
anda	安达	117	50
andan	暗淡	238	47
andan	黯淡	160	49
andao	暗道	312	46
andaoer	安道尔	157	49
andesen	安德森	105	50
andili	暗地里	157	49
anding	安定	1278	40
andingmen	安定门	318	46
andingtuanjie	安定团结	106	50
andisishan	安第斯山	100	50
andongni	安东尼	172	48
andun	安顿	271	46
anfang	安放	468	44
anfu	安抚	629	43
angang	鞍钢	114	50
angela	安哥拉	295	46
anggui	昂贵	531	44
angran	昂然	190	48
angran	盎然	136	49
angshou	昂首	188	48
angsi	盎司	113	50
anguo	安国	103	50
angzang	肮脏	290	46
anhao	安好	166	48
anhao	暗号	115	50
anhongse	暗红色	115	50
anhua	氨化	262	47
anhui	安徽	1864	39
anhuisheng	安徽省	980	41
anji	氨基	435	45
anjia	安家	110	50
anjian	案件	3305	36
anjie	按揭	115	50
anjing	安静	1199	40
anjisuan	氨基酸	548	44
anju	安居	142	49
anjuan	案卷	179	48
anjuleye	安居乐业	112	50
ankang	安康	124	50
anla	安拉	100	50
anlaofenpei	按劳分配	169	48
anle	安乐	138	49
anli	案例	745	42
anlihui	安理会	528	44
anliman	安力满	112	50
anlishuo	按理说	108	50
anlong	安龙	133	49
anlu	安陆	1572	39
anlushan	安禄山	138	49
anlushi	安陆市	256	47
anma	鞍马	134	49
anmen	俺们	311	46
anmin	安民	141	49
anmo	按摩	573	43
anna	安娜	973	41
annabuzhu	按捺不住	274	46
annan	安南	222	47
annei	安内	270	46
anning	安宁	502	44
anpai	安排	7836	33
anpei	安培	120	50
anqi	暗器	1031	41
anqi	按期	121	50
anqing	案情	490	44
anqing	安庆	315	46
anqizhou	安七州	256	47
anquan	安全	9921	32
anquangan	安全感	181	48
anquanju	安全局	299	46
anquanxing	安全性	337	46
anran	黯然	397	45
anran	安然	139	49
ansha	暗杀	239	47
anshan	鞍山	169	48
anshang	岸上	522	44
anshang	安上	185	48
anshe	安设	144	49
anshen	安身	129	49
anshen	安神	101	50
ansheng	安生	142	49
anshi	暗示	808	42
anshi	按时	721	43
anshizhiluan	安史之乱	217	47
anshui	安睡	119	50
anshuo	按说	287	46
ansuan	暗算	341	46
antang	庵堂	274	46
anteweipu	安特卫普	102	50
anwei	安慰	1469	40
anwei	安危	410	45
anwen	安稳	281	46
anxi	安息	259	47
anxi	暗喜	167	48
anxi	安西	156	49
anxian	岸线	167	48
anxiang	安乡	784	42
anxiang	暗想	533	44
anxiang	安详	176	48
anxiao	暗笑	135	49
anxie	安歇	228	47
anxin	安心	570	43
anyang	安阳	225	47
anyi	安逸	116	50
anyu	安于	101	50
anzang	安葬	274	46
anzhao	按照	11557	31
anzhe	按着	349	45
anzhen	安贞	130	49
anzhi	安置	916	42
anzhong	暗中	1565	39
anzhu	按住	419	45
anzhuang	安装	2382	38
anzi	暗自	650	43
anzi	案子	501	44
aobama	奥巴马	250	47
aodaliya	澳大利亚	2052	38
aodili	奥地利	1343	40
aohui	懊悔	248	47
aolifu	奥立佛	141	49
aolinpike	奥林匹克	259	47
aoman	傲慢	315	46
aomen	澳门	1912	39
aomi	奥秘	262	47
aomiao	奥妙	328	46
aonao	懊恼	160	49
aonier	奥尼尔	194	48
aosika	奥斯卡	269	46
aosiman	奥斯曼	187	48
aotu	凹凸	123	50
aotuo	奥托	134	49
aoweihui	奥委会	103	50
aoxian	凹陷	178	48
aoxiang	翱翔	102	50
aoye	熬夜	161	49
aoyun	奥运	440	44
aoyunhui	奥运会	1244	40
aozhan	鏖战	112	50
aozhou	澳洲	263	47
asaibaijiang	阿塞拜疆	148	49
asenna	阿森纳	391	45
asi	阿斯	102	50
ayi	阿姨	276	46
ayo	啊哟	417	45
baba	爸爸	2456	38
babai	八百	115	50
babaiwan	八百万	149	49
babao	八宝	303	46
babilun	巴比伦	343	45
babing	把柄	114	50
babosa	巴博萨	109	50
babu	八部	131	49
babude	巴不得	249	47
bachang	靶场	141	49
bacheng	八成	260	47
bachi	把持	259	47
bachu	拔出	796	42
bada	八大	506	44
badaling	八达岭	107	50
badao	霸道	211	47
badian	八点	154	49
badiao	拔掉	105	50
badong	巴东	343	45
badongxian	巴东县	264	47
badu	八度	105	50
badun	巴顿	130	49
baergan	巴尔干	192	48
bafaliya	巴伐利亚	122	50
bafang	八方	112	50
bafen	八分	106	50
bage	八个	1299	40
bage	八哥	195	48
bageda	巴格达	384	45
bagong	罢工	1321	40
bagua	八卦	703	43
baguan	罢官	256	47
baguan	把关	151	49
baguolianjun	八国联军	1623	39
bahama	巴哈马	100	50
bahe	巴赫	105	50
bahen	疤痕	163	48
bahu	跋扈	137	49
baibai	白白	510	44
baibai	摆摆	240	47
baibaier	柏柏尔	118	50
baiban	百般	229	47
baibei	百倍	377	45
baibu	白布	453	44
baibu	摆布	234	47
baicai	白菜	221	47
baichi	白痴	242	47
baichongxi	白崇禧	125	50
baichu	百出	107	50
baidai	白带	281	46
baidao	拜倒	156	49
baidong	摆动	424	45
baidu	百度	11008	32
baie	白垩	142	49
baieji	白垩纪	176	48
baieluosi	白俄罗斯	311	46
baifa	白发	423	45
baifang	拜访	392	45
baifang	摆放	261	47
baifenbi	百分比	202	48
baifendian	百分点	720	43
baifenzhibai	百分之百	138	49
baifo	拜佛	180	48
baige	百个	178	48
baigong	白宫	678	43
baigu	白骨	208	47
baiguan	百官	529	44
baiguang	白光	105	50
baigui	白圭	136	49
baiguo	白果	299	46
baihanfeng	白寒枫	127	49
baihao	摆好	158	49
baihe	百合	182	48
baihe	白鹤	120	50
baihe	白河	106	50
baihua	百花	687	43
baihua	白花	136	49
baihua	白话	127	49
baihuahua	白花花	158	49
baihuai	败坏	396	45
baihuaqifang	百花齐放	149	49
baihuayuan	百花园	266	47
baihui	拜会	135	49
baihuo	百货	335	46
baiji	百级	130	49
baijia	白家	376	45
baijia	百家	136	49
baijian	拜见	488	44
baijiaxuan	白嘉轩	1152	41
baijiazhengming	百家争鸣	144	49
baijin	白金	117	50
baijing	白净	100	50
baijiu	白酒	248	47
baiju	败局	110	50
baijuyi	白居易	155	49
baikai	摆开	199	48
baike	百科	16728	30
baikequanshu	百科全书	221	47
bailang	白浪	105	50
bailei	败类	106	50
baili	百里	211	47
bailian	白莲	581	43
bailian	白脸	120	50
bailianjiao	白莲教	142	49
bailina	白丽娜	214	47
bailing	白领	1071	41
bailu	败露	146	49
bailucun	白鹿村	133	49
bailuyuan	白鹿原	231	47
baima	白马	706	43
baimangmang	白茫茫	107	50
baimi	百米	131	49
baimian	白面	155	49
baiming	百名	117	50
baineizhang	白内障	102	50
bainen	白嫩	336	46
bainian	百年	1542	39
bainian	拜年	240	47
bainong	摆弄	124	50
baiqi	白旗	304	46
baiqitun	白鳍豚	529	44
bairehua	白热化	103	50
bairen	白人	442	44
bairi	白日	192	48
bairi	百日	137	49
baise	白色	2756	37
baisekongbu	白色恐怖	206	48
baishazhou	白沙洲	1024	41
baishe	摆设	213	47
baishi	白石	556	44
baishi	百十	179	48
baishi	拜师	138	49
baishijing	白世镜	125	50
baishou	摆手	614	43
baishu	柏树	215	47
baisishiliu	百四十六	128	49
baisui	百岁	190	48
baitang	拜堂	125	50
baitian	白天	1456	40
baitou	百头	265	47
baitui	败退	182	48
baituo	摆脱	1889	39
baituo	拜托	127	49
baiwan	百万	1184	41
baiwang	败亡	118	50
baiwanjian	白万剑	445	44
baixi	百戏	196	48
baixiaowen	白孝文	181	48
baixibao	白细胞	248	47
baixie	拜谢	255	47
baixing	百姓	4176	35
baixu	白须	109	50
baixue	白雪	1572	39
baixuebing	白血病	248	47
baiyan	白眼	170	48
baiyan	百眼	151	49
baiyang	白洋	269	46
baiyang	白羊	165	48
baiyang	白杨	134	49
baiye	白夜	260	47
baiyi	白衣	842	42
baiyi	白蚁	141	49
baiyin	白银	334	46
baiyiyuan	百亿元	274	46
baiyu	百余	185	48
baiyu	白玉	179	48
baiyulan	白玉兰	270	46
baiyun	白云	389	45
baiyuncun	白云村	256	47
baiyunshan	白云山	102	50
baiyushi	白玉石	132	49
baizai	摆在	727	42
baizhang	败仗	215	47
baizhanting	拜占庭	104	50
baizhi	白纸	292	46
baizhou	白昼	257	47
baizu	白族	628	43
baji	八级	159	49
bajian	拔剑	337	46
bajiao	八角	757	42
bajiao	芭蕉	139	49
bajiaomao	八角帽	131	49
bajie	八戒	1686	39
bajie	八届	391	45
bajie	巴结	226	47
bajisitan	巴基斯坦	1238	40
bajiu	把酒	142	49
bake	罢课	112	50
balagui	巴拉圭	232	47
bale	罢了	1736	39
balei	芭蕾	295	46
baleimo	巴勒莫	108	50
baleiwutuan	芭蕾舞团	103	50
balesitan	巴勒斯坦	898	42
bali	巴黎	3756	36
bali	巴里	144	49
balin	巴林	158	49
balu	八路	158	49
balujun	八路军	885	42
baluoke	巴洛克	134	49
bamen	把门	188	48
bamian	罢免	1296	40
baming	八名	228	47
banama	巴拿马	332	46
banan	办案	136	49
banban	斑斑	283	46
banbeizi	半辈子	108	50
banben	版本	3743	36
banbi	板壁	124	50
banbian	半边	305	46
banbu	颁布	2537	37
banbu	半部	267	46
banbu	半步	222	47
banchan	班禅	100	50
banchang	半场	148	49
bancheng	办成	183	48
banchengpin	半成品	117	50
banchi	半尺	153	49
banchu	搬出	259	47
bandao	半岛	1520	40
bandao	办到	182	48
bandaoti	半导体	866	42
bande	般的	2260	38
bandeng	板凳	284	46
bandi	般地	414	45
bandian	半点	1590	39
bandian	斑点	211	47
banfa	办法	10633	32
banfa	颁发	1395	40
banfen	半分	464	44
banfengbi	半封闭	294	46
banfengjian	半封建	227	47
bangbang	帮帮	209	47
bange	半个	2233	38
bangfu	帮扶	108	50
banghui	帮会	179	48
bangjia	绑架	182	48
bangmang	帮忙	991	41
bangong	办公	872	42
bangonglou	办公楼	296	46
bangongshi	办公室	4373	35
bangongting	办公厅	468	44
bangongzhuo	办公桌	199	48
bangpai	帮派	105	50
bangshou	帮手	394	45
bangshou	榜首	137	49
bangwan	傍晚	775	42
bangyan	榜眼	537	44
bangyang	榜样	440	44
bangzhu	帮助	9128	32
bangzhu	帮主	1309	40
bangzi	膀子	146	49
bangzi	梆子	143	49
bangzi	帮子	111	50
banhao	办好	258	47
banhen	瘢痕	123	50
banhua	版画	193	48
banian	八年	2991	37
banji	班级	238	47
banji	班机	130	49
banji	扳机	128	49
banjia	搬家	242	47
banjiang	颁奖	317	46
banjie	半截	592	43
banjin	半斤	337	46
banjin	搬进	153	49
banjing	半径	633	43
banju	半句	353	45
banjuesai	半决赛	549	44
bankong	半空	726	42
bankuai	板块	1274	40
banlan	斑斓	126	49
banli	办理	2142	38
banli	板栗	682	43
banli	班里	122	50
banli	半里	113	50
banlu	半路	347	45
banlv	伴侣	282	46
banmian	版面	165	48
bannian	半年	1621	39
banqi	办起	100	50
banqian	搬迁	275	46
banqiu	半球	219	47
banquan	版权	406	45
banri	半日	449	44
banshan	半山	126	49
banshang	半晌	1725	39
banshang	班上	189	48
banshen	半身	135	49
bansheng	伴生	630	43
bansheng	半生	118	50
banshi	办事	2314	38
banshi	班师	126	49
banshichu	办事处	1159	41
banshu	半数	1213	40
bansui	伴随	1018	41
bantian	半天	2617	37
bantou	半头	267	46
bantouming	半透明	154	49
bantu	版图	683	43
banwan	办完	121	50
banwan	半碗	119	50
banwen	斑纹	168	48
banxinbanyi	半信半疑	101	50
banxing	颁行	273	46
banxue	办学	1127	41
banyan	扮演	911	42
banye	半夜	970	41
banye	半叶	112	50
banyesangeng	半夜三更	108	50
banyou	伴有	493	44
banyue	半月	498	44
banyun	搬运	375	45
banzhang	班长	556	44
banzhimindi	半殖民地	394	45
banzhu	斑竹	285	46
banzhuren	班主任	526	44
banzi	班子	553	44
banzi	板子	130	49
banzidong	半自动	104	50
banzou	伴奏	369	45
banzou	搬走	115	50
banzuo	扮作	156	49
baoan	保安	478	44
baoban	包办	164	48
baobao	宝宝	301	46
baobaode	薄薄的	198	48
baobei	宝贝	1073	41
baobi	包庇	125	50
baobi	薄壁	105	50
baobiao	报表	294	46
baobiao	保镖	158	49
baobuzhu	保不住	125	50
baocan	饱餐	128	49
baochandaohu	包产到户	147	49
baochao	包抄	112	50
baochi	保持	10261	32
baochou	报仇	1185	41
baochou	报酬	815	42
baochouxuehen	报仇雪恨	100	50
baochu	爆出	103	50
baochunlai	鲍春来	276	46
baocun	保存	3073	37
baoda	报答	426	45
baodao	报道	9955	32
baodao	宝刀	584	43
baodian	宝典	133	49
baoding	保定	739	42
baodong	暴动	638	43
baofa	爆发	4227	35
baofa	暴发	101	50
baofei	报废	107	50
baofengyu	暴风雨	177	48
baofu	包袱	947	41
baofu	报复	779	42
baofu	抱负	278	46
baogao	报告	16715	30
baogaohui	报告会	146	49
baogaoshu	报告书	191	48
baogaowenxue	报告文学	113	50
baogu	包谷	120	50
baoguan	保管	495	44
baoguang	曝光	423	45
baogui	宝贵	1041	41
baoguo	包裹	915	42
baoguo	报国	226	47
baohai	宝海	256	47
baohan	包含	2938	37
baohan	饱含	103	50
baohe	饱和	460	44
baohe	宝盒	153	49
baohedian	保和殿	296	46
baohongjin	包红巾	128	49
baohu	保护	13874	31
baohuhuanjing	保护环境	101	50
baohuqu	保护区	424	45
baoji	包机	420	45
baoji	保级	196	48
baoji	宝鸡	188	48
baojia	报价	366	45
baojialiya	保加利亚	494	44
baojian	保健	1093	41
baojian	宝剑	861	42
baojian	保荐	272	46
baojianpin	保健品	181	48
baojin	包金	273	46
baojing	报警	290	46
baojun	暴君	147	49
baokan	报刊	776	42
baokang	保康	262	47
baokangxian	保康县	264	47
baokao	报考	1586	39
baoku	宝库	763	42
baokuo	包括	24052	28
baolan	包揽	177	48
baolei	堡垒	323	46
baoli	暴力	1005	41
baoli	暴戾	123	50
baoli	暴利	115	50
baolingqiu	保龄球	123	50
baoliu	保留	2445	38
baolu	暴露	1281	40
baoluan	暴乱	149	49
baoluo	保罗	311	46
baoma	宝马	292	46
baoman	饱满	221	47
baomi	保密	675	43
baomihua	爆米花	1057	41
baoming	报名	1606	39
baomo	薄膜	343	45
baomu	保姆	515	44
baonu	暴怒	102	50
baonve	暴虐	156	49
baopi	剥皮	144	49
baopian	薄片	104	50
baoping	宝瓶	150	49
baopo	爆破	366	45
baoqian	抱歉	270	46
baoquan	保全	970	41
baoquan	抱拳	291	46
baorong	包容	152	49
baoshang	报上	903	42
baoshe	报社	321	46
baoshi	宝石	624	43
baoshou	保守	762	42
baoshou	饱受	201	48
baoshoudang	保守党	163	48
baoshoupai	保守派	110	50
baosong	保送	104	50
baosongsheng	保送生	103	50
baota	宝塔	201	48
baotianjian	包天剑	238	47
baotou	包头	199	48
baotu	暴徒	242	47
baowei	包围	1607	39
baowei	保卫	1565	39
baoweiquan	包围圈	121	50
baoweizhan	保卫战	135	49
baowen	保温	126	49
baowu	宝物	342	46
baoxian	保险	2635	37
baoxian	保鲜	118	50
baoxianfei	保险费	116	50
baoxiang	包厢	183	48
baoxiangongsi	保险公司	147	49
baoxiao	报销	232	47
baoxiao	报效	138	49
baoxin	报信	106	50
baoxing	暴行	438	45
baoxiruo	包惜弱	159	49
baoyang	保养	327	46
baoye	宝业	256	47
baoye	报业	211	47
baoyin	包银	273	46
baoying	报应	211	47
baoying	宝应	116	50
baoyou	保佑	488	44
baoyou	保有	177	48
baoyu	宝玉	3911	36
baoyu	暴雨	558	44
baoyuan	抱怨	945	41
baoza	包扎	316	46
baozang	宝藏	298	46
baozao	暴躁	241	47
baozha	爆炸	1998	38
baozhang	保障	6335	34
baozhang	暴涨	164	48
baozhang	保长	146	49
baozhasheng	爆炸声	109	50
baozhaxing	爆炸性	113	50
baozheng	保证	9062	32
baozheng	暴政	116	50
baozhengjin	保证金	125	50
baozhentang	保贞堂	256	47
baozhi	报纸	2719	37
baozhi	报知	268	46
baozhong	保重	216	47
baozhu	抱住	1133	41
baozhu	保住	679	43
baozhu	爆竹	107	50
baozhuang	包装	910	42
baozi	孢子	555	44
baozi	豹子	374	45
baozi	包子	162	48
baozuo	宝座	528	44
baqi	八旗	619	43
baqi	八七	364	45
baquan	霸权	378	45
baquanzhuyi	霸权主义	175	48
bari	八日	128	49
basaier	巴塞尔	113	50
basailuona	巴塞罗那	211	47
bashan	巴山	136	49
bashe	跋涉	193	48
bashi	罢市	218	47
bashi	八十	157	49
bashi	巴士	142	49
bashinian	八十年	171	48
bashiniandai	八十年代	294	46
bashou	把手	384	45
bashou	把守	246	47
bashou	罢手	185	48
bashu	巴蜀	395	45
basui	八岁	112	50
batianshi	巴天石	189	48
batou	把头	412	45
bawang	霸王	268	46
bawanjin	八万斤	256	47
bawo	把握	2371	38
bawu	八五	370	45
baxi	巴西	1628	39
baxi	把戏	176	48
baxian	八仙	141	49
baxianzhuo	八仙桌	114	50
baxidui	巴西队	267	46
baxiu	罢休	327	46
baya	拔牙	301	46
bayi	八一	655	43
bayue	八月	1374	40
bazhan	霸占	145	49
bazhang	巴掌	424	45
bazhong	八中	309	46
bazhu	霸主	284	46
bazi	八字	267	46
bazi	靶子	150	49
bazi	把子	120	50
beiai	悲哀	435	45
beiai	北爱	199	48
beiaierlan	北爱尔兰	129	49
beian	备案	3491	36
beian	北岸	776	42
beian	北安	181	48
beibanqiu	北半球	252	47
beibao	背包	294	46
beibi	卑鄙	365	45
beibian	北边	404	45
beibingyang	北冰洋	326	46
beibu	北部	4963	35
beibu	被捕	1623	39
beibu	背部	800	42
beican	悲惨	566	43
beice	北侧	704	43
beichao	北朝	180	48
beichaoxian	北朝鲜	108	50
beicheng	北城	281	46
beichu	辈出	604	43
beida	北大	1580	39
beidaihe	北戴河	155	49
beidao	被盗	153	49
beidaxiyang	北大西洋	165	48
beidiaochazhe	被调查者	157	49
beidili	背地里	139	49
beidong	被动	930	41
beidou	北斗	265	47
beiduan	北段	431	45
beiduan	北端	428	45
beidui	背对	105	50
beiduofen	贝多芬	124	50
beier	贝尔	695	43
beifa	北伐	498	44
beifajun	北伐军	356	45
beifang	北方	3850	36
beifangju	北方局	136	49
beifazhanzheng	北伐战争	279	46
beifei	北非	530	44
beifen	悲愤	485	44
beifen	备份	116	50
beifeng	北风	397	45
beifeng	背风	119	50
beifu	被俘	766	42
beifu	背负	257	47
beigao	被告	554	44
beigaoren	被告人	219	47
beiguan	悲观	279	46
beihai	北海	505	44
beihai	被害	157	49
beihaidao	北海道	141	49
beihaishi	贝海石	249	47
beihan	北汉	141	49
beihekou	北河口	260	47
beihou	背后	1124	41
beihu	北湖	270	46
beiji	北极	409	45
beiji	背脊	236	47
beijian	卑贱	101	50
beijiang	备降	258	47
beijiao	被叫	431	45
beijiao	北郊	247	47
beijing	北京	34488	27
beijing	背景	3342	36
beijingcheng	北京城	1586	39
beijingdaxue	北京大学	2053	38
beijingdiqu	北京地区	302	46
beijingjunqu	北京军区	102	50
beijingshi	北京市	3392	36
beijingzhengfu	北京政府	163	48
beijiu	杯酒	155	49
beijixing	北极星	172	48
beiju	悲剧	1044	41
beikao	备考	262	47
beikao	背靠	129	49
beike	贝壳	325	46
beike	碑刻	117	50
beiku	悲苦	103	50
beile	贝勒	243	47
beilei	贝类	209	47
beili	背离	118	50
beiliang	悲凉	152	49
beilie	卑劣	137	49
beiliu	北流	376	45
beilu	北麓	462	44
beilu	北路	402	45
beilun	悖论	236	47
beimei	北美	874	42
beimeizhou	北美洲	375	45
beimen	北门	776	42
beimian	北面	768	42
beimian	背面	576	43
beimu	贝母	343	45
beinang	背囊	137	49
beining	贝宁	182	48
beiou	北欧	410	45
beipan	背叛	536	44
beiping	北平	4403	35
beiping	被评	263	47
beipingshi	北平市	149	49
beipo	被迫	2348	38
beipo	北坡	210	47
beipoluo	北婆罗	130	49
beiqi	北齐	365	45
beiqi	背鳍	317	46
beiru	被褥	217	47
beisanhuan	北三环	141	49
beishan	北山	360	45
beishang	背上	1760	39
beishang	北上	992	41
beishang	悲伤	471	44
beishou	备受	408	45
beishu	倍数	117	50
beishu	背书	103	50
beisong	北宋	1415	40
beisong	背诵	383	45
beitang	北塘	149	49
beiting	碑亭	305	46
beitong	悲痛	552	44
beitongzhizhe	被统治者	589	43
beiwanglu	备忘录	214	47
beiwei	北纬	1558	39
beiwei	北魏	640	43
beiwei	卑微	124	50
beiwen	碑文	142	49
beiwo	被窝	389	45
beixia	卑下	117	50
beixiang	北向	469	44
beixie	背斜	112	50
beixin	背心	942	41
beixuanjuquan	被选举权	607	43
beiyang	北洋	936	41
beiyangjunfa	北洋军阀	724	43
beiyangshuishi	北洋水师	105	50
beiyangzhengfu	北洋政府	578	43
beiying	背影	729	42
beiyong	备用	208	47
beiyou	备有	311	46
beiyuan	北缘	106	50
beiyue	北约	1124	41
beizeng	倍增	156	49
beizhan	备战	380	45
beizhi	卑职	618	43
beizhou	北周	316	46
beizhuang	悲壮	354	45
beizi	被子	655	43
beizi	杯子	428	45
beizi	辈子	394	45
beizizhiwu	被子植物	164	48
beizuo	碑座	135	49
benban	本版	635	43
benbao	本报	5675	34
benbing	本病	157	49
benbo	奔波	393	45
benbu	本部	477	44
benchang	本场	378	45
benchi	奔驰	558	44
benci	本次	3039	37
bencun	本村	124	50
bendao	本岛	105	50
bendi	本地	1918	39
bendiren	本地人	124	50
benfa	本法	153	49
benfang	奔放	129	49
benfen	本分	285	46
benfen	苯酚	103	50
benfu	奔赴	265	47
bengai	本该	209	47
bengdai	绷带	179	48
bengfa	迸发	130	49
bengkui	崩溃	898	42
bengta	崩塌	160	49
benguo	本国	1428	40
benji	本级	10813	32
benji	本纪	176	48
benjiasuan	苯甲酸	117	50
benjie	本届	755	42
benjin	本金	109	50
benke	本科	2853	37
benkeduan	本科段	244	47
benkesheng	本科生	460	44
benlai	本来	7161	33
benlaimianmu	本来面目	143	49
benling	本领	1374	40
benliu	奔流	163	48
benlun	本轮	365	45
benming	本名	168	48
benneng	本能	571	43
benpao	奔跑	616	43
benqi	本期	310	46
benqian	本钱	235	47
benqu	本区	208	47
benren	本人	4096	36
bense	本色	265	47
benshen	本身	5446	34
bensheng	本省	717	43
benshi	本事	1566	39
benshi	本市	1489	40
benshiji	本世纪	553	44
benshu	本书	1225	40
bentao	奔逃	109	50
benteng	奔腾	558	44
benti	本体	258	47
bentu	本土	952	41
benwei	本位	165	48
benwen	本文	506	44
benxi	奔袭	101	50
benxian	本县	147	49
benxiang	本相	123	50
benxiao	本校	288	46
benxing	本性	808	42
benye	本业	123	50
benyi	本意	431	45
benyuan	本原	148	49
benyue	本月	1510	40
benzhang	本章	799	42
benzhe	本着	350	45
benzhen	本镇	115	50
benzhi	本质	2064	38
benzhigongzuo	本职工作	136	49
benzhong	笨重	191	48
benzhou	本周	210	47
benzhou	本州	178	48
benzhuo	笨拙	165	48
benzi	本子	219	47
benzou	奔走	504	44
bian	彼岸	199	48
bianbenjiali	变本加厉	117	50
bianbie	辨别	342	46
bianbu	遍布	850	42
bianchan	扁铲	128	49
biancheng	变成	6555	34
biancheng	编成	760	42
biancheng	编程	303	46
bianchui	边陲	390	45
bianda	鞭打	125	50
biandan	扁担	163	48
biandang	便当	294	46
biandao	编导	339	46
biande	变得	4499	35
biandi	遍地	467	44
biandi	贬低	130	49
biandong	变动	1761	39
biandui	编队	505	44
biane	匾额	1798	39
bianfa	变法	646	43
bianfang	边防	546	44
bianfangjun	边防军	122	50
bianfeiweibao	变废为宝	268	46
bianfu	蝙蝠	314	46
biange	变革	2441	38
biangeng	变更	1345	40
biangu	变故	393	45
biangua	变卦	109	50
biangushi	边孤石	256	47
bianhao	编号	402	45
bianhouyu	编后语	171	48
bianhu	辩护	397	45
bianhua	变化	14935	30
bianhuan	变换	994	41
bianhuan	变幻	245	47
bianji	编辑	21691	29
bianji	遍及	815	42
bianji	边际	301	46
bianjiang	边疆	476	44
bianjibu	编辑部	191	48
bianjie	边界	1815	39
bianjie	便捷	503	44
bianjie	辩解	271	46
bianjie	编结	103	50
bianjing	边境	1738	39
bianjing	汴京	106	50
bianjizhe	编辑者	1061	41
bianju	编剧	502	44
bianli	便利	1042	41
bianliang	变量	1172	41
bianliang	汴梁	110	50
bianluan	变乱	112	50
bianlun	辩论	474	44
bianma	编码	327	46
bianmai	变卖	119	50
bianmao	鞭毛	152	49
bianmi	便秘	269	46
bianming	辨明	184	48
bianpai	编排	279	46
bianpao	鞭炮	236	47
bianping	扁平	329	46
bianqian	变迁	1103	41
bianqu	边区	537	44
bianren	辨认	399	45
bianru	编入	293	46
biansai	边塞	130	49
bianse	变色	294	46
bianshang	边上	524	44
bianshi	便是	6978	33
bianshi	便士	249	47
bianshi	辨识	132	49
bianshu	变数	128	49
biansuxiang	变速箱	110	50
biantai	变态	783	42
biantaifanying	变态反应	106	50
bianti	变体	118	50
biantilinshang	遍体鳞伤	196	48
bianwei	变为	1658	39
bianxi	辨析	155	49
bianxian	边线	105	50
bianxiang	变相	225	47
bianxiao	变小	120	50
bianxie	编写	953	41
bianxieshi	便携式	153	49
bianxing	变形	998	41
bianxing	变性	188	48
bianxing	变星	144	49
bianxing	变型	117	50
bianxiu	编修	287	46
bianyan	边沿	356	45
bianyaqi	变压器	240	47
bianyi	变异	591	43
bianyi	编译	343	45
bianyi	便衣	237	47
bianyin	编印	311	46
bianyu	便于	1331	40
bianyu	鳊鱼	260	47
bianyuan	边缘	1932	39
bianyuan	边远	250	47
bianyuanxing	扁圆形	284	46
bianzao	编造	202	48
bianzhao	变招	168	48
bianzhe	编者	171	48
bianzhean	编者按	158	49
bianzheng	辩证	339	46
bianzheng	辨证	235	47
bianzhengfa	辩证法	364	45
bianzhi	编制	2926	37
bianzhi	变质	742	42
bianzhi	贬值	679	43
bianzhi	编织	405	45
bianzhiyan	变质岩	447	44
bianzhong	编钟	725	42
bianzhong	变种	198	48
bianzhu	编著	104	50
bianzhuan	编撰	170	48
bianzi	鞭子	504	44
bianzi	辫子	419	45
bianzu	编组	325	46
bianzuan	编纂	484	44
biaobai	表白	170	48
biaobang	标榜	135	49
biaoben	标本	484	44
biaobing	标兵	110	50
biaoceng	表层	461	44
biaoda	表达	2999	37
biaodashi	表达式	144	49
biaodi	标的	270	46
biaodi	表弟	137	49
biaodian	标点	106	50
biaoge	表哥	416	45
biaoge	表格	191	48
biaoji	标记	485	44
biaojia	标价	132	49
biaojie	表姐	157	49
biaoju	镖局	467	44
biaojue	表决	2569	37
biaojuequan	表决权	932	41
biaoli	表里	103	50
biaolu	表露	145	49
biaomei	表妹	300	46
biaomian	表面	4833	35
biaoming	表明	5166	35
biaoming	标明	236	47
biaopi	表皮	366	45
biaoqian	标签	271	46
biaoqiang	标枪	134	49
biaoqing	表情	2049	38
biaosheng	飙升	125	50
biaoshi	表示	19238	29
biaoshi	标识	309	46
biaoshi	镖师	177	48
biaoshu	表述	566	43
biaoshuai	表率	179	48
biaotai	表态	1043	41
biaoti	标题	465	44
biaoxian	表现	15867	30
biaoxiang	表象	154	49
biaoxianli	表现力	144	49
biaoyan	表演	3088	37
biaoyang	表扬	300	46
biaoyu	标语	1709	39
biaoyupai	标语牌	144	49
biaozhang	表彰	474	44
biaozheng	表征	214	47
biaozhi	标志	3624	36
biaozhi	标致	105	50
biaozhu	标注	141	49
biaozhun	标准	10012	32
biaozhunhua	标准化	401	45
biaozhunji	标准计	256	47
biaozi	婊子	408	45
bibai	必败	104	50
bibang	臂膀	165	48
bibei	必备	1542	39
bibijieshi	比比皆是	625	43
bibing	弊病	159	49
bibo	鄙薄	283	46
bibo	碧波	128	49
bibukeque	必不可缺	117	50
bibukeshao	必不可少	450	44
bibushang	比不上	510	44
bichu	笔触	114	50
bici	彼此	2165	38
bida	比达	260	47
bide	彼得	336	46
bidebao	彼得堡	122	50
biding	必定	1706	39
bidu	必读	1107	41
biduan	弊端	436	45
biebixiong	别必雄	256	47
biecheng	别称	151	49
biechu	别处	930	41
biechuxincai	别出心裁	133	49
biede	别的	4354	35
biedong	别动	160	49
bieguan	别管	159	49
bieguo	别国	258	47
biehao	别号	108	50
bieming	别名	646	43
bieniu	别扭	270	46
bier	比尔	233	47
bieren	别人	8252	33
bieshu	别墅	564	44
bieshuo	别说	1418	40
bieti	别提	198	48
bieyoufengwei	别有风味	266	47
bieyouyongxin	别有用心	195	48
biezhi	别致	188	48
bifa	笔法	218	47
bifang	比方	248	47
bifen	比分	1095	41
bifeng	避风	210	47
bigongbijing	毕恭毕敬	112	50
biguan	闭关	185	48
biguanzishou	闭关自守	105	50
bihan	避寒	276	46
bihe	闭合	207	48
bihu	庇护	376	45
bihua	壁画	1046	41
bihua	比划	256	47
bihua	笔画	173	48
bihui	闭会	4143	36
bihui	避讳	102	50
biji	笔记	515	44
biji	笔迹	139	49
bijia	笔架	2855	37
bijia	比价	138	49
bijiadang	毕家荡	256	47
bijian	鼻尖	117	50
bijiang	必将	937	41
bijiang	比降	155	49
bijiao	比较	15910	30
bijiashan	笔架山	1306	40
bijiasuo	毕加索	117	50
bijiatang	毕家塘	256	47
bijiben	笔记本	930	41
bijin	逼近	677	43
bijing	毕竟	4492	35
bijing	必经	197	48
bijingzhilu	必经之路	186	48
bikai	避开	1163	41
bikong	鼻孔	453	44
bikou	闭口	100	50
bilei	壁垒	164	48
bili	比例	5973	34
bili	比利	104	50
biliang	鼻梁	219	47
bilichi	比例尺	109	50
bilishi	比利时	1049	41
bilu	秘鲁	563	44
bilu	笔录	103	50
bilv	比率	494	44
bilv	碧绿	226	47
bimen	闭门	170	48
bimian	避免	3827	36
biming	毙命	285	46
biming	笔名	180	48
bimo	笔墨	362	45
bimu	闭幕	281	46
bimu	闭目	263	47
binan	避难	241	47
bingbao	禀报	1156	41
bingbao	冰雹	173	48
bingbi	秉笔	120	50
bingbian	病变	776	42
bingbian	兵变	195	48
bingbu	兵部	1332	40
bingceng	冰层	145	49
bingcheng	并称	331	46
bingcheng	病程	169	48
bingcheng	秉承	127	49
bingchonghai	病虫害	378	45
bingchuan	冰川	1547	39
bingchuang	病床	239	47
bingcun	并存	348	45
bingdao	冰岛	202	48
bingdao	病倒	165	48
bingding	兵丁	254	47
bingdu	病毒	2340	38
bingfa	兵法	430	45
bingfa	并发	167	48
bingfang	病房	420	45
bingfazheng	并发症	299	46
bingfei	并非	3812	36
bingfeiruci	并非如此	118	50
binggai	冰盖	120	50
binggan	饼干	202	48
binggao	禀告	406	45
binggongchang	兵工厂	138	49
binggou	并购	404	45
binggu	病故	165	48
binghai	病害	154	49
binghuangmaluan	兵荒马乱	120	50
binghuo	兵火	283	46
bingjia	兵家	167	48
bingjian	并肩	641	43
bingjin	并进	148	49
bingju	并举	195	48
bingjun	病菌	177	48
bingkuai	冰块	227	47
binglang	槟榔	166	48
bingleng	冰冷	484	44
bingli	兵力	2452	38
bingli	病理	498	44
bingli	病例	394	45
bingli	并力	121	50
bingli	病历	121	50
bingliang	冰凉	347	45
binglie	并列	434	45
binglixue	病理学	110	50
bingma	兵马	820	42
bingming	禀明	165	48
bingpai	并排	191	48
bingqi	兵器	1569	39
bingqi	冰期	270	46
bingqi	摒弃	177	48
bingqi	冰碛	102	50
bingqie	并且	8563	33
bingqing	病情	1029	41
bingqiu	冰球	104	50
bingquan	兵权	293	46
bingren	病人	3916	36
bingren	兵刃	1841	39
bingru	并入	749	42
bingshan	冰山	280	46
bingshang	冰上	125	50
bingshi	兵士	414	45
bingshi	病逝	208	47
bingshi	病史	123	50
bingshu	兵书	214	47
bingshui	冰水	101	50
bingsi	病死	423	45
bingtai	病态	170	48
bingtong	丙酮	109	50
bingtuan	兵团	1764	39
binguan	宾馆	671	43
bingwei	并未	2023	38
bingwei	病危	101	50
bingxi	屏息	171	48
bingxiang	冰箱	391	45
bingxing	并行	475	44
bingxing	秉性	150	49
bingxue	冰雪	486	44
bingyi	兵役	170	48
bingyin	病因	611	43
bingying	兵营	190	48
bingyong	并用	378	45
bingyuan	兵员	131	49
bingyuan	病原	112	50
bingyuanti	病原体	130	49
bingzheng	病症	175	48
bingzhi	兵制	211	47
bingzhong	兵种	178	48
bingzhong	病重	174	48
bingzhong	并重	165	48
bingzhou	并州	136	49
bingzhu	屏住	114	50
bingzu	兵卒	114	50
bingzuo	并作	131	49
binhai	滨海	441	44
bini	比拟	397	45
binke	宾客	435	45
binlin	濒临	386	45
binv	婢女	110	50
binyu	濒于	126	49
binzang	殡葬	589	43
binzhu	宾主	180	48
bipo	逼迫	362	45
biqi	比起	558	44
biqiang	鼻腔	149	49
biran	必然	4280	35
birang	避让	130	49
biranxing	必然性	197	48
bire	比热	108	50
biren	逼人	214	47
biru	比如	5621	34
birushuo	比如说	904	42
bisa	比萨	123	50
bisai	比赛	11336	31
bise	闭塞	218	47
bishang	壁上	671	43
bisheng	毕生	353	45
bisheng	必胜	275	46
bisheng	毕升	270	46
bishi	笔试	338	46
bishi	比试	276	46
bishi	鄙视	217	47
bishi	彼时	103	50
bishou	匕首	1041	41
bishu	避暑	443	44
bisi	逼死	129	49
bisimai	俾斯麦	126	49
bisu	鄙俗	176	48
bisuo	闭锁	164	48
biti	鼻涕	276	46
biwen	逼问	108	50
biwu	比武	811	42
bixi	鼻息	154	49
bixia	陛下	2326	38
bixia	笔下	199	48
bixie	辟邪	371	45
bixiuke	必修课	101	50
bixu	必须	21884	29
bixu	必需	1273	40
bixupin	必需品	160	49
biyan	闭眼	153	49
biyan	鼻炎	106	50
biyao	必要	5175	35
biyaolaodong	必要劳动	177	48
biyaotiaojian	必要条件	276	46
biyaoxing	必要性	225	47
biye	毕业	5988	34
biyesheng	毕业生	3323	36
biyi	鄙夷	201	48
biyu	比喻	383	45
biyu	碧玉	119	50
biyun	避孕	221	47
biyunyao	避孕药	189	48
bizhao	比照	114	50
bizhe	笔者	1150	41
bizhen	逼真	241	47
bizhi	笔直	429	45
bizhi	比值	168	48
bizhi	币制	130	49
bizhong	比重	1814	39
bizi	鼻子	1787	39
bizuo	比作	570	43
boai	博爱	165	48
bobo	伯伯	948	41
bobo	勃勃	109	50
bocai	菠菜	178	48
bochang	波长	661	43
bochi	驳斥	165	48
bochu	播出	248	47
bocitan	波茨坦	137	49
boda	拨打	338	46
boda	博大	134	49
bodajingshen	博大精深	107	50
bode	博得	271	46
bodong	波动	999	41
bodou	搏斗	672	43
boduan	波段	386	45
boduo	剥夺	998	41
boen	波恩	177	48
boer	玻尔	171	48
boerduo	波尔多	102	50
bofang	播放	523	44
bofangqi	播放器	118	50
bofu	伯父	379	45
bogei	拨给	117	50
bogeng	脖颈	170	48
bogu	博古	152	49
bohai	渤海	635	43
bohaiwan	渤海湾	100	50
bohei	波黑	152	49
bohui	驳回	107	50
boji	波及	282	46
boji	搏击	115	50
bojue	伯爵	387	45
bokai	拨开	217	47
boke	博客	703	43
bokuan	拨款	436	45
bolan	波兰	1573	39
bolan	波澜	134	49
bolang	波浪	337	46
bolanhui	博览会	1233	40
bolatu	柏拉图	524	44
boli	玻璃	1985	38
boli	剥离	147	49
bolichuang	玻璃窗	134	49
bolin	柏林	1260	40
boliping	玻璃瓶	107	50
boliweiya	玻利维亚	210	47
boluanfanzheng	拨乱反正	495	44
boluo	波罗	390	45
boluo	剥落	250	47
boluo	菠萝	236	47
boluodihai	波罗的海	491	44
bominghan	伯明翰	136	49
bomu	伯母	330	46
bonuli	伯努利	105	50
boqi	勃起	103	50
boqu	博取	103	50
borandanu	勃然大怒	150	49
bore	般若	214	47
boruo	薄弱	845	42
boshi	博士	3373	36
boshi	剥蚀	201	48
boshidun	波士顿	188	48
boshisheng	博士生	465	44
bosi	波斯	1717	39
bosiwan	波斯湾	337	46
bosiyu	波斯语	100	50
botao	波涛	227	47
botong	拨通	102	50
bowei	泊位	1232	40
bowu	薄雾	104	50
bowuguan	博物馆	3272	36
boxing	波形	108	50
boxue	剥削	1321	40
boxue	博学	147	49
boxuejieji	剥削阶级	168	48
boxueliang	卜学亮	256	47
boya	博雅	400	45
boyan	伯颜	104	50
boyi	博弈	137	49
boyin	波音	363	45
boyingongsi	波音公司	182	48
bozhe	波折	117	50
bozhong	播种	708	43
bozi	脖子	1810	39
buan	不安	1531	40
bubai	不败	560	44
bubao	补报	123	50
bubaohe	不饱和	146	49
bubi	不必	3955	36
bubian	不变	2148	38
bubian	不便	1093	41
bubianziben	不变资本	809	42
bubing	步兵	1966	39
bubinglv	步兵旅	100	50
bubingshi	步兵师	239	47
bubiyao	不必要	504	44
bubu	步步	236	47
buce	不测	108	50
buceng	不曾	1071	41
buchang	补偿	1340	40
bucheng	不成	1160	41
buchi	不吃	1059	41
buchong	补充	3399	36
buci	卜辞	112	50
bucuo	不错	5322	35
buda	不大	795	42
budai	布袋	339	46
budan	不但	4575	35
budan	不单	217	47
budan	不丹	102	50
budang	不当	657	43
budao	不到	11072	32
budapeisi	布达佩斯	130	49
bude	不得	6248	34
budebu	不得不	3096	37
budeerzhi	不得而知	151	49
budele	不得了	363	45
budeng	不等	1126	41
budengshi	不等式	103	50
budeyi	不得已	527	44
buding	不定	733	42
buding	补丁	128	49
budingqi	不定期	147	49
budongchan	不动产	135	49
budongshengse	不动声色	456	44
buduan	不断	14972	30
budui	部队	12400	31
budui	不对	695	43
buduoshi	不多时	731	42
buer	布尔	281	46
buer	不二	215	47
bufa	步伐	1163	41
bufa	不乏	427	45
bufa	不法	233	47
bufa	步法	108	50
bufafenzi	不法分子	112	50
bufan	不凡	348	45
bufan	不犯	118	50
bufang	不妨	1481	40
bufei	不菲	138	49
bufen	部分	27619	28
bufu	不服	824	42
bufu	不负	435	45
bufu	不符	198	48
bufucunzai	不复存在	195	48
bugai	不该	1936	39
bugan	不敢	13208	31
bugan	不甘	376	45
bugandang	不敢当	313	46
bugao	布告	117	50
bugong	不公	218	47
bugongdaitian	不共戴天	125	50
bugou	不够	2651	37
bugu	不顾	1722	39
buguan	不管	4727	35
buguang	不光	502	44
buguanzenyang	不管怎样	299	46
buguize	不规则	347	45
buguo	不过	17372	30
buguyiqie	不顾一切	239	47
buhanerli	不寒而栗	117	50
buhao	不好	5027	35
buhaoyisi	不好意思	829	42
buhe	不合	507	44
buheli	不合理	470	44
buheshiyi	不合时宜	103	50
buhuaihaoyi	不怀好意	163	48
buhuangbumang	不慌不忙	202	48
buhui	不会	19515	29
buhuo	捕获	296	46
buhuoliang	捕获量	277	46
buji	不及	1498	40
buji	补给	735	42
buji	不计	258	47
buji	不济	235	47
buji	部级	158	49
bujian	不见	2257	38
bujian	部件	700	43
bujian	不减	161	49
bujiande	不见得	236	47
bujiang	部将	323	46
bujiang	不降	165	48
bujie	不解	490	44
bujiemeng	不结盟	114	50
bujin	不仅	11895	31
bujin	不禁	4190	35
bujin	不尽	985	41
bujing	布景	115	50
bujingqi	不景气	175	48
bujingyi	不经意	234	47
bujinjin	不仅仅	1135	41
bujinruci	不仅如此	742	42
bujiqishu	不计其数	300	46
bujiu	不久	4679	35
bujiu	补救	299	46
bujiuqian	不久前	591	43
buju	布局	2340	38
buju	不拘	112	50
buju	不具	107	50
bujue	不觉	1348	40
bujun	不均	277	46
bukan	不堪	983	41
bukanshexiang	不堪设想	184	48
bukanyiji	不堪一击	134	49
bukao	不靠	157	49
buke	不可	9674	32
buke	补课	167	48
bukebimian	不可避免	650	43
bukebu	不可不	253	47
bukefenge	不可分割	157	49
bukegaoren	不可告人	109	50
bukehuoque	不可或缺	164	48
bukekaijiao	不可开交	109	50
buken	不肯	5166	35
bukenizhuan	不可逆转	109	50
bukeshoushi	不可收拾	143	49
bukesiyi	不可思议	437	45
bukeyishi	不可一世	282	46
bukuai	不快	476	44
bukuai	捕快	107	50
bukui	不愧	336	46
bukuiwei	不愧为	115	50
bula	布拉	145	49
bulage	布拉格	309	46
bulande	布兰德	104	50
bulang	布朗	958	41
bulao	捕捞	781	42
bulei	部类	1137	41
bulei	布雷	313	46
buli	不利	1818	39
buli	不理	707	43
buli	不力	252	47
buli	布里	134	49
buli	部里	118	50
buliang	不良	1941	39
buliao	不了	5358	34
buliao	不料	1560	39
buliaoliaozhi	不了了之	116	50
buliedian	不列颠	258	47
buling	不灵	192	48
buliu	不留	429	45
buliyu	不利于	617	43
bulongdi	布隆迪	109	50
bulun	不论	2373	38
bulunshi	不论是	443	44
buluo	部落	2021	38
bulusaier	布鲁塞尔	264	47
bulusi	布鲁斯	100	50
bulv	步履	145	49
buman	不满	1880	39
buman	布满	664	43
bumen	部门	16543	30
bumian	不免	2074	38
bumiao	不妙	454	44
buming	不明	820	42
bumingbubai	不明不白	145	49
bunaifan	不耐烦	664	43
bunan	不难	1652	39
buneng	不能	33939	27
bunengbu	不能不	1440	40
bupa	不怕	1607	39
bupasi	不怕死	160	49
bupei	不配	213	47
bupi	布匹	122	50
buping	不平	551	44
bupo	不破	132	49
buqi	不期	451	44
buqi	不齐	105	50
buqiang	步枪	1009	41
buqieshiji	不切实际	146	49
buqiyan	不起眼	153	49
buqu	不屈	568	43
buqubunao	不屈不挠	104	50
buque	补缺	191	48
buquedingxing	不确定性	129	49
buran	不然	1266	40
burang	不让	2486	38
buren	不忍	628	43
burong	不容	655	43
buronghushi	不容忽视	147	49
buru	不如	2518	38
buru	步入	507	44
buru	哺乳	146	49
burudongwu	哺乳动物	369	45
burulei	哺乳类	133	49
buruyi	不如意	136	49
busha	捕杀	157	49
bushan	不善	409	45
bushao	不少	8340	33
bushe	布设	133	49
bushen	布什	708	43
bushen	不慎	189	48
bushen	补肾	109	50
busheng	不胜	479	44
bushengbuxiang	不声不响	105	50
bushi	不是	46856	26
bushi	不时	987	41
bushi	捕食	626	43
bushi	不适	505	44
bushi	不失	353	45
bushi	布施	100	50
bushishiji	不失时机	139	49
bushiwei	不失为	272	46
bushu	部署	3333	36
bushu	部属	1126	41
bushuai	不衰	143	49
bushun	不顺	223	47
busu	不俗	222	47
busuan	不算	1651	39
butiao	布条	148	49
butie	补贴	586	43
buting	不停	2035	38
butong	不同	29383	28
butong	不通	542	44
butongxunchang	不同寻常	141	49
butongyu	不同于	1131	41
butuo	不妥	486	44
buwai	不外	134	49
buwaihu	不外乎	117	50
buwei	部位	1984	38
buwei	部委	964	41
buwei	不畏	309	46
buwei	不惟	149	49
buweiguo	不为过	240	47
buweirenzhi	不为人知	200	48
buweiwaquan	不为瓦全	144	49
buwen	不问	300	46
buwu	不无	273	46
buxi	不惜	882	42
buxi	不息	198	48
buxi	补习	104	50
buxia	不下	2030	38
buxia	部下	900	42
buxiang	不想	4563	35
buxiang	不祥	294	46
buxiang	不详	286	46
buxianggan	不相干	231	47
buxiao	不小	1092	41
buxiao	不消	203	48
buxiao	不孝	191	48
buxiao	不肖	128	49
buxie	不屑	355	45
buxie	不懈	269	46
buxie	布鞋	116	50
buxing	不行	3515	36
buxing	不幸	1861	39
buxing	步行	651	43
buxiu	不休	372	45
buxiu	不朽	339	46
buxiugang	不锈钢	153	49
buxu	不许	2701	37
buxu	不须	329	46
buxuan	补选	294	46
buxue	补血	339	46
buyan	不严	127	49
buyaneryu	不言而喻	211	47
buyao	不要	14786	30
buyaojin	不要紧	401	45
buyaolian	不要脸	236	47
buyayu	不亚于	185	48
buyi	不易	1655	39
buyi	不宜	1290	40
buyi	不已	1069	41
buyi	不一	840	42
buyi	不意	191	48
buyi	布衣	168	48
buyi	不依	167	48
buyi	布依	128	49
buyihui	不一会	131	49
buyihuier	不一会儿	229	47
buyilehu	不亦乐乎	110	50
buyiweiran	不以为然	308	46
buyiweiyi	不以为意	139	49
buyiyuli	不遗余力	126	49
buyizu	布依族	600	43
buyong	不用	2829	37
buyou	不由	720	43
buyoude	不由得	3271	36
buyoufenshuo	不由分说	105	50
buyouzizhu	不由自主	561	44
buyu	不语	913	42
buyu	捕鱼	613	43
buyu	不予	407	45
buyu	不育	185	48
buyuan	不远	1294	40
buyuanchu	不远处	405	45
buyue	不悦	203	48
buyueertong	不约而同	385	45
buyun	不孕	134	49
buzai	不再	6513	34
buzai	不在	3705	36
buzaihu	不在乎	490	44
buzaihuaxia	不在话下	324	46
buzenme	不怎么	261	47
buzhang	部长	5654	34
buzhang	补涨	143	49
buzhanghuiyi	部长会议	155	49
buzhebukou	不折不扣	164	48
buzhen	布阵	133	49
buzheng	不正	227	47
buzheng	不争	172	48
buzhengshi	布政使	922	42
buzhengzhifeng	不正之风	151	49
buzhi	不知	14806	30
buzhi	布置	2292	38
buzhi	不止	981	41
buzhi	不致	846	42
buzhi	不值	152	49
buzhi	不支	125	50
buzhibujue	不知不觉	662	43
buzhikefou	不置可否	102	50
buzhiquxiang	不知去向	287	46
buzhisuocuo	不知所措	310	46
buzhiyu	不至于	644	43
buzhiyu	不致于	194	48
buzhong	不中	769	42
buzhou	步骤	854	42
buzhu	不住	2023	38
buzhu	补助	373	45
buzhun	不准	1283	40
buzhuo	捕捉	581	43
buzi	步子	261	47
buzijin	不自禁	283	46
buzu	不足	5615	34
buzu	部族	643	43
buzuosheng	不做声	203	48
buzuweiqi	不足为奇	132	49
buzuyi	不足以	525	44
caiban	采办	114	50
caibao	财宝	137	49
caice	猜测	844	42
caicha	采茶	362	45
caichan	财产	7202	33
caichou	彩绸	147	49
caidan	菜单	169	48
caidao	菜刀	106	50
caidi	菜地	100	50
caidian	彩电	369	45
caidianqu	蔡甸区	256	47
caiding	裁定	240	47
caiduan	裁断	152	49
caifa	采伐	138	49
caifa	财阀	124	50
caifaliang	采伐量	271	46
caifang	采访	3369	36
caifeng	裁缝	213	47
caifu	财富	4280	35
caigan	才干	166	48
caigou	采购	1843	39
caihesen	蔡和森	138	49
caihong	彩虹	258	47
caihongzhu	蔡宏柱	256	47
caihua	彩画	449	44
caihua	才华	374	45
caihua	采花	314	46
caihui	彩绘	1255	40
caiji	采集	719	43
caiji	猜忌	129	49
caijian	裁减	253	47
caijiatan	蔡家潭	256	47
caijing	财经	612	43
caijue	裁决	704	43
caijue	采掘	102	50
caijun	裁军	256	47
caikuang	采矿	437	45
caikuangye	采矿业	156	49
cailanzi	菜篮子	209	47
caili	财力	499	44
cailiao	材料	9137	32
caimei	采煤	175	48
caina	采纳	550	44
caineng	才能	1847	39
cainian	财年	446	44
caipai	彩排	103	50
caipan	裁判	840	42
caipanyuan	裁判员	171	48
caipiao	彩票	249	47
caiqu	采取	9791	32
caise	彩色	730	42
caishi	采石	169	48
caishi	才识	106	50
caishui	财税	347	45
caitang	菜汤	288	46
caitao	彩陶	622	43
caitu	彩图	185	48
caituan	财团	281	46
caiwenjing	蔡文静	256	47
caiwu	财务	1822	39
caiwu	财物	1261	40
caixi	菜系	1048	41
caixiang	猜想	728	42
caiyao	菜肴	1012	41
caiyi	猜疑	265	47
caiyin	彩印	272	46
caiyong	采用	12193	31
caiyuan	裁员	510	44
caiyuan	菜园	118	50
caiyuan	财源	112	50
caiyuanpei	蔡元培	317	46
caiyun	彩云	205	48
caizhai	采摘	206	48
caizheng	财政	6228	34
caizhengbu	财政部	428	45
caizhengbuzhang	财政部长	119	50
caizhi	材质	171	48
caizhi	才智	166	48
caizhu	财主	230	47
caizi	才子	193	48
canan	惨案	1004	41
canbai	惨白	328	46
canbai	惨败	315	46
canbai	参拜	156	49
canbao	残暴	342	46
canbu	残部	131	49
cancun	残存	261	47
candan	惨淡	111	50
candou	蚕豆	397	45
canfei	残废	277	46
cangbai	苍白	726	42
cangchu	仓储	107	50
cangchuan	藏传	128	49
cangcu	仓促	197	48
cangcu	仓卒	116	50
canggai	舱盖	140	49
canghai	沧海	441	44
canghua	藏画	137	49
canghuang	仓皇	224	47
cangku	仓库	833	42
canglao	苍老	239	47
cangliang	苍凉	143	49
cangmang	苍茫	168	48
cangmen	舱门	149	49
cangnei	舱内	215	47
cangni	藏匿	106	50
cangpin	藏品	137	49
cangsang	沧桑	203	48
cangshen	藏身	251	47
cangsheng	苍生	101	50
cangshu	藏书	289	46
cangtian	苍天	219	47
canguan	参观	1978	38
canguan	餐馆	591	43
cangwen	藏文	129	49
cangying	苍蝇	362	45
cangyou	藏有	249	47
cangyu	藏语	191	48
cangzhou	沧州	285	46
canhai	残害	193	48
canhai	残骸	166	48
canhui	参会	112	50
canji	残疾	662	43
canjia	参加	22828	29
canjian	参见	718	43
canjian	蚕茧	125	50
canjiao	惨叫	234	47
canjiazhe	参加者	129	49
canjiren	残疾人	922	42
canju	餐具	145	49
canjun	参军	359	45
cankan	参看	102	50
cankao	参考	2597	37
cankaoshu	参考书	126	49
canku	残酷	1382	40
cankui	惭愧	682	43
cankun	灿坤	124	50
canlan	灿烂	948	41
canliang	参量	167	48
canlie	惨烈	215	47
canliu	残留	394	45
canmou	参谋	919	42
canmoubu	参谋部	125	50
canmouzhang	参谋长	819	42
canpo	残破	248	47
canque	残缺	153	49
canran	惨然	136	49
canren	残忍	432	45
cansai	参赛	733	42
cansha	残杀	154	49
canshi	蚕食	127	49
canshu	参数	1670	39
cansi	惨死	159	49
cansi	蚕丝	106	50
canting	餐厅	667	43
cantong	惨痛	173	48
canxiang	惨象	148	49
canyan	参演	185	48
canyi	参议	146	49
canyin	餐饮	330	46
canyiyuan	参议院	951	41
canyiyuan	参议员	175	48
canyu	参与	7060	33
canyu	残余	480	44
canyu	参预	230	47
canyuzhe	参与者	175	48
canzan	参赞	578	43
canzao	惨遭	281	46
canzhan	参战	501	44
canzhan	参展	278	46
canzhao	参照	553	44
canzheng	参政	246	47
canzhong	惨重	546	44
canzhuang	惨状	130	49
canzhuo	餐桌	300	46
caoan	草案	1693	39
caoben	草本	355	45
caobenzhiwu	草本植物	139	49
caocao	曹操	2410	38
caocao	草草	178	48
caochang	草场	414	45
caochang	操场	284	46
caochi	操持	266	47
caocong	草丛	776	42
caodi	草地	711	43
caodian	草甸	436	45
caogao	草稿	136	49
caogen	草根	127	49
caohuachun	曹化淳	262	47
caokun	曹锟	141	49
caolao	操劳	118	50
caolian	操练	709	43
caoliao	草料	125	50
caomao	草帽	135	49
caomei	草莓	116	50
caomu	草木	325	46
caoni	草拟	178	48
caonima	草泥马	267	46
caopeng	草棚	109	50
caopi	曹丕	226	47
caoping	草坪	291	46
caorulin	曹汝霖	1066	41
caoshu	草书	152	49
caoshuai	草率	123	50
caotang	草堂	155	49
caowei	曹魏	155	49
caowenzhao	曹文诏	142	49
caoxiaoshi	曹萧诗	128	49
caoxie	草鞋	119	50
caoxin	操心	625	43
caoxing	操行	112	50
caoxueqin	曹雪芹	114	50
caoyan	操演	144	49
caoyanzhen	曹燕珍	257	47
caoyao	草药	196	48
caoyu	曹禺	587	43
caoyuan	草原	2404	38
caoyun	漕运	756	42
caoyunqi	曹云奇	225	47
caoza	嘈杂	283	46
caozong	操纵	1201	40
caozuo	操作	3727	36
caozuoxitong	操作系统	757	42
cashi	擦拭	135	49
cechu	测出	156	49
ceding	测定	1768	39
cedong	策动	316	46
ceer	侧耳	243	47
cefeng	册封	312	46
cehua	策划	1110	41
cehui	测绘	291	46
ceju	测距	185	48
cejuyi	测距仪	106	50
celi	册立	356	45
celiang	测量	2589	37
celve	策略	2170	38
cema	策马	180	48
cemian	侧面	645	43
cemu	侧目	100	50
cenchunxuan	岑春煊	217	47
cenci	参差	235	47
cencibuqi	参差不齐	101	50
cengceng	层层	711	43
cengchubuqiong	层出不穷	251	47
cengci	层次	1728	39
cengdouqu	曾都区	256	47
cengguofan	曾国藩	204	48
cengjing	曾经	6371	34
cenglingliang	曾令良	256	47
cengmian	层面	948	41
cengsiyu	曾思玉	512	44
cengweichu	曾为楚	256	47
cengxianzi	曾宪梓	265	47
cengzhuang	层状	105	50
cengzimo	曾子墨	256	47
ceping	测评	283	46
ceshen	侧身	491	44
ceshi	测试	2444	38
cesuan	测算	226	47
cesuo	厕所	906	42
cexian	侧线	145	49
ceyan	测验	418	45
ceyi	侧翼	109	50
ceying	策应	182	48
ceyinzhixin	恻隐之心	200	48
cezhong	侧重	423	45
cezhongdian	侧重点	101	50
chaban	查办	125	50
chabei	茶杯	374	45
chabie	差别	2364	38
chabuduo	差不多	2548	37
chachu	查处	619	43
chachu	查出	472	44
chacuo	差错	237	47
chadao	茶道	153	49
chadian	差点	748	42
chadianer	差点儿	122	50
chadui	插队	109	50
chae	差额	388	45
chaersi	查尔斯	169	48
chaexuanju	差额选举	777	42
chafang	茶坊	107	50
chafeng	查封	117	50
chaguan	茶馆	414	45
chahaer	察哈尔	223	47
chahu	茶壶	202	48
chahua	插话	180	48
chahua	茶花	142	49
chahuo	查获	164	48
chaicao	柴草	173	48
chaichu	拆除	1505	40
chaihe	柴禾	600	43
chaihui	拆毁	135	49
chaihuo	柴火	165	48
chaijie	拆解	204	48
chaikai	拆开	429	45
chaiqian	差遣	257	47
chaiqian	拆迁	242	47
chaisan	拆散	128	49
chaishi	差使	199	48
chaishi	差事	136	49
chaiyi	差役	204	48
chaiyou	柴油	470	44
chaiyouji	柴油机	432	45
chaji	茶几	322	46
chajia	差价	142	49
chajian	插件	104	50
chajin	查禁	100	50
chaju	差距	1759	39
chaju	茶具	121	50
chajue	察觉	669	43
chakai	岔开	125	50
chakan	查看	1789	39
chakan	察看	682	43
chakou	插口	263	47
chali	查理	273	46
chalou	茶楼	207	48
chalu	岔路	105	50
chaming	查明	409	45
chana	刹那	124	50
chanajian	刹那间	389	45
chanchu	产出	396	45
chanchu	蟾蜍	181	48
chanchu	铲除	128	49
chandi	产地	984	41
chandong	颤动	349	45
chandou	颤抖	873	42
chanfa	阐发	110	50
chanfang	禅房	105	50
chanfu	产妇	423	45
chanfu	搀扶	321	46
changan	长安	5355	34
changancheng	长安城	178	48
changanjie	长安街	1482	40
changbaishan	长白山	218	47
changchang	常常	5147	35
changchang	尝尝	280	46
changchang	长长	217	47
changchangde	长长的	686	43
changchangdi	长长地	122	50
changcheng	长城	1559	39
changchu	长处	224	47
changchun	长春	770	42
changchunshi	长春市	113	50
changchunyatai	长春亚泰	101	50
changci	场次	151	49
changda	畅达	272	46
changdao	倡导	951	41
changdao	肠道	291	46
changdao	尝到	186	48
changdao	唱道	170	48
changde	常德	655	43
changdi	场地	763	42
changdu	长度	1542	39
changduan	长短	472	44
change	嫦娥	213	47
changfa	长发	210	47
changfang	厂房	309	46
changfangxing	长方形	1268	40
changfu	偿付	132	49
changge	唱歌	351	45
changgong	长工	167	48
changguan	场馆	104	50
changgui	常规	1198	40
changguisai	常规赛	235	47
changhe	场合	1982	38
changhe	长河	537	44
changhong	长虹	400	45
changhuan	偿还	480	44
changji	娼妓	113	50
changjia	厂家	654	43
changjia	长假	486	44
changjian	常见	2560	37
changjian	长剑	2070	38
changjiang	长江	18930	29
changjiangdaqiao	长江大桥	3858	36
changjiangkou	长江口	118	50
changjiangliuyu	长江流域	1098	41
changjiangsanxia	长江三峡	583	43
changjianyu	常见于	169	48
changjie	长街	123	50
changjing	场景	926	42
changjiu	长久	763	42
changjue	猖獗	313	46
changkai	敞开	653	43
changkuai	畅快	177	48
changkuang	猖狂	143	49
changkuang	厂矿	103	50
changlang	长廊	431	45
changle	长乐	202	48
changli	厂里	306	46
changli	常理	169	48
changli	常例	122	50
changliang	常量	184	48
changlv	常绿	722	43
changmao	长矛	344	45
changmao	长毛	118	50
changmian	场面	1601	39
changming	唱名	287	46
changnei	场内	193	48
changnian	常年	633	43
changnian	长年	206	48
changpao	长袍	480	44
changpian	长篇	385	45
changpian	唱片	372	45
changpianxiaoshuo	长篇小说	820	42
changping	昌平	171	48
changping	常平	113	50
changqi	长期	8664	33
changqi	唱起	193	48
changqi	长崎	131	49
changqiang	唱腔	193	48
changqiang	长枪	150	49
changqing	常青	304	46
changqiyilai	长期以来	761	42
changren	常人	520	44
changren	常任	208	47
changsha	长沙	2708	37
changshan	长衫	261	47
changshan	常山	108	50
changshang	厂商	1183	41
changshang	场上	879	42
changshashi	长沙市	137	49
changshe	常设	1039	41
changsheng	长生	210	47
changsheng	常胜	120	50
changshengbulao	长生不老	104	50
changshengjun	常胜军	173	48
changshi	尝试	1188	41
changshi	常识	500	44
changshi	长诗	242	47
changshi	长石	197	48
changshi	常事	136	49
changshou	长寿	283	46
changshu	常数	546	44
changshu	常熟	146	49
changsuo	场所	2496	38
changtai	常态	188	48
changtan	长叹	540	44
changtiaoxing	长条形	299	46
changtong	畅通	332	46
changtu	长途	453	44
changtudianhua	长途电话	113	50
changwai	场外	105	50
changwei	常委	1113	41
changwei	肠胃	185	48
changweihui	常委会	7079	33
changwen	常温	162	48
changwu	常务	4906	35
changwuweiyuan	常务委员	105	50
changxi	唱戏	209	47
changxian	长线	129	49
changxiao	畅销	1266	40
changxiao	长啸	165	48
changxing	畅行	134	49
changxing	长兴	100	50
changxiu	长袖	105	50
changyandao	常言道	403	45
changye	长夜	115	50
changyi	倡议	651	43
changyong	常用	2258	38
changyou	常有	1026	41
changyou	畅游	180	48
changyu	长于	357	45
changyuan	长远	812	42
changyuchun	常遇春	272	46
changzhang	厂长	789	42
changzheng	长征	865	42
changzhijiuan	长治久安	677	43
changzhou	常州	245	47
changzhu	常住	609	43
changzhu	常驻	462	44
changzi	肠子	1197	40
changzi	场子	127	49
changzi	厂子	115	50
changzu	长足	213	47
chanhui	忏悔	227	47
chanjing	产经	115	50
chanlian	蝉联	127	49
chanliang	产量	5358	34
chanluan	产卵	1634	39
chanmian	缠绵	234	47
chanming	阐明	1321	40
channeng	产能	533	44
chanpin	产品	22801	29
chanqu	产区	861	42
chanquan	产权	625	43
chanrao	缠绕	265	47
chansheng	产生	19495	29
chanshi	禅师	237	47
chanshi	阐释	233	47
chanshu	阐述	1330	40
chanweiwei	颤巍巍	114	50
chanwu	产物	1628	39
chanxiao	产销	143	49
chanxiaolv	产销率	289	46
chanye	产业	8756	33
chanyebumen	产业部门	109	50
chanyegongren	产业工人	169	48
chanyehua	产业化	1261	40
chanyelian	产业链	256	47
chanyeyuan	产业园	276	46
chanyeziben	产业资本	330	46
chanyu	产于	786	42
chanyu	单于	220	47
chanzhang	禅杖	250	47
chanzhi	产值	3813	36
chanzhu	缠住	238	47
chanzong	禅宗	177	48
chaobai	朝拜	124	50
chaoben	抄本	171	48
chaobiao	超标	227	47
chaocai	炒菜	613	43
chaochen	朝臣	270	46
chaochu	超出	1128	41
chaodai	朝代	737	42
chaodao	超导	381	45
chaoe	超额	275	46
chaoelirun	超额利润	220	47
chaofeng	嘲讽	255	47
chaofu	朝服	232	47
chaogong	朝贡	104	50
chaoguo	超过	12732	31
chaoguo	炒锅	269	46
chaohu	超乎	130	49
chaohu	巢湖	124	50
chaoji	超级	790	42
chaojia	吵架	347	45
chaojia	抄家	206	48
chaojian	朝见	188	48
chaojidaguo	超级大国	161	49
chaojin	朝觐	149	49
chaoju	潮剧	138	49
chaoliu	潮流	998	41
chaolu	抄录	110	50
chaomi	炒米	530	44
chaomian	炒面	300	46
chaonao	吵闹	241	47
chaonong	嘲弄	132	49
chaopiao	钞票	313	46
chaoqian	超前	319	46
chaoqun	超群	232	47
chaoren	超人	166	48
chaosheng	超声	257	47
chaosheng	朝圣	101	50
chaoshengbo	超声波	160	49
chaoshi	潮湿	611	43
chaoshi	超市	534	44
chaoshui	潮水	447	44
chaotianjiao	朝天椒	516	44
chaoting	朝廷	5174	35
chaowai	朝外	111	50
chaoxi	潮汐	298	46
chaoxi	抄袭	111	50
chaoxian	朝鲜	4488	35
chaoxianbandao	朝鲜半岛	277	46
chaoxiang	朝向	135	49
chaoxianren	朝鲜人	278	46
chaoxianzhanzheng	朝鲜战争	280	46
chaoxianzu	朝鲜族	643	43
chaoxiao	嘲笑	475	44
chaoxie	抄写	116	50
chaoxue	巢穴	135	49
chaoyangqu	朝阳区	206	48
chaoye	朝野	341	46
chaoyinsu	超音速	271	46
chaoyue	超越	1215	40
chaozhe	朝着	797	42
chaozheng	朝政	687	43
chaozhi	炒制	265	47
chaozhou	潮州	128	49
chaozuo	炒作	430	45
chapushi	查浦诗	128	49
chaqing	查清	144	49
chaqu	插曲	129	49
charu	插入	650	43
chashiding	查士丁	112	50
chashou	插手	295	46
chashu	茶树	281	46
chashui	茶水	352	45
chatu	插图	292	46
chawan	茶碗	209	47
chawen	查问	188	48
chaxun	查询	933	41
chaye	茶叶	1496	40
chaye	插页	180	48
chayi	差异	2196	38
chayi	诧异	1008	41
chayidian	差一点	176	48
chayuan	茶园	255	47
chayue	查阅	286	46
chazhao	查找	204	48
chazhuang	茶庄	338	46
chazui	插嘴	243	47
chebing	撤兵	119	50
chechen	车臣	129	49
checheng	车程	2119	38
checheng	车城	261	47
chechengxi	车城西	512	44
chechu	撤出	400	45
chechu	撤除	185	48
chechuang	车窗	167	48
chedao	车道	180	48
chedi	彻底	4498	35
chedi	车底	107	50
chedui	车队	212	47
cheerku	车尔库	194	48
chefu	车夫	241	47
chehui	撤回	281	46
chehuo	车祸	138	49
chejian	车间	617	43
chejun	撤军	387	45
cheli	撤离	400	45
cheli	车里	173	48
cheliang	车辆	1912	39
cheliuliang	车流量	119	50
chelun	车轮	304	46
chema	车马	172	48
chemen	车门	150	49
chenai	尘埃	340	46
chenbao	晨报	277	46
chenbaozhu	陈宝柱	208	47
chenbiqiao	陈币桥	256	47
chenboda	陈伯达	179	48
chenchangzhi	陈昌智	258	47
chenchen	沉沉	251	47
chenchuan	沉船	259	47
chendahai	陈达海	196	48
chendamin	陈大民	256	47
chendian	沉淀	525	44
chendiandian	沉甸甸	151	49
chendongsheng	陈东升	256	47
chenduxiu	陈独秀	747	42
chenfu	臣服	169	48
chenfuzhong	陈富忠	317	46
chengba	称霸	196	48
chengbai	成败	325	46
chengban	承办	310	46
chengban	惩办	267	46
chengbang	城邦	10341	32
chengbao	承包	627	43
chengbao	城堡	616	43
chengbei	城北	910	42
chengbei	成倍	109	50
chengben	成本	4289	35
chengcai	成才	178	48
chengche	乘车	345	45
chengchen	称臣	140	49
chengchi	城池	609	43
chengchong	成虫	430	45
chengchu	惩处	253	47
chengchuan	乘船	177	48
chengdan	承担	4063	36
chengdao	称道	253	47
chengde	承德	132	49
chengdeshang	称得上	249	47
chengdi	称帝	846	42
chengdong	城东	267	46
chengdu	程度	9953	32
chengdu	成都	2770	37
chengdujunqu	成都军区	109	50
chengdushi	成都市	216	47
chengfa	惩罚	1145	41
chengfa	成法	154	49
chengfa	乘法	134	49
chengfang	成方	270	46
chengfang	城防	124	50
chengfen	成分	4165	36
chengfen	成份	199	48
chenggong	成功	10638	32
chenggonglv	成功率	212	47
chenggui	成规	188	48
chengguo	成果	4800	35
chengguo	城郭	119	50
chenghang	成行	249	47
chenghao	称号	2930	37
chenghu	称呼	1087	41
chenghua	成化	684	43
chenghuan	承欢	134	49
chenghun	成婚	228	47
chengji	成绩	6217	34
chengji	乘机	1116	41
chengji	乘积	112	50
chengjia	成家	103	50
chengjian	城建	127	49
chengjiao	城郊	770	42
chengjiao	成交	670	43
chengjiaoliang	成交量	259	47
chengjiaoxing	城郊型	258	47
chengjie	承接	257	47
chengjie	惩戒	116	50
chengjisihan	成吉思汗	946	41
chengjiu	成就	3599	36
chengke	乘客	670	43
chengken	诚恳	386	45
chengli	成立	14079	31
chengli	城里	2264	38
chengli	成例	103	50
chenglingsu	程灵素	753	42
chengliren	城里人	215	47
chenglou	城楼	4615	35
chenglupan	承露盘	128	49
chengma	乘马	230	47
chengmen	城门	2153	38
chengming	成名	334	46
chengmujieshe	瞠目结舌	113	50
chengnan	城南	466	44
chengnei	城内	2143	38
chengnian	成年	465	44
chengnianren	成年人	371	45
chengnuo	承诺	1887	39
chengpai	成排	413	45
chengpian	成片	148	49
chengpin	成品	342	46
chengqi	称奇	123	50
chengqiang	城墙	1957	39
chengqiangong	承乾宫	132	49
chengqianshangwan	成千上万	631	43
chengqin	成亲	279	46
chengqing	澄清	407	45
chengqingbo	成清波	256	47
chengqingzhu	程青竹	142	49
chengqiwei	成其为	187	48
chengqu	城区	1517	40
chengquan	成全	177	48
chengqun	成群	346	45
chengqunjiedui	成群结队	137	49
chengran	诚然	250	47
chengren	承认	4242	35
chengren	成人	1366	40
chengren	成仁	179	48
chengse	成色	342	46
chengsheng	乘胜	110	50
chengshi	城市	25084	28
chengshi	乘势	374	45
chengshi	诚实	288	46
chengshi	程式	197	48
chengshidaolu	城市道路	100	50
chengshihua	城市化	251	47
chengshou	承受	1458	40
chengshu	成熟	3742	36
chengshu	成书	411	45
chengsiwei	成思危	260	47
chengsong	称颂	200	48
chengtao	成套	153	49
chengtian	成天	295	46
chengtianzhi	承天之	128	49
chengtou	城头	646	43
chenguoqiang	陈国强	136	49
chengwai	城外	1683	39
chengwang	称王	203	48
chengwei	成为	35966	27
chengwei	称为	14328	31
chengwei	称谓	416	45
chengwen	成文	270	46
chengwenti	成问题	158	49
chengxi	城西	408	45
chengxi	承袭	300	46
chengxia	城下	531	44
chengxian	呈现	1776	39
chengxiang	城乡	2316	38
chengxiang	丞相	1320	40
chengxiang	成像	315	46
chengxiansheng	程先生	190	48
chengxiao	成效	1139	41
chengxie	称谢	103	50
chengxin	诚信	683	43
chengxin	诚心	209	47
chengxing	成型	516	44
chengxing	成形	209	47
chengxiong	称雄	131	49
chengxu	程序	5610	34
chengxuyuan	程序员	170	48
chengyao	撑腰	137	49
chengyaojia	程瑶迦	146	49
chengyi	诚意	387	45
chengyiju	程贻举	259	47
chengyin	成因	426	45
chengyu	成语	129	49
chengyuan	成员	4686	35
chengyuan	城垣	589	43
chengyuan	乘员	397	45
chengyuanguo	成员国	851	42
chengyun	承运	197	48
chengzai	承载	224	47
chengzan	称赞	1123	41
chengzhang	成长	5432	34
chengzhangxing	成长性	100	50
chengzhe	乘着	304	46
chengzhen	城镇	2194	38
chengzhi	城址	386	45
chengzhi	惩治	274	46
chengzhi	程志	261	47
chengzhi	诚挚	169	48
chengzhiwei	称之为	1685	39
chengzhong	城中	1929	39
chengzhuan	城砖	145	49
chengzuda	成祖大	128	49
chengzuo	称作	807	42
chengzuo	乘坐	687	43
chengzuo	称做	184	48
chenhuanghou	陈皇后	151	49
chenji	沉积	1260	40
chenji	趁机	630	43
chenji	沉寂	285	46
chenjiagui	陈佳贵	256	47
chenjiahu	陈家湖	256	47
chenjiaji	谌家矶	257	47
chenjialuo	陈家洛	2087	38
chenjiang	沉降	216	47
chenjiansheng	陈建生	256	47
chenjiapu	陈家铺	256	47
chenjin	沉浸	416	45
chenjing	沉井	383	45
chenjing	沉静	325	46
chenjingquan	陈镜泉	113	50
chenjingyun	陈警云	128	49
chenjinnan	陈近南	436	45
chenjiu	陈旧	327	46
chenjiwu	沉积物	304	46
chenjiyan	沉积岩	155	49
chenlie	陈列	665	43
chenlvsheng	陈履生	128	49
chenmen	沉闷	190	48
chenmi	沉迷	111	50
chenmin	臣民	891	42
chenmingxia	陈名夏	217	47
chenmo	沉默	2313	38
chenmo	沉没	228	47
chenmusen	陈木森	256	47
chennanxian	陈难先	256	47
chennian	陈年	109	50
chenpixian	陈丕显	514	44
chenqiaonian	陈乔年	128	49
chenqie	臣妾	193	48
chenru	沉入	170	48
chenshan	衬衫	338	46
chenshe	陈设	443	44
chenshi	趁势	129	49
chenshi	尘世	110	50
chenshimei	陈世美	278	46
chenshu	陈述	763	42
chenshui	沉睡	193	48
chenshuibian	陈水扁	800	42
chensi	沉思	739	42
chentanqiu	陈潭秋	304	46
chentong	沉痛	196	48
chentu	尘土	379	45
chentuo	衬托	161	49
chenwen	沉稳	206	48
chenwenhong	陈文洪	606	43
chenxiang	沉香	326	46
chenxiaopao	陈小炮	160	49
chenxiazi	陈瞎子	684	43
chenxilian	陈锡联	268	46
chenxingyu	陈兴瑜	256	47
chenxinjia	陈新甲	254	47
chenxiurong	陈秀榕	256	47
chenyi	陈毅	362	45
chenyi	衬衣	213	47
chenyige	陈艺戈	256	47
chenyin	沉吟	1344	40
chenyinke	陈寅恪	102	50
chenyiyu	陈宜瑜	259	47
chenyongfu	陈永福	212	47
chenyouliang	陈友谅	870	42
chenyuanyuan	陈圆圆	258	47
chenyun	陈云	293	46
chenzaidao	陈再道	261	47
chenzao	趁早	192	48
chenzhangliang	陈章良	260	47
chenzhe	趁着	531	44
chenzhengde	陈正德	184	48
chenzhengwei	陈政委	279	46
chenzhenhui	陈贞慧	538	44
chenzhi	称职	175	48
chenzhong	沉重	2440	38
chenzhuo	沉着	715	43
chenzi	臣子	231	47
chenzongduo	陈总舵	108	50
chenzui	沉醉	152	49
chepai	车牌	797	42
chepiao	车票	264	47
cheqi	车骑	108	50
cheshang	车上	811	42
cheshen	车身	367	45
cheti	车体	496	44
chetui	撤退	979	41
chexiang	车厢	512	44
chexiao	撤销	4998	35
chexiao	撤消	104	50
chexing	车型	165	48
chexingdao	车行道	115	50
cheye	彻夜	110	50
chezai	车载	137	49
chezhan	车站	946	41
chezhang	车长	317	46
chezhi	撤职	218	47
chezhou	掣肘	110	50
chezi	车子	711	43
chezou	撤走	236	47
chibang	翅膀	549	44
chibi	赤壁	945	41
chibishi	赤壁市	257	47
chicheng	驰骋	170	48
chichi	迟迟	415	45
chicun	尺寸	909	42
chidai	痴呆	149	49
chidao	赤道	771	42
chidao	迟到	337	46
chidao	持刀	220	47
chidiao	吃掉	323	46
chidu	尺度	645	43
chidun	迟钝	250	47
chifa	吃法	559	44
chifan	吃饭	3082	37
chige	斥革	132	49
chigu	持股	563	44
chihaotian	迟浩田	130	49
chihe	池河	1286	40
chihe	吃喝	317	46
chihuan	迟缓	262	47
chijiao	赤脚	108	50
chijin	吃紧	133	49
chijing	吃惊	942	41
chijishang	池际尚	256	47
chijiu	持久	755	42
chijiu	吃酒	304	46
chijiuzhan	持久战	126	49
chikaren	持卡人	153	49
chiku	吃苦	246	47
chikui	吃亏	282	46
chili	吃力	172	48
chiling	敕令	119	50
chilun	齿轮	283	46
chiluo	赤裸	142	49
chiluoluo	赤裸裸	130	49
chimi	痴迷	125	50
chiming	驰名	516	44
chimingzhongwai	驰名中外	617	43
chiping	持平	147	49
chiqiang	持枪	104	50
chiqing	痴情	115	50
chire	炽热	142	49
chiru	耻辱	374	45
chishi	吃食	115	50
chishoukongquan	赤手空拳	246	47
chishui	吃水	184	48
chitang	池塘	529	44
chitiaotiao	赤条条	104	50
chiwen	鸱吻	270	46
chixiang	吃香	100	50
chixiao	耻笑	140	49
chixin	痴心	106	50
chixu	持续	4676	35
chixuxing	持续性	116	50
chiyang	赤杨	113	50
chiyao	吃药	235	47
chiyi	迟疑	862	42
chiyou	持有	1623	39
chiyuan	驰援	162	48
chiyuedi	池月堤	256	47
chiyufeng	池宇峰	256	47
chizao	迟早	517	44
chize	斥责	262	47
chizhong	持重	104	50
chizi	赤字	336	46
chizi	尺子	179	48
chongai	宠爱	324	46
chongbai	崇拜	1182	41
chongchi	充斥	256	47
chongchong	重重	1032	41
chongchongde	重重的	132	49
chongchongdi	重重地	163	48
chongchu	冲出	645	43
chongci	冲刺	264	47
chongdan	冲淡	143	49
chongdang	充当	981	41
chongdian	充电	304	46
chongdiao	冲掉	149	49
chongdie	重叠	349	45
chongdong	冲动	943	41
chongfan	重返	390	45
chongfen	充分	7052	33
chongfeng	冲锋	333	46
chongfeng	重逢	171	48
chongfengqiang	冲锋枪	413	45
chongfengxianzhen	冲锋陷阵	125	50
chongfu	重复	1829	39
chonggao	崇高	615	43
chongguang	崇光	182	48
chonghe	重合	129	49
chongji	冲击	1986	38
chongji	冲积	268	46
chongji	充饥	161	49
chongjian	重建	3491	36
chongjibo	冲击波	140	49
chongjili	冲击力	145	49
chongjing	崇敬	258	47
chongjing	憧憬	210	47
chongjipingyuan	冲积平原	562	44
chongjishan	冲积扇	112	50
chongjun	充军	281	46
chongkai	冲开	473	44
chongman	充满	4432	35
chongpei	充沛	475	44
chongpo	冲破	919	42
chongqi	充气	104	50
chongqiliang	充其量	119	50
chongqing	重庆	3518	36
chongqingshi	重庆市	806	42
chongren	充任	236	47
chongren	崇仁	137	49
chongru	冲入	230	47
chongsan	冲散	311	46
chongsha	冲杀	302	46
chongshang	崇尚	413	45
chongshen	重申	599	43
chongsheng	冲绳	167	48
chongshi	充实	704	43
chongshua	冲刷	169	48
chongti	重提	143	49
chongtian	冲天	274	46
chongtu	冲突	2737	37
chongwei	重围	244	47
chongwen	崇文	167	48
chongwen	重温	127	49
chongwenmen	崇文门	175	48
chongwu	宠物	203	48
chongxi	冲洗	329	46
chongxian	重现	345	45
chongxiang	冲向	191	48
chongxin	重新	8297	33
chongxin	宠信	152	49
chongxiu	重修	834	42
chongxu	冲虚	352	45
chongxue	充血	176	48
chongyan	重演	316	46
chongyang	重阳	665	43
chongyangxian	崇阳县	512	44
chongyu	充裕	239	47
chongzhe	冲着	503	44
chongzhen	崇祯	3557	36
chongzhuang	冲撞	259	47
chongzi	虫子	187	48
chongzu	充足	1227	40
chongzu	重组	925	42
chouban	筹办	139	49
choubei	筹备	837	42
choubeihui	筹备会	186	48
choucha	抽查	206	48
chouchang	惆怅	160	49
chouchu	抽出	893	42
chouchu	踌躇	518	44
chouchu	抽搐	277	46
choucuo	筹措	282	46
chouda	抽打	124	50
choudai	绸带	116	50
choudi	仇敌	152	49
choudiao	抽调	274	46
choudoufu	臭豆腐	299	46
chouduan	绸缎	203	48
choue	丑恶	225	47
chouhen	仇恨	696	43
chouhua	筹划	408	45
chouji	筹集	302	46
choujia	仇家	127	49
choujian	筹建	414	45
choukong	抽空	119	50
chouku	愁苦	111	50
choulou	丑陋	368	45
chouma	筹码	176	48
choumeikulian	愁眉苦脸	152	49
choumi	稠密	365	45
chouqi	臭气	150	49
chouqi	抽泣	135	49
chouqian	抽签	258	47
chouqu	抽取	173	48
chouren	仇人	472	44
choushen	抽身	188	48
choushi	仇视	143	49
choushui	抽水	102	50
chouti	抽屉	560	44
chouwei	臭味	168	48
chouweihui	筹委会	169	48
chouwen	丑闻	182	48
chouxiang	抽象	797	42
chouxie	酬谢	112	50
chouyan	抽烟	403	45
chouyang	抽样	181	48
chouyang	臭氧	153	49
chouyangceng	臭氧层	117	50
chouye	抽噎	104	50
chouzi	筹资	110	50
chuaimo	揣摩	208	47
chuanbian	传遍	220	47
chuanbo	传播	3877	36
chuanbo	船舶	1793	39
chuanbozhe	传播者	164	48
chuanbu	传布	102	50
chuancang	船舱	291	46
chuancha	穿插	192	48
chuanchang	船厂	186	48
chuancheng	传承	225	47
chuanchu	传出	970	41
chuanci	穿刺	143	49
chuanda	传达	763	42
chuandai	穿戴	366	45
chuandan	传单	175	48
chuandao	传到	891	42
chuandao	传导	298	46
chuandi	传递	1719	39
chuandong	传动	476	44
chuandong	川东	123	50
chuandui	船队	431	45
chuanfu	船夫	115	50
chuanganqi	传感器	487	44
chuangban	创办	2160	38
chuangbian	床边	331	46
chuangchu	创出	176	48
chuangdan	床单	356	45
chuangei	传给	494	44
chuanghu	窗户	707	43
chuanghui	创汇	410	45
chuangjian	创建	2017	38
chuangjian	创见	121	50
chuangjianren	创建人	117	50
chuangjianzhe	创建者	1117	41
chuangjin	闯进	340	46
chuangkan	创刊	350	45
chuangkou	窗口	1174	41
chuangkou	创口	102	50
chuangli	创立	1567	39
chuanglian	窗帘	217	47
chuanglizhe	创立者	105	50
chuangpu	床铺	117	50
chuangqian	窗前	237	47
chuangru	闯入	279	46
chuangshang	床上	2057	38
chuangshang	创伤	352	45
chuangshang	窗上	121	50
chuangshe	创设	244	47
chuangshi	创始	133	49
chuangshiren	创始人	770	42
chuangtou	床头	237	47
chuanguo	穿过	1437	40
chuangwai	窗外	1151	41
chuangwang	闯王	5004	35
chuangwei	创维	214	47
chuangxia	创下	277	46
chuangxin	创新	4681	35
chuangyan	床沿	156	49
chuangye	创业	1528	40
chuangyeyuan	创业园	261	47
chuangyezhe	创业者	117	50
chuangyi	创意	481	44
chuangzao	创造	6687	34
chuangzaoli	创造力	250	47
chuangzaoxing	创造性	732	42
chuangzaozhe	创造者	118	50
chuangzhi	创制	690	43
chuangzhi	窗纸	115	50
chuangzi	窗子	334	46
chuangzuo	创作	6322	34
chuanhu	传呼	399	45
chuanhua	传话	144	49
chuanjia	船家	129	49
chuanjiadan	穿甲弹	145	49
chuanjiao	传教	307	46
chuanjiaoshi	传教士	334	46
chuanju	川剧	101	50
chuankai	传开	140	49
chuankong	穿孔	195	48
chuanlai	传来	2337	38
chuanlaoda	船老大	119	50
chuanlian	串联	193	48
chuanling	传令	527	44
chuanmei	传媒	1040	41
chuanqi	传奇	924	42
chuanqi	喘气	313	46
chuanqiu	传球	343	45
chuanran	传染	282	46
chuanranbing	传染病	529	44
chuanranxing	传染性	167	48
chuanren	传人	260	47
chuanru	传入	1139	41
chuanshang	船上	1357	40
chuanshanjia	穿山甲	110	50
chuanshen	船身	185	48
chuanshen	传神	153	49
chuanshi	传世	547	44
chuanshou	传授	859	42
chuanshu	传输	857	42
chuanshuo	传说	3372	36
chuansong	传送	670	43
chuansong	传诵	112	50
chuansuo	穿梭	241	47
chuanti	船体	254	47
chuantong	传统	11445	31
chuantong	串通	113	50
chuantou	船头	533	44
chuantou	穿透	299	46
chuanwei	船尾	125	50
chuanwen	传闻	506	44
chuanwu	船坞	187	48
chuanxi	喘息	468	44
chuanxian	船舷	102	50
chuanxiao	传销	425	45
chuanxing	穿行	266	47
chuanyan	传言	349	45
chuanyi	传译	174	48
chuanyi	穿衣	166	48
chuanyuan	船员	165	48
chuanyue	穿越	621	43
chuanzha	船闸	135	49
chuanzhang	船长	1379	40
chuanzhe	穿着	110	50
chuanzhen	传真	451	44
chuanzhi	船只	1140	41
chuanzhong	传中	156	49
chuanzhu	串珠	317	46
chuba	初八	125	50
chuban	出版	5962	34
chubanshe	出版社	1160	41
chubanwu	出版物	320	46
chubei	储备	1263	40
chubing	出兵	763	42
chubu	初步	3302	36
chucang	储藏	145	49
chucangliang	储藏量	279	46
chucaoji	除草剂	110	50
chuchai	出差	409	45
chuchan	出产	442	44
chuchang	出场	677	43
chuchang	出厂	110	50
chuchu	处处	1402	40
chuchu	楚楚	146	49
chuchuang	橱窗	126	49
chuci	初次	503	44
chuci	楚辞	139	49
chuciyiwai	除此以外	109	50
chucizhiwai	除此之外	470	44
chucun	储存	947	41
chucuo	出错	156	49
chudeng	初等	145	49
chudengjiaoyu	初等教育	307	46
chudian	出点	147	49
chudian	触电	110	50
chudiao	除掉	244	47
chudong	出动	859	42
chudong	触动	351	45
chudong	初冬	204	48
chuer	初二	152	49
chufa	出发	3887	36
chufa	处罚	1273	40
chufa	触发	230	47
chufadian	出发点	398	45
chufan	触犯	265	47
chufang	厨房	1023	41
chufang	出访	396	45
chufang	处方	334	46
chufei	除非	1098	41
chufen	处分	973	41
chuguan	出关	109	50
chuguo	出国	915	42
chuguo	楚国	437	45
chuguo	出过	233	47
chuhai	出海	303	46
chuhan	出汗	217	47
chuhu	出乎	324	46
chuhuyiliao	出乎意料	204	48
chuideng	吹灯	338	46
chuifenghui	吹风会	184	48
chuilei	垂泪	155	49
chuilian	锤炼	101	50
chuiliantingzheng	垂帘听政	302	46
chuiniu	吹牛	197	48
chuiti	垂体	714	43
chuitousangqi	垂头丧气	147	49
chuiwei	垂危	224	47
chuixiang	吹响	191	48
chuixu	吹嘘	188	48
chuiyan	炊烟	112	50
chuizhi	垂直	1550	39
chuizou	吹奏	187	48
chuji	初级	1748	39
chuji	出击	720	43
chuji	触及	408	45
chujia	出嫁	389	45
chujia	出家	302	46
chujian	初见	143	49
chujiao	触角	282	46
chujiaren	出家人	271	46
chujie	出界	159	49
chujijieduan	初级阶段	609	43
chujinan	楚纪南	256	47
chujing	处境	886	42
chujing	出境	830	42
chujingyou	出境游	233	47
chuju	出具	329	46
chuju	出局	122	50
chujue	处决	179	48
chujue	触觉	114	50
chujuguimo	初具规模	155	49
chukou	出口	8237	33
chukoue	出口额	117	50
chukouguo	出口国	130	49
chukouliang	出口量	126	49
chulai	出来	31017	27
chulan	出栏	301	46
chule	除了	7785	33
chuleibacui	出类拔萃	117	50
chuli	处理	10840	32
chuli	出力	372	45
chuli	矗立	359	45
chulian	初恋	115	50
chuliang	储量	2628	37
chuliji	处理机	134	49
chuliqi	处理器	737	42
chulu	出路	881	42
chulu	出炉	368	45
chuma	出马	371	45
chumai	出卖	826	42
chumen	出门	1716	39
chumian	出面	896	42
chuming	出名	1138	41
chumo	出没	320	46
chumo	触摸	149	49
chumujingxin	触目惊心	189	48
chunbai	纯白	296	46
chuncai	莼菜	272	46
chuncui	纯粹	990	41
chundu	纯度	130	49
chunfeng	春风	269	46
chunhou	醇厚	311	46
chunian	初年	620	43
chuniao	雏鸟	104	50
chunji	春季	970	41
chunjian	纯碱	832	42
chunjie	春节	1289	40
chunjie	纯洁	358	45
chunjing	纯净	271	46
chunpiao	纯朴	127	49
chunpu	淳朴	129	49
chunqiu	春秋	3226	37
chunshouru	纯收入	926	42
chunshu	纯属	824	42
chunshu	纯熟	231	47
chuntian	春天	1421	40
chunu	触怒	214	47
chunv	处女	135	49
chunyi	春义	259	47
chunyou	春游	265	47
chunyu	春雨	121	50
chunzhen	纯真	120	50
chunzheng	纯正	407	45
chuohao	绰号	292	46
chuoxue	辍学	172	48
chuoxuelv	辍学率	273	46
chupin	出品	291	46
chuqi	初期	2951	37
chuqi	出奇	329	46
chuqi	出气	121	50
chuqian	出钱	298	46
chuqiao	出鞘	182	48
chuqibuyi	出其不意	316	46
chuqin	畜禽	350	45
chuqizhisheng	出奇制胜	323	46
chuqu	出去	9979	32
chuqu	除去	747	42
chuque	出缺	295	46
churang	出让	108	50
churen	出任	1238	40
churenyiliao	出人意料	284	46
churu	出入	2403	38
churujing	出入境	239	47
chusan	初三	221	47
chuse	出色	1260	40
chushan	出山	283	46
chushen	出身	2739	37
chushen	出神	110	50
chusheng	出生	1979	38
chusheng	畜生	459	44
chusheng	初生	152	49
chushenglv	出生率	325	46
chushengrusi	出生入死	100	50
chushenruhua	出神入化	110	50
chushi	初时	540	44
chushi	出使	382	45
chushi	初始	297	46
chushi	出世	272	46
chushi	出事	258	47
chushi	出示	253	47
chushi	出师	221	47
chushi	厨师	209	47
chushi	处事	168	48
chushi	处世	140	49
chushou	出售	2413	38
chushou	出手	1468	40
chushou	触手	175	48
chushui	出水	165	48
chusi	处死	572	43
chusu	初速	145	49
chusuo	处所	158	49
chutai	出台	1317	40
chutao	出逃	147	49
chuti	出题	238	47
chutou	出头	320	46
chutou	锄头	172	48
chutu	出土	1785	39
chuwai	除外	640	43
chuwai	出外	253	47
chuwang	楚王	505	44
chuwenhua	楚文化	295	46
chuwu	初五	101	50
chuxi	出席	4001	36
chuxi	出息	239	47
chuxi	除夕	145	49
chuxia	初夏	130	49
chuxian	出现	25633	28
chuxian	出线	127	49
chuxie	出血	563	44
chuxin	出新	299	46
chuxing	出行	414	45
chuxing	雏形	197	48
chuxingjing	初兴靖	128	49
chuxinjilv	处心积虑	109	50
chuxu	储蓄	413	45
chuyan	出言	407	45
chuyanchao	楚雁潮	530	44
chuyi	初一	419	45
chuyi	处以	246	47
chuyi	除以	143	49
chuying	出迎	130	49
chuyou	出游	376	45
chuyougouzao	储油构造	266	47
chuyu	处于	6122	34
chuyu	出于	2743	37
chuyu	出狱	231	47
chuyuan	出院	166	48
chuyuanpai	楚源牌	256	47
chuzai	处在	762	42
chuzhan	出战	191	48
chuzhang	处长	1341	40
chuzheng	出征	1444	40
chuzhi	处置	1082	41
chuzhong	初中	2570	37
chuzhong	初衷	262	47
chuzhong	出众	171	48
chuzhuangwang	楚庄王	281	46
chuzi	出自	847	42
chuzi	出资	391	45
chuzi	厨子	141	49
chuzou	出走	119	50
chuzu	出租	251	47
chuzuche	出租车	395	45
chuzuqiche	出租汽车	105	50
ciai	慈爱	129	49
cian	此案	233	47
ciba	糍粑	786	42
cibei	慈悲	358	45
cibie	辞别	140	49
ciceng	磁层	112	50
cichang	磁场	1157	41
cichu	此处	1727	39
cici	此次	3529	36
cidai	磁带	324	46
cidao	刺刀	602	43
cideng	此等	158	49
cidi	此地	913	42
cidi	次第	139	49
cidian	词典	838	42
cidian	辞典	133	49
cier	刺耳	195	48
cier	词儿	130	49
cifa	此法	321	46
cihou	此后	4276	35
cihou	伺候	603	43
cihua	此话	260	47
cihua	磁化	220	47
cihua	雌花	106	50
cihui	词汇	752	42
ciji	刺激	2873	37
ciji	次级	101	50
cijian	此间	1076	41
cijisu	雌激素	210	47
cijixing	刺激性	234	47
ciju	此举	1015	41
ciju	磁矩	200	48
ciju	词句	150	49
cike	此刻	3271	36
cike	刺客	491	44
cilei	此类	788	42
cili	此理	138	49
cinian	次年	1482	40
cininggong	慈宁宫	222	47
cipan	磁盘	150	49
ciping	瓷瓶	162	48
ciqi	瓷器	586	43
ciqian	此前	1242	40
ciqibifu	此起彼伏	295	46
ciqinggong	慈庆宫	102	50
ciqu	辞去	552	44
ciqu	词曲	124	50
ciren	此人	2424	38
ciren	词人	125	50
ciri	次日	1719	39
cirui	雌蕊	109	50
cisha	刺杀	346	45
cishan	慈善	559	44
cishang	刺伤	268	46
cisheng	次生	226	47
cisheng	此生	146	49
cishi	此时	8381	33
cishi	此事	3171	37
cishi	刺史	1136	41
cishi	磁石	128	49
cishicike	此时此刻	206	48
cishu	次数	2795	37
cishu	此书	434	45
citang	祠堂	425	45
citi	磁体	119	50
citiao	词条	10441	32
citie	磁铁	144	49
citong	刺痛	188	48
citui	辞退	112	50
ciwai	此外	9832	32
ciwei	刺猬	142	49
ciwen	此文	112	50
ciwu	此物	207	48
cixi	慈禧	2353	38
cixiang	此项	282	46
cixiang	慈祥	179	48
cixing	磁性	466	44
cixing	此行	274	46
cixing	雌性	266	47
cixiong	雌雄	290	46
cixitai	慈禧太	162	48
cixitaihou	慈禧太后	226	47
cixiu	刺绣	229	47
cixu	次序	276	46
cixuanfu	磁悬浮	108	50
ciyan	此言	538	44
ciyan	刺眼	111	50
ciyao	次要	297	46
ciyi	此役	152	49
ciyi	词义	113	50
ciyu	词语	288	46
ciyu	赐予	267	46
ciyu	次于	195	48
cizhan	此战	121	50
cizhi	辞职	1276	40
cizhi	次之	438	45
cizhong	此种	321	46
cizhong	刺中	173	48
cizi	次子	251	47
cizu	词组	104	50
congbu	从不	1386	40
congci	从此	5348	35
congcong	匆匆	1574	39
congcong	淙淙	311	46
congcongmangmang	匆匆忙忙	133	49
congdaqing	从大清	131	49
conger	从而	7775	33
conghui	聪慧	128	49
congjin	从今	208	47
congjinyihou	从今以后	130	49
congjun	从军	201	48
conglai	从来	3548	36
conglaibu	从来不	952	41
conglin	丛林	744	42
congmang	匆忙	439	45
congmei	从没	547	44
congming	聪明	2068	38
congmingcaizhi	聪明才智	196	48
congminglingli	聪明伶俐	113	50
congmingren	聪明人	223	47
congqian	从前	1310	40
congrong	从容	498	44
congrongbupo	从容不迫	240	47
congsheng	丛生	213	47
congshi	从事	7036	33
congshi	从师	103	50
congshu	丛书	499	44
congshu	从属	317	46
congtianerjiang	从天而降	116	50
congtou	从头	318	46
congtoudaowei	从头到尾	159	49
congtouzhiwei	从头至尾	108	50
congwei	从未	1517	40
congweiyouguo	从未有过	214	47
congxiao	从小	1254	40
congyan	从严	317	46
congye	从业	1346	40
congyezhe	从业者	126	49
congzheng	从政	249	47
congzhong	从中	1170	41
congzhong	丛中	399	45
couhe	凑合	217	47
coujin	凑近	202	48
couqiao	凑巧	309	46
cuandong	攒动	160	49
cuanduo	篡夺	147	49
cuangai	篡改	101	50
cubao	粗暴	241	47
cubu	粗布	102	50
cubujifang	猝不及防	142	49
cucao	粗糙	489	44
cucheng	促成	589	43
cuda	粗大	562	44
cufang	粗放	113	50
cuguang	粗犷	168	48
cuhua	粗话	104	50
cuibaiquan	崔百泉	109	50
cuican	摧残	367	45
cuican	璀璨	112	50
cuicu	催促	767	42
cuidong	催动	111	50
cuihua	催化	475	44
cuihuaji	催化剂	752	42
cuihui	摧毁	940	41
cuihuo	淬火	103	50
cuilv	翠绿	118	50
cuimian	催眠	145	49
cuiqiushan	崔秋山	125	50
cuiqu	萃取	170	48
cuiruo	脆弱	478	44
cuitiankai	崔天凯	104	50
cuiximin	崔希敏	100	50
cujin	促进	6674	34
culu	粗鲁	193	48
culve	粗略	172	48
cunchu	存储	931	41
cunchuqi	存储器	245	47
cunfang	存放	414	45
cunfang	村坊	157	49
cunganbu	村干部	184	48
cunhuo	存活	191	48
cunhuo	存货	152	49
cunkou	村口	108	50
cunkuan	存款	898	42
cunli	村里	1377	40
cunliang	存量	122	50
cunliren	村里人	255	47
cunluo	村落	390	45
cunmin	村民	1213	40
cunru	存入	154	49
cunwang	存亡	338	46
cunweihui	村委会	4129	36
cunxin	存心	380	45
cunyou	存有	383	45
cunzai	存在	15579	30
cunzhai	村寨	113	50
cunzhang	村长	523	44
cunzhen	村镇	157	49
cunzhuang	村庄	976	41
cunzi	村子	905	42
cuobai	挫败	342	46
cuoci	措辞	183	48
cuojue	错觉	268	46
cuoluan	错乱	106	50
cuoluo	错落	347	45
cuoshang	磋商	464	44
cuoshi	措施	8163	33
cuoshoubuji	措手不及	259	47
cuowei	错位	105	50
cuowu	错误	6379	34
cuozhe	挫折	763	42
cuozhi	措置	176	48
cuozongfuza	错综复杂	202	48
cuqian	粗浅	105	50
curen	粗人	102	50
cushi	促使	1460	40
cusu	粗俗	103	50
cuxi	粗细	278	46
cuxiao	促销	464	44
cuyong	簇拥	652	43
cuzhong	粗重	115	50
cuzhuang	粗壮	339	46
daai	大碍	141	49
daan	答案	1756	39
daan	大案	109	50
daba	大坝	213	47
dabai	打败	1507	40
dabai	大败	861	42
daban	打扮	1129	41
daban	大半	409	45
daban	大阪	391	45
dabange	大半个	201	48
dabannian	大半年	131	49
dabao	大包	147	49
dabao	打包	110	50
dabashan	大巴山	338	46
dabei	大悲	115	50
dabenying	大本营	261	47
dabi	大笔	197	48
dabian	大便	245	47
dabian	答辩	167	48
dabiao	达标	251	47
dabieshan	大别山	1268	40
dabing	大病	253	47
dabing	大兵	204	48
dabo	大伯	222	47
dabu	大部	809	42
dabu	大步	255	47
dabufen	大部分	4855	35
dabuliao	大不了	181	48
dabuliedian	大不列颠	106	50
dachang	大肠	162	48
dachao	大潮	206	48
dache	大车	141	49
dachen	大臣	6120	34
dacheng	达成	1850	39
dacheng	大成	460	44
dacheng	大城	384	45
dacheng	打成	299	46
dacheng	大乘	284	46
dacheng	搭乘	149	49
dachengshi	大城市	142	49
dachiyijing	大吃一惊	1033	41
dachong	大虫	181	48
dachu	打出	804	42
dachu	大厨	276	46
dachuan	大船	392	45
dada	大大	3455	36
dada	鞑靼	351	45
dada	打打	110	50
dadade	大大的	669	43
dadan	大胆	1539	39
dadang	搭档	144	49
dadao	达到	15471	30
dadao	大道	8614	33
dadao	打倒	1735	39
dadao	答道	1272	40
dadao	大刀	765	42
dadao	大岛	202	48
dadao	大盗	143	49
dadaokuofu	大刀阔斧	110	50
dadaxiaoxiao	大大小小	479	44
dade	大德	255	47
dadi	大地	1657	39
dadi	大堤	514	44
dadi	大帝	226	47
dadi	大抵	222	47
dadi	大敌	173	48
dadian	大典	2685	37
dadian	大殿	1522	40
dadian	打点	199	48
dadianhua	打电话	1305	40
dadong	打动	339	46
dadong	大洞	182	48
dadou	大豆	454	44
dadou	打斗	100	50
dadu	大都	2129	38
dadu	打赌	102	50
daduan	打断	916	42
daducheng	大都城	534	44
daduhe	大渡河	142	49
dadui	大队	1655	39
dadui	大堆	389	45
daduirenma	大队人马	152	49
daduizhang	大队长	120	50
daduo	大多	3246	36
daduoshu	大多数	3609	36
daerba	达尔巴	179	48
daerwen	达尔文	190	48
daerzi	大儿子	157	49
dafa	打发	855	42
dafa	打法	321	46
dafa	大发	230	47
dafa	大法	220	47
dafan	大凡	181	48
dafang	大方	559	44
dafeisuowen	答非所问	122	50
dafen	打分	202	48
dafeng	大风	408	45
dafu	大夫	2205	38
dafu	大幅	1611	39
dafu	答复	1410	40
dafudu	大幅度	759	42
dagai	大概	3331	36
dagang	大纲	739	42
dagang	大港	151	49
dage	大哥	3062	37
dageming	大革命	562	44
dagezi	大个子	220	47
dagong	打工	850	42
dagong	大功	586	43
dagong	大公	437	45
dagonggaocheng	大功告成	135	49
dagonglv	大功率	144	49
dagoubangfa	打狗棒法	232	47
dagu	打鼓	324	46
dagu	大鼓	129	49
dagu	大沽	102	50
daguan	大官	327	46
daguan	大观	324	46
daguan	大关	176	48
daguanyuan	大观园	134	49
daguimo	大规模	3965	36
dagukou	大沽口	526	44
daguniang	大姑娘	149	49
daguo	大国	1739	39
dahai	大海	1186	41
dahan	大汉	1121	41
dahan	大喊	286	46
dahan	大旱	107	50
dahandajiao	大喊大叫	116	50
dahao	大好	303	46
dahe	大河	585	43
dahei	大黑	142	49
dahong	大红	753	42
dahongmen	大红门	270	46
dahongshan	大洪山	274	46
dahu	大湖	580	43
dahu	大户	481	44
dahua	答话	459	44
dahua	大华	177	48
dahua	大话	100	50
dahuang	大黄	120	50
dahui	大会	9681	32
dahuitang	大会堂	213	47
dahuo	大伙	706	43
dahuo	大火	557	44
dahuo	大祸	432	45
dahuobujie	大惑不解	101	50
dahuoer	大伙儿	1039	41
dahuxiaojiao	大呼小叫	148	49
dahuzi	大胡子	202	48
daiban	呆板	107	50
daibiao	代表	32777	27
daibiaochu	代表处	124	50
daibiaodahui	代表大会	1387	40
daibiaoren	代表人	220	47
daibiaotuan	代表团	1792	39
daibiaoxing	代表性	949	41
daibiaozuo	代表作	1106	41
daibing	带兵	406	45
daibu	逮捕	1395	40
daidaidi	呆呆地	251	47
daidao	带到	854	42
daidian	带电	365	45
daiding	待定	330	46
daidong	带动	1138	41
daidu	歹毒	157	49
daidui	带队	191	48
daier	戴尔	293	46
daigaole	戴高乐	150	49
daigei	带给	449	44
daihao	代号	451	44
daihui	带回	492	44
daihuier	待会儿	165	48
daijia	代价	1286	40
daijian	待见	169	48
daijin	殆尽	269	46
daike	代课	171	48
daike	待客	152	49
daikuan	贷款	4000	36
daikuan	带宽	249	47
dailai	带来	6670	34
daili	代理	1946	39
dailing	带领	1893	39
dailiren	代理人	574	43
dailishang	代理商	191	48
dailu	带路	141	49
daima	代码	2049	38
daiman	怠慢	368	45
daiming	待命	120	50
dairen	待人	218	47
dairen	歹人	101	50
dairu	带入	196	48
daishang	带上	780	42
daishu	代数	508	44
daishuxue	代数学	182	48
daiti	代替	2262	38
daitou	带头	675	43
daitouren	带头人	192	48
daitu	歹徒	156	49
daiwei	代为	331	46
daixie	代谢	920	42
daixing	代行	112	50
daiyanren	代言人	217	47
daiyou	带有	1963	39
daiyu	待遇	1608	39
daizhengliang	戴证良	256	47
daizhi	呆滞	138	49
daizhong	袋中	111	50
daizhuang	带状	224	47
daizhuren	代主任	392	45
daizi	呆子	487	44
daizi	袋子	181	48
daizi	带子	153	49
daizou	带走	830	42
daizu	傣族	675	43
daji	打击	4262	35
daji	大计	189	48
daji	大忌	144	49
dajia	大家	19177	29
dajia	打架	579	43
dajia	打假	152	49
dajia	大加	138	49
dajia	搭架	137	49
dajian	大件	340	46
dajian	搭建	207	48
dajian	打尖	126	49
dajiang	大将	1739	39
dajiang	大江	578	43
dajiang	大奖	529	44
dajiangjun	大将军	537	44
dajiangnanbei	大江南北	144	49
dajiangsai	大奖赛	314	46
dajiao	大叫	2556	37
dajiao	打搅	105	50
dajiaodao	打交道	463	44
dajiating	大家庭	206	48
dajie	大街	2697	37
dajie	大姐	704	43
dajie	大捷	235	47
dajie	打劫	125	50
dajiexiaoxiang	大街小巷	443	44
dajing	打井	312	46
dajingshise	大惊失色	226	47
dajingxiaoguai	大惊小怪	217	47
dajiu	搭救	187	48
dajiu	大舅	107	50
dajiudian	大酒店	237	47
daju	大局	1105	41
daju	大举	786	42
dajuan	答卷	115	50
dajun	大军	2880	37
dakai	打开	4137	36
daku	大哭	935	41
dakuai	大块	682	43
dala	耷拉	121	50
dalai	达赖	209	47
dalailama	达赖喇嘛	123	50
dalao	打捞	213	47
dalao	大牢	109	50
dalaoye	大老爷	175	48
dale	大乐	226	47
dali	大力	2526	38
dali	大理	958	41
dali	大礼	474	44
dali	搭理	139	49
dali	大吏	118	50
dalian	大连	1034	41
daliang	大量	10535	32
daliang	打量	914	42
daliang	大梁	141	49
dalianshi	大连市	397	45
dalianshide	大连实德	198	48
dalie	打猎	301	46
dalishi	大理石	479	44
dalisi	大理寺	519	44
dalitang	大礼堂	148	49
dalou	大楼	934	41
dalu	大陆	6521	34
dalu	大路	368	45
daluan	大乱	498	44
daluan	打乱	230	47
dalujia	大陆架	387	45
daluo	打落	101	50
daluxing	大陆性	186	48
dama	大妈	728	42
dama	大麻	113	50
damai	大麦	339	46
damen	大门	3262	36
damenkou	大门口	368	45
dami	大米	1898	39
damianji	大面积	567	43
damiao	大庙	150	49
daming	大明	4182	35
daming	大名	838	42
damingdingding	大名鼎鼎	174	48
damo	大漠	399	45
damo	达摩	300	46
damuzhi	大拇指	379	45
danan	大难	194	48
danao	大脑	862	42
danaopiceng	大脑皮层	170	48
danbai	蛋白	1087	41
danbaizhi	蛋白质	2097	38
danban	单板	542	44
danbao	担保	796	42
danbing	单兵	262	47
danbo	单薄	282	46
danbo	淡薄	100	50
danceng	单层	196	48
danchan	单产	115	50
danchen	诞辰	284	46
danchi	丹墀	152	49
danchun	单纯	1679	39
danci	单词	671	43
danda	单打	461	44
danda	胆大	203	48
dandadudou	单打独斗	150	49
dandan	淡淡	536	44
dandan	单单	221	47
dandande	淡淡的	418	45
dandandi	淡淡地	206	48
dandang	担当	512	44
dandao	单刀	721	43
dandao	弹道	313	46
dandaodaodan	弹道导弹	872	42
dandiao	单调	348	45
dandong	丹东	182	48
dandu	单独	2307	38
danei	大内	283	46
danfa	单发	122	50
danfan	但凡	221	47
danfangmian	单方面	240	47
danfu	担负	1011	41
dangan	档案	1172	41
dangan	胆敢	460	44
dangang	担纲	168	48
danganguan	档案馆	119	50
dangao	蛋糕	315	46
dangbing	当兵	431	45
dangbu	党部	119	50
dangchang	当场	1223	40
dangcheng	当成	678	43
dangchu	当初	2093	38
dangci	档次	419	45
dangdai	当代	1649	39
dangdaibiao	党代表	127	49
dangdi	当地	7272	33
dangdiren	当地人	382	45
dange	单个	849	42
dange	耽搁	552	44
danger	当儿	498	44
dangfeng	党风	340	46
dangguan	当官	265	47
danggui	当归	126	49
danghong	当红	167	48
dangji	当即	3126	37
dangji	党籍	219	47
dangjia	当家	214	47
dangjiade	当家的	123	50
dangjian	党建	141	49
dangjiazuozhu	当家作主	394	45
dangjiliduan	当机立断	162	48
dangjin	当今	1855	39
dangju	当局	2194	38
danglang	当啷	102	50
dangliang	当量	134	49
dangmian	当面	708	43
dangnei	党内	1315	40
dangneiwai	党内外	167	48
dangnian	当年	7633	33
dangpai	党派	659	43
dangpu	当铺	154	49
dangqi	档期	142	49
dangqian	当前	2433	38
dangquan	当权	148	49
dangran	当然	12865	31
dangranwucun	荡然无存	239	47
dangren	党人	219	47
dangri	当日	2031	38
dangshi	当时	19195	29
dangshiren	当事人	1135	41
dangtian	当天	1616	39
dangtou	当头	311	46
dangtuan	党团	101	50
danguchun	胆固醇	323	46
danguo	单果	257	47
danguoxian	单果鲜	256	47
dangwai	党外	138	49
dangwan	当晚	665	43
dangwei	党委	1656	39
dangweishuji	党委书记	352	45
dangwu	党务	123	50
dangwuzhiji	当务之急	307	46
dangxia	当下	4358	35
dangxian	当先	542	44
dangxiang	党项	155	49
dangxiao	党校	189	48
dangxin	当心	159	49
dangxing	党性	150	49
dangxuan	当选	2919	37
dangyang	当阳	345	45
dangyang	荡漾	210	47
dangyangshi	当阳市	263	47
dangye	当夜	221	47
dangyu	党羽	163	48
dangyuan	党员	1873	39
dangzhang	党章	288	46
dangzhe	当着	665	43
dangzhen	当真	2426	38
dangzheng	党政	668	43
dangzheng	当政	164	48
dangzhengjiguan	党政机关	160	49
dangzhengjun	党政军	337	46
dangzhi	当值	182	48
dangzhibu	党支部	298	46
dangzhiwukui	当之无愧	238	47
dangzhong	当中	2311	38
dangzhong	当众	389	45
dangzhongyang	党中央	2737	37
dangzhu	挡住	723	43
dangzu	党组	580	43
dangzuo	当作	1859	39
dangzuo	当做	721	43
dangzuzhi	党组织	694	43
danhua	淡化	218	47
danhuang	淡黄	133	49
dani	大鲵	306	46
danian	大年	106	50
daniang	大娘	301	46
danibudao	大逆不道	123	50
danji	淡季	112	50
danjia	担架	249	47
danjia	单价	118	50
danjiangkou	丹江口	542	44
danjiangkoushi	丹江口市	272	46
danju	单据	108	50
danke	蛋壳	587	43
danke	弹壳	209	47
danke	单科	131	49
danliang	胆量	219	47
danmai	丹麦	1024	41
danmaidui	丹麦队	274	46
danmo	淡漠	131	49
dannang	胆囊	180	48
dannier	丹尼尔	147	49
danqie	胆怯	310	46
danqing	丹青	247	47
danran	淡然	125	50
danren	担任	6409	34
danren	单人	476	44
danshen	单身	444	44
dansheng	诞生	2046	38
danshi	但是	28055	28
danshi	胆识	106	50
danshui	淡水	1007	41
danshuihu	淡水湖	140	49
danshuiyu	淡水鱼	1646	39
danti	单体	357	45
dantian	丹田	394	45
dantou	弹头	507	44
danwan	弹丸	185	48
danwei	单位	17532	30
danweizhi	单位制	146	49
danwu	耽误	697	43
danxi	旦夕	119	50
danxia	弹匣	200	48
danxiang	单向	286	46
danxiang	单项	244	47
danxiao	胆小	303	46
danxibao	单细胞	131	49
danxin	担心	4839	35
danxing	单行	1610	39
danxing	单性	192	48
danyang	丹阳	209	47
danyao	弹药	1121	41
danyi	单一	1005	41
danyou	担忧	781	42
danyuan	单元	795	42
danyuan	但愿	458	44
danzhanxie	单詹歇	128	49
danzhanxinjing	胆战心惊	107	50
danzhi	胆汁	158	49
danzhi	弹指	114	50
danzi	胆子	887	42
danzi	担子	695	43
danzi	单子	154	49
danzou	弹奏	126	49
daoba	倒把	144	49
daoban	盗版	430	45
daobao	导报	108	50
daobi	倒闭	275	46
daobie	道别	102	50
daoburu	倒不如	140	49
daocao	稻草	193	48
daochang	道场	359	45
daochang	到场	145	49
daochu	到处	3414	36
daochu	导出	259	47
daociweizhi	到此为止	114	50
daoda	到达	3107	37
daodan	导弹	8148	33
daodan	刀丹	146	49
daode	道德	3241	37
daodi	到底	6043	34
daodi	倒地	330	46
daodian	导电	223	47
daofa	刀法	623	43
daofeng	刀锋	155	49
daogao	祷告	142	49
daoge	倒戈	113	50
daogong	刀工	264	47
daogu	稻谷	505	44
daogu	道姑	277	46
daoguan	导管	417	45
daoguan	道观	134	49
daoguang	道光	475	44
daogui	捣鬼	117	50
daoguo	岛国	209	47
daohang	导航	801	42
daohao	倒好	272	46
daohen	刀痕	150	49
daoheng	道行	117	50
daohu	岛弧	112	50
daohui	捣毁	263	47
daohuoxian	导火线	103	50
daojia	道家	258	47
daojian	刀剑	474	44
daojian	刀尖	125	50
daojiao	道教	1681	39
daojiaoxiehui	道教协会	260	47
daojishi	倒计时	164	48
daoju	道具	1205	40
daoju	刀具	155	49
daolai	到来	2665	37
daolaizhiji	到来之际	164	48
daoli	道理	3304	36
daolu	道路	5532	34
daoluan	捣乱	279	46
daolun	导论	108	50
daomei	倒霉	586	43
daomeilan	刀美兰	260	47
daomi	稻米	236	47
daomu	盗墓	413	45
daomuzei	盗墓贼	149	49
daonei	岛内	229	47
daonian	悼念	350	45
daopang	道旁	168	48
daopao	道袍	156	49
daoqi	到期	334	46
daoqian	道歉	457	44
daoqiang	刀枪	245	47
daoqie	盗窃	259	47
daoren	道人	1277	40
daoren	刀刃	158	49
daoren	到任	111	50
daoru	倒入	121	50
daoshang	岛上	1461	40
daoshi	道士	1258	40
daoshi	导师	681	43
daoshihou	到时候	544	44
daoshou	到手	235	47
daoshu	倒数	173	48
daoshu	导数	138	49
daota	倒塌	299	46
daote	道特	256	47
daoteng	倒腾	211	47
daoti	导体	290	46
daotian	稻田	206	48
daotou	到头	198	48
daotoulai	到头来	297	46
daotui	倒退	657	43
daowei	到位	852	42
daoxia	倒下	459	44
daoxian	导线	240	47
daoxiang	导向	657	43
daoxiang	倒像	211	47
daoxie	道谢	249	47
daoxingnishi	倒行逆施	111	50
daoyan	导演	2105	38
daoyi	道义	230	47
daoyin	导引	280	46
daoyou	导游	660	43
daoyouyuan	导游员	100	50
daoyu	岛屿	1617	39
daozei	盗贼	265	47
daozhang	道长	499	44
daozhi	导致	6498	34
daozhu	岛主	316	46
daozhuan	倒转	286	46
daozi	刀子	595	43
dapai	大牌	326	46
dapai	打牌	126	49
dapan	大盘	946	41
dapao	大炮	1013	41
dapao	打炮	102	50
dapei	搭配	560	44
dapi	大批	2518	38
dapian	大片	1274	40
dapo	打破	1979	38
daqi	大气	1927	39
daqi	大旗	499	44
daqian	大钱	172	48
daqiao	大桥	3288	36
daqiceng	大气层	248	47
daqing	大清	2819	37
daqing	大庆	360	45
daqingguo	大清国	109	50
daqiu	打球	100	50
daqiya	大气压	105	50
daqu	大区	126	49
daqu	打趣	100	50
daquan	大权	722	43
daquan	大全	130	49
darao	打扰	412	45
daren	大人	3573	36
daren	打人	338	46
daru	打入	640	43
dasai	大赛	1020	41
dasan	大三	146	49
dasao	大嫂	422	45
dasao	打扫	386	45
dasha	大厦	777	42
dashan	大山	635	43
dashan	搭讪	106	50
dashang	打伤	295	46
dashaoye	大少爷	105	50
dashe	大赦	144	49
dashen	大神	197	48
dashen	大婶	189	48
dasheng	大声	4698	35
dasheng	大圣	850	42
dasheng	大胜	378	45
dashengjihu	大声疾呼	199	48
dashi	大事	4301	35
dashi	大师	2856	37
dashi	大使	1498	40
dashi	大石	552	44
dashi	大势	173	48
dashiguan	大使馆	279	46
dashisuoqu	大势所趋	108	50
dashitou	大石头	142	49
dashiyiqu	大势已去	134	49
dashou	大寿	257	47
dashu	大树	702	43
dashu	大叔	283	46
dashuai	大帅	337	46
dashui	大水	170	48
dashun	大顺	588	43
dashunchao	大顺朝	140	49
dashunjun	大顺军	227	47
dasi	打死	1643	39
dasi	大肆	560	44
dasi	大四	153	49
dasima	大司马	143	49
dasuan	打算	3154	37
dasuan	大蒜	166	48
databu	大踏步	416	45
datan	打探	319	46
datang	大堂	382	45
datang	大唐	372	45
dati	大体	1656	39
dati	答题	405	45
datie	打铁	108	50
dating	大厅	2273	38
dating	打听	1627	39
datishang	大体上	384	45
datong	大同	563	44
datong	打通	305	46
datong	大通	137	49
datongdao	大通道	300	46
datongxiaoyi	大同小异	129	49
datou	大头	327	46
datuanjie	大团结	380	45
datui	大腿	276	46
datui	打退	144	49
dawan	大碗	352	45
dawan	大湾	268	46
dawang	大王	915	42
dawante	大湾特	512	44
dawei	大为	1557	39
dawei	大卫	170	48
dawei	大维	100	50
dawen	答问	426	45
dawu	大雾	126	49
dawuxian	大悟县	260	47
daxi	大喜	464	44
daxi	达西	309	46
daxi	大戏	147	49
daxia	大侠	793	42
daxia	打下	653	43
daxia	大夏	159	49
daxiagu	大峡谷	385	45
daxiang	大象	271	46
daxiang	打响	269	46
daxiangjingting	大相径庭	105	50
daxiao	大小	5841	34
daxiao	大笑	1313	40
daxiao	打消	176	48
daxiao	大校	168	48
daxiguowang	大喜过望	113	50
daxing	大型	6672	34
daxing	大兴	178	48
daxinganling	大兴安岭	273	46
daxingtumu	大兴土木	215	47
daxiongmao	大熊猫	292	46
daxiu	大修	311	46
daxiyang	大西洋	1518	40
daxuan	大选	626	43
daxue	大学	20025	29
daxue	大雪	378	45
daxuesheng	大学生	3879	36
daxueshi	大学士	1827	39
dayang	大洋	788	42
dayangshu	大杨树	282	46
dayangzhou	大洋洲	312	46
daye	大业	1361	40
daye	大爷	1046	41
daye	大冶	558	44
dayeshi	大冶市	265	47
dayi	大衣	350	45
dayi	大意	215	47
dayi	大义	186	48
dayin	打印	436	45
daying	答应	4126	36
daying	大营	406	45
daying	打赢	235	47
dayinji	打印机	153	49
dayu	大于	1033	41
dayu	大雨	508	44
dayu	大鱼	119	50
dayu	打鱼	118	50
dayuan	大院	319	46
dayuan	大员	154	49
dayuanshuai	大元帅	511	44
dayue	大约	3858	36
dayuejin	大跃进	571	43
dayunhe	大运河	128	49
dazai	搭载	235	47
dazao	打造	661	43
dazeng	大增	290	46
dazhai	大寨	268	46
dazhalan	大栅栏	158	49
dazhan	大战	1238	40
dazhan	大展	115	50
dazhang	打仗	1164	41
dazhang	大张	104	50
dazhangfu	大丈夫	435	45
dazhangqigu	大张旗鼓	145	49
dazhanhongtu	大展宏图	1051	41
dazhaohu	打招呼	370	45
dazhe	打着	1052	41
dazhe	打折	186	48
dazhekou	打折扣	120	50
dazhen	大振	235	47
dazheng	大政	147	49
dazhi	大致	1992	38
dazhong	大众	1523	40
dazhong	打中	329	46
dazhong	大中	234	47
dazhongchengshi	大中城市	214	47
dazhongkuang	大冢匡	128	49
dazhongxing	大中型	668	43
dazhongxuexiao	大中学校	152	49
dazhou	大洲	203	48
dazhuan	大专	601	43
dazhuanxuexiao	大专学校	386	45
dazhuanyuanxiao	大专院校	236	47
dazhujiao	大主教	102	50
dazi	大字	755	42
dazibao	大字报	180	48
daziji	打字机	122	50
daziran	大自然	541	44
dazong	大宗	373	45
dazongtong	大总统	192	48
dazu	大族	156	49
dazuo	大作	435	45
dazuowenzhang	大作文章	131	49
dean	德安	540	44
deanfu	德安府	520	44
debudao	得不到	401	45
decheng	得逞	245	47
dechu	得出	1334	40
decunjinchi	得寸进尺	173	48
dedang	得当	216	47
dedao	得到	18464	30
defen	得分	1027	41
degaowangzhong	德高望重	126	49
deguo	德国	9604	32
deguodui	德国队	140	49
deguoren	德国人	476	44
deheilan	德黑兰	209	47
dehua	的话	5054	35
dehua	德化	232	47
dejia	德甲	108	50
dejiu	得救	104	50
dejun	德军	701	43
delai	得来	553	44
deli	得力	430	45
deli	德里	231	47
deli	得利	118	50
deming	得名	2838	37
dengbaichuan	邓百川	176	48
dengchang	登场	329	46
dengdai	等待	2998	37
dengdao	等到	1083	41
dengdeng	等等	6063	34
dengexuanju	等额选举	257	47
denggao	登高	114	50
dengguang	灯光	1315	40
denghou	等候	1737	39
denghuo	灯火	572	43
dengji	等级	2010	38
dengji	登记	1810	39
dengji	登基	1492	40
dengji	登极	371	45
dengjia	等价	304	46
dengjialing	邓家岭	256	47
dengjiawu	等价物	298	46
dengjiri	登记日	347	45
dengjizaice	登记在册	201	48
dengjizhi	等级制	163	48
dengken	邓肯	224	47
dengliang	等量	139	49
denglizi	等离子	148	49
dengliziti	等离子体	490	44
denglong	灯笼	881	42
denglu	登陆	1513	40
denglu	登录	462	44
denglujian	登陆舰	297	46
dengluting	登陆艇	140	49
dengluzhan	登陆战	115	50
dengmen	登门	177	48
dengpao	灯泡	117	50
dengshan	登山	517	44
dengshandui	登山队	132	49
dengshang	登上	1558	39
dengshi	登时	3150	37
dengshi	瞪视	159	49
dengshikou	灯市口	147	49
dengta	灯塔	179	48
dengtai	登台	429	45
dengtong	等同	197	48
dengtongyu	等同于	195	48
dengxian	等闲	129	49
dengxiaoping	邓小平	4055	36
dengyan	瞪眼	150	49
dengyoumi	邓有米	305	46
dengyu	等于	3258	36
dengyue	登月	169	48
dengzhou	邓州	116	50
dengzi	凳子	352	45
desheng	得胜	371	45
deshengmen	德胜门	203	48
deshi	得失	363	45
deshou	得手	339	46
deti	得体	277	46
detianduhou	得天独厚	377	45
dewen	德文	132	49
dexi	得悉	135	49
dexing	德行	291	46
dexing	德性	127	49
dexinyingshou	得心应手	143	49
deyi	得以	2227	38
deyi	得意	1454	40
deyi	得益	162	48
deyiyangyang	得意洋洋	158	49
deyiyu	得益于	118	50
deyizhi	德意志	577	43
deyu	德语	274	46
deyu	德育	215	47
dezhi	得知	2137	38
dezhou	德州	146	49
dezhu	得主	133	49
dezui	得罪	1504	40
diai	低矮	179	48
dian	堤岸	105	50
dianbao	电报	764	42
dianbo	颠簸	242	47
dianbo	电波	184	48
dianbo	点拨	114	50
dianchang	电场	424	45
dianchang	电厂	213	47
dianche	电车	134	49
dianchi	电池	693	43
dianchi	滇池	117	50
dianci	电磁	640	43
diancibo	电磁波	400	45
diancichang	电磁场	242	47
diancifushe	电磁辐射	102	50
diancixue	电磁学	110	50
diandao	颠倒	438	45
diandeng	电灯	236	47
diandengpao	电灯泡	156	49
diandi	点滴	1171	41
diandian	点点	316	46
diandiantou	点点头	1807	39
dianding	奠定	1804	39
diandong	电动	234	47
diandongji	电动机	301	46
diandonglixue	电动力学	102	50
diandongshi	电动势	141	49
dianer	点儿	745	42
dianfan	典范	316	46
dianfanbao	电饭煲	274	46
dianfei	电费	111	50
dianfen	淀粉	431	45
dianfeng	巅峰	156	49
dianfu	颠覆	301	46
diangong	电工	296	46
diangu	典故	186	48
dianguang	电光	147	49
dianhe	电荷	468	44
dianhou	殿后	136	49
dianhu	佃户	189	48
dianhu	电弧	119	50
dianhua	电话	8354	33
dianhuaji	电话机	166	48
dianhuaxue	电化学	102	50
dianhuo	点火	285	46
dianhuoqi	点火器	260	47
dianji	电机	554	44
dianji	电极	466	44
dianji	点击	382	45
dianji	典籍	314	46
dianji	惦记	271	46
dianji	奠基	159	49
dianjia	电价	155	49
dianjia	店家	148	49
dianjie	电解	201	48
dianjiezhi	电解质	254	47
dianjiezhi	电介质	139	49
dianjiren	奠基人	262	47
dianjunqu	点军区	256	47
dianlan	电缆	352	45
dianli	电力	3225	37
dianli	典礼	814	42
dianli	店里	408	45
dianli	电离	256	47
dianliang	点亮	3266	36
dianliceng	电离层	214	47
dianling	电令	111	50
dianliu	电流	1047	41
dianlu	电路	636	43
dianmao	点卯	157	49
dianmen	地安门	144	49
dianmian	店面	113	50
dianming	点名	162	48
diannao	电脑	3427	36
diannei	殿内	404	45
dianneng	电能	338	46
diannong	佃农	169	48
dianpei	颠沛	144	49
dianping	点评	614	43
dianpu	店铺	672	43
dianqi	电器	1086	41
dianqi	电气	506	44
dianqihua	电气化	443	44
dianqiu	点球	160	49
dianran	点燃	868	42
dianrong	电容	148	49
dianrongqi	电容器	105	50
dianshi	电视	4833	35
dianshi	殿试	1092	41
dianshiji	电视机	456	44
dianshiju	电视剧	583	43
dianshitai	电视台	1275	40
diantai	电台	1188	41
diantang	殿堂	236	47
diantang	店堂	100	50
dianti	电梯	524	44
diantou	点头	3864	36
dianwang	电网	266	47
dianwei	电位	155	49
dianxia	殿下	414	45
dianxian	癫痫	134	49
dianxian	电线	133	49
dianxiaoer	店小二	313	46
dianxin	电信	1387	40
dianxin	点心	339	46
dianxing	典型	3430	36
dianxinye	电信业	104	50
dianxue	点穴	256	47
dianxue	电学	109	50
dianxun	电讯	243	47
dianya	电压	942	41
dianya	典雅	390	45
dianying	电影	4918	35
dianyingjie	电影节	364	45
dianyingting	电影厅	133	49
dianyingyuan	电影院	411	45
dianyuan	电源	594	43
dianyuan	店员	111	50
dianzhan	电站	282	46
dianzhang	典章	347	45
dianzhao	点着	578	43
dianzhen	点阵	101	50
dianzhong	点中	241	47
dianzhu	店主	259	47
dianzhui	点缀	517	44
dianzi	电子	8154	33
dianzi	点子	364	45
dianziguan	电子管	138	49
dianziqijian	电子器件	116	50
dianzishangwu	电子商务	451	44
dianzishu	电子书	741	42
dianzixue	电子学	161	49
dianziyoujian	电子邮件	301	46
dianzizhan	电子战	285	46
dianzu	电阻	303	46
diao	迪奥	122	50
diaobao	碉堡	158	49
diaobo	调拨	131	49
diaocang	吊舱	288	46
diaocha	调查	8332	33
diaodong	调动	1403	40
diaodu	调度	359	45
diaoguanzhen	调关镇	512	44
diaohua	雕花	149	49
diaoji	调集	377	45
diaojiaolou	吊脚楼	344	45
diaoke	雕刻	1520	40
diaolai	调来	215	47
diaolan	雕栏	276	46
diaoli	调离	104	50
diaoluo	掉落	102	50
diaopei	调配	205	48
diaoqian	调遣	300	46
diaoqiao	吊桥	202	48
diaoren	调任	196	48
diaoru	调入	133	49
diaosi	吊死	130	49
diaosu	雕塑	885	42
diaosujia	雕塑家	101	50
diaotou	掉头	248	47
diaoxiang	雕像	372	45
diaoxiao	吊销	100	50
diaoxu	调蓄	271	46
diaoyan	调研	605	43
diaoyan	吊唁	180	48
diaoyong	调用	343	45
diaoyu	钓鱼	317	46
diaoyudao	钓鱼岛	339	46
diaozhuan	掉转	117	50
diaozhuo	雕琢	109	50
diaozi	调子	158	49
diaozuan	刁钻	101	50
diba	第八	436	45
diba	堤坝	107	50
dibai	迪拜	113	50
dibajie	第八届	157	49
diban	地板	681	43
dibanchang	地板厂	256	47
dibazhang	第八章	185	48
dibei	地被	449	44
dibiao	地表	943	41
dibiaoshui	地表水	352	45
dibu	地步	1071	41
dibu	底部	784	42
diceng	地层	1094	41
diceng	底层	445	44
dichan	地产	426	45
dichang	抵偿	103	50
dichao	低潮	233	47
dichen	低沉	382	45
dichu	地处	2766	37
dichu	抵触	2601	37
dichui	低垂	163	48
dici	地磁	124	50
dicichang	地磁场	122	50
dida	抵达	988	41
didai	地带	2601	37
didaixing	地带性	209	47
didang	抵挡	876	42
didao	地道	431	45
didi	弟弟	1625	39
didi	地底	245	47
didian	地点	2357	38
didiao	低调	218	47
diding	滴定	241	47
didong	地洞	114	50
diduan	地段	423	45
diduan	低端	156	49
didui	敌对	462	44
diedang	跌宕	172	48
diedao	跌倒	377	45
diedie	爹爹	2952	37
diediezhuangzhuang	跌跌撞撞	144	49
diefu	跌幅	124	50
diejia	叠加	207	48
dieluo	跌落	305	46
diema	爹妈	141	49
dieniang	爹娘	321	46
dier	第二	9146	32
dierbu	第二步	241	47
dierbu	第二部	131	49
dierceng	第二层	134	49
dierchang	第二场	121	50
dierchanye	第二产业	538	44
dierchong	第二重	135	49
dierci	第二次	3031	37
dierdai	第二代	354	45
dierdao	第二道	228	47
dierge	第二个	1509	40
dierguoji	第二国际	103	50
dierji	第二级	321	46
dierjian	第二件	156	49
dierjie	第二节	309	46
dierjie	第二届	238	47
dierjuan	第二卷	294	46
dierlei	第二类	187	48
dierlun	第二轮	243	47
dierming	第二名	252	47
diernian	第二年	682	43
dierpaobing	第二炮兵	347	45
dierpi	第二批	469	44
dierri	第二日	117	50
diertian	第二天	2578	37
diertiao	第二条	251	47
dieru	跌入	145	49
dierwei	第二位	387	45
dierzhang	第二章	302	46
dierzhong	第二种	328	46
diezi	碟子	122	50
difang	地方	52641	25
difang	敌方	686	43
difang	提防	625	43
difang	堤防	113	50
difangguan	地方官	376	45
difangxing	地方性	3760	36
difen	低分	139	49
digei	递给	1022	41
digong	地宫	207	48
digu	低估	287	46
digu	嘀咕	253	47
digu	低谷	148	49
diguo	帝国	3655	36
diguo	敌国	234	47
diguozhuyi	帝国主义	5674	34
dihou	敌后	704	43
diji	低级	462	44
diji	敌机	366	45
diji	地基	296	46
dijia	低价	436	45
dijian	递减	278	46
dijiao	递交	274	46
dijiao	地窖	123	50
dijie	缔结	1195	40
dijishi	地级市	885	42
dijiu	第九	444	44
dijiujie	第九届	331	46
dijiujuan	第九卷	104	50
dijun	敌军	985	41
dikang	抵抗	1866	39
dikangli	抵抗力	223	47
dikong	低空	369	45
dikongdaodan	地空导弹	301	46
dikuai	地块	112	50
dila	地拉	114	50
dilai	抵赖	115	50
dilei	地雷	460	44
dili	地理	8066	33
dili	地里	572	43
dilian	低廉	291	46
diliu	第六	697	43
diliuci	第六次	945	41
diliujie	第六届	166	48
diliuzhang	第六章	237	47
dilixue	地理学	827	42
dilixuejia	地理学家	161	49
diluo	低落	215	47
diman	地幔	168	48
dimao	地貌	1497	40
dimei	弟妹	134	49
dimi	低迷	182	48
dimian	地面	6096	34
dimian	底面	304	46
diming	地名	406	45
dingbu	顶部	570	43
dingchu	定出	104	50
dingchunqiu	丁春秋	314	46
dingdage	丁大哥	117	50
dingdan	订单	300	46
dingdang	叮当	170	48
dingdawang	丁大旺	256	47
dingdian	定点	257	47
dingdian	顶点	235	47
dingdingdangdang	叮叮当当	137	49
dingdu	定都	214	47
dingduan	顶端	666	43
dingduo	顶多	262	47
dingduo	定夺	128	49
dinge	定额	455	44
dingfeng	顶峰	247	47
dinggou	订购	316	46
dingguobao	丁国宝	135	49
dinghun	订婚	136	49
dinghuo	订货	251	47
dingji	顶级	284	46
dingjia	定价	603	43
dingjian	顶尖	183	48
dingjing	定睛	189	48
dingju	定居	829	42
dingju	定局	138	49
dingli	订立	713	43
dingli	定理	596	43
dingli	鼎立	322	46
dingliang	定量	393	45
dingliangfenxi	定量分析	100	50
dinglun	定论	257	47
dinglv	定律	1417	40
dingmao	丁卯	277	46
dingming	定名	291	46
dingminjun	丁敏君	161	49
dingnengtong	丁能通	1233	40
dingning	叮咛	112	50
dingpeng	顶棚	189	48
dingqi	定期	1389	40
dingran	定然	716	43
dingruchang	丁汝昌	317	46
dingshang	顶上	651	43
dingshang	盯上	105	50
dingsheng	鼎盛	279	46
dingshi	定时	292	46
dingshisun	丁石孙	262	47
dingsitian	丁思甜	493	44
dingti	顶替	157	49
dingwei	定位	1650	39
dingwei	定为	1060	41
dingxia	定下	297	46
dingxiang	定向	860	42
dingxiang	丁香	132	49
dingxing	定型	416	45
dingxing	定性	309	46
dingyi	定义	1823	39
dingyu	定于	255	47
dingyuan	定远	182	48
dingzhi	定制	324	46
dingzhu	叮嘱	419	45
dingzhu	顶住	343	45
dingzhu	盯住	289	46
dingzhuang	顶撞	122	50
dingzi	钉子	229	47
dingzui	定罪	119	50
diouni	狄欧尼	160	49
dipan	地盘	353	45
dipan	底盘	241	47
dipi	地皮	123	50
dipin	低频	105	50
dipingxian	地平线	158	49
dipu	地铺	169	48
diqi	第七	781	42
diqiao	地壳	744	42
diqici	第七次	106	50
diqijie	第七届	110	50
diqing	敌情	179	48
diqiu	地球	4590	35
diqiuhuaxue	地球化学	276	46
diqizhang	第七章	252	47
diqu	地区	39590	26
dique	的确	2135	38
diquxing	地区性	221	47
dire	地热	184	48
diren	敌人	10175	32
disan	第三	4818	35
disanbu	第三步	122	50
disanchanye	第三产业	424	45
disanci	第三次	891	42
disandai	第三代	499	44
disanfang	第三方	134	49
disange	第三个	671	43
disanji	第三纪	321	46
disanjie	第三届	264	47
disanjuan	第三卷	406	45
disanming	第三名	372	45
disanpi	第三批	740	42
disanshijie	第三世界	244	47
disantian	第三天	268	46
disantiao	第三条	144	49
disanwei	第三位	220	47
disanzhang	第三章	330	46
disanzhe	第三者	196	48
disanzhong	第三种	339	46
dishang	地上	4925	35
disheng	低声	3202	37
disheng	笛声	170	48
dishi	地势	3045	37
dishi	第十	213	47
dishi	敌视	189	48
dishiba	第十八	122	50
dishici	第十次	125	50
dishier	第十二	109	50
dishijie	第十届	330	46
dishini	迪士尼	195	48
dishiqiqi	第十七期	257	47
dishiyi	第十一	220	47
dishou	敌手	486	44
dishouru	低收入	126	49
dishui	滴水	152	49
disi	第四	3092	37
disici	第四次	381	45
disidai	第四代	180	48
disige	第四个	190	48
disiji	第四纪	298	46
disijie	第四节	239	47
disijie	第四届	202	48
disijuan	第四卷	205	48
disini	迪斯尼	331	46
disiwei	第四位	126	49
disizhang	第四章	278	46
disizhong	第四种	122	50
disu	低速	176	48
ditai	地台	146	49
ditan	地毯	747	42
ditan	地坛	293	46
ditanchang	地毯厂	259	47
ditelv	底特律	113	50
ditie	地铁	1127	41
ditou	低头	1756	39
ditou	地头	107	50
ditu	地图	3085	37
diudiao	丢掉	340	46
diulian	丢脸	184	48
diuqi	丢弃	146	49
diuren	丢人	188	48
diushi	丢失	437	45
diuxia	丢下	354	45
diwa	低洼	202	48
diwang	帝王	1918	39
diwei	地位	11660	31
diwei	地委	387	45
diwei	帝位	255	47
diwei	低微	212	47
diwen	低温	748	42
diwo	敌我	356	45
diwu	第五	1391	40
diwuci	第五次	893	42
diwudai	第五代	121	50
diwujie	第五届	505	44
diwuzhang	第五章	218	47
dixi	底细	116	50
dixi	嫡系	101	50
dixia	地下	4708	35
dixia	低下	1181	41
dixia	底下	1138	41
dixia	地峡	132	49
dixiadang	地下党	121	50
dixian	底线	205	48
dixiao	抵消	195	48
dixiao	抵销	122	50
dixiashi	地下室	213	47
dixiashui	地下水	1244	40
dixing	地形	1801	39
dixiong	弟兄	1748	39
diya	抵押	373	45
diya	低压	202	48
diyi	第一	17725	30
diyi	敌意	240	47
diyiben	第一本	104	50
diyibu	第一部	941	41
diyibu	第一步	540	44
diyiceng	第一层	104	50
diyichang	第一场	141	49
diyichanye	第一产业	527	44
diyici	第一次	6509	34
diyidai	第一代	385	45
diyidao	第一道	253	47
diyifen	第一分	290	46
diyifen	第一份	121	50
diyifeng	第一峰	269	46
diyifu	第一副	146	49
diyige	第一个	4092	36
diyiguan	第一罐	257	47
diyiji	第一级	105	50
diyijia	第一家	299	46
diyijia	第一架	165	48
diyijian	第一件	436	45
diyijie	第一届	875	42
diyijie	第一节	273	46
diyiju	第一句	186	48
diyijuan	第一卷	352	45
diyike	第一颗	241	47
diyilei	第一类	158	49
diyiliu	第一流	185	48
diyilun	第一轮	183	48
diyimen	第一门	150	49
diyimian	第一面	274	46
diyiming	第一名	543	44
diying	敌营	100	50
diyinian	第一年	181	48
diyipi	第一批	1068	41
diyipian	第一篇	160	49
diyiqi	第一期	414	45
diyiren	第一任	198	48
diyishou	第一手	105	50
diyisou	第一艘	165	48
diyitai	第一台	343	45
diyitian	第一天	603	43
diyitiao	第一条	269	46
diyiwei	第一位	650	43
diyixian	第一线	283	46
diyiye	第一页	110	50
diyizhang	第一章	330	46
diyizhong	第一种	542	44
diyizhong	第一重	135	49
diyizuo	第一座	277	46
diyu	低于	2100	38
diyu	地域	1470	40
diyu	抵御	857	42
diyu	地狱	616	43
diyuan	堤垸	259	47
diyuan	地缘	138	49
diyueguo	缔约国	186	48
diyun	底蕴	131	49
dizao	缔造	206	48
dizeng	递增	1798	39
dizhen	地震	2663	37
dizhen	敌阵	115	50
dizhi	地址	3386	36
dizhi	地质	3014	37
dizhi	抵制	833	42
dizhi	帝制	441	44
dizhixue	地质学	375	45
dizhixuejia	地质学家	178	48
dizhonghai	地中海	1289	40
dizhu	地主	1742	39
dizhujieji	地主阶级	249	47
dizi	弟子	6071	34
dizi	笛子	196	48
dizi	底子	175	48
dizu	地租	1251	40
dizuo	底座	246	47
dongan	东岸	522	44
dongan	东安	175	48
donganmen	东安门	282	46
dongaohui	冬奥会	107	50
dongbaoqu	东宝区	258	47
dongbei	东北	6082	34
dongbeibu	东北部	955	41
dongbeice	东北侧	139	49
dongbeidaxue	东北大学	831	42
dongbeidiqu	东北地区	492	44
dongbeijiao	东北角	139	49
dongbeijun	东北军	234	47
dongbian	东边	819	42
dongbiwu	董必武	364	45
dongbu	东部	5551	34
dongbudong	动不动	348	45
dongce	东侧	1242	40
dongcha	洞察	101	50
dongchanganjie	东长安街	397	45
dongchaoxi	东朝西	130	49
dongcheng	东城	593	43
dongci	动词	277	46
dongdan	东单	159	49
dongdang	动荡	666	43
dongdao	东道	314	46
dongdaozhu	东道主	151	49
dongde	懂得	2185	38
dongdong	咚咚	254	47
dongdu	东渡	117	50
dongduan	东段	188	48
dongduan	东端	112	50
dongfang	东方	3993	36
dongfang	洞房	125	50
dongfanghong	东方红	112	50
dongfei	东非	311	46
dongfeng	东风	1075	41
donggan	动感	138	49
donggong	动工	433	45
donggong	东宫	281	46
donggua	冬瓜	344	45
dongguan	东莞	275	46
dongguan	东关	121	50
donghai	东海	923	42
donghaian	东海岸	176	48
donghaijiandui	东海舰队	133	49
donghan	东汉	2005	38
donghu	东湖	1866	39
donghua	动画	262	47
donghuamen	东华门	255	47
donghuapian	动画片	132	49
dongji	冬季	1580	39
dongji	动机	982	41
dongjia	董家	273	46
dongjia	东家	222	47
dongjiang	东江	174	48
dongjianhua	董建华	145	49
dongjiao	东郊	154	49
dongjiaominxiang	东交民巷	1042	41
dongjie	冻结	378	45
dongjie	东街	160	49
dongjin	东晋	676	43
dongjing	东京	2541	37
dongjing	动静	1379	40
dongjing	东经	1271	40
dongkai	洞开	212	47
dongkou	洞口	736	42
dongku	洞窟	272	46
donglahe	东拉河	114	50
donglai	东来	141	49
dongli	动力	3367	36
dongliang	动量	212	47
donglianwu	东连吴	258	47
donglin	东林	187	48
donglindang	东林党	361	45
donglixue	动力学	624	43
donglu	东路	447	44
dongluan	动乱	455	44
dongmai	动脉	458	44
dongman	动漫	139	49
dongmen	东门	409	45
dongmen	洞门	128	49
dongmeng	东盟	264	47
dongmian	东面	438	45
dongmian	冬眠	171	48
dongnan	东南	4271	35
dongnanbu	东南部	1297	40
dongnandaxue	东南大学	106	50
dongnanjiao	东南角	128	49
dongnanxibei	东南西北	126	49
dongnanya	东南亚	1648	39
dongneng	动能	291	46
dongnu	动怒	117	50
dongnuange	东暖阁	163	48
dongou	东欧	726	42
dongpanger	董庞儿	106	50
dongping	东平	130	49
dongpo	东坡	437	45
dongporou	东坡肉	260	47
dongqi	东起	120	50
dongqing	动情	190	48
dongren	动人	590	43
dongri	冬日	133	49
dongrong	动容	111	50
dongsansheng	东三省	123	50
dongshan	东山	141	49
dongshen	动身	649	43
dongsheng	东升	553	44
dongshengzhen	东升镇	256	47
dongshi	董事	1190	41
dongshi	懂事	389	45
dongshihui	董事会	2461	38
dongshizhang	董事长	1071	41
dongshou	动手	3082	37
dongsi	冻死	151	49
dongtai	动态	3053	37
dongtan	动弹	747	42
dongtian	冬天	1194	41
dongting	洞庭	366	45
dongting	动听	177	48
dongtinghu	洞庭湖	2593	37
dongtou	东头	110	50
dongtu	冻土	242	47
dongwei	东魏	184	48
dongwu	动物	8230	33
dongwu	东吴	381	45
dongwu	动武	214	47
dongwujie	动物界	150	49
dongwuqun	动物群	160	49
dongwuyuan	动物园	346	45
dongxi	东西	18877	29
dongxian	东线	153	49
dongxiang	动向	429	45
dongxiaowan	董小宛	709	43
dongxifang	东西方	280	46
dongxihuqu	东西湖区	259	47
dongxin	动心	169	48
dongxixiang	东西向	130	49
dongxue	洞穴	681	43
dongya	东亚	960	41
dongyang	东洋	187	48
dongyao	动摇	813	42
dongyi	动议	115	50
dongyi	东夷	114	50
dongyong	动用	566	43
dongyuan	动员	1657	39
dongyue	东岳	807	42
dongzhan	东站	159	49
dongzhangxiwang	东张西望	124	50
dongzhe	动辄	215	47
dongzheng	东征	417	45
dongzhengjiao	东正教	203	48
dongzhi	冬至	306	46
dongzhi	东至	284	46
dongzhi	东芝	104	50
dongzhiwu	动植物	475	44
dongzhiwuyuan	动植物园	266	47
dongzhou	东州	332	46
dongzhou	东周	128	49
dongzhuo	董卓	191	48
dongzu	侗族	853	42
dongzuo	动作	3344	36
doubi	陡壁	292	46
doudan	斗胆	106	50
doudong	抖动	368	45
doufu	豆腐	1078	41
dougong	斗拱	398	45
doujiang	豆浆	114	50
douke	豆科	133	49
doulei	豆类	280	46
douli	兜里	109	50
douling	都灵	141	49
douliu	逗留	312	46
doumeiyi	窦美仪	162	48
douniu	斗牛	121	50
douou	斗殴	132	49
doupeng	斗篷	175	48
doupo	陡坡	114	50
douqiao	陡峭	278	46
douquanzi	兜圈子	110	50
douran	陡然	471	44
dousi	都司	139	49
douxing	都行	175	48
douzheng	斗争	9529	32
douzhi	斗志	365	45
douzi	豆子	101	50
duanbi	断臂	103	50
duanceng	断层	519	44
duanchang	断肠	134	49
duancheng	短程	154	49
duancu	短促	213	47
duandai	断代	364	45
duandao	短刀	238	47
duande	端的	520	44
duanding	断定	579	43
duanduan	短短	554	44
duanduande	短短的	436	45
duanduanxuxu	断断续续	371	45
duanfa	短发	108	50
duanhuangye	段皇爷	111	50
duanjian	短剑	341	46
duanjue	断绝	402	45
duankou	端口	174	48
duanku	短裤	118	50
duanlian	锻炼	1689	39
duanlie	断裂	756	42
duanliedai	断裂带	124	50
duanluo	段落	193	48
duanmen	端门	549	44
duanmian	断面	147	49
duanming	短命	253	47
duanni	端倪	220	47
duanpian	短篇	116	50
duanpianxiaoshuo	短篇小说	399	45
duanqi	短期	1556	39
duanqirui	段祺瑞	831	42
duanque	短缺	438	45
duanran	断然	383	45
duanshijian	段时间	154	49
duansisi	段思思	256	47
duansong	断送	170	48
duantiande	段天德	103	50
duanwen	短文	156	49
duanwujie	端午节	123	50
duanxian	短线	341	46
duanxiang	端详	249	47
duanxiao	短小	233	47
duanxin	短信	767	42
duanxu	断续	133	49
duanya	断崖	101	50
duanyan	断言	311	46
duanyanqing	段延庆	147	49
duanzan	短暂	675	43
duanzao	锻造	142	49
duanzheng	端正	385	45
duanzhengchun	段正淳	739	42
duanzhuang	端庄	231	47
duanzi	段子	132	49
duanzi	缎子	123	50
duanzuo	端坐	264	47
duban	督办	199	48
dubo	赌博	610	43
ducai	独裁	588	43
ducaizhe	独裁者	210	47
ducha	督察	879	42
ducha	督查	284	46
duchang	赌场	221	47
duchang	独唱	109	50
duchayuan	都察院	678	43
ducheng	都城	886	42
duchong	毒虫	188	48
duchu	读出	104	50
duchuang	独创	148	49
duchuangxing	独创性	103	50
ducu	督促	347	45
dudao	独到	221	47
dudao	督导	104	50
dudou	肚兜	101	50
dudu	都督	942	41
dudufu	都督府	631	43
dufu	杜甫	1304	40
dufu	督抚	118	50
dugu	独孤	171	48
duguo	度过	930	41
duguo	渡过	634	43
duhai	毒害	162	48
duhai	渡海	113	50
duhe	渡河	325	46
duian	对岸	303	46
duibai	对白	186	48
duibi	对比	1175	41
duibuqi	对不起	1052	41
duibuzhu	对不住	125	50
duice	对策	833	42
duichen	对称	928	42
duichenxing	对称性	148	49
duici	对此	1169	41
duida	对答	225	47
duidai	对待	1920	39
duideqi	对得起	235	47
duidi	对敌	446	44
duifang	对方	6479	34
duifang	堆放	119	50
duifu	对付	2750	37
duihua	对话	1433	40
duihua	对华	392	45
duihuan	兑换	1409	40
duiji	堆积	810	42
duijie	对接	189	48
duijue	对决	131	49
duikang	对抗	1799	39
duikou	对口	459	44
duile	对了	695	43
duili	对立	1297	40
duili	队里	227	47
duilian	对联	430	45
duilie	队列	180	48
duilimian	对立面	121	50
duiliu	对流	180	48
duiman	堆满	193	48
duimian	对面	1549	39
duinei	对内	274	46
duiou	对偶	131	49
duisheng	对生	189	48
duishi	对视	185	48
duishou	对手	4064	36
duishu	对数	164	48
duitou	对头	193	48
duiwai	对外	4207	35
duiwaikaifang	对外开放	1360	40
duiwaimaoyi	对外贸易	656	43
duiwu	队伍	7420	33
duixian	兑现	259	47
duixiang	对象	4511	35
duixing	队形	199	48
duiying	对应	1087	41
duiyou	队友	731	42
duiyu	对于	18058	30
duiyuan	队员	3137	37
duizhang	队长	1688	39
duizhao	对照	516	44
duizhen	对阵	301	46
duizheng	对症	155	49
duizhi	对峙	435	45
duizhun	对准	759	42
duizi	对子	112	50
duji	妒忌	153	49
duji	毒剂	135	49
duji	毒计	115	50
dujia	度假	1002	41
dujia	独家	413	45
dujiacun	度假村	127	49
dujiang	渡江	592	43
dujiangyan	都江堰	177	48
dujie	堵截	274	46
dujin	镀金	101	50
duju	独具	657	43
dujuan	杜鹃	406	45
dujuanhua	杜鹃花	863	42
dujue	杜绝	593	43
dujun	督军	177	48
dujushi	独居石	551	44
dujutese	独具特色	368	45
dujuyige	独具一格	286	46
dukou	渡口	311	46
dula	毒辣	207	48
duli	独立	9907	32
duli	肚里	393	45
duliang	度量	237	47
dulianti	独联体	315	46
dulidiao	杜里调	128	49
duliguojia	独立国家	208	47
dulixing	独立性	301	46
dulizizhu	独立自主	617	43
dulumen	杜鲁门	168	48
duncu	敦促	236	47
dunhe	顿河	102	50
dunhuang	敦煌	774	42
dunjue	顿觉	104	50
dunliangtian	吨粮田	258	47
dunpai	盾牌	177	48
dunshi	顿时	2285	38
duntai	墩台	284	46
dunwei	吨位	140	49
dunxia	蹲下	297	46
dunzu	顿足	234	47
dunzuo	蹲坐	132	49
duoban	多半	1619	39
duobi	躲避	708	43
duobian	多边	290	46
duobian	多变	275	46
duobu	多部	199	48
duobu	踱步	115	50
duocang	躲藏	163	48
duoceng	多层	150	49
duocengci	多层次	177	48
duochu	多处	376	45
duochu	多出	282	46
duoci	多次	5410	34
duoda	多达	278	46
duodangzhi	多党制	107	50
duodaoqu	掇刀区	256	47
duode	夺得	1287	40
duodeduo	多得多	141	49
duodian	多点	129	49
duoduo	多多	382	45
duoduobiren	咄咄逼人	194	48
duoduoshaoshao	多多少少	113	50
duoergun	多尔衮	1161	41
duofa	多发	154	49
duofang	多方	506	44
duofangmian	多方面	135	49
duoge	多个	3543	36
duoge	多哥	115	50
duogen	多根	176	48
duogongli	多公里	292	46
duogongneng	多功能	275	46
duogongnengting	多功能厅	148	49
duogua	多寡	189	48
duoguan	夺冠	472	44
duoguo	躲过	211	47
duohui	夺回	384	45
duojia	多家	1323	40
duojia	多架	110	50
duojiao	跺脚	228	47
duojicairang	多吉才让	264	47
duojihua	多极化	119	50
duojiu	多久	1215	40
duokai	躲开	294	46
duokong	多孔	137	49
duokou	垛口	409	45
duokuangerchu	夺眶而出	109	50
duokui	多亏	228	47
duolu	多路	170	48
duolu	夺路	140	49
duolunduo	多伦多	155	49
duoluo	堕落	390	45
duoluo	多罗	199	48
duome	多么	2899	37
duomeiti	多媒体	545	44
duomi	多米	478	44
duoming	多名	1103	41
duomu	夺目	242	47
duonaohe	多瑙河	273	46
duonian	多年	7450	33
duoniansheng	多年生	240	47
duopian	多篇	141	49
duopingfangmi	多平方米	112	50
duopulei	多普勒	155	49
duoqi	多期	275	46
duoqianmi	多千米	178	48
duoqu	夺取	2163	38
duoqu	夺去	397	45
duoquan	夺权	185	48
duori	多日	252	47
duoru	堕入	128	49
duoshan	躲闪	235	47
duoshao	多少	10457	32
duoshu	多数	4471	35
duosou	多艘	112	50
duosui	多岁	411	45
duosuo	多所	440	44
duosuo	哆嗦	380	45
duotai	多胎	265	47
duotian	多天	374	45
duotiao	多条	578	43
duotou	多头	125	50
duowan	多万	811	42
duowanyuan	多万元	133	49
duowei	多位	202	48
duoxiang	多项	523	44
duoxie	多谢	911	42
duoxie	多些	126	49
duoxing	惰性	108	50
duoyang	多样	869	42
duoyanghua	多样化	459	44
duoyangxing	多样性	359	45
duoyi	多疑	146	49
duoyidian	多一点	215	47
duoyixie	多一些	235	47
duoyong	多用	695	43
duoyu	多于	970	41
duoyu	多余	596	43
duoyuan	多元	516	44
duoyuanhua	多元化	455	44
duoyue	多月	422	45
duoze	多则	161	49
duozhang	多长	375	45
duozhe	多者	122	50
duozhe	多着	119	50
duozhi	多只	188	48
duozhong	多种	7255	33
duozhong	多重	243	47
duozhongduoyang	多种多样	335	46
duozhu	舵主	536	44
duozi	多子	359	45
duozou	夺走	141	49
duozuo	多座	481	44
dupi	肚皮	309	46
dupin	毒品	566	43
duqi	毒气	278	46
duqi	赌气	219	47
duqian	赌钱	179	48
duri	度日	136	49
duse	堵塞	472	44
dushe	毒蛇	570	43
dushengzinv	独生子女	175	48
dushenyan	杜审言	263	47
dushi	都市	692	43
dushou	毒手	498	44
dushu	读书	2347	38
dushuren	读书人	517	44
dushuyizhi	独树一帜	362	45
dusi	毒死	186	48
dusi	堵死	111	50
dusu	毒素	443	44
dute	独特	3638	36
dutiehuan	杜铁环	259	47
dutong	都统	341	46
duwan	读完	476	44
duwei	都尉	188	48
duwu	毒物	475	44
duwu	读物	269	46
duxie	读写	182	48
duxing	毒性	842	42
duyao	毒药	554	44
duye	毒液	139	49
duyijin	杜宜瑾	258	47
duyiwuer	独一无二	207	48
duyou	独有	444	44
duzhan	督战	197	48
duzhan	独占	185	48
duzhe	读者	2695	37
duzhong	杜仲	370	45
duzhu	堵住	325	46
duzhu	赌注	101	50
duzi	肚子	1736	39
duzi	独自	1091	41
duzi	独资	189	48
duzou	独奏	155	49
duzun	独尊	184	48
eba	恶霸	115	50
ecaiyu	鄂菜鱼	256	47
echengqu	鄂城区	256	47
echou	恶臭	130	49
edong	鄂东	1075	41
edou	恶斗	254	47
edu	恶毒	285	46
edu	额度	185	48
efang	俄方	134	49
egong	俄共	209	47
eguaduoer	厄瓜多尔	209	47
egui	恶鬼	259	47
eguo	俄国	2626	37
eguo	恶果	120	50
eguoren	俄国人	254	47
ehao	噩耗	110	50
ehenhen	恶狠狠	256	47
ehua	恶化	743	42
ejiao	额角	124	50
ejun	俄军	432	45
elang	饿狼	104	50
elianbang	俄联邦	101	50
elie	恶劣	1009	41
eluosi	俄罗斯	6099	34
emei	峨嵋	548	44
emeishan	峨眉山	169	48
emeng	噩梦	240	47
emituofo	阿弥陀佛	357	45
emo	恶魔	158	49
enai	恩爱	139	49
enan	鄂南	1038	41
enci	恩赐	114	50
ende	恩德	188	48
endian	恩典	151	49
engesi	恩格斯	384	45
engong	恩公	188	48
enhui	恩惠	110	50
eniang	额娘	175	48
enjuan	恩娟	109	50
enkun	蒽醌	281	46
enqing	恩情	139	49
enren	恩人	249	47
enshi	恩施	1861	39
enshi	恩师	428	45
enshishi	恩施市	1037	41
enshizhou	恩施州	522	44
enyuan	恩怨	176	48
epian	萼片	105	50
eqi	恶气	130	49
eran	愕然	431	45
erba	尔巴	172	48
erbai	二百	236	47
erbian	耳边	844	42
erceng	二层	133	49
ercheng	二成	159	49
erchi	二尺	135	49
erci	二次	984	41
erdao	二道	240	47
erdeng	二等	193	48
erdengjiang	二等奖	257	47
erduo	耳朵	2141	38
eren	恶人	594	43
erfen	二分	417	45
erge	二哥	714	43
erge	二个	186	48
erguang	耳光	615	43
erhao	二号	209	47
erhou	而后	651	43
erhou	尔后	200	48
erhu	二胡	115	50
erhuabushuo	二话不说	145	49
erhuan	二环	288	46
erhuan	耳环	120	50
erji	二级	1863	39
erji	耳机	270	46
erjie	二届	104	50
erjiguan	二极管	147	49
erjin	而今	292	46
erke	儿科	115	50
erlai	二来	610	43
erlang	二郎	118	50
erlangmiao	二郎庙	266	47
erlao	二老	219	47
erlei	二类	114	50
erli	而立	601	43
erli	二里	104	50
erliang	二两	136	49
erliao	饵料	132	49
erlitou	二里头	277	46
erlong	二龙	290	46
erlong	耳聋	128	49
erlongxizhu	二龙戏珠	133	49
erlou	二楼	256	47
erlu	二路	1047	41
erlun	而论	579	43
erlv	二氯	276	46
ermen	二门	282	46
erming	耳鸣	130	49
ermu	耳目	362	45
ermuyixin	耳目一新	110	50
ernai	二奶	108	50
ernian	二年	2328	38
erniang	二娘	134	49
ernv	儿女	973	41
erpan	耳畔	123	50
erpao	二炮	181	48
erpin	二品	215	47
erqi	二七	316	46
erqi	二期	203	48
erqian	二千	223	47
erqie	而且	22638	29
erqilu	二七路	257	47
erren	二人	7705	33
erri	二日	114	50
ersan	二三	124	50
ersanshi	二三十	206	48
ershi	而是	10185	32
ershi	二十	1408	40
ershi	二世	671	43
ershi	儿时	162	48
ershiba	二十八	109	50
ershibanian	二十八年	208	47
ershibaxiu	二十八宿	106	50
ershiduonian	二十多年	321	46
ershiernian	二十二年	291	46
ershige	二十个	182	48
ershijiunian	二十九年	178	48
ershili	二十里	182	48
ershiliu	二十六	103	50
ershiliunian	二十六年	362	45
ershimi	二十米	102	50
ershiming	二十名	104	50
ershinian	二十年	1227	40
ershiqinian	二十七年	580	43
ershiqiri	二十七日	334	46
ershiri	二十日	125	50
ershisan	二十三	107	50
ershisannian	二十三年	242	47
ershisi	二十四	313	46
ershisinian	二十四年	518	44
ershisui	二十岁	244	47
ershiwan	二十万	260	47
ershiwanliang	二十万两	118	50
ershiwu	二十五	263	47
ershiwunian	二十五年	249	47
ershiyi	二十一	346	45
ershiyinian	二十一年	248	47
ershiyitiao	二十一条	344	45
ershiyu	二十余	148	49
ershiyunian	二十余年	144	49
ershu	二数	128	49
ersi	尔斯	104	50
ersun	儿孙	130	49
ertong	儿童	5456	34
ertongwenxue	儿童文学	130	49
erwai	而外	108	50
erwan	二万	112	50
erwei	二位	929	42
erwei	二维	157	49
erwen	耳闻	113	50
erxi	儿媳	291	46
erxi	儿戏	134	49
erxifu	儿媳妇	229	47
eryan	而言	3906	36
eryanghualiu	二氧化硫	166	48
eryanghuatan	二氧化碳	581	43
erye	二爷	492	44
eryi	而已	3085	37
eryu	耳语	139	49
eryuan	二元	219	47
eryue	二月	1036	41
erze	二则	468	44
erzhan	二战	576	43
erzhe	二者	1264	40
erzhong	二中	556	44
erzhongquanhui	二中全会	243	47
erzhu	二柱	256	47
erzi	儿子	9364	32
esanzhou	鄂三州	256	47
esha	扼杀	147	49
esi	饿死	721	43
etou	额头	930	41
ewai	额外	1486	40
ewan	鄂皖	266	47
exi	鄂西	2300	38
exi	恶习	114	50
exibei	鄂西北	789	42
exin	恶心	696	43
exing	恶性	463	44
exing	恶行	183	48
exingxunhuan	恶性循环	134	49
exingzhongliu	恶性肿瘤	227	47
eyi	恶意	359	45
eyu	鳄鱼	182	48
eyu	俄语	153	49
eyun	厄运	134	49
eyushan	鄂豫陕	263	47
eyuwan	鄂豫皖	685	43
ezei	恶贼	241	47
ezhan	恶战	169	48
ezhi	遏制	716	43
ezhi	遏止	141	49
ezhou	鄂州	1608	39
ezhoushi	鄂州市	1553	39
ezuoju	恶作剧	134	49
faan	法案	507	44
fabai	发白	160	49
fabao	法宝	245	47
fabiao	发表	8028	33
fabing	发病	947	41
fabing	发兵	242	47
fabinglv	发病率	353	45
fabu	发布	7785	33
fabuhui	发布会	4417	35
fabuquan	发布权	259	47
fabuting	发布厅	213	47
facai	发财	355	45
fachou	发愁	296	46
fachu	发出	5628	34
fada	发达	5557	34
fadaguojia	发达国家	1356	40
fadian	发电	858	42
fadian	法典	554	44
fadianchang	发电厂	118	50
fadianji	发电机	345	45
fadianliang	发电量	105	50
fading	法定	1305	40
fadong	发动	5248	35
fadongji	发动机	2584	37
fadou	发抖	658	43
fadu	法度	216	47
faer	法儿	118	50
fafang	发放	1397	40
fafeng	发疯	262	47
fagao	发稿	113	50
fagei	发给	483	44
faguan	法官	813	42
faguang	发光	957	41
fagui	法规	9539	32
faguo	法国	11361	31
faguodui	法国队	218	47
faguoren	法国人	473	44
faguozhengfu	法国政府	114	50
fahaoshiling	发号施令	223	47
fahei	发黑	134	49
fahong	发红	135	49
fahua	发话	121	50
fahuang	发黄	111	50
fahui	发挥	5889	34
fahuo	发火	138	49
faji	发髻	120	50
fajia	法家	160	49
fajiao	发酵	358	45
fajin	罚金	148	49
fajue	发掘	1579	39
fajue	发觉	908	42
fakuan	罚款	689	43
faladi	法拉第	397	45
falai	发来	199	48
falang	法郎	180	48
falanke	法兰克	154	49
falankefu	法兰克福	460	44
falanxi	法兰西	503	44
falao	法老	123	50
falei	法勒	131	49
fali	乏力	269	46
faliang	发亮	250	47
faling	法令	1112	41
faluo	发落	180	48
falv	法律	24213	28
fama	发麻	179	48
fama	砝码	121	50
famao	发毛	136	49
famen	法门	215	47
faming	发明	2757	37
faming	法名	212	47
famingjia	发明家	101	50
fanan	发难	282	46
fanbai	凡百	133	49
fanbi	反比	174	48
fanbo	反驳	409	45
fanbu	帆布	113	50
fanbuzhao	犯不着	113	50
fancai	饭菜	702	43
fancha	反差	162	48
fanchang	反常	325	46
fancheng	樊城	165	48
fanchengqu	樊城区	256	47
fanchou	范畴	925	42
fanchuan	帆船	336	46
fandang	反党	186	48
fandao	反倒	859	42
fandao	反导	210	47
fandi	反帝	1015	41
fandian	饭店	1249	40
fandigang	梵蒂冈	118	50
fandong	反动	2232	38
fandongpai	反动派	697	43
fandu	贩毒	175	48
fandui	反对	9366	32
fanduidang	反对党	223	47
fanduipai	反对派	285	46
fanduipiao	反对票	198	48
fanduizhe	反对者	100	50
fanduo	繁多	637	43
faner	反而	3547	36
fanersai	凡尔赛	130	49
fanfa	犯法	169	48
fanfan	翻翻	159	49
fanfan	泛泛	111	50
fanfei	翻飞	112	50
fanfu	反复	2882	37
fanfu	繁复	228	47
fangai	妨碍	630	43
fangan	方案	7097	33
fangan	反感	511	44
fangbei	防备	543	44
fangbian	方便	3718	36
fangbianmian	方便面	113	50
fangbushengfang	防不胜防	104	50
fangcai	方才	1355	40
fangcao	芳草	101	50
fangchan	房产	372	45
fangcheng	方程	1150	41
fangcheng	方城	290	46
fangchengshi	方程式	160	49
fangchengzu	方程组	146	49
fangchong	防虫	156	49
fangchu	放出	805	42
fangda	放大	740	42
fangdai	房贷	159	49
fangdang	放荡	104	50
fangdao	放到	1018	41
fangdaqi	放大器	215	47
fangdian	放电	385	45
fangdichan	房地产	1603	39
fangding	房顶	126	49
fangdong	房东	129	49
fangdumianju	防毒面具	148	49
fangeming	反革命	1261	40
fangfa	方法	18045	30
fangfalun	方法论	236	47
fangfan	防范	917	42
fangfangmianmian	方方面面	156	49
fangfu	仿佛	3124	37
fangfu	防腐	297	46
fangfuji	防腐剂	330	46
fangguan	房管	145	49
fangguanju	房管局	144	49
fangguo	放过	473	44
fanghong	防洪	256	47
fanghu	防护	843	42
fanghua	访华	287	46
fanghuan	放缓	108	50
fanghulin	防护林	100	50
fanghuo	放火	472	44
fanghuo	防火	273	46
fanghuoqiang	防火墙	113	50
fangji	房基	536	44
fangji	方剂	191	48
fangjia	房价	655	43
fangjia	放假	194	48
fangjian	房间	2489	38
fangjian	放箭	166	48
fangjieshi	方解石	333	46
fangjin	放进	270	46
fangkai	放开	1003	41
fangke	方可	430	45
fangkong	防空	2119	38
fangkongdong	防空洞	115	50
fangkuan	放宽	334	46
fangli	房里	836	42
fangliang	放量	138	49
fangliao	放疗	306	46
fanglibang	方李邦	256	47
fangliu	放流	270	46
fanglve	方略	445	44
fangman	放慢	312	46
fangmen	房门	744	42
fangmian	方面	26963	28
fangmianjun	方面军	266	47
fangmu	放牧	280	46
fangong	反共	671	43
fangong	反攻	618	43
fangpi	放屁	276	46
fangqi	放弃	3181	37
fangqu	防区	129	49
fangren	放任	131	49
fangru	放入	998	41
fangsha	纺纱	301	46
fangshai	防晒	122	50
fangshe	放射	495	44
fangshe	房舍	211	47
fangshen	防渗	163	48
fangshen	防身	143	49
fangsheng	放声	554	44
fangshexing	放射性	647	43
fangshi	方式	16797	30
fangshi	方始	226	47
fangshi	方士	113	50
fangshi	房事	108	50
fangshou	防守	1572	39
fangshou	放手	523	44
fangshui	防水	651	43
fangsi	放肆	311	46
fangsong	放松	1266	40
fangtan	访谈	653	43
fanguan	饭馆	242	47
fangui	犯规	604	43
fangun	翻滚	317	46
fanguo	翻过	443	44
fanguolai	反过来	405	45
fangwei	方位	732	42
fangwei	防卫	631	43
fangweiting	防卫厅	109	50
fangwen	访问	3086	37
fangwu	房屋	1870	39
fangwu	防务	1061	41
fangxia	放下	734	42
fangxian	防线	844	42
fangxian	房县	841	42
fangxiang	方向	8151	33
fangxiang	芳香	355	45
fangxiao	仿效	317	46
fangxiaodun	方小顿	256	47
fangxileng	方西冷	144	49
fangxin	放心	3856	36
fangxing	方形	494	44
fangxing	放行	295	46
fangxue	放学	164	48
fangxun	防汛	232	47
fangyan	方言	1480	40
fangyan	放眼	260	47
fangyang	放养	351	45
fangying	放映	230	47
fangyingshi	放映师	150	49
fangyizhi	方以智	298	46
fangyu	防御	2833	37
fangyuan	方圆	285	46
fangyugongshi	防御工事	103	50
fangzai	放在	6549	34
fangzaiyanli	放在眼里	306	46
fangzhang	方丈	840	42
fangzhao	仿照	336	46
fangzhen	方针	4251	35
fangzhen	仿真	212	47
fangzhen	方阵	156	49
fangzheng	方正	144	49
fangzhi	纺织	4914	35
fangzhi	防止	3364	36
fangzhi	防治	1521	40
fangzhi	放置	446	44
fangzhi	仿制	315	46
fangzhichang	纺织厂	263	47
fangzhipin	纺织品	693	43
fangzhiye	纺织业	131	49
fangzhong	房中	902	42
fangzhu	放逐	274	46
fangzhuan	方砖	191	48
fangzhuo	方桌	114	50
fangzi	房子	3194	37
fangzi	方子	106	50
fangzong	放纵	339	46
fangzou	放走	141	49
fangzu	房租	164	48
fanhao	番号	124	50
fanhe	饭盒	117	50
fanhengshan	范恒山	256	47
fanhou	饭后	243	47
fanhua	繁华	828	42
fanhuan	返还	126	49
fanhui	返回	2528	37
fanhui	反悔	153	49
fanji	反击	1323	40
fanjian	反剪	158	49
fanjian	翻建	133	49
fankai	翻开	306	46
fankan	翻看	161	49
fankang	反抗	2233	38
fankong	反恐	352	45
fankui	反馈	514	44
fanlaifuqu	翻来覆去	200	48
fanlan	泛滥	492	44
fanli	范蠡	684	43
fanli	范例	139	49
fanlian	翻脸	173	48
fanlimiao	范蠡庙	256	47
fanmai	贩卖	737	42
fanmang	繁忙	782	42
fanmao	繁茂	399	45
fanmen	烦闷	116	50
fanmian	反面	264	47
fannao	烦恼	1026	41
fanpan	反叛	292	46
fanpu	饭铺	225	47
fanpu	反扑	123	50
fanqi	泛起	170	48
fanqian	反潜	675	43
fanqie	番茄	117	50
fanqingxiao	反倾销	289	46
fanqipeng	樊启鹏	256	47
fanren	犯人	1760	39
fanren	凡人	110	50
fanrong	繁荣	2081	38
fanshe	反射	1100	41
fanshen	翻身	1000	41
fansheng	繁盛	321	46
fanshi	凡是	2127	38
fanshi	凡事	307	46
fanshou	反手	533	44
fansi	反思	596	43
fansuo	繁琐	561	44
fantan	反弹	410	45
fanteng	翻腾	208	47
fantizi	繁体字	395	45
fanu	发怒	284	46
fanwan	饭碗	425	45
fanwang	藩王	127	49
fanwei	范围	12101	31
fanwen	梵文	194	48
fanwen	反问	187	48
fanwencheng	范文程	294	46
fanxia	犯下	139	49
fanxiang	反响	509	44
fanxiang	反向	144	49
fanxing	反省	288	46
fanxiu	翻修	572	43
fanyan	繁衍	562	44
fanyi	翻译	2019	38
fanying	反应	7652	33
fanying	反映	6618	34
fanyingdui	反应堆	196	48
fanyingwu	反应物	173	48
fanyiweng	樊一翁	296	46
fanyu	繁育	153	49
fanyu	梵语	128	49
fanyue	翻阅	361	45
fanyue	翻越	115	50
fanyun	贩运	151	49
fanza	繁杂	130	49
fanzao	烦躁	418	45
fanzei	反贼	243	47
fanzhen	藩镇	191	48
fanzheng	反正	2166	38
fanzhi	繁殖	3026	37
fanzhi	反之	728	42
fanzhi	泛指	179	48
fanzhili	繁殖力	295	46
fanzhong	繁重	568	43
fanzhuan	翻转	181	48
fanzhuo	饭桌	232	47
fanzi	贩子	182	48
fanziyu	范子愚	523	44
fanzui	犯罪	3002	37
fanzuifenzi	犯罪分子	213	47
fapei	发配	110	50
fapiao	发票	271	46
fapiqi	发脾气	319	46
faqi	发起	2134	38
faqing	发情	130	49
faqiren	发起人	346	45
faqiu	发球	198	48
faqiu	罚球	161	49
faquan	法权	134	49
fare	发热	388	45
faren	法人	690	43
farengu	法人股	177	48
fasan	发散	131	49
fashang	法商	152	49
fashao	发烧	249	47
fashe	发射	4636	35
fasheguan	发射管	186	48
fashejia	发射架	199	48
fasheng	发生	24052	28
fasheng	发声	191	48
fashengdi	发生地	293	46
fashenglv	发生率	126	49
fashengqi	发生器	123	50
fashenwei	发审委	223	47
fasheqi	发射器	319	46
fashi	发誓	315	46
fashi	法师	202	48
fasong	发送	585	43
fatie	发帖	124	50
fating	法庭	1914	39
fawang	法王	789	42
fawei	乏味	141	49
fawen	法文	162	48
faxian	发现	24826	28
faxiangdi	发祥地	400	45
faxie	发泄	441	44
faxin	发信	571	43
faxing	发行	3498	36
faxing	发型	161	49
faxingliang	发行量	203	48
faxinren	发信人	539	44
faxinshe	法新社	189	48
faxisi	法西斯	955	41
faxue	法学	1244	40
faxuejia	法学家	136	49
faxueyuan	法学院	124	50
faya	发芽	184	48
fayan	发言	1521	40
fayan	发炎	126	49
fayang	发扬	844	42
fayangguangda	发扬光大	104	50
fayanquan	发言权	171	48
fayanren	发言人	10241	32
fayin	发音	327	46
fayu	发育	4047	36
fayu	法语	522	44
fayuan	法院	2312	38
fayuan	发源	440	44
fayuandi	发源地	562	44
faze	法则	522	44
fazhan	发展	68664	24
fazhanguan	发展观	579	43
fazhanshi	发展史	511	44
fazheng	法政	178	48
fazhi	法制	1917	39
fazhi	法治	529	44
fazi	法子	1160	41
fazi	发自	296	46
fazi	筏子	106	50
fazuo	发作	1274	40
feiai	肺癌	260	47
feibang	诽谤	129	49
feiben	飞奔	435	45
feibu	肺部	186	48
feichang	非常	15958	30
feicheng	费城	167	48
feichi	飞驰	161	49
feichu	废除	3551	36
feichu	废黜	155	49
feichuan	飞船	382	45
feicui	翡翠	295	46
feida	肥大	322	46
feidan	非但	464	44
feidan	飞弹	161	49
feidao	飞刀	286	46
feidei	非得	314	46
feidian	沸点	439	45
feidian	非典	215	47
feifa	非法	1647	39
feifan	非凡	540	44
feifeiyangyang	沸沸扬扬	156	49
feifu	肺腑	108	50
feiguo	飞过	252	47
feiguoda	非国大	109	50
feihou	肥厚	121	50
feihu	飞虎	105	50
feihua	废话	327	46
feihuang	飞蝗	120	50
feiji	飞机	9091	32
feiji	斐济	161	49
feijia	飞架	318	46
feijian	飞溅	158	49
feijichang	飞机场	107	50
feijie	费解	170	48
feijiehe	肺结核	115	50
feijin	费劲	120	50
feijinshu	非金属	219	47
feikuai	飞快	317	46
feilai	飞来	391	45
feili	费力	379	45
feili	肥力	212	47
feili	腓力	203	48
feiliao	肥料	578	43
feilipu	飞利浦	166	48
feilixing	非理性	148	49
feilvbin	菲律宾	1024	41
feima	飞马	204	48
feimi	费米	105	50
feiniao	飞鸟	125	50
feinikesi	菲尼克斯	116	50
feinongye	非农业	335	46
feipang	肥胖	411	45
feipin	妃嫔	191	48
feipin	废品	133	49
feiqi	废弃	398	45
feiqi	废气	127	49
feiqu	飞去	263	47
feiren	废人	115	50
feiren	非人	104	50
feirou	肥肉	137	49
feishen	飞身	315	46
feisheng	飞升	207	48
feishengchao	费胜潮	256	47
feishi	费时	214	47
feishui	废水	209	47
feishui	沸水	104	50
feisu	飞速	303	46
feiteng	沸腾	357	45
feitian	飞天	160	49
feitongxiaoke	非同小可	560	44
feitongxunchang	非同寻常	135	49
feitu	匪徒	104	50
feiwang	飞往	256	47
feiwo	肥沃	816	42
feiwu	飞舞	585	43
feiwu	废物	433	45
feixiang	飞翔	393	45
feixianxing	非线性	353	45
feixin	费心	155	49
feixing	飞行	4226	35
feixingqi	飞行器	393	45
feixingyuan	飞行员	1110	41
feixu	废墟	476	44
feiyan	肺炎	248	47
feiyan	飞檐	185	48
feiyang	飞扬	564	44
feiyisuosi	匪夷所思	214	47
feiyong	费用	3802	36
feiyue	飞跃	503	44
feizao	肥皂	275	46
feizhengshi	非正式	246	47
feizhi	废止	198	48
feizhou	非洲	3960	36
feizhouren	非洲人	153	49
feizi	妃子	170	48
fenbian	分辨	712	43
fenbian	粪便	279	46
fenbian	分辩	157	49
fenbianlv	分辨率	354	45
fenbie	分别	16537	30
fenbu	分布	12435	31
fenbu	分部	269	46
fenbugushen	奋不顾身	176	48
fenbuqu	分布区	182	48
fenceng	分层	178	48
fencha	分叉	116	50
fenchang	分厂	100	50
fenchen	粉尘	108	50
fencheng	分成	2237	38
fenchu	分出	326	46
fencun	分寸	131	49
fendan	分担	273	46
fendi	坟地	118	50
fendou	奋斗	1682	39
fenduan	分段	169	48
fendui	分队	377	45
fene	份额	1082	41
fener	份儿	165	48
fenfa	分发	178	48
fenfa	奋发	126	49
fenfajinqu	奋发进取	268	46
fenfan	纷繁	163	48
fenfang	芬芳	136	49
fenfei	纷飞	122	50
fenfen	纷纷	4973	35
fenfen	愤愤	127	49
fenfenbuping	愤愤不平	101	50
fenfeng	分封	269	46
fenfu	吩咐	3208	37
fenfu	分付	292	46
fenfu	分赴	100	50
fengbao	风暴	1196	40
fengbi	封闭	1762	39
fengbishi	封闭式	204	48
fengbo	风波	1354	40
fengcai	风采	650	43
fengchan	丰产	567	43
fengchao	风潮	149	49
fengchao	蜂巢	117	50
fengchen	风尘	151	49
fengcheng	奉承	232	47
fengchenxiu	丰臣秀	124	50
fengchuirishai	风吹日晒	156	49
fengci	讽刺	812	42
fengcun	封存	211	47
fengdi	封地	193	48
fengding	峰顶	181	48
fengding	封顶	164	48
fengdong	封冻	208	47
fengdong	风洞	137	49
fengdu	风度	303	46
fenge	分割	803	42
fenge	分隔	244	47
fengei	分给	391	45
fengfan	风范	185	48
fengfan	风帆	105	50
fengfeng	峰峰	281	46
fengfu	丰富	11867	31
fengfuduocai	丰富多彩	355	45
fengge	风格	3758	36
fenggonggong	冯公公	309	46
fengguang	风光	1746	39
fenghan	风寒	196	48
fenghao	封号	163	48
fenghenggao	奉恒高	256	47
fenghou	丰厚	402	45
fenghua	风化	419	45
fenghuang	凤凰	1348	40
fenghuangshan	凤凰山	311	46
fenghuo	烽火	127	49
fengjian	封建	6694	34
fengjiang	封疆	158	49
fengjianshehui	封建社会	962	41
fengjianwangchao	封建王朝	1037	41
fengjianzhi	封建制	114	50
fengjianzhu	封建主	255	47
fengjianzhuyi	封建主义	291	46
fengjieer	凤姐儿	431	45
fengjing	风景	2981	37
fengjinghua	风景画	104	50
fengjingqu	风景区	1562	39
fengjingxian	风景线	319	46
fengjue	封爵	203	48
fengkou	封口	282	46
fengkuang	疯狂	1399	40
fenglang	风浪	320	46
fengli	锋利	382	45
fengli	风力	333	46
fengliu	风流	523	44
fenglu	俸禄	241	47
fengman	丰满	281	46
fengmang	锋芒	148	49
fengmao	风貌	404	45
fengmei	丰美	193	48
fengmi	蜂蜜	331	46
fengmi	风靡	194	48
fengmian	封面	545	44
fengming	奉命	749	42
fengminjie	冯敏杰	115	50
fengnianguojie	逢年过节	105	50
fengong	分工	1166	41
fengongsi	分公司	701	43
fengpei	丰沛	116	50
fengpi	封皮	110	50
fengqi	风气	756	42
fengqing	风情	782	42
fengqu	风趣	146	49
fengrenji	缝纫机	110	50
fengrui	锋锐	113	50
fengsha	风沙	273	46
fengshan	凤山	287	46
fengshan	风扇	115	50
fengshang	风尚	223	47
fengshang	封赏	133	49
fengsheng	风声	766	42
fengsheng	丰盛	244	47
fengshi	风湿	144	49
fengshi	风蚀	133	49
fengshigu	封师古	196	48
fengshou	丰收	395	45
fengshui	风水	781	42
fengshuo	丰硕	146	49
fengsu	风俗	819	42
fengsu	风速	247	47
fengsuo	封锁	1836	39
fengtian	奉天	438	45
fengtian	丰田	156	49
fengtiannan	凤天南	235	47
fengtou	风头	164	48
fengturenqing	风土人情	112	50
fenguan	分管	320	46
fengwei	风味	3024	37
fengwen	风闻	145	49
fengwenxiu	冯文修	120	50
fengwo	蜂窝	129	49
fengxi	缝隙	445	44
fengxian	风险	4042	36
fengxian	奉献	735	42
fengxian	锋线	103	50
fengxiang	风向	288	46
fengxiang	凤翔	116	50
fengxiang	风箱	116	50
fengxifan	冯锡范	208	47
fengxin	封信	151	49
fengxing	奉行	583	43
fengxing	风行	131	49
fengxue	风雪	329	46
fengyang	凤阳	208	47
fengyang	奉养	164	48
fengyong	蜂拥	137	49
fengyu	风雨	585	43
fengyue	风月	122	50
fengyun	风云	349	45
fengyun	风韵	213	47
fengyunqiao	冯云乔	256	47
fengyuxiang	冯玉祥	371	45
fengyuzhi	丰豫之	128	49
fengzheng	风筝	375	45
fengzhi	奉旨	252	47
fengzhi	缝制	110	50
fengzhi	风致	102	50
fengzhijun	冯之浚	259	47
fengzhizheng	封之政	128	49
fengzhuang	封装	112	50
fengzi	疯子	437	45
fenhang	分行	437	45
fenhao	分毫	160	49
fenhaobucha	分毫不差	137	49
fenhen	愤恨	219	47
fenhong	分红	219	47
fenhong	粉红	200	48
fenhongse	粉红色	505	44
fenhua	分化	1354	40
fenhua	焚化	115	50
fenhui	分会	436	45
fenhui	焚毁	336	46
fenji	分级	167	48
fenjia	分家	110	50
fenjie	分解	1363	40
fenjie	分界	102	50
fenjiedian	分界点	133	49
fenjiexian	分界线	185	48
fenju	分局	410	45
fenkai	分开	1155	41
fenkai	愤慨	535	44
fenlan	芬兰	745	42
fenlei	分类	3201	37
fenleifa	分类法	133	49
fenleixue	分类学	111	50
fenli	分离	2309	38
fenli	奋力	625	43
fenli	分立	243	47
fenliang	分量	630	43
fenlie	分裂	2418	38
fenlie	分列	235	47
fenliu	分流	1329	40
fenluan	纷乱	158	49
fenmen	愤懑	130	49
fenmi	分泌	1432	40
fenmian	分娩	306	46
fenming	分明	1254	40
fenmiwu	分泌物	304	46
fenmo	粉末	437	45
fenmu	坟墓	494	44
fennu	愤怒	2197	38
fennu	忿怒	171	48
fenpai	分派	210	47
fenpei	分配	5410	34
fenpi	分批	234	47
fenqi	分歧	984	41
fenqi	奋起	600	43
fenqi	分期	302	46
fenqing	分清	142	49
fenqu	分区	280	46
fenquan	分权	110	50
fenran	愤然	102	50
fenrao	纷扰	139	49
fensan	分散	1432	40
fenshao	焚烧	395	45
fenshe	分社	172	48
fenshe	分设	145	49
fenshen	分身	229	47
fenshen	分神	208	47
fenshensuigu	粉身碎骨	236	47
fenshou	分手	439	45
fenshu	分数	1157	41
fenshu	分属	273	46
fenshua	粉刷	165	48
fenshuiling	分水岭	614	43
fenshuxian	分数线	569	43
fensi	粉丝	120	50
fensong	分送	188	48
fensui	粉碎	1215	40
fentan	分摊	104	50
fentou	分头	384	45
fentuan	分团	256	47
fenwai	分外	263	47
fenwei	分为	8259	33
fenwei	氛围	689	43
fenwen	分文	118	50
fenxi	分析	11086	32
fenxiang	分享	3091	37
fenxiang	焚香	177	48
fenxiao	分校	417	45
fenxiao	分销	106	50
fenxiao	分晓	103	50
fenxifa	分析法	169	48
fenxijia	分析家	228	47
fenxin	分心	136	49
fenxishi	分析师	510	44
fenyong	奋勇	369	45
fenyou	分忧	111	50
fenyuan	分院	599	43
fenzang	分赃	189	48
fenzhan	奋战	294	46
fenzheng	纷争	270	46
fenzheng	粉蒸	257	47
fenzhi	分支	1551	39
fenzhi	分治	385	45
fenzhi	分枝	279	46
fenzhi	分值	180	48
fenzhong	分钟	6285	34
fenzhuang	粉状	186	48
fenzi	分子	6094	34
fenzijiegou	分子结构	124	50
fenziliang	分子量	194	48
fenzishi	分子式	282	46
fenzu	分组	151	49
fofa	佛法	228	47
fojia	佛家	113	50
fojiao	佛教	2594	37
fojiaotu	佛教徒	103	50
fojiaoxiehui	佛教协会	259	47
fojing	佛经	285	46
foluolunsa	佛罗伦萨	296	46
fomen	佛门	204	48
foshan	佛山	264	47
fosi	佛寺	158	49
fota	佛塔	374	45
fotuo	佛陀	149	49
fouding	否定	1459	40
foujue	否决	276	46
fouren	否认	986	41
fouze	否则	4209	35
foxiang	佛像	405	45
foxue	佛学	132	49
fozhu	佛珠	137	49
fozu	佛祖	219	47
fubai	腐败	2377	38
fubao	福报	145	49
fubei	父辈	115	50
fubi	复辟	467	44
fubing	伏兵	225	47
fubingyi	服兵役	118	50
fubu	腹部	1424	40
fucha	复查	265	47
fuchanke	妇产科	129	49
fuchen	拂尘	475	44
fucheng	府城	121	50
fuchengmen	阜成门	190	48
fuchi	扶持	624	43
fuchong	俯冲	206	48
fuchou	复仇	403	45
fuchu	付出	1517	40
fuchu	复出	221	47
fuchu	浮出	182	48
fucong	服从	2104	38
fudai	附带	209	47
fudan	负担	1948	39
fudan	复旦	240	47
fudandaxue	复旦大学	393	45
fudao	辅导	471	44
fudaoban	辅导班	228	47
fudehui	傅德辉	768	42
fudi	腹地	581	43
fudi	府邸	125	50
fudian	浮点	100	50
fudiao	浮雕	1205	40
fudong	浮动	297	46
fudu	幅度	1443	40
fuerjiahe	伏尔加河	205	48
fufa	复发	325	46
fufang	复方	188	48
fufei	付费	159	49
fufu	夫妇	2729	37
fufu	俯伏	124	50
fugai	覆盖	2078	38
fugailv	覆盖率	368	45
fugei	付给	297	46
fugesen	弗格森	172	48
fugu	复古	126	49
fuguan	副官	341	46
fugui	富贵	599	43
fugui	复归	127	49
fuguo	复国	105	50
fuhaifeng	付海峰	181	48
fuhan	富含	422	45
fuhao	符号	1235	40
fuhao	富豪	302	46
fuhe	符合	4421	35
fuhe	复合	924	42
fuhe	负荷	336	46
fuhe	附和	277	46
fuhecailiao	复合材料	187	48
fuhexing	复合型	107	50
fuhu	富户	732	42
fuhua	孵化	454	44
fuhua	腐化	162	48
fuhua	富华	118	50
fuhuo	复活	270	46
fuhuo	俘获	261	47
fuji	富集	200	48
fuji	伏击	185	48
fujia	附加	431	45
fujia	富家	153	49
fujian	福建	2179	38
fujian	附件	304	46
fujiang	副将	336	46
fujiansheng	福建省	520	44
fujiaoshou	副教授	263	47
fujiazhi	附加值	117	50
fujin	附近	8499	33
fujin	福晋	421	45
fujiniya	弗吉尼亚	169	48
fukan	副刊	144	49
fukan	俯瞰	113	50
fukangan	福康安	328	46
fuke	妇科	271	46
fukua	浮夸	112	50
fukuan	付款	279	46
fuladuo	福拉多	152	49
fulaishe	弗莱舍	112	50
fulan	腐烂	383	45
fulan	扶栏	135	49
fulankelin	富兰克林	141	49
fulao	父老	179	48
fuli	福利	1112	41
fuli	富丽	133	49
fuli	浮力	128	49
fulian	妇联	230	47
fulin	福临	1341	40
fulin	芙琳	364	45
fuling	茯苓	424	45
fuling	涪陵	150	49
fulitanghuang	富丽堂皇	206	48
fuliye	傅里叶	135	49
fulizi	负离子	101	50
fulu	俘虏	1137	41
fulu	附录	174	48
fuluolida	佛罗里达	125	50
fuma	驸马	691	43
fumian	负面	707	43
fumian	腹面	206	48
fumie	覆灭	287	46
fumin	富民	122	50
fuming	复明	303	46
fuming	复命	105	50
fumingxia	伏明霞	267	46
fumo	抚摸	623	43
fumo	抚摩	115	50
fumu	父母	5593	34
fumuqin	父母亲	125	50
funiushan	伏牛山	138	49
funong	富农	253	47
funv	妇女	5485	34
funv	父女	276	46
fupin	扶贫	717	43
fuqi	夫妻	2212	38
fuqi	福气	272	46
fuqi	服气	185	48
fuqi	腹鳍	133	49
fuqian	肤浅	143	49
fuqiang	富强	333	46
fuqiang	腹腔	144	49
fuqiao	浮桥	181	48
fuqin	父亲	9846	32
furao	富饶	229	47
furen	夫人	6539	34
furen	妇人	1097	41
furen	富人	965	41
furencheng	夫人城	260	47
furendao	夫人道	273	46
furong	芙蓉	755	42
furongzhen	芙蓉镇	148	49
furu	妇孺	261	47
fuse	肤色	232	47
fuse	服色	167	48
fushan	釜山	124	50
fushang	府上	326	46
fushang	负伤	254	47
fushang	富商	138	49
fushe	辐射	2452	38
fusheliang	辐射量	288	46
fushen	俯身	641	43
fusheng	复生	114	50
fushi	服侍	782	42
fushi	腐蚀	733	42
fushi	服饰	624	43
fushi	复试	246	47
fushi	伏侍	170	48
fushi	浮式	162	48
fushi	俯视	129	49
fushi	富士	121	50
fushi	复式	101	50
fushou	俯首	106	50
fushu	附属	987	41
fushu	富庶	187	48
fushu	复数	171	48
fushu	服输	133	49
fushu	复述	110	50
fushui	赋税	675	43
fushui	富水	271	46
fushun	抚顺	173	48
fusu	复苏	426	45
fute	福特	145	49
futian	福田	108	50
futong	腹痛	268	46
futou	斧头	182	48
fuwang	父王	152	49
fuwei	抚慰	211	47
fuwei	复位	175	48
fuweng	富翁	204	48
fuwu	服务	13036	31
fuwuqi	服务器	644	43
fuwuye	服务业	535	44
fuwuyuan	服务员	321	46
fuxi	复习	1804	39
fuxi	父系	180	48
fuxi	附息	126	49
fuxian	复线	325	46
fuxian	浮现	276	46
fuxiao	拂晓	109	50
fuxie	腹泻	356	45
fuxin	负心	122	50
fuxing	复兴	787	42
fuxing	福星	277	46
fuxing	服刑	107	50
fuxiong	父兄	155	49
fuxiu	腐朽	403	45
fuxu	抚恤	137	49
fuyan	敷衍	282	46
fuyan	赴宴	153	49
fuyan	复眼	101	50
fuyang	抚养	367	45
fuyang	俯仰	125	50
fuyao	服药	207	48
fuye	复叶	136	49
fuye	副业	112	50
fuyi	服役	1379	40
fuyi	赋役	269	46
fuyi	辅以	126	49
fuyin	福银	256	47
fuyin	复印	181	48
fuyin	辅音	139	49
fuyin	福音	114	50
fuyinjian	复印件	286	46
fuyong	服用	960	41
fuyou	富有	2652	37
fuyou	负有	392	45
fuyou	附有	235	47
fuyou	浮游	186	48
fuyou	赋有	150	49
fuyoushengwu	浮游生物	142	49
fuyu	赋予	2186	38
fuyu	富裕	822	42
fuyu	富于	803	42
fuyu	负于	123	50
fuyu	富余	115	50
fuyuan	复原	331	46
fuyuan	复员	133	49
fuyun	浮云	114	50
fuza	复杂	6117	34
fuzahua	复杂化	116	50
fuzai	负载	174	48
fuzao	浮躁	186	48
fuzaxing	复杂性	307	46
fuze	负责	13745	31
fuzeren	负责人	3722	36
fuzezhi	负责制	1916	39
fuzhai	负债	343	45
fuzhang	腹胀	171	48
fuzhenbang	傅振邦	257	47
fuzheng	辅政	206	48
fuzhi	复制	670	43
fuzhi	副职	346	45
fuzhi	扶植	218	47
fuzhihuan	傅志寰	262	47
fuzhiyiju	付之一炬	180	48
fuzhong	腹中	578	43
fuzhong	浮肿	415	45
fuzhong	附中	291	46
fuzhong	负重	204	48
fuzhou	福州	897	42
fuzhoushi	福州市	140	49
fuzhu	辅助	1345	40
fuzhu	扶助	149	49
fuzhuang	服装	1876	39
fuzhuo	附着	342	46
fuzhushishi	付诸实施	118	50
fuzi	父子	1639	39
fuziying	傅自应	256	47
fuzong	副总	382	45
fuzonglong	傅宗龙	191	48
fuzuo	辅佐	355	45
fuzuoyi	傅作义	112	50
fuzuoyong	副作用	425	45
gaer	噶尔	116	50
gaian	该案	100	50
gaibang	丐帮	1555	39
gaibao	该报	109	50
gaibian	改变	10142	32
gaibian	改编	1005	41
gaibing	该病	165	48
gaibu	该部	161	49
gaiche	该车	427	45
gaicheng	改称	3210	37
gaicheng	改成	557	44
gaicheng	该城	133	49
gaichu	该处	207	48
gaici	盖茨	265	47
gaidang	该当	474	44
gaidang	该党	247	47
gaidao	改道	124	50
gaide	盖德	204	48
gaidi	该地	197	48
gaidong	改动	263	47
gaidui	该队	112	50
gaige	改革	19018	29
gaiguan	改观	256	47
gaiguo	该国	372	45
gaihang	改行	121	50
gaihuan	改换	144	49
gaihui	该会	123	50
gaiji	该机	426	45
gaijia	改嫁	106	50
gaijian	改建	1860	39
gaijin	改进	3234	37
gaijinxing	改进型	354	45
gaiju	该剧	131	49
gaike	该科	279	46
gaikou	改口	144	49
gaikuang	概况	2038	38
gaikuo	概括	1358	40
gailan	概览	1572	39
gailiang	改良	788	42
gailiangzhuyi	改良主义	101	50
gailun	概论	526	44
gailv	概率	589	43
gailvlun	概率论	155	49
gaimao	概貌	295	46
gaiming	改名	2013	38
gainian	概念	4435	35
gaipian	该片	100	50
gaiqu	该区	125	50
gairen	改任	188	48
gairi	改日	107	50
gaishan	改善	4262	35
gaishi	该市	982	41
gaishi	该是	442	44
gaishi	盖世	106	50
gaishu	该书	890	42
gaishu	概述	508	44
gaisi	该死	189	48
gaisuo	该所	109	50
gaituan	该团	193	48
gaiwei	改为	4253	35
gaixiang	该项	282	46
gaixiao	该校	678	43
gaixie	改写	253	47
gaixing	该行	241	47
gaixing	改型	233	47
gaixuan	改选	107	50
gaiyong	改用	390	45
gaiyou	改由	256	47
gaiyuan	该院	279	46
gaiyuan	改元	239	47
gaizao	改造	3846	36
gaizhang	盖章	164	48
gaizheng	改正	355	45
gaizhi	改制	796	42
gaizhi	钙质	148	49
gaizhuang	改装	1056	41
gaizhuangche	改装车	260	47
gaizi	盖子	264	47
gaizu	改组	835	42
ganai	肝癌	165	48
ganbei	干贝	263	47
ganbing	肝病	167	48
ganbu	干部	9717	32
ganbulang	干步廊	128	49
gancao	甘草	160	49
gancao	干草	117	50
ganche	赶车	109	50
ganchu	感触	193	48
gancui	干脆	1290	40
gandan	肝胆	121	50
gandao	感到	9561	32
gandao	赶到	1967	39
gandi	甘地	172	48
gandiao	干掉	111	50
gandie	干爹	116	50
gandong	感动	1839	39
ganen	感恩	182	48
ganfu	赶赴	173	48
ganga	尴尬	1430	40
ganganjingjing	干干净净	525	44
gangao	港澳	659	43
gangaotai	港澳台	111	50
gangban	钢板	308	46
gangbi	港币	154	49
gangbi	钢笔	151	49
gangbian	钢鞭	101	50
gangbu	港埠	107	50
gangcai	刚才	5617	34
gangcai	钢材	620	43
gangchang	钢厂	300	46
gangchang	纲常	128	49
gangdao	钢刀	252	47
ganggan	杠杆	322	46
ganggang	刚刚	4585	35
gangguan	钢管	232	47
gangguo	刚果	313	46
gangguohe	刚果河	122	50
ganghao	刚好	667	43
gangjin	钢筋	573	43
gangkou	港口	2904	37
gangliang	钢梁	166	48
gangling	纲领	1480	40
ganglingxing	纲领性	127	49
gangmen	肛门	290	46
gangongneng	肝功能	110	50
gangqiao	刚巧	114	50
gangqin	钢琴	992	41
gangqu	港区	177	48
gangren	港人	173	48
gangshao	岗哨	315	46
gangsi	钢丝	141	49
gangti	刚体	207	48
gangtie	钢铁	2610	37
gangtiechang	钢铁厂	101	50
ganguan	感官	172	48
ganguang	感光	166	48
gangwan	港湾	290	46
gangwei	岗位	2321	38
gangxing	刚性	131	49
gangyao	纲要	385	45
gangyi	刚毅	435	45
gangyuan	港元	255	47
gangzhen	钢针	129	49
ganhan	干旱	1221	40
ganhe	干涸	196	48
ganhui	赶回	653	43
ganhuo	干活	743	42
ganji	感激	1567	39
ganji	赶集	103	50
ganjiang	干将	109	50
ganjiaohan	干椒含	257	47
ganjin	赶紧	2603	37
ganjing	干净	1860	39
ganjing	干警	174	48
ganju	柑橘	433	45
ganjue	感觉	7767	33
ganjun	杆菌	398	45
gankai	感慨	747	42
gankuai	赶快	3242	37
ganlai	赶来	1228	40
ganlan	橄榄	180	48
ganlian	干练	153	49
ganliang	干粮	257	47
ganliu	干流	435	45
ganlu	赶路	371	45
ganlu	甘露	147	49
ganma	干吗	424	45
ganmang	赶忙	627	43
ganmao	感冒	604	43
ganmian	干面	262	47
gannan	赣南	181	48
ganqing	感情	3806	36
ganqing	敢情	103	50
ganqingyongshi	感情用事	102	50
ganquan	甘泉	1100	41
ganran	感染	2282	38
ganranli	感染力	157	49
ganranzhe	感染者	112	50
ganrao	干扰	1559	39
ganre	干热	103	50
ganren	感人	391	45
ganshang	赶上	958	41
ganshang	感伤	144	49
ganshe	干涉	2029	38
ganshen	肝肾	105	50
ganshenme	干什么	1270	40
ganshi	干事	398	45
ganshi	干尸	203	48
ganshi	干湿	133	49
ganshou	感受	2620	37
ganshouqi	感受器	208	47
ganshu	甘薯	217	47
gansu	甘肃	1528	40
gansusheng	甘肃省	422	45
gantan	感叹	729	42
ganwang	赶往	205	48
ganwu	感悟	202	48
ganxi	干系	365	45
ganxian	干线	1285	40
ganxiang	感想	141	49
ganxibao	干细胞	121	50
ganxie	感谢	1710	39
ganxin	甘心	649	43
ganxing	感性	257	47
ganxiu	甘休	154	49
ganyan	肝炎	308	46
ganying	感应	511	44
ganyou	甘油	111	50
ganyu	干预	973	41
ganyu	敢于	942	41
ganyuan	甘愿	247	47
ganzang	肝脏	587	43
ganzao	干燥	1286	40
ganzhe	甘蔗	692	43
ganzhe	赶着	403	45
ganzhi	感知	284	46
ganzhi	赶制	163	48
ganzhi	干支	116	50
ganzhong	干重	268	46
ganzhou	赣州	140	49
ganzi	杆子	312	46
ganzou	赶走	373	45
gaoang	高昂	324	46
gaoao	高傲	158	49
gaobie	告别	973	41
gaobonian	高伯年	159	49
gaoceng	高层	1220	40
gaocha	高差	163	48
gaochan	高产	719	43
gaochang	高唱	189	48
gaochanghe	高长河	128	49
gaochao	高潮	1435	40
gaochao	高超	317	46
gaocheng	高程	480	44
gaochu	高出	1295	40
gaochu	高处	443	44
gaoci	告辞	717	43
gaoda	高大	1737	39
gaodang	高档	705	43
gaodeng	高等	2134	38
gaodengjiaoyu	高等教育	1341	40
gaodengxuexiao	高等学校	837	42
gaodengyuanxiao	高等院校	604	43
gaodi	高低	1198	40
gaodi	高地	460	44
gaodian	高点	153	49
gaodian	糕点	148	49
gaodiao	高调	124	50
gaoding	搞定	162	48
gaodu	高度	6119	34
gaoduan	高端	499	44
gaoe	高额	353	45
gaoerfu	高尔夫	176	48
gaoerji	高尔基	177	48
gaofa	高法	263	47
gaofa	告发	189	48
gaofen	高分	450	44
gaofeng	高峰	1556	39
gaofengqi	高峰期	167	48
gaofenzi	高分子	489	44
gaogao	高高	563	44
gaogaode	高高的	283	46
gaogaoxingxing	高高兴兴	119	50
gaoge	高歌	197	48
gaoge	高阁	123	50
gaogenxie	高跟鞋	142	49
gaoguan	高官	252	47
gaoguanhoulu	高官厚禄	160	49
gaogui	高贵	359	45
gaoguiying	高桂英	114	50
gaohan	高喊	265	47
gaohan	高寒	198	48
gaohao	搞好	751	42
gaohu	高呼	1122	41
gaohuo	搞活	135	49
gaoji	高级	5737	34
gaoji	告急	145	49
gaojia	高家	296	46
gaojia	高价	252	47
gaojialing	高家岭	257	47
gaojian	高检	260	47
gaojian	稿件	168	48
gaojian	高见	112	50
gaojiao	高教	163	48
gaojiasuo	高加索	245	47
gaojie	告诫	336	46
gaojimiao	高基庙	768	42
gaojing	告警	106	50
gaojizhongxue	高级中学	1300	40
gaoju	高举	833	42
gaojuli	高句丽	113	50
gaokang	高亢	527	44
gaokao	高考	3565	36
gaokeji	高科技	173	48
gaokong	高空	644	43
gaoli	高丽	228	47
gaoliang	高粱	567	43
gaolidai	高利贷	292	46
gaoling	高陵	529	44
gaoling	高龄	204	48
gaolingfeng	高凌风	256	47
gaolingtu	高岭土	110	50
gaolingzhen	高陵镇	256	47
gaolou	高楼	178	48
gaolu	高卢	138	49
gaolu	高炉	105	50
gaomi	高密	125	50
gaomi	告密	111	50
gaoming	高明	791	42
gaomingheng	高名衡	113	50
gaoneng	高能	269	46
gaopao	高炮	227	47
gaopin	高频	208	47
gaoping	高平	106	50
gaopo	高坡	306	46
gaoqiang	高强	182	48
gaoqiang	高墙	123	50
gaosan	高三	497	44
gaoseng	高僧	628	43
gaoshan	高山	1202	40
gaoshang	高尚	957	41
gaoshanzu	高山族	356	45
gaoshen	高深	175	48
gaosheng	高声	942	41
gaosheng	高盛	105	50
gaoshepao	高射炮	126	49
gaoshi	告示	226	47
gaoshou	高手	2405	38
gaosi	高斯	187	48
gaosong	高耸	385	45
gaosu	告诉	10953	32
gaosu	高速	6279	34
gaosugonglu	高速公路	2939	37
gaotai	高台	258	47
gaotaiwei	高太尉	192	48
gaotie	高铁	350	45
gaotong	高通	166	48
gaotui	告退	134	49
gaowan	睾丸	237	47
gaowei	高位	550	44
gaoweidu	高纬度	114	50
gaowen	高温	1515	40
gaoxia	高下	188	48
gaoxiao	高校	3824	36
gaoxiao	搞笑	1152	41
gaoxiao	高效	1139	41
gaoxin	高新	563	44
gaoxin	高薪	436	45
gaoxing	高兴	5387	34
gaoxingneng	高性能	191	48
gaoxinjishu	高新技术	2537	37
gaoxinqu	高新区	270	46
gaoxuan	高悬	473	44
gaoxueya	高血压	876	42
gaoya	高压	925	42
gaoya	高雅	309	46
gaoyao	膏药	197	48
gaoyi	高一	278	46
gaoyiduanluo	告一段落	104	50
gaoyigong	高一功	238	47
gaoyin	高音	165	48
gaoyingxiang	高迎祥	195	48
gaoyou	高邮	131	49
gaoyu	高于	1766	39
gaoyuan	高原	3264	36
gaozhang	高涨	789	42
gaozhao	高招	153	49
gaozhaoban	高招办	100	50
gaozhi	告知	685	43
gaozhi	高职	389	45
gaozhong	高中	4732	35
gaozhong	告终	286	46
gaozhongsheng	高中生	129	49
gaozhuang	告状	346	45
gaozi	稿子	354	45
gaozong	高宗	198	48
gaozu	高祖	175	48
gebei	胳臂	114	50
gebi	隔壁	507	44
gebi	戈壁	368	45
gebie	个别	3125	37
gebie	各别	474	44
gebo	胳膊	1249	40
gebu	各部	2808	37
gechang	歌唱	410	45
gechangjia	歌唱家	126	49
gechu	各处	771	42
geci	歌词	332	46
gecun	各村	106	50
geda	疙瘩	479	44
gede	歌德	157	49
gedi	各地	7252	33
gedi	割地	139	49
gediao	格调	202	48
gedou	格斗	210	47
geduan	割断	270	46
geduan	隔断	102	50
gedui	各队	129	49
geer	个儿	304	46
geer	哥儿	154	49
geerdan	葛尔丹	117	50
geerlia	哥儿俩	227	47
gefang	各方	794	42
gege	各个	6029	34
gege	哥哥	4323	35
gege	个个	1842	39
gege	咯咯	192	48
gege	格格	160	49
gegejipo	各个击破	185	48
gegongsongde	歌功颂德	212	47
gegu	个股	774	42
geguo	各国	5912	34
gehanggeye	各行各业	178	48
gehe	隔阂	163	48
geheyan	隔河岩	259	47
geichu	给出	954	41
geiding	给定	105	50
geiqian	给钱	159	49
geishizhong	给事中	353	45
geji	各级	19839	29
gejia	各家	1065	41
gejiagehu	各家各户	306	46
gejie	各界	1695	39
gejie	圪节	336	46
geju	格局	1666	39
geju	歌剧	740	42
geju	割据	551	44
gejue	隔绝	297	46
gejutese	各具特色	254	47
gejuyuan	歌剧院	192	48
gekai	隔开	343	45
geke	各科	143	49
gelaozu	仡佬族	291	46
gelei	各类	3682	36
geli	隔离	688	43
gelie	割裂	224	47
gelinglan	格陵兰	129	49
gelou	阁楼	268	46
gelu	各路	756	42
gelujiya	格鲁吉亚	202	48
gelunbiya	哥伦比亚	410	45
gelunbu	哥伦布	201	48
gelv	格律	167	48
gemen	各门	337	46
geming	革命	18856	29
gemingdang	革命党	308	46
geminghua	革命化	145	49
gemingjia	革命家	486	44
gemingjun	革命军	175	48
gemingpai	革命派	190	48
gemingxing	革命性	184	48
gemingzhanzheng	革命战争	315	46
gemingzhe	革命者	181	48
gemo	隔膜	107	50
genben	根本	9780	32
genbenxing	根本性	279	46
genbu	根部	145	49
genbushang	跟不上	157	49
gengdi	耕地	1437	40
gengdie	更迭	369	45
genggai	更改	433	45
genggengyuhuai	耿耿于怀	127	49
genghao	更好	2461	38
genghekuang	更何况	433	45
genghuan	更换	845	42
gengjia	更加	8824	32
gengjinyibu	更进一步	186	48
gengju	更具	213	47
gengming	更名	1996	38
gengnianqi	更年期	153	49
gengshen	更深	304	46
gengshi	更是	5290	35
gengti	更替	295	46
gengtian	耕田	230	47
gengwei	更为	2922	37
gengxin	更新	3789	36
gengye	哽咽	557	44
gengyun	耕耘	239	47
gengzhong	耕种	534	44
gengzu	梗阻	115	50
gengzuo	耕作	691	43
gengzuoye	耕作业	279	46
genji	根基	364	45
genjin	跟进	220	47
genjing	根茎	109	50
genju	根据	24221	28
genjudi	根据地	2932	37
genqian	跟前	769	42
genshang	跟上	400	45
genshendigu	根深蒂固	156	49
gensui	跟随	1269	40
gentou	跟头	111	50
genxi	根系	211	47
genyuan	根源	783	42
genzhe	跟着	1018	41
genzhi	根治	183	48
genzi	根子	130	49
genzong	跟踪	1222	40
gepai	各派	811	42
geqian	搁浅	107	50
gequ	歌曲	1079	41
gequ	各区	131	49
gerang	割让	180	48
geren	个人	12744	31
geren	各人	1727	39
gerenchongbai	个人崇拜	216	47
gesake	哥萨克	116	50
gese	各色	283	46
gesha	格杀	144	49
gesheng	各省	2345	38
gesheng	歌声	541	44
geshi	各市	870	42
geshi	格式	683	43
geshi	各式	218	47
geshigeyang	各式各样	253	47
geshou	歌手	258	47
geshu	个数	242	47
gesiqizhi	各司其职	296	46
gesong	歌颂	474	44
geteshi	哥特式	107	50
geti	个体	2407	38
getiao	各条	289	46
getihu	个体户	116	50
getou	个头	540	44
gewai	格外	1290	40
gewei	各位	2010	38
geweihui	革委会	153	49
gewu	歌舞	609	43
gewutuan	歌舞团	169	48
gexia	阁下	761	42
gexian	各县	253	47
gexiang	各项	4798	35
gexiao	各校	1217	40
gexin	革新	1108	41
gexing	个性	1531	40
gexing	各型	320	46
gexing	各行	100	50
gexinghua	个性化	308	46
geyan	格言	148	49
geyao	歌谣	211	47
geyi	各异	413	45
gezhi	革职	189	48
gezhi	搁置	139	49
gezhong	各种	22183	29
gezhonggeyang	各种各样	726	42
gezhou	各州	542	44
gezhouba	葛洲坝	372	45
gezi	各自	4330	35
gezi	个子	403	45
gezi	鸽子	283	46
gezi	格子	162	48
gezihua	鸽子花	256	47
gezu	各族	1529	40
gongan	公安	2800	37
gongan	公案	270	46
gonganbu	公安部	319	46
gonganbudui	公安部队	266	47
gonganbumen	公安部门	201	48
gonganju	公安局	584	43
gonganxian	公安县	527	44
gongban	公办	264	47
gongbao	公报	847	42
gongbing	工兵	459	44
gongbu	公布	5476	34
gongbu	工部	1768	39
gongbuyingqiu	供不应求	150	49
gongcaihui	宫才会	128	49
gongcha	贡茶	262	47
gongchai	公差	250	47
gongchan	共产	152	49
gongchan	公产	123	50
gongchandang	共产党	3506	36
gongchandangren	共产党人	855	42
gongchandangyuan	共产党员	961	41
gongchang	工厂	3460	36
gongchang	工场	620	43
gongchanguoji	共产国际	1052	41
gongchanzhuyi	共产主义	1027	41
gongche	公车	144	49
gongchen	功臣	715	43
gongcheng	工程	16869	30
gongcheng	宫城	663	43
gongchengchu	工程处	150	49
gongchenghaoda	工程浩大	145	49
gongchengju	工程局	287	46
gongchengnan	宫城南	128	49
gongchengshi	工程师	1569	39
gongchengxue	工程学	100	50
gongchengxueyuan	工程学院	1162	41
gongcun	共存	226	47
gongda	攻打	695	43
gongdadian	宫大典	128	49
gongdang	工党	228	47
gongdao	公道	590	43
gongde	功德	222	47
gongde	公德	127	49
gongdeng	宫灯	874	42
gongdi	工地	704	43
gongdi	功底	147	49
gongdian	宫殿	2114	38
gongdian	供电	288	46
gongdianshi	宫殿式	140	49
gongdu	攻读	406	45
gongfang	攻防	194	48
gongfei	公费	133	49
gongfen	公愤	189	48
gongfeng	供奉	1188	41
gongfu	功夫	4168	35
gongfu	工夫	953	41
gonggao	公告	1919	39
gonggong	公共	4271	35
gonggong	公公	969	41
gonggongchangsuo	公共场所	117	50
gonggongjingjing	恭恭敬敬	427	45
gonggu	巩固	2017	38
gongguan	攻关	2213	38
gongguan	公关	418	45
gongguan	公馆	213	47
gongguo	公国	222	47
gongguo	功过	207	48
gonghai	公害	132	49
gonghai	公海	102	50
gonghe	共和	1948	39
gonghedang	共和党	200	48
gongheguo	共和国	2389	38
gonghezhi	共和制	112	50
gonghou	恭候	276	46
gonghui	工会	981	41
gonghui	公会	187	48
gonghuo	供货	159	49
gongji	攻击	5330	35
gongji	供给	1175	41
gongji	功绩	524	44
gongji	共计	509	44
gongji	公鸡	217	47
gongji	公祭	191	48
gongjia	公家	239	47
gongjian	弓箭	422	45
gongjian	攻坚	265	47
gongjian	共建	228	47
gongjian	工件	225	47
gongjiang	工匠	1860	39
gongjiao	公交	286	46
gongjiaoche	公交车	150	49
gongjiji	攻击机	237	47
gongjijin	公积金	556	44
gongjili	攻击力	139	49
gongjin	公斤	3635	36
gongjin	恭谨	138	49
gongjin	攻进	107	50
gongjing	恭敬	600	43
gongjing	宫颈	225	47
gongjingai	宫颈癌	120	50
gongjixing	攻击型	158	49
gongju	工具	4819	35
gongjue	公爵	356	45
gongkai	公开	5094	35
gongkaisai	公开赛	253	47
gongke	攻克	890	42
gongke	功课	490	44
gongke	工科	168	48
gongkuan	公款	425	45
gongkuang	工矿	103	50
gongkuangqiye	工矿企业	143	49
gonglao	功劳	705	43
gongli	公里	13083	31
gongli	功力	892	42
gongli	宫里	468	44
gongli	公理	420	45
gongli	公立	254	47
gongli	功利	158	49
gongling	工龄	103	50
gonglu	公路	8748	33
gongluqiao	公路桥	382	45
gongluwang	公路网	388	45
gonglv	功率	923	42
gonglve	攻略	248	47
gongmao	工贸	307	46
gongmen	宫门	544	44
gongmin	公民	12636	31
gongming	功名	248	47
gongming	共鸣	219	47
gongnei	宫内	291	46
gongneng	功能	8056	33
gongnengxing	功能性	132	49
gongniu	公牛	201	48
gongnong	工农	848	42
gongnongbing	工农兵	271	46
gongnonglianmeng	工农联盟	136	49
gongnongye	工农业	590	43
gongnu	弓弩	101	50
gongnv	宫女	2181	38
gongpin	贡品	335	46
gongping	公平	1646	39
gongpo	攻破	710	43
gongpu	公仆	138	49
gongqian	工钱	214	47
gongqiang	宫墙	458	44
gongqing	公顷	739	42
gongqing	公卿	106	50
gongqingtuan	共青团	163	48
gongqiu	供求	506	44
gongqu	攻取	243	47
gongque	宫阙	316	46
gongran	公然	574	43
gongren	工人	10209	32
gongren	公认	981	41
gongren	公人	273	46
gongrendang	工人党	170	48
gongrenjieji	工人阶级	1189	41
gongrenyundong	工人运动	485	44
gongru	攻入	652	43
gongshang	工商	1684	39
gongshangju	工商局	428	45
gongshangye	工商业	934	41
gongshangyezhe	工商业者	102	50
gongshe	公社	1714	39
gongshen	躬身	1013	41
gongshen	公审	107	50
gongsheng	共生	404	45
gongsheng	公生	128	49
gongshengmen	公生门	129	49
gongshengqiao	公生桥	640	43
gongshenxingli	躬身行礼	154	49
gongshi	公式	1158	41
gongshi	公使	973	41
gongshi	攻势	829	42
gongshi	共识	586	43
gongshi	工事	358	45
gongshi	公事	326	46
gongshi	贡士	258	47
gongshi	宫室	175	48
gongshi	共事	147	49
gongshi	公示	119	50
gongshixian	公使衔	101	50
gongshou	拱手	1010	41
gongshou	攻守	200	48
gongshu	公署	123	50
gongshui	供水	255	47
gongsi	公司	45604	26
gongsi	公私	470	44
gongsifa	公司法	245	47
gongsu	公诉	106	50
gongsun	公孙	301	46
gongsunguzhu	公孙谷主	219	47
gongsunlv	公孙绿	132	49
gongsunsheng	公孙胜	243	47
gongsunzhi	公孙止	317	46
gongting	宫廷	3782	36
gongtong	共同	10510	32
gongtong	共通	182	48
gongtonggangling	共同纲领	263	47
gongtongti	共同体	269	46
gongtu	公凸	256	47
gongwei	恭维	171	48
gongwen	公文	450	44
gongwu	公务	839	42
gongwuyuan	公务员	1382	40
gongxi	恭喜	306	46
gongxia	攻下	327	46
gongxian	贡献	5762	34
gongxian	攻陷	363	45
gongxiang	共享	665	43
gongxianzhe	贡献者	1579	39
gongxiao	功效	593	43
gongxiao	工效	166	48
gongxiao	供销	136	49
gongxiaoshe	供销社	126	49
gongxinchu	工信处	288	46
gongxing	拱形	327	46
gongxing	共性	116	50
gongxing	宫刑	109	50
gongxu	工序	669	43
gongxu	供需	162	48
gongxueyuan	工学院	488	44
gongxun	功勋	316	46
gongyang	供养	872	42
gongye	工业	26775	28
gongye	功业	203	48
gongyebumen	工业部门	551	44
gongyegeming	工业革命	175	48
gongyehua	工业化	1109	41
gongyepin	工业品	194	48
gongyeqian	公冶乾	128	49
gongyequ	工业区	406	45
gongyeyuan	工业园	526	44
gongyi	工艺	2692	37
gongyi	公益	404	45
gongyimeishu	工艺美术	168	48
gongying	供应	2615	37
gongyinglian	供应链	140	49
gongyingshang	供应商	270	46
gongyipin	工艺品	405	45
gongyong	共用	279	46
gongyong	公用	238	47
gongyong	功用	173	48
gongyou	共有	736	42
gongyou	公有	530	44
gongyouzhi	公有制	434	45
gongyu	公寓	597	43
gongyuan	公元	6748	34
gongyuan	公园	4609	35
gongyuanqian	公元前	5270	35
gongyue	公约	948	41
gongzeyi	龚泽艺	256	47
gongzhai	公债	123	50
gongzhan	攻占	1001	41
gongzhang	公章	153	49
gongzhen	共振	177	48
gongzheng	公正	1361	40
gongzheng	公证	226	47
gongzheng	工整	128	49
gongzhi	公职	788	42
gongzhi	供职	206	48
gongzhong	公众	2941	37
gongzhong	宫中	1884	39
gongzhong	工种	115	50
gongzhonggu	公众股	249	47
gongzhongwang	公众网	256	47
gongzhu	公主	3531	36
gongzhuan	公转	146	49
gongzhudao	公主道	179	48
gongzi	工资	4976	35
gongzi	公子	1801	39
gongzuo	工作	66367	24
gongzuobumen	工作部门	530	44
gongzuoliang	工作量	139	49
gongzuorenyuan	工作人员	2306	38
gongzuori	工作日	789	42
gongzuozhan	工作站	151	49
gongzuozhe	工作者	925	42
gongzuozu	工作组	373	45
goucheng	构成	6416	34
goudang	勾当	547	44
goude	购得	100	50
goufang	购房	222	47
gougu	沟谷	137	49
gouhe	媾和	115	50
gouhuo	篝火	164	48
goujia	构架	141	49
goujian	构件	642	43
goujian	构建	550	44
goujian	勾践	144	49
goujie	勾结	779	42
goujin	购进	155	49
goule	勾勒	160	49
gouli	沟里	121	50
goulou	佝偻	127	49
goumai	购买	4275	35
goumaili	购买力	164	48
goupi	狗屁	152	49
gouqi	枸杞	226	47
gouqu	沟渠	379	45
gouri	狗日	162	48
gourou	狗肉	151	49
gouru	购入	110	50
gousi	构思	358	45
goutong	沟通	2572	37
goutu	构图	246	47
gouwu	购物	994	41
gouxiang	构想	383	45
gouxiao	购销	158	49
gouxiong	狗熊	101	50
gouyin	勾引	181	48
gouzao	构造	2506	38
gouzaoyundong	构造运动	152	49
gouzei	狗贼	129	49
gouzhi	购置	279	46
gouzhu	构筑	430	45
guabudizhong	寡不敌众	133	49
guafen	瓜分	493	44
guafeng	刮风	102	50
guafu	寡妇	431	45
guage	瓜葛	138	49
guagou	挂钩	239	47
guaguo	瓜果	186	48
guaibude	怪不得	504	44
guaiguai	乖乖	579	43
guaiqiao	乖巧	116	50
guaiquan	怪圈	126	49
guairen	怪人	239	47
guaishi	怪事	181	48
guaishi	怪石	101	50
guaishou	怪兽	141	49
guaiwan	拐弯	171	48
guaiwu	怪物	527	44
guaiyi	怪异	494	44
guaizhang	拐杖	394	45
guaizi	拐子	158	49
guaizui	怪罪	161	49
guajia	挂架	106	50
guamuxiangkan	刮目相看	136	49
guanai	关爱	254	47
guanai	关隘	120	50
guanbi	关闭	1892	39
guanbing	官兵	2948	37
guanbingmen	官兵们	223	47
guancai	棺材	1593	39
guance	观测	1547	39
guancha	观察	3309	36
guanchajia	观察家	129	49
guanchang	官场	603	43
guanchang	惯常	112	50
guanchayuan	观察员	294	46
guanche	贯彻	2922	37
guanchuan	贯穿	463	44
guancong	灌丛	219	47
guandai	管带	145	49
guandai	管待	127	49
guandao	管道	1005	41
guandao	关岛	240	47
guandao	官道	116	50
guandi	官邸	135	49
guandian	观点	5306	35
guandimiao	关帝庙	105	50
guandong	关东	435	45
guandongjun	关东军	218	47
guaner	官儿	376	45
guanfang	官方	1748	39
guanfu	官府	1197	40
guanfu	官服	159	49
guangai	灌溉	1205	40
guangbo	广播	1920	39
guangbo	光波	224	47
guangbo	广博	133	49
guangbu	广布	672	43
guangbuzheng	广布政	263	47
guangcai	光彩	585	43
guangcaiduomu	光彩夺目	293	46
guangchang	广场	7424	33
guangda	广大	5043	35
guangda	光大	199	48
guangdao	广岛	143	49
guangdian	光电	616	43
guangdian	广电	115	50
guangdianzongju	广电总局	124	50
guangdong	广东	4256	35
guangdongsheng	广东省	924	42
guangdu	广度	265	47
guangdu	光度	219	47
guangfan	广泛	8276	33
guangfu	光复	213	47
guanggao	广告	2928	37
guanggu	光谷	567	43
guanggu	光顾	225	47
guangguang	逛逛	144	49
guanggun	光棍	115	50
guanghe	光合	120	50
guanghezuoyong	光合作用	278	46
guanghua	光华	1962	39
guanghua	光滑	511	44
guanghuan	光环	195	48
guanghui	光辉	1223	40
guangjie	逛街	141	49
guangjing	光景	364	45
guangkuo	广阔	1558	39
guanglan	光缆	367	45
guangliang	光亮	509	44
guanglin	光临	289	46
guangmang	光芒	1838	39
guangming	光明	1219	40
guangmingleiluo	光明磊落	177	48
guangmingzhengda	光明正大	115	50
guangnian	光年	365	45
guangong	关公	628	43
guangpan	光盘	364	45
guangpu	光谱	579	43
guangrong	光荣	2088	38
guangshanshan	光闪闪	156	49
guangshi	光是	236	47
guangshu	光束	212	47
guangshuishi	广水市	258	47
guangsu	光速	248	47
guangtou	光头	179	48
guangtutu	光秃秃	123	50
guanguang	观光	584	43
guanguangfu	关广富	257	47
guanguo	棺椁	351	45
guangwei	广为	220	47
guangweiliuchuan	广为流传	124	50
guangxi	广西	1727	39
guangxi	光熙	135	49
guangxian	光线	802	42
guangxian	光纤	407	45
guangxu	光绪	2449	38
guangxudi	光绪帝	224	47
guangxue	光学	1217	40
guangyao	光耀	186	48
guangyi	广义	856	42
guangyin	光阴	158	49
guangying	光影	104	50
guangyuan	光源	284	46
guangze	光泽	1006	41
guangzhao	光照	310	46
guangzhou	广州	5640	34
guangzhoushi	广州市	473	44
guangzhu	光柱	113	50
guangzi	光子	260	47
guanhongye	关洪野	128	49
guanhu	关乎	132	49
guanhua	官话	619	43
guanhuai	关怀	697	43
guanhuan	官宦	110	50
guanian	挂念	265	47
guanji	关机	104	50
guanjia	官家	1230	40
guanjia	管家	733	42
guanjian	关键	5721	34
guanjianci	关键词	116	50
guanjianxing	关键性	111	50
guanjianzi	关键字	151	49
guanjiao	管教	283	46
guanjie	关节	890	42
guanjieyan	关节炎	142	49
guanjing	观景	147	49
guanjue	官爵	119	50
guanjun	冠军	3173	37
guanjun	官军	2103	38
guanjunbei	冠军杯	117	50
guankan	观看	1923	39
guankou	关口	466	44
guanli	管理	27191	28
guanli	官吏	2102	38
guanli	惯例	630	43
guanli	观礼	173	48
guanlian	关联	883	42
guanliao	官僚	1034	41
guanliaozhuyi	官僚主义	206	48
guanliaoziben	官僚资本	152	49
guanliceng	管理层	376	45
guanlichu	管理处	151	49
guanliju	管理局	500	44
guanliquan	管理权	540	44
guanlitai	观礼台	401	45
guanlixitong	管理系统	198	48
guanlixue	管理学	104	50
guanliyuan	管理员	205	48
guanlizhe	管理者	707	43
guanlu	关露	109	50
guanluqi	关路圻	256	47
guanmen	关门	527	44
guanming	冠名	173	48
guanming	官名	151	49
guanmingmei	关明梅	136	49
guanmo	观摩	242	47
guanmu	灌木	577	43
guanmu	棺木	278	46
guanmucong	灌木丛	129	49
guannei	关内	309	46
guannian	观念	4115	36
guanningbing	关宁兵	123	50
guanqie	关切	533	44
guanqu	灌区	150	49
guanren	官人	430	45
guanshan	关山	578	43
guanshan	官山	538	44
guanshang	观赏	668	43
guanshang	关上	535	44
guanshen	官绅	257	47
guanshi	管事	332	46
guanshiyin	观世音	125	50
guanshu	官署	615	43
guanshu	灌输	184	48
guanshu	管束	106	50
guanshui	关税	578	43
guansi	官司	503	44
guantianhu	官田湖	256	47
guantong	贯通	524	44
guantou	关头	592	43
guantou	罐头	389	45
guanwai	关外	330	46
guanwang	观望	397	45
guanwei	官位	264	47
guanwei	管委	129	49
guanxi	关系	32105	27
guanxia	管辖	1846	39
guanxian	管线	224	47
guanxian	官衔	133	49
guanxiangyun	关相云	162	48
guanxianshi	管闲事	104	50
guanxianyue	管弦乐	122	50
guanxiaquan	管辖权	169	48
guanxin	关心	3261	36
guanxinbing	冠心病	209	47
guanxing	惯性	592	43
guanxiren	关系人	629	43
guanya	关押	338	46
guanyi	冠以	473	44
guanyi	馆驿	107	50
guanyin	观音	763	42
guanyong	管用	198	48
guanyong	惯用	127	49
guanyu	关于	13762	31
guanyu	关羽	230	47
guanyuan	官员	8591	33
guanzhai	官寨	104	50
guanzhan	观战	199	48
guanzhang	馆长	207	48
guanzhao	关照	334	46
guanzhi	官职	1042	41
guanzhi	管制	704	43
guanzhi	官制	247	47
guanzhong	观众	2877	37
guanzhong	关中	618	43
guanzhongpingyuan	关中平原	101	50
guanzhu	关注	5229	35
guanzhuangdongmai	冠状动脉	112	50
guanzi	罐子	747	42
guanzi	管子	210	47
guanzi	馆子	117	50
guapai	挂牌	276	46
guaren	寡人	161	49
guashuai	挂帅	102	50
guashuiqi	刮水器	262	47
guatou	寡头	4793	35
guazai	挂载	108	50
guazi	瓜子	428	45
guazi	褂子	131	49
guba	古巴	818	42
gubao	古堡	177	48
guben	股本	559	44
gubude	顾不得	425	45
gubushang	顾不上	358	45
gucheng	古城	1664	39
gucheng	故城	633	43
gucheng	古称	517	44
gucheng	固城	266	47
gucheng	谷城	227	47
guchengxian	谷城县	264	47
guchui	鼓吹	719	43
gudai	古代	8438	33
gudan	孤单	213	47
gudao	故道	4199	35
gudao	古道	147	49
gudao	孤岛	105	50
gudi	谷地	723	43
gudi	谷底	280	46
gudi	故地	148	49
gudian	古典	1245	40
gudianwenxue	古典文学	140	49
gudianzhuyi	古典主义	139	49
guding	固定	3844	36
gudingzichan	固定资产	1148	41
gudong	股东	8174	33
gudong	鼓动	335	46
gudong	古董	294	46
gudong	咕咚	104	50
gudu	孤独	711	43
gudu	古都	670	43
gudu	咕嘟	113	50
guer	孤儿	432	45
guer	故而	171	48
gufen	股份	5479	34
gufengongsi	股份公司	455	44
gufenzhi	股份制	328	46
gufu	辜负	360	45
gufu	姑父	110	50
gugan	骨干	1103	41
guge	骨骼	619	43
gugong	故宫	1303	40
gugong	雇工	120	50
gugu	姑姑	2406	38
gugu	咕咕	241	47
guguai	古怪	1316	40
guguo	古国	110	50
guhongming	辜鸿铭	216	47
guhuarong	古华容	256	47
guhui	骨灰	200	48
guibai	跪拜	210	47
guibi	规避	198	48
guibin	贵宾	447	44
guicheng	规程	282	46
guidang	归档	169	48
guidao	轨道	2410	38
guidao	跪倒	568	43
guiding	规定	24568	28
guierzi	龟儿子	123	50
guifan	规范	3602	36
guifanhua	规范化	637	43
guifanxing	规范性	140	49
guifei	贵妃	542	44
guifu	归附	260	47
guige	规格	929	42
guigendaodi	归根到底	100	50
guigenjiedi	归根结底	177	48
guigong	归公	374	45
guigong	归功	158	49
guigu	硅谷	336	46
guiguai	鬼怪	181	48
guiguan	桂冠	144	49
guiguisuisui	鬼鬼祟祟	228	47
guiguo	归国	326	46
guiguo	贵国	146	49
guihua	规划	5445	34
guihua	桂花	479	44
guihua	鬼话	113	50
guihuan	归还	584	43
guihuashi	规划师	273	46
guihuishi	硅灰石	276	46
guihun	鬼魂	228	47
guihuo	鬼火	106	50
guiji	轨迹	471	44
guiji	诡计	403	45
guijian	贵贱	103	50
guijie	归结	422	45
guijinshu	贵金属	230	47
guijiu	归咎	128	49
guiju	规矩	1594	39
guike	贵客	168	48
guilai	归来	728	42
guilian	鬼脸	151	49
guilin	桂林	1270	40
guilu	归路	102	50
guilv	规律	4888	35
guilvxing	规律性	226	47
guimi	诡秘	161	49
guimo	规模	11239	32
guina	归纳	630	43
guinv	闺女	480	44
guiqiao	归侨	323	46
guiren	贵人	410	45
guiru	归入	248	47
guishen	鬼神	276	46
guishu	归属	638	43
guishun	归顺	180	48
guisu	归宿	213	47
guisuanyan	硅酸盐	190	48
guitai	柜台	373	45
guitou	鬼头	113	50
guixia	跪下	1636	39
guixiang	归降	172	48
guiyana	圭亚那	176	48
guiyang	贵阳	347	45
guiyi	诡异	426	45
guiyi	皈依	257	47
guiyu	归于	587	43
guiyu	鳜鱼	278	46
guiyu	桂鱼	258	47
guiyue	规约	125	50
guize	规则	3473	36
guizhang	规章	602	43
guizhangzhidu	规章制度	281	46
guizheng	规整	198	48
guizhiting	桂质廷	256	47
guizhong	贵重	342	46
guizhou	贵州	1202	40
guizhou	归州	270	46
guizhou	贵胄	141	49
guizhousheng	贵州省	340	46
guizi	鬼子	573	43
guizi	柜子	205	48
guizishou	刽子手	115	50
guizu	贵族	5389	34
guji	估计	3893	36
guji	古迹	1277	40
guji	顾及	468	44
guji	古籍	387	45
guji	顾忌	321	46
guji	孤寂	124	50
gujia	股价	951	41
gujia	估价	316	46
gujia	骨架	272	46
gujianfen	谷建芬	257	47
gujianzhu	古建筑	1335	40
gujin	古今	802	42
gujinbiao	顾金标	216	47
gujinzhongwai	古今中外	108	50
guju	故居	575	43
gujun	孤军	117	50
guke	顾客	1365	40
gukou	谷口	135	49
gulanjing	古兰经	172	48
gulao	古老	2695	37
guli	鼓励	2370	38
guli	孤立	1520	40
guli	故里	1483	40
guli	古力	145	49
guli	股利	106	50
guliang	估量	194	48
gulingling	孤零零	184	48
guliuxian	谷六仙	310	46
gulongzhong	古隆中	262	47
gulou	鼓楼	141	49
gulu	咕噜	110	50
guluoma	古罗马	301	46
gulv	顾虑	457	44
guma	姑妈	578	43
gumin	股民	111	50
gumingsiyi	顾名思义	104	50
gumo	估摸	118	50
gumu	古墓	1852	39
gumu	姑母	125	50
gumuqun	古墓群	284	46
gunainai	姑奶奶	148	49
gunbang	棍棒	316	46
gundan	滚蛋	102	50
gundong	滚动	444	44
gungun	滚滚	772	42
gunian	顾念	114	50
guniang	姑娘	8853	32
guniu	牯牛	101	50
gunkai	滚开	136	49
gunluo	滚落	125	50
gunong	咕哝	199	48
guntang	滚烫	161	49
gunxueqiu	滚雪球	146	49
gunzi	棍子	444	44
guoan	国安	390	45
guoandui	国安队	124	50
guoaodui	国奥队	132	49
guoba	锅巴	1296	40
guoban	过半	140	49
guobao	国宝	358	45
guobie	国别	176	48
guobin	国宾	273	46
guobuqu	过不去	308	46
guoce	国策	163	48
guochan	国产	773	42
guochang	过长	227	47
guochaoren	郭超人	257	47
guocheng	过程	18051	30
guochi	国耻	178	48
guocuo	过错	258	47
guoda	国大	114	50
guodadang	国大党	217	47
guodao	国道	445	44
guodao	过道	141	49
guodaxia	郭大侠	156	49
guodu	过渡	3036	37
guodu	过度	1152	41
guodu	国度	129	49
guoduan	果断	587	43
guoduxing	过渡性	114	50
guoer	过儿	582	43
guofa	国法	104	50
guofang	国防	3728	36
guofangbu	国防部	1306	40
guofangbuzhang	国防部长	825	42
guofangfei	国防费	101	50
guofen	过分	1430	40
guofenglian	郭凤莲	257	47
guofu	国父	151	49
guofuren	郭夫人	106	50
guoge	国歌	160	49
guogong	国共	778	42
guogonghezuo	国共合作	559	44
guoguan	过关	296	46
guohang	国航	106	50
guohao	国号	401	45
guohe	过河	249	47
guohou	过后	611	43
guohu	过户	176	48
guohui	国会	1447	40
guohui	国徽	1170	41
guohuo	过活	123	50
guoji	国际	24601	28
guoji	国籍	471	44
guojia	国家	79520	24
guojiabiaozhun	国家标准	114	50
guojiadui	国家队	490	44
guojiaduma	国家杜马	116	50
guojiaji	国家级	3374	36
guojiajiaowei	国家教委	156	49
guojiajiguan	国家机关	2356	38
guojiajihua	国家计划	598	43
guojiao	国教	144	49
guojidui	国际队	246	47
guojie	过节	252	47
guojie	国界	208	47
guojifa	国际法	403	45
guojihua	国际化	689	43
guojiminsheng	国计民生	141	49
guojing	过境	682	43
guojing	国境	214	47
guojingjian	郭靖见	117	50
guojisifa	国际私法	104	50
guojixiangqi	国际象棋	128	49
guojixing	国际性	253	47
guojiyulian	国际羽联	138	49
guojun	国军	209	47
guojun	国君	190	48
guokeyu	郭柯宇	256	47
guoku	国库	409	45
guolai	过来	10268	32
guoli	国立	597	43
guoli	国力	373	45
guolian	国联	173	48
guoliang	过量	336	46
guolu	锅炉	349	45
guolufang	锅炉房	138	49
guolv	过滤	408	45
guolv	国旅	177	48
guomei	国美	285	46
guomen	国门	437	45
guomen	过门	118	50
guomin	国民	3939	36
guomin	过敏	521	44
guomindang	国民党	9949	32
guoming	国名	218	47
guominjingji	国民经济	4137	36
guominjun	国民军	166	48
guominshouru	国民收入	253	47
guominxing	过敏性	151	49
guominzhengfu	国民政府	1359	40
guomoruo	郭沫若	222	47
guomu	过目	207	48
guonei	国内	12450	31
guoneiwai	国内外	1889	39
guonian	过年	1142	41
guopin	果品	220	47
guoqi	国旗	1144	41
guoqi	国企	341	46
guoqi	过期	186	48
guoqiao	过桥	115	50
guoqiban	国旗班	159	49
guoqing	国情	1049	41
guoqing	国庆	131	49
guoqingjie	国庆节	348	45
guoqingri	国庆日	140	49
guoqu	过去	17444	30
guoran	果然	4909	35
guore	过热	148	49
guoren	国人	610	43
guoren	过人	439	45
guorizi	过日子	351	45
guoshang	过上	201	48
guosheng	过剩	607	43
guoshenglian	郭生练	256	47
guoshi	国师	1214	40
guoshi	果实	856	42
guoshi	过时	340	46
guoshi	国事	317	46
guoshi	国势	253	47
guoshi	过失	236	47
guoshi	国史	143	49
guoshi	过世	135	49
guoshifangwen	国事访问	125	50
guoshu	果树	735	42
guoshu	果蔬	279	46
guoshuyan	郭树言	513	44
guotaiban	国台办	103	50
guotaiminan	国泰民安	178	48
guotianmin	郭天民	256	47
guotou	过头	168	48
guotu	国土	2101	38
guowai	国外	3852	36
guowang	国王	3312	36
guowang	过往	513	44
guowen	过问	206	48
guowu	国务	590	43
guowuqing	国务卿	411	45
guowuweiyuan	国务委员	1495	40
guowuyuan	国务院	15768	30
guowuyuanling	国务院令	261	47
guoxing	国姓	141	49
guoxizhang	郭锡章	257	47
guoyaoshi	郭药师	379	45
guoye	过夜	202	48
guoyibuqu	过意不去	198	48
guoyin	过瘾	142	49
guoying	国营	516	44
guoying	过硬	328	46
guoyingqiye	国营企业	172	48
guoyonghong	郭永宏	256	47
guoyou	国有	3482	36
guoyouhua	国有化	121	50
guoyouming	郭有明	256	47
guoyu	过于	1775	39
guoyu	国语	304	46
guoyuan	果园	343	45
guozao	过早	897	42
guozei	国贼	293	46
guozhai	国债	405	45
guozhao	过招	261	47
guozhen	果真	478	44
guozheng	国政	252	47
guozhenqian	郭振乾	257	47
guozhi	果汁	188	48
guozhong	过重	199	48
guozhongyao	郭中姚	296	46
guozi	果子	371	45
guozijian	国子监	180	48
guoziwei	国资委	151	49
gupiao	股票	2923	37
gupiao	古朴	200	48
guqi	骨气	151	49
guqie	姑且	231	47
guqintai	古琴台	269	46
guqiushui	顾秋水	857	42
guquan	股权	3556	36
guran	固然	1632	39
guren	古人	1270	40
guren	故人	237	47
gurenlei	古人类	328	46
gurou	骨肉	263	47
gusanguo	古三国	256	47
gushan	古山	266	47
gushen	孤身	159	49
gusheng	鼓声	328	46
gushengdai	古生代	182	48
gushengwu	古生物	116	50
gushengzu	辜胜阻	257	47
gushenyiren	孤身一人	118	50
gushi	故事	5953	34
gushi	股市	1191	41
gushi	古时	337	46
gushi	古诗	283	46
gushi	古尸	245	47
gushi	古史	142	49
gushipian	故事片	215	47
gushou	固守	309	46
gushu	股数	323	46
gushu	古书	196	48
gusu	姑苏	291	46
gusuan	估算	293	46
gusui	骨髓	387	45
gutai	固态	185	48
guti	固体	1313	40
gutian	古田	344	45
gutou	骨头	851	42
gutu	故土	134	49
guwan	古玩	240	47
guwangjinlai	古往今来	136	49
guwen	顾问	1697	39
guwen	古文	368	45
guwenhua	古文化	310	46
guwenzi	古文字	100	50
guwu	鼓舞	988	41
guwu	谷物	696	43
guwu	古物	367	45
guxi	姑息	142	49
guxi	股息	101	50
guxiang	故乡	1406	40
guxila	古希腊	796	42
guxiulian	顾秀莲	260	47
guyangmin	顾养民	129	49
guyanwu	顾炎武	172	48
guye	姑爷	164	48
guyi	故意	2271	38
guyong	雇佣	597	43
guyong	雇用	375	45
guyonglaodong	雇佣劳动	140	49
guyou	固有	625	43
guyuan	顾源	466	44
guyuan	雇员	244	47
guyue	鼓乐	567	43
guyue	古月	258	47
guyuesheng	鼓乐声	192	48
guzao	鼓噪	184	48
guzhang	故障	533	44
guzhang	鼓掌	278	46
guzhangdi	古长堤	256	47
guzhe	骨折	361	45
guzhen	古镇	276	46
guzhi	固执	408	45
guzhi	股指	404	45
guzhi	骨质	222	47
guzhi	估值	177	48
guzhu	雇主	530	44
guzhu	谷主	219	47
guzhuo	固着	123	50
guzi	谷子	384	45
guzi	股子	203	48
guzili	骨子里	190	48
guzuo	故作	194	48
habusibao	哈布斯堡	108	50
hada	哈达	102	50
haerbin	哈尔滨	988	41
haerbinshi	哈尔滨市	139	49
hafu	哈佛	153	49
hafudaxue	哈佛大学	252	47
haha	哈哈	1864	39
hahadaxiao	哈哈大笑	1577	39
hahaha	哈哈哈	221	47
haian	海岸	1622	39
haianxian	海岸线	600	43
haiba	海拔	5345	35
haibao	海报	229	47
haibao	海豹	217	47
haibian	海边	564	44
haibin	海滨	488	44
haichan	海产	396	45
haichao	海潮	157	49
haicheng	海城	100	50
haichong	害虫	486	44
haichuan	海船	129	49
haida	海大	117	50
haidai	海带	133	49
haidao	海盗	445	44
haidao	海岛	313	46
haidebao	海德堡	145	49
haidi	海底	1658	39
haidi	海地	225	47
haidian	海淀	103	50
haidianqu	海淀区	207	48
haier	孩儿	1346	40
haier	海尔	230	47
haifang	海防	350	45
haifeng	海风	150	49
haigang	海港	420	45
haigou	海沟	201	48
haigu	骸骨	133	49
haiguan	海关	813	42
haigui	海龟	123	50
haihao	还好	709	43
haihe	海河	242	47
haijun	海军	7228	33
haikou	海口	474	44
haikoushi	海口市	122	50
haikuan	还款	126	49
hailang	海浪	229	47
hailaoqing	海老清	118	50
haili	海里	856	42
hailing	海岭	174	48
hailiu	海流	170	48
hailu	海陆	178	48
hailu	海路	104	50
hailun	海轮	170	48
hailuoyin	海洛因	124	50
haimian	海面	961	41
haimian	海绵	173	48
hainan	海南	1008	41
hainandao	海南岛	496	44
hainansheng	海南省	548	44
hainei	海内	129	49
haineiwai	海内外	599	43
haining	海宁	216	47
haipa	害怕	3404	36
haipen	海盆	253	47
haipingmian	海平面	196	48
haiqi	海气	106	50
haiqu	海区	403	45
hairan	骇然	316	46
hairen	害人	342	46
hairentingwen	骇人听闻	223	47
hairui	海瑞	403	45
haishang	海上	3213	37
haishen	海参	351	45
haishen	海神	118	50
haishi	还是	9922	32
haishi	海事	125	50
haishui	海水	1590	39
haisi	害死	898	42
haitan	海滩	460	44
haitang	海棠	167	48
haitong	孩童	184	48
haitun	海豚	162	48
haiwai	海外	2672	37
haiwan	海湾	859	42
haiwanzhanzheng	海湾战争	239	47
haixia	海峡	1629	39
haixian	海鲜	174	48
haixiangting	海香亭	110	50
haixiao	海啸	187	48
haixin	海信	193	48
haixiu	害羞	232	47
haiya	海牙	151	49
haiyan	海盐	128	49
haiyang	海洋	4068	36
haiyangshengwu	海洋生物	157	49
haiyangxing	海洋性	107	50
haiyao	还要	6790	34
haiyi	骇异	135	49
haiyin	海印	104	50
haiying	海鹰	108	50
haiyou	还有	18487	30
haiyu	海域	1521	40
haiyuan	海员	106	50
haiyun	海运	443	44
haizao	海藻	2007	38
haizhan	海战	394	45
haizi	孩子	17465	30
haizi	海子	107	50
hali	哈里	333	46
hama	蛤蟆	231	47
hami	哈密	235	47
hanbaiyu	汉白玉	2665	37
hanbao	汉堡	439	45
hanbaoju	韩宝驹	172	48
hancangyuxi	汉藏语系	114	50
hanchao	汉朝	271	46
hanchao	寒潮	145	49
hancheng	汉城	373	45
hanchuan	汉川	540	44
hanchuanshi	汉川市	257	47
handai	汉代	972	41
handai	寒带	120	50
handan	邯郸	272	46
handanxian	汉丹线	256	47
handao	喊道	585	43
handi	旱地	132	49
hanfeng	寒风	498	44
hangai	涵盖	642	43
hangaohu	韩高湖	256	47
hangaozu	汉高祖	181	48
hangban	航班	1479	40
hangcheng	航程	462	44
hangdang	行当	249	47
hangdao	航道	980	41
hangdao	巷道	120	50
hangdecha	杭得茶	174	48
hangdian	航电	134	49
hanghai	航海	2056	38
hanghaijia	航海家	123	50
hanghan	杭汉	562	44
hanghui	行会	131	49
hangjia	行家	223	47
hangjiaping	杭嘉平	114	50
hangjiaqiao	杭嘉乔	104	50
hangkong	航空	6021	34
hangkongbing	航空兵	488	44
hangkongdui	航空队	111	50
hangkonggang	航空港	376	45
hangkongmujian	航空母舰	631	43
hangkongqi	航空器	102	50
hanglie	行列	693	43
hanglu	航路	113	50
hangmu	航母	1477	40
hangqing	行情	3357	36
hangsu	航速	445	44
hangtian	航天	1344	40
hangtianfeiji	航天飞机	272	46
hangtianqi	航天器	306	46
hangtianyuan	航天员	134	49
hangtianzui	杭天醉	871	42
hangtu	夯土	115	50
hanguang	寒光	217	47
hanguo	韩国	3375	36
hanguodui	韩国队	158	49
hangxian	航线	2882	37
hangxiang	航向	200	48
hangxing	航行	1322	40
hangye	行业	8127	33
hangyun	航运	1962	39
hangzhang	行长	419	45
hangzhou	杭州	2806	37
hangzhouren	杭州人	117	50
hangzhoushi	杭州市	156	49
hangzhouwan	杭州湾	103	50
hanhu	含糊	443	44
hanizu	哈尼族	569	43
hanji	旱季	102	50
hanjian	汉奸	1441	40
hanjian	罕见	1406	40
hanjiang	汉江	1537	39
hanjiangquan	汉江全	257	47
hanjiao	喊叫	342	46
hanjie	焊接	268	46
hanjinliang	含金量	123	50
hankou	汉口	2005	38
hankouzhan	汉口站	261	47
hanlei	含泪	210	47
hanleng	寒冷	838	42
hanliang	含量	2926	37
hanlin	翰林	356	45
hanliner	韩林儿	130	49
hanlinyuan	翰林院	771	42
hanliu	寒流	187	48
hanmo	汉末	100	50
hanmu	汉墓	177	48
hanmulin	韩木林	133	49
hannanqu	汉南区	513	44
hanningfu	韩宁夫	256	47
hannuowei	汉诺威	143	49
hanqi	寒气	282	46
hanren	汉人	1629	39
hanshaliang	含沙量	171	48
hansheng	喊声	627	43
hansheng	鼾声	198	48
hanshilu	汉施路	256	47
hanshu	函数	2648	37
hanshu	汉书	360	45
hanshui	汉水	739	42
hanshui	汗水	494	44
hansuan	寒酸	104	50
hantaitai	韩太太	350	45
hantang	汉唐	221	47
hanwang	汉王	228	47
hanwei	捍卫	450	44
hanwei	汉魏	148	49
hanwen	汉文	659	43
hanwudi	汉武帝	517	44
hanwuji	寒武纪	161	49
hanxianchu	韩先楚	259	47
hanxiao	含笑	376	45
hanxiaoying	韩小莹	193	48
hanxin	韩信	202	48
hanxu	含蓄	321	46
hanxuan	寒暄	218	47
hanxue	汉学	168	48
hanxueting	韩雪亭	129	49
hanyan	旱烟	132	49
hanyang	汉阳	1176	41
hanyang	涵养	118	50
hanyangfu	汉阳府	527	44
hanyangjun	汉阳军	258	47
hanyangqu	汉阳区	514	44
hanyangtie	汉阳铁	114	50
hanyi	含义	1339	40
hanyi	寒意	519	44
hanyi	含意	309	46
hanyi	涵义	142	49
hanying	汉英	278	46
hanyou	含有	2856	37
hanyou	罕有	122	50
hanyou	含油	103	50
hanyu	汉语	1611	39
hanyu	韩愈	126	49
hanyu	韩语	103	50
hanzai	旱灾	148	49
hanzhan	寒战	112	50
hanzhong	汉中	995	41
hanzhu	汗珠	194	48
hanzi	汉子	2142	38
hanzi	汉字	912	42
hanziqi	韩子奇	862	42
hanzu	汉族	2029	38
haoban	好办	338	46
haobi	好比	494	44
haobu	毫不	1724	39
haobuhao	好不好	609	43
haoburongyi	好不容易	579	43
haobuxianggan	毫不相干	106	50
haobuyouyu	毫不犹豫	304	46
haocao	蒿草	161	49
haocheng	号称	1936	39
haochi	好吃	2799	37
haochu	好处	2225	38
haoda	浩大	158	49
haodai	好歹	578	43
haodatong	郝大通	233	47
haoduanduan	好端端	291	46
haoduo	好多	704	43
haofang	豪放	116	50
haofei	耗费	602	43
haogan	好感	237	47
haoge	豪格	131	49
haogou	壕沟	153	49
haohaizi	好孩子	178	48
haohan	好汉	1224	40
haohao	好好	2640	37
haohaodangdang	浩浩荡荡	698	43
haohaoer	好好儿	126	49
haohe	好喝	315	46
haohua	豪华	1043	41
haohuai	好坏	284	46
haoji	好几	323	46
haojiao	号角	325	46
haojie	豪杰	496	44
haojie	浩劫	232	47
haojige	好几个	572	43
haojin	耗尽	214	47
haojinian	好几年	176	48
haojiu	好久	410	45
haokan	好看	1113	41
haoke	毫克	644	43
haoke	好客	118	50
haolaiwu	好莱坞	262	47
haoling	号令	824	42
haoma	号码	980	41
haomai	豪迈	212	47
haomao	毫毛	178	48
haomen	豪门	144	49
haomi	毫米	6548	34
haoping	好评	490	44
haoqi	好奇	721	43
haoqi	好气	172	48
haoqi	豪气	149	49
haoqiang	豪强	279	46
haoqing	豪情	120	50
haoqixin	好奇心	328	46
haoren	好人	562	44
haorizi	好日子	258	47
haorongyi	好容易	347	45
haose	好色	132	49
haosheng	好生	1321	40
haosheng	毫升	319	46
haoshi	好事	1218	40
haoshi	好使	112	50
haoshou	好手	367	45
haoshou	好受	142	49
haoshuang	豪爽	164	48
haosi	好似	380	45
haoting	好听	309	46
haotong	号筒	131	49
haowan	好玩	190	48
haowangjiao	好望角	120	50
haowu	毫无	2482	38
haowuyiwen	毫无疑问	481	44
haoxi	好戏	138	49
haoxiang	好像	5782	34
haoxiang	好象	1046	41
haoxiao	好笑	145	49
haoxiaoxi	好消息	251	47
haoxie	好些	422	45
haoxin	好心	193	48
haoyaoqi	郝摇旗	360	45
haoyi	好意	179	48
haoyibiao	郝一标	153	49
haoyisi	好意思	125	50
haoyou	好友	378	45
haoyun	好运	148	49
haozhai	豪宅	129	49
haozhan	好战	154	49
haozhao	号召	1825	39
haozhuan	好转	796	42
haozi	耗资	291	46
haozi	耗子	238	47
haqian	哈欠	102	50
hasake	哈萨克	417	45
hasakezu	哈萨克族	346	45
hawana	哈瓦那	108	50
heai	和蔼	134	49
hean	河岸	328	46
heban	合办	128	49
hebao	荷包	191	48
hebaozha	核爆炸	151	49
hebei	河北	3194	37
hebeisheng	河北省	826	42
hebenke	禾本科	127	49
hebi	何必	1876	39
hebian	河边	551	44
hebian	合编	183	48
hebing	合并	2921	37
hebingyan	贺炳炎	256	47
hebu	何不	806	42
hecai	喝彩	307	46
hecai	喝采	269	46
hecha	喝茶	463	44
hecha	核查	317	46
hechang	何尝	346	45
hechang	合唱	246	47
hechangtuan	合唱团	258	47
hecheng	合成	2266	38
hecheng	合称	364	45
hechengming	何晟铭	256	47
hechengxianwei	合成纤维	114	50
hechi	呵斥	148	49
hechu	何处	1703	39
hechuan	河川	154	49
hechuang	河床	1284	40
hechunlin	何椿霖	264	47
hecigongzhen	核磁共振	102	50
hecixi	和慈禧	133	49
hedan	核弹	225	47
hedantou	核弹头	292	46
hedao	喝道	3557	36
hedao	河道	2042	38
hedeng	何等	945	41
hedi	河堤	199	48
hedi	何地	124	50
hedian	核电	406	45
hedianzhan	核电站	493	44
heding	核定	128	49
hedong	河东	318	46
hedongli	核动力	323	46
heduan	河段	610	43
hedui	核对	174	48
heermeng	荷尔蒙	114	50
heerweiyi	合二为一	172	48
hefa	合法	3048	37
hefahua	合法化	122	50
hefang	何方	273	46
hefang	何妨	169	48
hefanying	核反应	213	47
hefanyingdui	核反应堆	139	49
hefaxing	合法性	164	48
hefei	合肥	406	45
hefeng	鹤峰	266	47
hefeng	和丰	262	47
hefengxian	鹤峰县	257	47
hegan	何干	101	50
hegang	河港	128	49
hegansuan	核苷酸	147	49
hege	合格	1664	39
hegelv	合格率	156	49
hegezheng	合格证	115	50
hegongye	核工业	102	50
hegou	河沟	295	46
hegu	河谷	1128	41
hegu	何故	517	44
heguo	核果	127	49
hehe	呵呵	119	50
hehe	赫赫	115	50
hehongyao	何红药	125	50
hehu	合乎	1183	41
hehu	河湖	372	45
hehu	呵护	190	48
hehua	荷花	477	44
hehuo	合伙	250	47
hehuoren	合伙人	145	49
heian	黑暗	2479	38
heibai	黑白	666	43
heiban	黑板	153	49
heiban	黑斑	139	49
heichenchen	黑沉沉	160	49
heidao	黑道	113	50
heidian	黑点	354	45
heidong	黑洞	222	47
heidongdong	黑洞洞	104	50
heidou	黑豆	235	47
heifa	黑发	112	50
heigeer	黑格尔	335	46
heihai	黑海	447	44
heihe	黑河	111	50
heihei	嘿嘿	965	41
heihese	黑褐色	107	50
heihong	黑红	160	49
heihuxing	黑虎星	153	49
heike	黑客	413	45
heilian	黑脸	113	50
heilongjiang	黑龙江	1472	40
heilongjiangsheng	黑龙江省	586	43
heima	黑马	192	48
heimingdan	黑名单	101	50
heiqiqi	黑漆漆	113	50
heiren	黑人	986	41
heise	黑色	2337	38
heisha	黑纱	188	48
heishan	黑山	110	50
heishehui	黑社会	162	48
heishui	黑水	142	49
heitao	黑陶	546	44
heiti	黑体	103	50
heiwu	黑雾	114	50
heixiong	黑熊	163	48
heiyaya	黑压压	203	48
heiye	黑夜	715	43
heiyi	黑衣	441	44
heiying	黑影	356	45
heiyouyou	黑黝黝	160	49
heiyu	黑鱼	2084	38
heizi	黑子	163	48
heji	合计	629	43
hejian	河间	225	47
hejie	和解	394	45
hejin	合金	1004	41
hejingang	合金钢	183	48
hejishu	核技术	127	49
hejiu	喝酒	1437	40
hejubian	核聚变	101	50
hekou	河口	1566	39
heku	何苦	287	46
hekuang	何况	2353	38
hela	赫拉	142	49
helai	何来	162	48
helan	荷兰	2333	38
helandui	荷兰队	178	48
helanren	荷兰人	278	46
helanshan	贺兰山	108	50
heli	合理	3870	36
heli	合力	562	44
heli	河里	324	46
helihua	合理化	100	50
heliliang	核力量	153	49
heling	喝令	148	49
heliu	河流	5249	35
helixing	合理性	197	48
helong	贺龙	199	48
helonglai	贺龙来	256	47
heluli	何鲁丽	278	46
heluxiaofu	赫鲁晓夫	218	47
hema	荷马	210	47
hemei	褐煤	115	50
hemen	何门	135	49
hemian	河面	165	48
hemou	合谋	128	49
hemu	和睦	170	48
henan	河南	5044	35
henanren	河南人	127	49
henansheng	河南省	1262	40
henbude	恨不得	619	43
henda	很大	8348	33
hendu	狠毒	246	47
henduo	很多	12687	31
henduonian	很多年	122	50
henei	河内	248	47
heneng	核能	249	47
hengbiao	横标	131	49
hengchongzhizhuang	横冲直撞	212	47
hengchuan	横穿	391	45
hengding	恒定	210	47
henge	横额	142	49
hengfu	横幅	239	47
henggen	横亘	224	47
henggou	横沟	272	46
hengguan	横贯	1168	41
henghe	恒河	244	47
hengheng	哼哼	308	46
hengjia	桁架	104	50
hengkua	横跨	411	45
hengli	亨利	503	44
hengliang	衡量	919	42
hengliang	横梁	154	49
hengliang	桁梁	112	50
hengsao	横扫	462	44
hengshan	恒山	792	42
hengshan	衡山	445	44
hengshu	横竖	182	48
hengte	亨特	353	45
hengwo	横卧	136	49
hengxiang	横向	411	45
hengxing	恒星	993	41
hengxing	横行	327	46
hengyang	衡阳	168	48
henhen	狠狠	981	41
henji	痕迹	909	42
henkuai	很快	5033	35
hennanshuo	很难说	223	47
henshao	很少	3268	36
henuan	和暖	100	50
henxiao	很小	1035	41
henxin	狠心	217	47
henzao	很早	223	47
henzhua	狠抓	192	48
hepan	河畔	304	46
heping	和平	7998	33
hepinggongchu	和平共处	262	47
heqi	何其	113	50
heqiangshidan	荷枪实弹	287	46
heqianting	核潜艇	937	41
heqin	和亲	106	50
hequn	合群	130	49
heran	赫然	445	44
heranliao	核燃料	133	49
heren	何人	494	44
herenlong	贺人龙	208	47
heri	何日	135	49
heru	何如	238	47
hese	褐色	477	44
heshan	和善	165	48
heshang	和尚	3959	36
hesheng	和声	141	49
heshi	合适	2426	38
heshi	何时	923	42
heshi	何事	470	44
heshi	核实	318	46
heshi	合十	300	46
heshi	河势	264	47
heshi	核试	228	47
heshiyan	核试验	557	44
heshui	河水	917	42
heshui	喝水	302	46
hesu	核素	116	50
hesuan	核算	330	46
hesuan	核酸	162	48
hetaichong	何太冲	232	47
hetan	和谈	361	45
hetan	河滩	216	47
hetao	核桃	850	42
hetao	河套	201	48
heti	合体	167	48
hetian	和田	200	48
hetishou	何惕守	121	50
hetong	合同	3572	36
hetongfa	合同法	109	50
hetou	河头	262	47
hewan	河湾	325	46
hewang	河网	411	45
hewei	合为	198	48
hewei	何为	188	48
hewei	合围	168	48
hewei	何谓	111	50
hewen	喝问	223	47
hewen	和文	100	50
hewu	何物	151	49
hewu	核武	113	50
hewuli	核物理	134	49
hewuqi	核武器	1551	39
hexi	河西	467	44
hexi	贺喜	106	50
hexian	和县	390	45
hexie	和谐	1578	39
hexie	河蟹	526	44
hexin	核心	4919	35
hexing	合兴	266	47
hexinyin	何心隐	335	46
hexizoulang	河西走廊	240	47
heyan	合眼	109	50
heye	荷叶	679	43
heyehui	何晔晖	256	47
heyi	何以	1445	40
heyi	合一	422	45
heyi	和议	135	49
heyi	合宜	126	49
heyicheng	贺一诚	256	47
heying	合营	435	45
heying	合影	337	46
heyingqin	何应钦	455	44
heyong	何用	340	46
heyong	合用	102	50
heyu	河鱼	266	47
heyuan	河源	208	47
heyue	和约	882	42
heyue	合约	193	48
heyuehua	何月华	140	49
hezai	何在	523	44
hezang	合葬	351	45
hezangmu	合葬墓	293	46
heze	菏泽	337	46
hezeng	何曾	130	49
hezhang	合掌	117	50
hezhe	何者	234	47
hezhi	何止	186	48
hezhong	何种	397	45
hezhu	合著	176	48
hezhun	核准	221	47
hezi	合资	832	42
hezi	盒子	443	44
hezi	河子	257	47
hezi	赫兹	108	50
heziqiye	合资企业	122	50
hezizhen	贺子珍	128	49
hezou	合奏	138	49
hezudao	何足道	135	49
hezui	喝醉	236	47
hezuo	合作	13478	31
hezuohua	合作化	128	49
hezuoshe	合作社	379	45
hongan	红安	273	46
honganxian	红安县	265	47
hongban	红斑	107	50
hongbao	红包	171	48
hongbaoshi	红宝石	403	45
hongcai	鸿才	157	49
hongcha	红茶	119	50
hongchen	红尘	101	50
hongchengchou	洪承畴	1405	40
hongchou	红绸	243	47
hongda	宏大	581	43
hongda	宏达	275	46
hongdeng	红灯	193	48
hongdong	轰动	432	45
hongdou	洪都	135	49
hongdoulasi	洪都拉斯	116	50
hongfeng	洪峰	145	49
hongfuren	洪夫人	180	48
honggou	鸿沟	139	49
hongguan	宏观	1673	39
hongguang	红光	258	47
honghai	红海	310	46
honghongde	红红的	113	50
honghonglielie	轰轰烈烈	431	45
honghu	洪湖	1337	40
honghua	红花	708	43
honghuo	红火	309	46
honghushi	洪湖市	259	47
hongji	轰击	349	45
hongjun	红军	2819	37
hongkao	烘烤	314	46
honglao	洪涝	370	45
hongli	红利	204	48
honglian	红莲	267	46
honglian	红脸	134	49
hongliang	洪亮	216	47
honglingbo	洪凌波	274	46
hongliu	洪流	350	45
honglong	轰隆	129	49
honglonglong	轰隆隆	103	50
honglou	红楼	491	44
hongloumeng	红楼梦	334	46
hongmei	红梅	189	48
hongmiaozheng	红苗正	129	49
hongming	轰鸣	159	49
hongmu	红木	161	49
hongniang	红娘	182	48
hongniangzi	红娘子	665	43
hongpai	红牌	150	49
hongpao	红袍	116	50
hongqi	红旗	1052	41
hongqiang	红墙	1001	41
hongqigong	洪七公	1129	41
hongran	轰然	270	46
hongrang	红壤	133	49
hongrun	红润	193	48
hongse	红色	4243	35
hongshan	洪山	1120	41
hongshanqu	洪山区	4872	35
hongshao	红烧	848	42
hongshenghai	洪胜海	186	48
hongshizihui	红十字会	133	49
hongshu	红薯	473	44
hongshui	洪水	1383	40
hongshulin	红树林	140	49
hongsijun	红四军	114	50
hongtang	红糖	300	46
hongtu	红土	522	44
hongtuo	烘托	109	50
hongwai	红外	669	43
hongwaixian	红外线	176	48
hongwei	宏伟	772	42
hongweibing	红卫兵	285	46
hongwu	洪武	686	43
hongxia	红霞	178	48
hongxian	红线	150	49
hongxiao	哄笑	111	50
hongxibao	红细胞	384	45
hongxing	红星	144	49
hongxiu	红袖	141	49
hongxiuquan	洪秀全	197	48
hongyan	红眼	313	46
hongyan	红颜	116	50
hongyang	弘扬	430	45
hongyi	红衣	169	48
hongyun	红晕	233	47
hongzao	红枣	138	49
hongzha	轰炸	684	43
hongzhaji	轰炸机	860	42
hongzhi	弘治	259	47
hongzhong	红肿	209	47
hongzhu	红烛	117	50
houbei	后备	517	44
houbei	后背	310	46
houbei	后辈	169	48
houbian	后边	859	42
houbu	后部	402	45
houbu	候补	266	47
houbuweiyuan	候补委员	502	44
houchang	后场	208	47
houchangan	侯长安	256	47
houche	后撤	150	49
houdai	后代	1192	41
houdao	厚道	122	50
houdu	厚度	685	43
houdun	后盾	122	50
houer	猴儿	228	47
houfa	后发	137	49
houfang	后方	637	43
houfangyu	侯方域	282	46
houfei	后妃	228	47
hougong	后宫	707	43
houguo	后果	1766	39
houguzhiyou	后顾之忧	122	50
houhan	后汉	142	49
houhe	后河	260	47
houhou	厚厚	102	50
houhoude	厚厚的	461	44
houhu	后湖	274	46
houhuan	后患	149	49
houhui	后悔	988	41
houhuiyouqi	后会有期	111	50
houjiao	吼叫	199	48
houjin	后劲	368	45
houjin	后金	313	46
houjin	后晋	132	49
houjue	侯爵	114	50
houlai	后来	13932	31
houli	厚礼	108	50
houlong	喉咙	592	43
houmen	后门	336	46
houmian	后面	4308	35
hounao	后脑	125	50
houniao	候鸟	100	50
houqi	后期	2557	37
houqin	后勤	1279	40
houqin	后秦	137	49
houren	后人	1035	41
houren	后任	365	45
houshan	后山	218	47
housheng	后生	286	46
housheng	吼声	244	47
houshi	后世	1096	41
houshi	后市	308	46
houshi	厚实	157	49
houshi	后事	124	50
houtai	后台	331	46
houtang	后唐	240	47
houtang	后堂	225	47
houtian	后天	352	45
houtonghai	侯通海	151	49
houtou	猴头	350	45
houtou	后头	311	46
houtou	喉头	307	46
houtougu	猴头菇	260	47
houtui	后退	697	43
houtui	后腿	118	50
houwang	猴王	215	47
houwang	厚望	111	50
houwei	后卫	491	44
houwei	后魏	287	46
houxu	后续	374	45
houxuan	候选	127	49
houxuanren	候选人	3708	36
houyao	后腰	145	49
houyi	后裔	811	42
houyi	后移	198	48
houyibin	侯义斌	257	47
houyizheng	后遗症	143	49
houyuan	后院	368	45
houyuan	后缘	123	50
houzhangxin	侯张信	256	47
houzhe	后者	2961	37
houzhi	后肢	152	49
houzhong	厚重	435	45
houzhou	后周	174	48
houzhu	后主	286	46
houzi	猴子	549	44
houzuo	后座	108	50
huabai	花白	240	47
huaban	花瓣	488	44
huabao	画报	116	50
huabei	华北	3074	37
huabei	花被	143	49
huabeidiqu	华北地区	134	49
huabeijunqu	华北军区	151	49
huabeipingyuan	华北平原	173	48
huaben	话本	102	50
huabian	花边	156	49
huabian	哗变	110	50
huabiao	华表	1714	39
huabing	滑冰	190	48
huacao	花草	232	47
huace	画册	194	48
huachen	华辰	130	49
huachenchun	华辰春	256	47
huacheng	化成	204	48
huachu	划出	257	47
huachuan	划船	152	49
huacong	花丛	189	48
huadeng	花灯	262	47
huadeng	华灯	100	50
huadiao	花掉	110	50
huading	划定	365	45
huadong	华东	775	42
huadong	滑动	149	49
huaduo	花朵	448	44
huaer	花儿	288	46
huaer	话儿	173	48
huaerjie	华尔街	151	49
huafa	画法	125	50
huafei	花费	959	41
huafei	化肥	824	42
huafei	话费	243	47
huafen	划分	4449	35
huafen	花粉	262	47
huafeng	画风	158	49
huagangyan	花岗岩	1641	39
huagong	化工	4022	36
huagongchang	化工厂	121	50
huagu	花菇	262	47
huaguan	花冠	197	48
huaguanjing	花观景	128	49
huagui	划归	316	46
huagui	华贵	143	49
huaguofeng	华国锋	365	45
huaguoshan	花果山	117	50
huahe	化合	142	49
huahewu	化合物	1680	39
huahua	画画	146	49
huahualvlv	花花绿绿	104	50
huahui	花卉	524	44
huaian	淮安	192	48
huaibao	怀抱	833	42
huaibei	淮北	166	48
huaidan	坏蛋	121	50
huaihai	淮海	119	50
huaihaizhanyi	淮海战役	133	49
huaihe	淮河	612	43
huaihua	坏话	149	49
huaijiu	怀旧	102	50
huaili	怀里	1546	39
huainan	淮南	959	41
huainian	怀念	437	45
huairen	坏人	691	43
huaishi	坏事	596	43
huaishu	槐树	463	44
huaisi	坏死	228	47
huaitabu	怀塔布	143	49
huaiyi	怀疑	2525	38
huaiyin	淮阴	131	49
huaiyou	怀有	244	47
huaiyun	怀孕	797	42
huaizhang	坏账	110	50
huaizhe	怀着	901	42
huaizhong	怀中	1236	40
huaji	滑稽	423	45
huaji	画集	113	50
huajia	画家	1920	39
huajiao	花轿	128	49
huajie	化解	621	43
huaju	话剧	759	42
huajuan	画卷	144	49
huajueming	华觉明	128	49
huajun	化军	256	47
huala	哗啦	105	50
hualaishi	华莱士	205	48
hualala	哗啦啦	108	50
hualang	画廊	235	47
huali	华丽	433	45
huali	华里	147	49
hualiao	化疗	547	44
hualiu	滑溜	117	50
hualuo	滑落	126	49
huamei	华美	212	47
huamian	画面	967	41
huaming	化名	199	48
huamu	花木	371	45
huamulan	花木兰	272	46
huan	湖岸	156	49
huanan	华南	647	43
huanbao	环保	1045	41
huanbao	环抱	185	48
huanbing	患病	313	46
huanbu	缓步	319	46
huancheng	换成	391	45
huanchong	缓冲	194	48
huancun	缓存	245	47
huandao	环岛	347	45
huaner	患儿	100	50
huanfa	焕发	166	48
huangan	黄安	410	45
huangbang	黄榜	128	49
huangbangzhu	黄帮主	112	50
huangcao	荒草	132	49
huangchao	皇朝	213	47
huangcheng	皇城	4127	36
huangchengzi	黄橙子	256	47
huangchong	蝗虫	157	49
huangdan	荒诞	134	49
huangdan	黄疸	134	49
huangdao	黄道	231	47
huangdao	黄岛	135	49
huangdao	荒岛	122	50
huangdi	皇帝	22050	29
huangdi	黄帝	388	45
huangdi	荒地	237	47
huangdong	晃动	513	44
huangdou	黄豆	322	46
huangei	还给	269	46
huangen	皇恩	119	50
huangerzhou	黄二州	256	47
huangfanqu	黄泛区	106	50
huangfei	荒废	145	49
huangfeng	黄蜂	145	49
huangfengdian	黄封殿	128	49
huanggang	黄冈	2870	37
huanggang	皇岗	270	46
huanggangshi	黄冈市	1799	39
huanggexuan	黄格选	256	47
huanggong	皇宫	1440	40
huanggua	黄瓜	201	48
huangguan	皇冠	111	50
huangguhao	黄古蒿	256	47
huanghai	黄海	399	45
huanghe	黄河	3241	37
huangheliuyu	黄河流域	248	47
huanghelou	黄鹤楼	810	42
huanghese	黄褐色	133	49
huanghou	皇后	3146	37
huanghu	恍惚	276	46
huanghua	黄花	411	45
huanghua	黄骅	274	46
huanghua	谎话	121	50
huanghuangzhangzhang	慌慌张张	120	50
huanghun	黄昏	901	42
huanghuo	惶惑	142	49
huangji	惶急	157	49
huangjia	皇家	1795	39
huangjia	黄家	800	42
huangjiahu	黄家湖	256	47
huangjiatan	黄家潭	256	47
huangjin	黄金	3086	37
huangjinshidai	黄金时代	103	50
huangjinshuidao	黄金水道	155	49
huangjinwan	黄金湾	256	47
huangjinzhou	黄金周	1407	40
huangkangsheng	黄康生	256	47
huangkong	惶恐	322	46
huanglaoxie	黄老邪	108	50
huanglian	黄连	625	43
huangliang	荒凉	589	43
huanglianhu	黄莲湖	256	47
huangling	黄陵	547	44
huangling	皇陵	362	45
huanglong	黄龙	433	45
huangluan	慌乱	501	44
huanglvse	黄绿色	103	50
huangma	皇马	243	47
huangma	黄麻	135	49
huangmang	慌忙	672	43
huangmeiseng	黄眉僧	120	50
huangmeixian	黄梅县	258	47
huangmingsheng	黄明生	263	47
huangmiu	荒谬	411	45
huangmo	荒漠	820	42
huangniu	黄牛	218	47
huangpai	黄牌	218	47
huangpi	黄陂	1318	40
huangpi	荒僻	123	50
huangpiqu	黄陂区	261	47
huangpu	黄埔	190	48
huangpujiang	黄浦江	134	49
huangpujunxiao	黄埔军校	215	47
huangqi	黄芪	114	50
huangquan	皇权	961	41
huangran	恍然	243	47
huangrandawu	恍然大悟	345	45
huangrongjian	黄蓉见	125	50
huangrongxiao	黄蓉笑	243	47
huangse	黄色	2115	38
huangsha	黄沙	494	44
huangshan	黄山	486	44
huangshan	荒山	351	45
huangshan	黄鳝	351	45
huangshang	皇上	10776	32
huangshi	黄石	2709	37
huangshi	皇室	927	42
huangshigangqu	黄石港区	257	47
huangshishi	黄石市	2332	38
huangshui	黄水	133	49
huangshulang	黄鼠狼	131	49
huangsongling	黄松龄	512	44
huangtaihou	皇太后	1056	41
huangtaiji	皇太极	792	42
huangtaizi	皇太子	276	46
huangtang	荒唐	448	44
huangtian	皇天	102	50
huangtingjian	黄庭坚	587	43
huangtong	黄铜	114	50
huangtu	黄土	1161	41
huangtugang	黄土岗	261	47
huangtugaoyuan	黄土高原	266	47
huangu	环顾	233	47
huanguan	宦官	759	42
huangwafei	黄瓦飞	384	45
huangwazhu	黄瓦朱	257	47
huangwei	皇位	844	42
huangwu	荒芜	206	48
huangxing	黄兴	101	50
huangyan	谎言	210	47
huangyaoshi	黄药师	968	41
huangye	皇爷	478	44
huangye	荒野	159	49
huangyibiao	黄一彪	323	46
huangyiyi	黄依依	1173	41
huangyongsheng	黄永胜	268	46
huangyu	鳇鱼	520	44
huangyuan	黄原	299	46
huangyuan	荒原	251	47
huangyueying	黄月英	256	47
huangzhang	慌张	258	47
huangzhi	黄纸	250	47
huangzhizhen	黄知真	256	47
huangzhong	黄忠	143	49
huangzhonggong	黄钟公	112	50
huangzhou	黄州	1575	39
huangzhoucai	黄州菜	256	47
huangzhouqu	黄州区	256	47
huangzi	皇子	352	45
huangzi	幌子	155	49
huangzongxi	黄宗羲	1636	39
huangzu	皇族	480	44
huanhe	缓和	857	42
huanhu	欢呼	776	42
huanhua	幻化	110	50
huanhuan	缓缓	2078	38
huanhuande	缓缓的	177	48
huanhusheng	欢呼声	380	45
huaniao	花鸟	240	47
huanji	还击	223	47
huanjie	环节	1626	39
huanjie	缓解	1111	41
huanjie	换届	384	45
huanjing	环境	16811	30
huanjingbaohu	环境保护	369	45
huanjingwuran	环境污染	150	49
huanjue	幻觉	239	47
huanjuhuashuo	换句话说	335	46
huankuai	欢快	257	47
huanlai	换来	334	46
huanle	欢乐	1082	41
huanlegu	欢乐谷	120	50
huanliu	环流	333	46
huanman	缓慢	1512	40
huannan	患难	206	48
huanongxing	化脓性	104	50
huanqi	唤起	503	44
huanqing	欢庆	249	47
huanqing	还清	108	50
huanqiu	环球	504	44
huanqu	换取	393	45
huanranyixin	焕然一新	622	43
huanrao	环绕	929	42
huanren	换人	167	48
huansan	涣散	140	49
huanshang	换上	576	43
huanshang	患上	179	48
huanshengleidong	欢声雷动	197	48
huanshou	还手	149	49
huansuan	换算	128	49
huanteng	欢腾	117	50
huantianxidi	欢天喜地	112	50
huanwei	换位	102	50
huanxi	欢喜	1410	40
huanxia	换下	187	48
huanxian	环线	132	49
huanxiang	幻想	1038	41
huanxiao	欢笑	135	49
huanxin	欢心	191	48
huanxing	唤醒	242	47
huanxing	环形	227	47
huanxing	缓刑	184	48
huanyanzhi	换言之	128	49
huanying	欢迎	5132	35
huanying	幻影	197	48
huanyou	患有	339	46
huanyu	欢娱	143	49
huanyuan	还原	836	42
huanzhe	患者	3932	36
huanzhuang	换装	241	47
huanzhuang	环状	190	48
huapai	画派	250	47
huaping	花瓶	148	49
huapo	滑坡	195	48
huapo	划破	160	49
huapu	花圃	197	48
huaqian	花钱	858	42
huaqiao	华侨	1076	41
huaqing	划清	114	50
huaren	华人	940	41
huarong	华容	277	46
huarongqu	华容区	256	47
huarongxian	华容县	772	42
huaru	划入	166	48
huarui	华瑞	364	45
huase	花色	413	45
huasha	华沙	307	46
huashan	华山	1539	39
huashan	花山	288	46
huashen	化身	263	47
huasheng	花生	950	41
huashengdun	华盛顿	952	41
huashi	化石	1701	39
huashidai	划时代	198	48
huasuan	划算	111	50
huatan	花坛	256	47
huatan	化痰	119	50
huati	话题	1943	39
huatiegan	花铁干	223	47
huating	花厅	224	47
huatong	话筒	203	48
huatou	话头	147	49
huawei	化为	664	43
huawei	华为	373	45
huawen	花纹	408	45
huaxia	华夏	1348	40
huaxian	化纤	447	44
huaxiang	画像	1625	39
huaxiang	花香	131	49
huaxiang	滑翔	130	49
huaxing	滑行	168	48
huaxu	花序	163	48
huaxu	花絮	160	49
huaxue	化学	5457	34
huaxue	滑雪	269	46
huaxuefanying	化学反应	345	45
huaxuegongye	化学工业	346	45
huaxuejia	化学家	359	45
huaxuepin	化学品	108	50
huaxuewuqi	化学武器	139	49
huaxuexingzhi	化学性质	194	48
huaxueyuansu	化学元素	257	47
huayan	化验	319	46
huayang	花样	520	44
huayanqiaoyu	花言巧语	104	50
huayi	划一	268	46
huayi	华裔	194	48
huayin	话音	416	45
huayu	话语	402	45
huayuan	花园	1291	40
huayuan	画院	106	50
huazhan	画展	198	48
huazhao	花招	102	50
huazhe	划着	108	50
huazheng	华筝	132	49
huazhengfang	花正芳	196	48
huazhong	华中	1235	40
huazhongdiqu	华中地区	271	46
huazhuang	化妆	286	46
huazhuang	化装	132	49
huazhuangpin	化妆品	458	44
huazi	化子	128	49
huazuo	化作	196	48
hubei	湖北	32652	27
hubeisheng	湖北省	18868	29
hubeishengwei	湖北省委	272	46
hubian	湖边	395	45
hubin	湖滨	118	50
hubingchen	胡秉宸	2643	37
hubu	户部	1443	40
hubu	互不	517	44
hubu	互补	291	46
huchenghe	护城河	103	50
huchunhua	胡春华	264	47
hudage	胡大哥	122	50
hudeping	胡德平	258	47
hudi	忽地	726	42
hudi	湖底	134	49
hudie	蝴蝶	481	44
hudong	互动	657	43
huer	忽而	230	47
hufa	护法	296	46
hufang	互访	149	49
hufeng	胡风	305	46
huguang	湖广	1371	40
huguangbao	胡光宝	258	47
huguinan	胡桂南	102	50
huguo	护国	134	49
huguohua	胡国华	112	50
huhan	呼喊	492	44
huhang	护航	184	48
huhe	呼喝	290	46
huhehaote	呼和浩特	241	47
huhoukun	胡厚昆	256	47
huhu	呼呼	569	43
huhuan	呼唤	667	43
huhuan	互换	156	49
huhui	互惠	116	50
huian	灰暗	113	50
huibai	灰白	182	48
huibaise	灰白色	166	48
huibao	汇报	1563	39
huibao	回报	1133	41
huibi	回避	984	41
huibian	汇编	286	46
huibiao	会标	134	49
huibing	回禀	119	50
huican	会餐	452	44
huichang	会场	813	42
huichen	灰尘	443	44
huicheng	汇成	223	47
huicheng	回城	185	48
huicui	荟萃	142	49
huida	回答	8822	33
huidang	回荡	140	49
huidao	回到	6103	34
huidiao	毁掉	209	47
huidong	挥动	430	45
huidui	汇兑	235	47
huier	会儿	392	45
huifa	挥发	234	47
huifu	恢复	7600	33
huifu	回复	492	44
huigengsi	惠更斯	103	50
huigou	回购	154	49
huigu	回顾	1454	40
huigu	回鹘	298	46
huiguan	会馆	204	48
huigui	回归	1270	40
huiguo	回国	1892	39
huiguo	回过	1827	39
huiguo	回锅	265	47
huihao	徽号	143	49
huihe	汇合	776	42
huihe	会合	551	44
huihe	回合	358	45
huihe	回纥	112	50
huihen	悔恨	123	50
huihese	灰褐色	338	46
huihou	会后	750	42
huihua	绘画	1884	39
huihua	回话	111	50
huihuai	毁坏	268	46
huihuang	辉煌	1235	40
huihuo	挥霍	190	48
huiji	汇集	905	42
huiji	回击	244	47
huijia	回家	3197	37
huijia	汇价	109	50
huijian	会见	1940	39
huijian	回见	108	50
huijin	灰烬	171	48
huiju	汇聚	232	47
huikou	回扣	331	46
huilai	回来	12128	31
huilang	回廊	276	46
huilaojia	回老家	264	47
huiliu	回流	178	48
huilu	贿赂	682	43
huilu	回路	142	49
huiluo	回落	331	46
huilv	汇率	1220	40
huimian	会面	231	47
huimie	毁灭	796	42
huimiexing	毁灭性	280	46
huimin	回民	158	49
huimin	惠民	105	50
huipiao	汇票	527	44
huipu	惠普	181	48
huiqi	晦气	240	47
huiqu	回去	6209	34
huiru	汇入	328	46
huise	灰色	994	41
huishang	会上	2076	38
huishang	毁伤	180	48
huishen	回身	615	43
huishen	会审	323	46
huisheng	回升	439	45
huisheng	回声	215	47
huishi	回事	1195	40
huishi	会试	476	44
huishi	会师	349	45
huishi	辉石	144	49
huishi	回师	141	49
huishou	挥手	1003	41
huishou	回收	526	44
huishou	回首	225	47
huitan	会谈	1699	39
huitao	灰陶	259	47
huitong	会同	859	42
huitong	会通	157	49
huitou	回头	3656	36
huiwei	回味	128	49
huiweiwuqiong	回味无穷	288	46
huiwen	汇文	136	49
huiwu	挥舞	717	43
huiwu	会晤	663	43
huixia	麾下	383	45
huixiang	回想	526	44
huixiang	回乡	300	46
huixie	诙谐	173	48
huixin	回信	160	49
huixin	灰心	120	50
huixing	彗星	246	47
huixinzhuanyi	回心转意	140	49
huixuan	回旋	582	43
huiyan	灰岩	138	49
huiyi	会议	28363	28
huiyi	回忆	1408	40
huiyi	会意	324	46
huiyilu	回忆录	237	47
huiyin	回音	174	48
huiying	回应	548	44
huiying	辉映	213	47
huiyishi	会议室	594	43
huiyou	回游	281	46
huiyou	洄游	115	50
huiyuan	会员	1196	40
huiyuanguo	会员国	161	49
huizhan	会战	502	44
huizhan	会展	190	48
huizhang	会长	1625	39
huizhi	绘制	523	44
huizhi	会址	327	46
huizhou	徽州	239	47
huizhou	惠州	104	50
huizhuan	回转	298	46
huizong	汇总	173	48
huizu	回族	2034	38
huji	户籍	618	43
hujia	胡佳	256	47
hujia	胡家	110	50
hujiao	呼叫	620	43
hujiao	胡椒	313	46
hujintao	胡锦涛	558	44
hujiu	呼救	219	47
hukangsheng	胡康生	256	47
hukou	户口	1072	41
hukou	虎口	216	47
hukou	湖口	110	50
huli	护理	501	44
huli	狐狸	325	46
huli	互利	227	47
huli	湖里	139	49
hulian	互联	187	48
huliansheng	胡连生	109	50
hulianwang	互联网	1813	39
hulianwangluo	互联网络	133	49
hulihutu	糊里糊涂	101	50
huliming	胡黎明	256	47
huliye	护理液	179	48
hulu	葫芦	904	42
hulu	呼噜	108	50
huluan	胡乱	634	43
huluobo	胡萝卜	452	44
huluobosu	胡萝卜素	176	48
hulve	忽略	920	42
humen	虎门	354	45
humian	湖面	612	43
hunan	湖南	3637	36
hunan	昏暗	275	46
hunansheng	湖南省	1877	39
hunao	胡闹	493	44
hunbufuti	魂不附体	119	50
hundan	混蛋	282	46
hundao	昏倒	107	50
hundun	混沌	253	47
hunfeiposan	魂飞魄散	141	49
hunhe	混合	2286	38
hunhe	浑河	105	50
hunhewu	混合物	320	46
hunhou	浑厚	504	44
hunhou	婚后	291	46
hunhuang	昏黄	140	49
hunhunchenchen	昏昏沉沉	155	49
hunian	虎年	124	50
hunjiaolin	混交林	240	47
hunjin	混进	145	49
hunli	婚礼	890	42
hunluan	混乱	2004	38
hunmi	昏迷	554	44
hunmibuxing	昏迷不醒	100	50
hunningtu	混凝土	1121	41
hunong	糊弄	117	50
hunpei	婚配	176	48
hunpo	魂魄	144	49
hunqian	婚前	138	49
hunru	混入	249	47
hunshen	浑身	1496	40
hunshi	婚事	376	45
hunshui	昏睡	129	49
huntun	馄饨	107	50
hunweiyitan	混为一谈	116	50
hunxiao	混淆	345	45
hunxuezhongren	混血种人	155	49
hunyin	婚姻	2714	37
hunyong	昏庸	136	49
hunyu	婚育	522	44
hunyun	昏晕	118	50
hunza	混杂	326	46
hunzhan	混战	551	44
hunzhang	混账	123	50
hunzhang	混帐	108	50
hunzhuo	浑浊	191	48
hunzhuo	混浊	150	49
huoba	火把	836	42
huoban	伙伴	1611	39
huobao	火爆	369	45
huobi	货币	8092	33
huobidizu	货币地租	109	50
huobiliang	货币量	162	48
huobiziben	货币资本	495	44
huocang	货舱	168	48
huochai	火柴	332	46
huoche	火车	1471	40
huoche	货车	197	48
huochengyan	火成岩	101	50
huochetou	火车头	102	50
huochezhan	火车站	1117	41
huochu	豁出	189	48
huoda	豁达	153	49
huode	获得	16128	30
huodezhe	获得者	236	47
huodi	霍地	208	47
huodianzhan	火电站	288	46
huodong	活动	27526	28
huodou	霍都	163	48
huodui	火堆	291	46
huoduohuoshao	或多或少	343	45
huoer	活儿	465	44
huofo	活佛	307	46
huofu	祸福	109	50
huogai	活该	160	49
huogong	火攻	127	49
huoguang	火光	1016	41
huoguo	火锅	459	44
huohai	祸害	229	47
huohai	火海	109	50
huohong	火红	111	50
huohou	火候	408	45
huohua	火花	312	46
huohua	活化	166	48
huohuan	祸患	152	49
huohuo	活活	405	45
huohuoshan	活火山	101	50
huoji	伙计	496	44
huoji	活计	101	50
huojian	火箭	1876	39
huojiandan	火箭弹	270	46
huojiang	获奖	989	41
huojiangzhe	获奖者	107	50
huojianpao	火箭炮	284	46
huoju	火炬	606	43
huojujihua	火炬计划	1030	41
huokong	火控	378	45
huokuan	货款	154	49
huolala	火辣辣	122	50
huoli	火力	1199	40
huoli	活力	1102	41
huoli	获利	347	45
huolong	火龙	246	47
huolu	火炉	136	49
huomai	活埋	149	49
huomian	豁免	131	49
huomiao	火苗	118	50
huoming	活命	167	48
huopao	火炮	1635	39
huopen	火盆	114	50
huopo	活泼	740	42
huopozi	霍婆子	189	48
huoqi	火器	555	44
huoqi	火气	183	48
huoqiang	火枪	230	47
huoqingtong	霍青桐	648	43
huoqiu	火球	137	49
huoqu	获取	1306	40
huoran	豁然	195	48
huore	火热	376	45
huoren	活人	488	44
huosai	活塞	651	43
huose	货色	110	50
huoshan	火山	1753	39
huoshandao	火山岛	122	50
huoshankou	火山口	202	48
huoshanyan	火山岩	136	49
huoshao	火烧	944	41
huosheng	获胜	849	42
huoshengsheng	活生生	287	46
huoshi	或是	2882	37
huoshi	获释	189	48
huoshi	伙食	161	49
huoshi	祸事	135	49
huoshi	火势	134	49
huoshi	火石	108	50
huosu	火速	325	46
huotou	火头	118	50
huotui	火腿	152	49
huotuichang	火腿肠	328	46
huowu	货物	1482	40
huoxi	获悉	807	42
huoxian	火线	139	49
huoxiang	活像	105	50
huoxing	活性	559	44
huoxing	火星	497	44
huoxingranliao	活性染料	258	47
huoxu	或许	1849	39
huoxue	活血	105	50
huoyan	火焰	926	42
huoyao	火药	781	42
huoyue	活跃	1628	39
huoyun	货运	419	45
huoyunliang	货运量	113	50
huozai	火灾	526	44
huozang	火葬	108	50
huozhe	或者	16633	30
huozhe	活着	1400	40
huozhenjiashi	货真价实	116	50
huozheshuo	或者说	753	42
huozhi	获知	113	50
huozhong	火种	148	49
huozhun	获准	419	45
huozhuo	活捉	358	45
hupan	湖畔	203	48
hupen	湖盆	135	49
hupi	虎皮	106	50
hupo	湖泊	3482	36
hupo	琥珀	180	48
huqiaomu	胡乔木	145	49
huqingfeng	胡青风	123	50
huqingniu	胡青牛	255	47
huqu	湖区	468	44
huran	忽然	7645	33
huren	胡人	284	46
hushan	虎山	290	46
hushang	湖上	198	48
hushen	护身	175	48
husheng	呼声	963	41
hushi	忽视	1195	40
hushi	护士	676	43
hushi	胡适	250	47
hushi	沪市	119	50
hushidandan	虎视眈眈	110	50
hushui	湖水	856	42
hushuo	胡说	699	43
hushuobadao	胡说八道	703	43
husiluanxiang	胡思乱想	249	47
husong	护送	551	44
hutong	胡同	1762	39
hutong	互通	233	47
hutou	虎头	125	50
hutu	糊涂	946	41
hutu	胡涂	408	45
huwai	户外	262	47
huwei	护卫	621	43
huwei	互为	270	46
huweijian	护卫舰	579	43
huxi	呼吸	2618	37
huxi	湖西	557	44
huxian	弧线	121	50
huxiang	互相	4546	35
huxiansheng	胡贤生	257	47
huxiansheng	胡先生	111	50
huxiao	呼啸	470	44
huxidao	呼吸道	331	46
huxing	弧形	551	44
huxu	胡须	324	46
huyan	呼延	397	45
huyanglin	胡杨林	277	46
huyanluanyu	胡言乱语	177	48
huyaobang	胡耀邦	245	47
huyaxin	胡雅歆	256	47
huyi	狐疑	169	48
huying	呼应	276	46
huyou	忽悠	250	47
huyou	护佑	179	48
huyu	呼吁	1282	40
huzhao	护照	242	47
huzhao	湖沼	110	50
huzhong	湖中	330	46
huzhou	湖州	216	47
huzhu	互助	557	44
huzi	胡子	1297	40
huzigao	胡自皋	289	46
huzongxian	胡宗宪	412	45
huzuofeiwei	胡作非为	140	49
jiaban	加班	686	43
jiaban	甲板	641	43
jiaban	假扮	136	49
jiabanjiadian	加班加点	102	50
jiabei	加倍	313	46
jiabeng	驾崩	195	48
jiabin	嘉宾	440	44
jiaceng	夹层	120	50
jiachan	家产	319	46
jiachang	家常	177	48
jiachangbianfan	家常便饭	149	49
jiachangshi	钾长石	299	46
jiachaoxuan	贾朝轩	523	44
jiache	驾车	266	47
jiacheng	加成	161	49
jiachong	甲虫	102	50
jiachu	家畜	420	45
jiachuan	家传	139	49
jiachun	甲醇	131	49
jiaci	架次	113	50
jiada	加大	2272	38
jiadang	家当	406	45
jiadao	驾到	157	49
jiadian	家电	667	43
jiading	假定	1376	40
jiading	家丁	274	46
jiading	嘉定	196	48
jiaergeda	加尔各答	112	50
jiafu	家父	147	49
jiagai	加盖	128	49
jiage	价格	11762	31
jiagezhan	价格战	127	49
jiagong	加工	4877	35
jiagong	夹攻	256	47
jiagongchang	加工厂	145	49
jiagongji	加工机	135	49
jiagongye	加工业	175	48
jiagou	架构	315	46
jiagu	加固	253	47
jiagu	甲骨	137	49
jiaguwen	甲骨文	343	45
jiahai	加害	327	46
jiahua	假话	215	47
jiahuo	家伙	1546	39
jiahuo	假货	131	49
jiaji	夹击	423	45
jiaji	甲基	216	47
jiaji	甲级	209	47
jiaji	佳绩	100	50
jiajia	家家	279	46
jiajia	加价	112	50
jiajiahuhu	家家户户	138	49
jiajiang	嘉奖	136	49
jiajiao	家教	208	47
jiajiao	夹角	121	50
jiajie	假借	173	48
jiajie	佳节	169	48
jiajie	嫁接	149	49
jiajin	加紧	1040	41
jiajin	加进	131	49
jiajin	加劲	121	50
jiajing	嘉靖	2290	38
jiajing	家境	495	44
jiaju	家具	886	42
jiaju	加剧	843	42
jiaju	家居	146	49
jiajuan	家眷	169	48
jiakong	架空	112	50
jiakuai	加快	3480	36
jialebihai	加勒比海	294	46
jialeibi	加勒比	174	48
jiali	家里	6390	34
jiali	加里	100	50
jialilve	伽利略	209	47
jialin	驾临	123	50
jialingjiang	嘉陵江	120	50
jialiren	家里人	291	46
jiamao	假冒	363	45
jiamaoweilie	假冒伪劣	115	50
jiamen	家门	565	43
jiameng	加盟	519	44
jiamenkou	家门口	258	47
jiami	甲醚	278	46
jiami	加密	145	49
jiamian	加冕	118	50
jiamiao	家庙	291	46
jiamuyang	嘉木样	258	47
jian	吉安	124	50
jiana	加纳	255	47
jiana	戛纳	138	49
jianada	加拿大	2067	38
jianan	建安	318	46
jianao	煎熬	239	47
jianbang	肩膀	1196	40
jianbei	兼备	1063	41
jianbian	简便	287	46
jianbie	鉴别	442	44
jianbing	兼并	893	42
jianbing	坚冰	104	50
jianbuderen	见不得人	132	49
jiancai	建材	831	42
jiance	检测	1423	40
jiance	监测	1002	41
jiancha	检查	5464	34
jiancha	检察	2542	37
jiancha	监察	1339	40
jianchaguan	检察官	180	48
jianchaguan	监察官	130	49
jianchahe	检查和	110	50
jianchan	减产	374	45
jianchayuan	检察院	7469	33
jianchayuan	检察员	263	47
jianchayuan	监察院	146	49
jianchazhang	检察长	4735	35
jianchen	奸臣	285	46
jiancheng	建成	6215	34
jiancheng	简称	3534	36
jianchi	坚持	10215	32
jianchibuxie	坚持不懈	176	48
jianchuan	舰船	536	44
jianci	渐次	183	48
jiandan	简单	6935	33
jiandang	建党	143	49
jiandao	见到	7522	33
jiandao	剪刀	623	43
jiandao	尖刀	212	47
jiande	见得	539	44
jiandi	歼敌	499	44
jiandi	减低	146	49
jiandie	间谍	544	44
jianding	坚定	1241	40
jianding	鉴定	1226	40
jianding	尖顶	102	50
jiandingbuyi	坚定不移	255	47
jiandinghui	鉴定会	264	47
jiandu	监督	7969	33
jiandu	建都	860	42
jianduan	间断	345	45
jianduan	尖端	275	46
jianduan	简短	271	46
jiandui	舰队	1839	39
jianduoshiguang	见多识广	128	49
jianduquan	监督权	551	44
jianfa	剑法	1951	39
jianfang	见方	428	45
jianfang	建房	128	49
jianfei	减肥	530	44
jianfeng	剑锋	190	48
jianfu	肩负	313	46
jiang	激昂	535	44
jiangan	江岸	155	49
jianganqu	江岸区	514	44
jiangbei	江北	1405	40
jiangbei	奖杯	186	48
jiangbian	江边	218	47
jiangbodu	江波渡	256	47
jiangcai	将才	130	49
jiangcheng	奖惩	853	42
jiangcheng	江城	297	46
jiangchi	僵持	233	47
jiangdao	降到	377	45
jiangdao	江道	264	47
jiangdi	降低	4432	35
jiangdi	江底	277	46
jiangdong	江东	374	45
jiangdu	江都	142	49
jiangduan	江段	297	46
jiange	间隔	488	44
jiangenzhu	姜恩柱	267	46
jiangfangzhou	蒋方舟	256	47
jiangfu	降幅	107	50
jiangguan	将官	173	48
jiangguo	浆果	155	49
jianghai	江海	270	46
jianghan	江汉	1652	39
jianghanpingyuan	江汉平原	2162	38
jianghanqu	江汉区	261	47
jianghe	江河	601	43
jianghongxing	蒋红星	256	47
jianghu	江湖	2750	37
jianghu	江户	120	50
jianghua	讲话	2555	37
jianghua	僵化	264	47
jianghuai	江淮	901	42
jiangji	降级	172	48
jiangjia	降价	636	43
jiangjiacha	江家岔	256	47
jiangjiachong	蒋家冲	512	44
jiangjiang	讲讲	148	49
jiangjie	讲解	407	45
jiangjie	疆界	127	49
jiangjie	降解	120	50
jiangjieshi	蒋介石	2812	37
jiangjin	奖金	1029	41
jiangjin	将近	524	44
jiangjingguo	蒋经国	106	50
jiangjiu	讲究	1572	39
jiangju	僵局	274	46
jiangjun	将军	5935	34
jiangke	讲课	232	47
jiangkou	江口	109	50
jianglai	将来	2817	37
jiangli	奖励	1168	41
jianglili	蒋丽莉	469	44
jianglin	降临	536	44
jiangling	江陵	3756	36
jiangling	将领	2977	37
jiangling	将令	220	47
jianglingxian	江陵县	540	44
jiangliu	江流	319	46
jiangluo	降落	648	43
jiangluosan	降落伞	122	50
jiangmen	将门	114	50
jiangmian	江面	791	42
jiangnamiao	江纳苗	512	44
jiangnan	江南	4986	35
jiangnanxi	江南西	265	47
jiangong	建工	664	43
jiangou	建构	145	49
jiangpai	奖牌	141	49
jiangqing	江青	838	42
jiangqiu	讲求	722	43
jiangren	匠人	142	49
jiangshan	江山	1224	40
jiangshang	奖赏	156	49
jiangsheng	缰绳	312	46
jiangsheng	降生	112	50
jiangshengyang	姜声扬	256	47
jiangshi	将士	2414	38
jiangshi	僵尸	593	43
jiangshi	讲师	149	49
jiangshou	讲授	359	45
jiangshu	讲述	776	42
jiangshuai	将帅	137	49
jiangshui	降水	963	41
jiangshui	江水	833	42
jiangshuiliang	降水量	2660	37
jiangshuojie	蒋硕杰	256	47
jiangshusheng	蒋树声	256	47
jiangsu	江苏	3337	36
jiangsusheng	江苏省	953	41
jiangtai	讲台	198	48
jiangtaigong	姜太公	104	50
jiangtu	疆土	156	49
jiangtun	江豚	524	44
jiangu	兼顾	651	43
jiangu	坚固	610	43
jianguai	见怪	106	50
jianguan	监管	1144	41
jianguan	兼管	141	49
jianguanbumen	监管部门	144	49
jianguo	建国	3083	37
jianguo	坚果	132	49
jiangwen	降温	226	47
jiangxi	江西	2594	37
jiangxi	讲习	336	46
jiangxia	江夏	1874	39
jiangxiajun	江夏郡	777	42
jiangxiang	奖项	207	48
jiangxiao	将校	188	48
jiangxiaqu	江夏区	3852	36
jiangxiazhi	江夏治	256	47
jiangxin	江心	114	50
jiangxinjiangyi	将信将疑	199	48
jiangxisheng	江西省	664	43
jiangxue	讲学	359	45
jiangxuejin	奖学金	563	44
jiangya	降压	112	50
jiangyan	讲演	243	47
jiangyao	将要	540	44
jiangyi	讲义	205	48
jiangyin	江阴	210	47
jiangying	僵硬	306	46
jiangyou	酱油	206	48
jiangyu	疆域	402	45
jiangyu	降雨	244	47
jiangyuanhua	蒋远华	256	47
jiangyuliang	降雨量	333	46
jiangzemin	江泽民	2415	38
jiangzhang	奖章	465	44
jiangzhe	江浙	289	46
jiangzhenghua	蒋正华	259	47
jiangzhong	江中	651	43
jiangzhou	江州	196	48
jiangzhu	江猪	259	47
jiangzhuping	蒋祝平	769	42
jiangzuizhang	江醉章	317	46
jiangzuo	讲座	447	44
jianhang	建行	201	48
jianhu	监护	488	44
jianhua	简化	867	42
jianhua	建华	342	46
jianhuan	减缓	180	48
jianhuo	间或	159	49
jianhuren	监护人	164	48
jianji	奸计	132	49
jianjian	渐渐	3555	36
jianjian	见见	322	46
jianjiao	尖椒	1282	40
jianjiao	建交	493	44
jianjiao	尖叫	357	45
jianjiao	见教	107	50
jianjie	简介	2671	37
jianjie	间接	1141	41
jianjie	见解	838	42
jianjie	简洁	326	46
jianjiexuanju	间接选举	790	42
jianjiji	歼击机	296	46
jianjin	监禁	444	44
jianjin	渐近	269	46
jianjin	渐进	118	50
jianju	艰巨	467	44
jianju	检举	416	45
jianju	间距	184	48
jianju	兼具	136	49
jianjue	坚决	3168	37
jianjun	建军	170	48
jiankang	健康	5971	34
jiankang	建康	206	48
jiankong	监控	540	44
jianku	艰苦	1139	41
jiankuchuangye	艰苦创业	106	50
jiankufendou	艰苦奋斗	408	45
jianli	建立	23118	29
jianli	简历	1520	40
jianli	监利	1046	41
jianli	尖利	124	50
jianlian	简练	136	49
jianlixian	监利县	522	44
jianlou	简陋	363	45
jianlou	箭楼	159	49
jianlve	简略	216	47
jianman	减慢	150	49
jianmei	健美	356	45
jianmian	见面	2189	38
jianmian	减免	294	46
jianmie	歼灭	747	42
jianming	简明	325	46
jianmo	缄默	190	48
jianmoguji	肩摩毂击	129	49
jiannan	艰难	1659	39
jianning	建宁	112	50
jianpan	键盘	378	45
jianpao	舰炮	210	47
jianpiao	简朴	160	49
jianping	建平	528	44
jianpu	俭朴	211	47
jianpuzhai	柬埔寨	634	43
jianqi	建起	426	45
jianqiang	坚强	1146	41
jianqiao	建桥	222	47
jianqiao	剑桥	213	47
jianqiao	剑鞘	161	49
jianqiaodaxue	剑桥大学	207	48
jianqie	剪切	109	50
jianqing	减轻	1504	40
jianqu	减去	202	48
jianquan	健全	1765	39
jianren	兼任	1004	41
jianren	贱人	277	46
jianren	坚韧	249	47
jianren	奸人	193	48
jianrong	兼容	296	46
jianrui	尖锐	986	41
jianruo	减弱	611	43
jianshang	肩上	634	43
jianshang	鉴赏	188	48
jianshao	减少	7275	33
jianshe	建设	26381	28
jianshelu	建设路	517	44
jianshen	健身	587	43
jianshenfang	健身房	113	50
jianshexing	建设性	241	47
jianshi	监视	1025	41
jianshi	见识	946	41
jianshi	坚实	658	43
jianshi	简史	296	46
jianshi	监事	292	46
jianshi	剑士	102	50
jianshihui	监事会	350	45
jianshixian	建始县	260	47
jianshou	坚守	690	43
jianshou	监守	104	50
jianshu	剑术	390	45
jianshu	建树	215	47
jianshu	减数	140	49
jianshui	减税	107	50
jiansu	减速	193	48
jiansuo	检索	247	47
jianta	践踏	239	47
jiantao	检讨	290	46
jiantian	见天	101	50
jianting	舰艇	1370	40
jianting	监听	121	50
jiantizi	简体字	268	46
jiantou	肩头	1397	40
jiantou	箭头	196	48
jiantui	减退	341	46
jianu	家奴	134	49
jianwai	见外	107	50
jianwen	见闻	266	47
jianwendi	建文帝	168	48
jianxi	间隙	319	46
jianxi	奸细	201	48
jianxi	见习	111	50
jianxian	艰险	199	48
jianxiao	减小	576	43
jianxiao	见效	190	48
jianxie	间歇	181	48
jianxin	艰辛	342	46
jianxin	坚信	341	46
jianxing	碱性	452	44
jianxing	饯行	107	50
jianxiu	检修	119	50
jianya	减压	139	49
jianyan	检验	1590	39
jianyao	简要	183	48
jianye	建业	117	50
jianyi	建议	9327	32
jianyi	简易	416	45
jianyi	检疫	210	47
jianyi	坚毅	146	49
jianyin	奸淫	231	47
jianying	坚硬	592	43
jianying	兼营	171	48
jianyong	兼用	201	48
jianyou	建有	2610	37
jianyou	兼有	687	43
jianyu	见于	1294	40
jianyu	监狱	980	41
jianyu	建于	975	41
jianyu	鉴于	951	41
jianyuan	减员	131	49
jianyue	检阅	372	45
jianzai	舰载	436	45
jianzao	建造	3683	36
jianzei	奸贼	334	46
jianzha	奸诈	119	50
jianzhang	见长	1261	40
jianzhang	舰长	164	48
jianzhang	简章	101	50
jianzhenbuqu	坚贞不屈	157	49
jianzheng	见证	677	43
jianzhengren	见证人	167	48
jianzhi	简直	2356	38
jianzhi	建制	1579	39
jianzhi	兼职	594	43
jianzhi	舰只	186	48
jianzhi	减值	123	50
jianzhi	减至	111	50
jianzhi	剪纸	101	50
jianzhu	建筑	14397	31
jianzhuang	健壮	504	44
jianzhuang	见状	197	48
jianzhuqun	建筑群	1756	39
jianzhushi	建筑师	337	46
jianzhuwu	建筑物	1147	41
jianzhuxue	建筑学	131	49
jianzhuye	建筑业	1156	41
jianzi	剪子	196	48
jiaoao	骄傲	794	42
jiaoban	搅拌	423	45
jiaoben	脚本	1136	41
jiaobu	脚步	2093	38
jiaobusheng	脚步声	705	43
jiaocai	教材	1439	40
jiaocha	较差	786	42
jiaocha	交叉	753	42
jiaochadian	交叉点	184	48
jiaoche	轿车	521	44
jiaocheng	教程	117	50
jiaochu	交出	370	45
jiaocuo	交错	695	43
jiaoda	较大	6637	34
jiaoda	交大	114	50
jiaodai	交代	911	42
jiaodai	交待	407	45
jiaodao	教导	600	43
jiaodao	交到	178	48
jiaodi	脚底	154	49
jiaodian	焦点	962	41
jiaodong	胶东	106	50
jiaodongliang	角动量	110	50
jiaodu	角度	3247	36
jiaoer	焦耳	216	47
jiaofa	教法	292	46
jiaofang	教坊	110	50
jiaofei	剿匪	147	49
jiaofeng	交锋	568	43
jiaofu	交付	911	42
jiaofu	轿夫	142	49
jiaoganshenjing	交感神经	153	49
jiaoge	交割	121	50
jiaogei	交给	3204	37
jiaogei	教给	131	49
jiaogen	脚跟	260	47
jiaogongli	焦公礼	135	49
jiaoguan	教官	221	47
jiaohan	叫喊	321	46
jiaohao	叫好	285	46
jiaoheng	骄横	123	50
jiaohu	交互	311	46
jiaohua	叫化	417	45
jiaohua	狡猾	374	45
jiaohua	教化	185	48
jiaohuai	脚踝	112	50
jiaohuan	交换	3579	36
jiaohuan	叫唤	256	47
jiaohuan	交还	222	47
jiaohuang	教皇	448	44
jiaohuang	焦黄	341	46
jiaohuanji	交换机	129	49
jiaohuanjiazhi	交换价值	201	48
jiaohuazi	叫化子	140	49
jiaohui	教会	1065	41
jiaohui	交汇	414	45
jiaohui	教诲	275	46
jiaohui	交会	173	48
jiaohuo	交货	432	45
jiaohuo	缴获	232	47
jiaohuozhi	交货值	261	47
jiaoji	焦急	902	42
jiaoji	交际	206	48
jiaoji	交集	151	49
jiaojian	脚尖	116	50
jiaojian	矫健	112	50
jiaojiaozhe	佼佼者	127	49
jiaojie	交界	569	43
jiaojie	交接	317	46
jiaojiechu	交界处	518	44
jiaojing	交警	280	46
jiaokan	校勘	145	49
jiaokeshu	教科书	466	44
jiaoku	叫苦	157	49
jiaolian	教练	1665	39
jiaoliang	较量	929	42
jiaolianji	教练机	316	46
jiaolianyuan	教练员	177	48
jiaolianzu	教练组	142	49
jiaoliu	交流	5027	35
jiaoliudian	交流电	106	50
jiaoliuhui	交流会	107	50
jiaoliuxian	焦柳线	256	47
jiaolou	角楼	177	48
jiaoluo	角落	780	42
jiaolv	焦虑	676	43
jiaoma	叫骂	130	49
jiaomai	叫卖	602	43
jiaomie	剿灭	217	47
jiaomin	教民	129	49
jiaomo	角膜	199	48
jiaomoyan	角膜炎	116	50
jiaomu	酵母	111	50
jiaona	缴纳	513	44
jiaona	交纳	479	44
jiaonang	胶囊	172	48
jiaonen	娇嫩	156	49
jiaopai	教派	401	45
jiaopan	绞盘	149	49
jiaopei	交配	525	44
jiaopengyou	交朋友	115	50
jiaopian	胶片	155	49
jiaoqian	交钱	116	50
jiaoqing	交情	243	47
jiaoqiu	角球	169	48
jiaoqu	郊区	668	43
jiaoqu	教区	119	50
jiaorang	叫嚷	260	47
jiaorong	交融	121	50
jiaose	脚色	134	49
jiaoshang	交上	134	49
jiaoshanhe	焦山河	768	42
jiaoshe	交涉	1014	41
jiaosheng	叫声	861	42
jiaoshi	教师	6642	34
jiaoshi	教室	664	43
jiaoshi	教士	275	46
jiaoshi	礁石	122	50
jiaoshou	教授	7419	33
jiaoshou	交手	204	48
jiaoshu	教书	297	46
jiaota	脚踏	245	47
jiaotan	交谈	909	42
jiaotan	焦炭	141	49
jiaotang	教堂	1364	40
jiaotashidi	脚踏实地	119	50
jiaoti	交替	937	41
jiaoti	胶体	213	47
jiaotiao	教条	116	50
jiaotiaozhuyi	教条主义	188	48
jiaoting	教廷	150	49
jiaotong	交通	10908	32
jiaotongbu	交通部	182	48
jiaotonggongju	交通工具	234	47
jiaotongguanli	交通管理	115	50
jiaotongyinhang	交通银行	125	50
jiaotongyuan	交通员	143	49
jiaotou	教头	209	47
jiaotu	教徒	628	43
jiaowai	郊外	289	46
jiaowaner	焦宛儿	196	48
jiaowang	交往	1626	39
jiaowei	较为	2350	38
jiaowei	教委	202	48
jiaowu	教务	358	45
jiaoxia	脚下	1566	39
jiaoxiangqu	交响曲	283	46
jiaoxiangyue	交响乐	125	50
jiaoxiangyuetuan	交响乐团	310	46
jiaoxiao	叫嚣	128	49
jiaoxing	侥幸	657	43
jiaoxing	叫醒	169	48
jiaoxingjia	绞刑架	140	49
jiaoxue	教学	4025	36
jiaoxuezhiliang	教学质量	102	50
jiaoxun	教训	2207	38
jiaoyan	娇艳	141	49
jiaoyang	教养	284	46
jiaoyanshi	教研室	135	49
jiaoyi	交易	4060	36
jiaoyi	教义	527	44
jiaoyi	交椅	138	49
jiaoyihui	交易会	232	47
jiaoyin	脚印	194	48
jiaoyiri	交易日	466	44
jiaoyisuo	交易所	613	43
jiaoyou	交由	192	48
jiaoyou	交友	113	50
jiaoyu	教育	23961	29
jiaoyuan	教员	289	46
jiaoyubu	教育部	1216	40
jiaoyubumen	教育部门	110	50
jiaoyujia	教育家	155	49
jiaoyuju	教育局	226	47
jiaoyuting	教育厅	383	45
jiaoyuxue	教育学	143	49
jiaozao	焦躁	371	45
jiaozha	狡诈	117	50
jiaozhan	交战	734	42
jiaozheng	校正	191	48
jiaozheng	矫正	175	48
jiaozhi	交织	374	45
jiaozhi	角质	226	47
jiaozhi	较之	215	47
jiaozhi	胶质	147	49
jiaozhi	脚趾	103	50
jiaozhigong	教职工	189	48
jiaozhixian	焦枝线	259	47
jiaozhiyuan	教职员	180	48
jiaozhong	教众	268	46
jiaozhu	教主	2396	38
jiaozhu	浇注	267	46
jiaozhu	叫住	141	49
jiaozhuo	焦灼	121	50
jiaozi	轿子	593	43
jiaozi	饺子	378	45
jiaozuo	叫做	4030	36
jiaozuo	叫作	1057	41
jiapeng	加蓬	232	47
jiaporenwang	家破人亡	121	50
jiaqi	假期	631	43
jiaqi	架起	382	45
jiaqian	价钱	520	44
jiaqiang	加强	11080	32
jiaqiao	架桥	325	46
jiaqiao	甲壳	127	49
jiaqin	家禽	229	47
jiaqing	嘉庆	279	46
jiaquan	甲醛	236	47
jiare	加热	1005	41
jiaren	家人	908	42
jiaren	嫁人	172	48
jiaren	佳人	164	48
jiari	假日	338	46
jiariban	假日办	122	50
jiaru	加入	4855	35
jiaru	假如	1340	40
jiaruo	假若	335	46
jiasha	袈裟	315	46
jiashan	假山	199	48
jiashang	加上	5605	34
jiashang	架上	308	46
jiashe	假设	1026	41
jiashe	架设	430	45
jiashen	加深	740	42
jiashi	驾驶	911	42
jiashi	假使	646	43
jiashi	家事	154	49
jiashi	架势	123	50
jiashi	加试	107	50
jiashi	家室	107	50
jiashicang	驾驶舱	154	49
jiashiyuan	驾驶员	552	44
jiashu	家属	1064	41
jiashu	家数	148	49
jiashui	加水	126	49
jiashuo	假说	240	47
jiasu	加速	3517	36
jiasudu	加速度	212	47
jiasuo	枷锁	132	49
jiasuqi	加速器	277	46
jiataiji	迦太基	548	44
jiating	家庭	8831	32
jiatingjiaoyu	家庭教育	139	49
jiawan	甲烷	209	47
jiawei	价位	214	47
jiawu	家务	1019	41
jiawu	甲午	138	49
jiawuzhanzheng	甲午战争	287	46
jiaxi	加息	291	46
jiaxiang	家乡	1217	40
jiaxiang	假象	193	48
jiaxiang	假想	159	49
jiaxin	加薪	381	45
jiaxing	嘉兴	407	45
jiaya	加压	135	49
jiayan	钾盐	117	50
jiayao	佳肴	1657	39
jiayao	假药	103	50
jiaye	家业	208	47
jiayi	加以	4286	35
jiayi	假意	189	48
jiayi	加意	100	50
jiayibin	贾亦斌	259	47
jiayingting	贾英廷	128	49
jiayong	家用	152	49
jiayongdianqi	家用电器	150	49
jiayou	加油	417	45
jiayouji	加油机	234	47
jiayouzhan	加油站	111	50
jiayu	甲鱼	627	43
jiayu	驾驭	248	47
jiayuan	家园	445	44
jiayuhuxiao	家喻户晓	244	47
jiayuxian	嘉鱼县	257	47
jiaza	夹杂	344	45
jiazhang	家长	2998	37
jiazhang	加长	112	50
jiazheng	家政	111	50
jiazhi	价值	15777	30
jiazhi	加之	817	42
jiazhi	茄汁	257	47
jiazhiguan	价值观	515	44
jiazhiguilv	价值规律	162	48
jiazhijie	贾志杰	771	42
jiazhiliang	价值量	282	46
jiazhong	家中	1745	39
jiazhong	加重	1170	41
jiazhou	加州	222	47
jiazhu	加筑	263	47
jiazhu	家主	202	48
jiazhu	家住	113	50
jiazhuang	假装	652	43
jiazhuang	加装	272	46
jiazhuang	嫁妆	135	49
jiazhuangxian	甲状腺	337	46
jiazi	架子	848	42
jiazigong	架子工	128	49
jiazu	家族	1918	39
jiazuo	佳作	175	48
jiba	几把	113	50
jibai	击败	1612	39
jibai	几百	320	46
jibaijin	几百斤	273	46
jibainian	几百年	600	43
jibaiwan	几百万	118	50
jibei	几杯	261	47
jibei	脊背	217	47
jibei	几倍	158	49
jiben	基本	20479	29
jibenfa	基本法	180	48
jibengong	基本功	120	50
jibengongzi	基本工资	281	46
jibenjianshe	基本建设	274	46
jibenmian	基本面	182	48
jibenshang	基本上	2711	37
jibi	击毙	248	47
jibian	即便	2075	38
jibian	几遍	242	47
jibie	级别	1161	41
jibing	疾病	4194	35
jibu	几步	1328	40
jibu	基部	388	45
jibu	缉捕	188	48
jibu	几部	111	50
jibuqing	记不清	105	50
jicang	机舱	190	48
jice	计策	377	45
jiceng	基层	1998	38
jiceng	几层	220	47
jicha	级差	447	44
jicha	稽查	135	49
jichang	机场	7741	33
jichang	几场	143	49
jiche	机车	301	46
jichen	击沉	208	47
jicheng	继承	2580	37
jicheng	集成	741	42
jichengdianlu	集成电路	520	44
jichengquan	继承权	122	50
jichengren	继承人	397	45
jichengzhe	继承者	119	50
jichi	疾驰	331	46
jichi	急驰	130	49
jichu	基础	18510	30
jichu	几处	298	46
jichu	挤出	292	46
jichu	击出	166	48
jichu	积储	109	50
jichuan	击穿	158	49
jichuang	机床	476	44
jichujiaoyu	基础教育	175	48
jichulilun	基础理论	107	50
jichusheshi	基础设施	107	50
jichuxing	基础性	140	49
jici	几次	2534	37
jici	讥刺	140	49
jicongcong	急匆匆	204	48
jicu	急促	407	45
jicun	寄存	181	48
jida	极大	3796	36
jida	击打	189	48
jida	吉达	161	49
jidai	几代	203	48
jidai	亟待	114	50
jidan	鸡蛋	1355	40
jidan	忌惮	308	46
jidang	激荡	300	46
jidao	几道	325	46
jidao	击倒	100	50
jide	记得	2545	37
jide	基德	139	49
jidi	基地	11481	31
jidi	极地	287	46
jidi	基底	158	49
jidian	机电	828	42
jidian	几点	416	45
jidian	极点	295	46
jidian	祭奠	165	48
jidian	积淀	119	50
jidian	基点	115	50
jidianqi	继电器	108	50
jidiao	基调	126	49
jiding	既定	325	46
jidong	激动	2700	37
jidong	机动	1405	40
jidongche	机动车	413	45
jidongrenxin	激动人心	113	50
jidongxing	机动性	418	45
jidu	季度	2086	38
jidu	极度	651	43
jidu	嫉妒	382	45
jidu	基督	246	47
jiduan	极端	1535	39
jidujiao	基督教	2274	38
jidujiaotu	基督教徒	128	49
jie	饥饿	591	43
jiebai	洁白	401	45
jiebai	结拜	123	50
jieban	结伴	161	49
jiebanren	接班人	252	47
jiebao	解宝	138	49
jiebao	捷报	109	50
jiebei	戒备	366	45
jiebeisenyan	戒备森严	194	48
jiebing	结冰	151	49
jieceng	阶层	1253	40
jiecheng	结成	1137	41
jiechi	劫持	132	49
jiechu	接触	3348	36
jiechu	杰出	1318	40
jiechu	解除	1126	41
jiechu	结出	102	50
jiechuan	揭穿	118	50
jiecijihui	借此机会	112	50
jieda	解答	787	42
jiedai	接待	2300	38
jiedai	借贷	450	44
jiedairi	接待日	262	47
jiedao	街道	3824	36
jiedao	接到	1490	40
jiedao	戒刀	147	49
jiedi	接地	170	48
jiedian	节点	451	44
jieding	界定	276	46
jiedizuzhi	结缔组织	139	49
jiedong	解冻	118	50
jiedu	解读	607	43
jiedu	解毒	414	45
jieduan	阶段	9574	32
jieduan	截断	327	46
jieduanxing	阶段性	197	48
jiedushi	节度使	1545	39
jieer	姐儿	197	48
jieerliansan	接二连三	151	49
jiefa	揭发	428	45
jiefang	解放	4855	35
jiefang	街坊	438	45
jiefanggongyuan	解放公园	257	47
jiefanghou	解放后	472	44
jiefangjun	解放军	3298	36
jiefangjunbao	解放军报	119	50
jiefanglu	解放路	530	44
jiefangqian	解放前	168	48
jiefangqu	解放区	1430	40
jiefangsixiang	解放思想	356	45
jiefangzhanzheng	解放战争	966	41
jiefeng	接风	114	50
jiefu	姐夫	398	45
jiegan	秸秆	131	49
jiegei	借给	213	47
jiegou	结构	14200	31
jiegouxing	结构性	192	48
jiegu	解雇	133	49
jieguan	接管	541	44
jiegui	接轨	272	46
jieguo	结果	13963	31
jieguo	接过	1850	39
jiehe	结合	8462	33
jiehe	结核	263	47
jiehe	界河	130	49
jiehebu	结合部	288	46
jiehou	节后	169	48
jiehun	结婚	2967	37
jiehuo	截获	124	50
jieji	阶级	4640	35
jieji	借机	239	47
jieji	截击	147	49
jieji	接济	141	49
jieji	结集	124	50
jiejia	接驾	108	50
jiejian	借鉴	819	42
jiejian	接见	780	42
jiejian	节俭	171	48
jiejiao	结交	409	45
jiejiari	节假日	208	47
jiejidouzheng	阶级斗争	947	41
jiejie	姐姐	2742	37
jiejie	结节	134	49
jiejiebaba	结结巴巴	196	48
jiejiebaitui	节节败退	168	48
jiejieshishi	结结实实	101	50
jiejin	接近	3498	36
jiejing	结晶	730	42
jiejing	洁净	260	47
jiejing	捷径	200	48
jiejinquanli	竭尽全力	164	48
jiejiu	解救	395	45
jieju	结局	803	42
jiejue	解决	14468	31
jiekai	解开	1023	41
jiekai	揭开	974	41
jieke	捷克	702	43
jiekexun	杰克逊	141	49
jiekou	借口	1446	40
jiekou	接口	814	42
jiekuan	借款	637	43
jiekun	解困	132	49
jielai	借来	103	50
jieli	竭力	1044	41
jieli	接力	197	48
jieli	借力	172	48
jielian	接连	1089	41
jielianbuduan	接连不断	352	45
jieling	界岭	488	44
jielu	揭露	1408	40
jielun	结论	2413	38
jielv	戒律	239	47
jielv	节律	181	48
jielve	劫掠	192	48
jiemao	睫毛	214	47
jiemei	姐妹	842	42
jiemen	解闷	119	50
jiemeng	结盟	359	45
jiemi	解密	157	49
jiemian	界面	389	45
jiemian	截面	167	48
jiemu	节目	2186	38
jiemu	揭幕	129	49
jiena	接纳	455	44
jienan	劫难	120	50
jieneng	节能	274	46
jiepai	节拍	139	49
jiepi	揭批	101	50
jiepou	解剖	515	44
jiepouxue	解剖学	184	48
jieqian	借钱	202	48
jieqian	节前	129	49
jieqing	节庆	197	48
jiequ	街区	113	50
jier	继而	476	44
jier	基尔	102	50
jieran	截然	193	48
jieranbutong	截然不同	516	44
jierang	接壤	332	46
jieren	接任	374	45
jieri	节日	2105	38
jieru	介入	684	43
jieru	接入	281	46
jiesan	解散	642	43
jieshang	街上	1877	39
jieshang	接上	273	46
jieshao	介绍	8926	32
jieshe	结社	103	50
jiesheng	节省	695	43
jieshi	解释	7421	33
jieshi	揭示	1015	41
jieshi	届时	976	41
jieshi	结实	534	44
jieshi	结识	461	44
jieshi	街市	211	47
jieshi	结石	164	48
jieshou	接受	10415	32
jieshou	接收	1083	41
jieshou	接手	124	50
jieshouji	接收机	147	49
jieshu	结束	8944	32
jieshuo	解说	329	46
jiesong	接送	145	49
jiesu	借宿	140	49
jiesuan	结算	698	43
jieti	阶梯	699	43
jieti	解体	636	43
jieti	接替	475	44
jieti	解题	376	45
jietie	揭帖	114	50
jieting	接听	189	48
jietong	接通	209	47
jietou	街头	1936	39
jietou	接头	121	50
jietuo	解脱	541	44
jiewei	结为	303	46
jiewei	解围	286	46
jiewei	结尾	276	46
jiexi	解析	491	44
jiexia	结下	190	48
jiexialai	接下来	1010	41
jiexian	界限	895	42
jiexian	界线	387	45
jiexiang	街巷	218	47
jiexiao	揭晓	212	47
jieyan	戒严	398	45
jieyan	戒烟	133	49
jieye	结业	105	50
jieyi	借以	558	44
jieyi	介意	203	48
jieyi	结义	146	49
jieying	接应	777	42
jieyong	借用	325	46
jieyu	介于	810	42
jieyue	节约	883	42
jiezhe	接着	6206	34
jiezhe	借着	458	44
jiezhi	截止	2547	37
jiezhi	截至	1780	39
jiezhi	介质	942	41
jiezhi	节制	876	42
jiezhi	戒指	808	42
jiezhong	接种	225	47
jiezhongerlai	接踵而来	227	47
jiezhongerzhi	接踵而至	100	50
jiezhu	借助	969	41
jiezhu	截住	277	46
jiezhuyu	借助于	221	47
jiezi	介子	125	50
jiezou	节奏	1173	41
jiezuo	杰作	300	46
jifa	激发	1195	40
jifa	技法	356	45
jifa	继发	134	49
jifan	几番	138	49
jifang	己方	234	47
jifang	机房	126	49
jifatai	激发态	122	50
jifaxing	继发性	118	50
jifen	几分	1103	41
jifen	积分	742	42
jifenbang	积分榜	128	49
jifeng	季风	432	45
jifeng	讥讽	193	48
jifeng	疾风	162	48
jifengqihou	季风气候	946	41
jifengxing	季风性	266	47
jifenzhong	几分钟	324	46
jifu	肌肤	804	42
jifu	极富	303	46
jifu	基辅	202	48
jifu	畿辅	113	50
jigai	技改	351	45
jige	几个	13134	31
jige	及格	148	49
jigen	几根	264	47
jigong	技工	449	44
jigou	机构	19209	29
jigu	击鼓	122	50
jigua	记挂	107	50
jiguan	机关	24504	28
jiguan	籍贯	132	49
jiguanbao	机关报	132	49
jiguang	激光	1336	40
jiguang	极光	112	50
jiguanganbu	机关干部	133	49
jiguangqi	激光器	258	47
jihao	极好	600	43
jihao	记号	392	45
jihe	集合	1952	39
jihe	几何	1424	40
jihelun	集合论	145	49
jiheti	集合体	121	50
jihexue	几何学	431	45
jihousai	季后赛	588	43
jihu	几乎	9754	32
jihua	计划	19799	29
jihua	激化	355	45
jihua	极化	184	48
jihuajingji	计划经济	330	46
jihuan	疾患	205	48
jihuang	饥荒	191	48
jihuashengyu	计划生育	1446	40
jihuashu	计划数	137	49
jihui	机会	9875	32
jihui	集会	1076	41
jihui	忌讳	355	45
jihui	击毁	144	49
jihui	几回	142	49
jihuizhuyi	机会主义	207	48
jihuo	激活	246	47
jiji	积极	8844	32
jiji	唧唧	377	45
jijia	几家	577	43
jijian	几件	488	44
jijian	基建	179	48
jijian	纪检	150	49
jijian	击剑	120	50
jijian	几间	114	50
jijiang	即将	2643	37
jijianzu	纪检组	144	49
jijiao	计较	692	43
jijiazui	季家嘴	256	47
jijie	季节	3201	37
jijie	集结	733	42
jijiexing	季节性	226	47
jijimangmang	急急忙忙	156	49
jijin	基金	3114	37
jijin	激进	249	47
jijin	几近	113	50
jijing	寂静	692	43
jijing	几经	642	43
jijing	机警	171	48
jijinhui	基金会	575	43
jijiu	急救	287	46
jijixing	积极性	1476	40
jiju	几句	3737	36
jiju	急剧	834	42
jiju	积聚	320	46
jiju	集聚	131	49
jike	即可	1052	41
jike	即刻	433	45
jike	几颗	171	48
jike	饥渴	118	50
jike	几棵	105	50
jikou	几口	478	44
jiku	疾苦	240	47
jikuai	几块	344	45
jikui	击溃	335	46
jile	极了	1309	40
jilei	积累	2791	37
jilei	几类	153	49
jili	激励	1075	41
jili	极力	905	42
jili	机理	462	44
jili	吉利	374	45
jili	祭礼	169	48
jiliang	计量	526	44
jiliang	剂量	504	44
jiliang	季梁	258	47
jiliang	伎俩	152	49
jiliang	脊梁	143	49
jiliang	几两	118	50
jilie	激烈	2907	37
jiligulu	叽哩咕噜	100	50
jiling	即令	275	46
jiling	机灵	215	47
jilinsheng	吉林省	424	45
jiliu	急流	566	43
jiliu	激流	480	44
jilong	基隆	151	49
jilu	记录	3466	36
jilu	纪录	1232	40
jilu	辑录	124	50
jiluo	击落	503	44
jilupian	纪录片	205	48
jilv	纪律	1223	40
jilv	几率	239	47
jiman	挤满	203	48
jimang	急忙	2165	38
jimao	鸡毛	119	50
jimaoshichang	集贸市场	156	49
jimi	机密	826	42
jimi	羁縻	613	43
jimi	吉米	221	47
jimin	饥民	357	45
jimin	机敏	168	48
jiming	几名	627	43
jiming	鸡鸣	108	50
jimo	寂寞	762	42
jimou	计谋	180	48
jimu	极目	286	46
jimu	继母	124	50
jinan	济南	1417	40
jinan	近岸	141	49
jinanshi	济南市	257	47
jinbabuwei	津巴布韦	215	47
jinbi	紧闭	1049	41
jinbi	进逼	199	48
jinbi	金币	149	49
jinbian	金边	134	49
jinbiaosai	锦标赛	918	42
jinbihuihuang	金碧辉煌	375	45
jinbing	进兵	441	44
jinbing	金兵	182	48
jinbinghua	金炳华	257	47
jinbo	金箔	430	45
jinbu	进步	5265	35
jinbu	禁捕	257	47
jinbuzhu	禁不住	598	43
jinchaji	晋察冀	155	49
jinchang	进场	128	49
jinchang	金昌	113	50
jincheng	进程	2589	37
jincheng	进城	1468	40
jincheng	近程	199	48
jincheng	金城	131	49
jinchi	矜持	141	49
jinchu	进出	978	41
jinchu	近处	314	46
jinchuan	金川	113	50
jinchukou	进出口	966	41
jinciyu	仅次于	2032	38
jincou	紧凑	183	48
jindai	近代	2572	37
jindai	金代	625	43
jindai	晋代	338	46
jindaishi	近代史	336	46
jindan	金丹	103	50
jindaoxiu	金刀绣	128	49
jindazhong	金大中	103	50
jinde	今德	128	49
jindi	禁地	744	42
jindian	金殿	1497	40
jindie	金蝶	110	50
jindou	筋斗	446	44
jindu	进度	392	45
jindu	禁毒	211	47
jinduan	锦缎	151	49
jine	金额	1292	40
jineiya	几内亚	381	45
jineng	技能	1384	40
jineng	机能	767	42
jiner	进而	1372	40
jiner	今儿	688	43
jiner	劲儿	420	45
jinerge	今儿个	212	47
jinfa	进发	495	44
jinfa	金发	153	49
jinfan	进犯	342	46
jinfan	今番	149	49
jingai	敬爱	120	50
jingang	金刚	640	43
jingangshi	金刚石	287	46
jingbao	警报	319	46
jingbao	京报	131	49
jingbei	警备	205	48
jingbing	精兵	458	44
jingbingqiangjiang	精兵强将	150	49
jingbu	颈部	315	46
jingbuqi	经不起	182	48
jingcai	精彩	2048	38
jingcha	警察	1677	39
jingcha	惊诧	283	46
jingchang	经常	7253	33
jingchangxing	经常性	215	47
jingche	警车	118	50
jingcheng	京城	2105	38
jingchui	颈椎	175	48
jingdai	惊呆	207	48
jingdao	粳稻	275	46
jingdeqi	经得起	244	47
jingdezhen	景德镇	134	49
jingdi	境地	693	43
jingdi	劲敌	231	47
jingdian	景点	2436	38
jingdian	经典	2096	38
jingdian	静电	453	44
jingdong	惊动	611	43
jingdong	荆东	512	44
jingdu	精度	943	41
jingdu	京都	303	46
jinge	惊愕	161	49
jingen	紧跟	183	48
jingenzhe	紧跟着	136	49
jingfang	警方	696	43
jingfei	经费	1898	39
jingfeng	劲风	243	47
jingfu	荆府	256	47
jinggan	竟敢	401	45
jinggan	精干	163	48
jinggangshan	井冈山	486	44
jinggao	警告	1153	41
jingguan	景观	1818	39
jingguan	警官	636	43
jingguan	经管	363	45
jingguan	京官	131	49
jingguang	京广	267	46
jingguang	精光	221	47
jingguangtielu	京广铁路	593	43
jingguangxian	京广线	561	44
jingguangzhongxin	京广中心	128	49
jingguo	经过	16218	30
jinghai	惊骇	250	47
jinghan	京汉	426	45
jinghangyunhe	京杭运河	155	49
jinghu	惊呼	679	43
jinghu	京沪	160	49
jinghua	精华	1717	39
jinghua	净化	422	45
jinghuang	惊慌	620	43
jinghuang	惊惶	322	46
jinghuangshicuo	惊慌失措	182	48
jinghun	精魂	269	46
jinghun	惊魂	100	50
jinghutielu	京沪铁路	125	50
jingji	经济	48718	26
jingji	竞技	430	45
jingji	荆棘	188	48
jingji	经纪	147	49
jingji	经籍	132	49
jingji	京畿	102	50
jingjian	精简	237	47
jingjiang	荆江	1179	41
jingjiangbo	经江波	256	47
jingjiao	惊叫	483	44
jingjiao	京郊	111	50
jingjidai	经济带	273	46
jingjie	境界	1737	39
jingjie	警戒	504	44
jingjifa	经济法	123	50
jingjijichu	经济基础	330	46
jingjilin	经济林	358	45
jingjing	静静	236	47
jingjingde	静静的	142	49
jingjingdi	静静地	776	42
jingjingyeye	兢兢业业	117	50
jingjiqu	经济区	102	50
jingjiren	经纪人	371	45
jingjishehui	经济社会	528	44
jingjishi	经济史	118	50
jingjitequ	经济特区	1815	39
jingjitizhi	经济体制	519	44
jingjiu	敬酒	211	47
jingjiubuxi	经久不息	148	49
jingjiutielu	京九铁路	283	46
jingjiuxian	京九线	269	46
jingjiweiji	经济危机	130	49
jingjixiaoyi	经济效益	1109	41
jingjixing	经济型	365	45
jingjixue	经济学	1544	39
jingjixuejia	经济学家	900	42
jingjizuowu	经济作物	784	42
jingju	京剧	820	42
jingju	惊惧	243	47
jingjue	警觉	301	46
jingjue	精绝	242	47
jingjue	惊觉	180	48
jingjue	惊厥	102	50
jingkong	惊恐	438	45
jingkong	净空	153	49
jingkou	井口	350	45
jingkuang	境况	246	47
jingli	经历	5266	35
jingli	经理	2761	37
jingli	精力	1496	40
jingli	敬礼	175	48
jinglian	精炼	125	50
jingliang	精良	238	47
jingling	竟陵	298	46
jingling	精灵	163	48
jingliren	经理人	508	44
jinglirun	净利润	548	44
jingliu	径流	516	44
jingliuliang	径流量	878	42
jingluan	痉挛	301	46
jingluo	经络	267	46
jinglv	劲旅	156	49
jinglve	经略	254	47
jingmai	静脉	677	43
jingmai	经脉	449	44
jingmao	经贸	959	41
jingmei	精美	1515	40
jingmen	荆门	2150	38
jingmenshi	荆门市	1552	39
jingmi	精密	559	44
jingmian	镜面	109	50
jingmiao	精妙	352	45
jingming	精明	474	44
jingmo	静默	327	46
jingnanfu	荆南府	256	47
jingnei	境内	6247	34
jingong	进攻	7091	33
jingong	进宫	794	42
jingong	进贡	184	48
jingongcankao	仅供参考	621	43
jingpei	敬佩	257	47
jingpi	精辟	145	49
jingpian	镜片	168	48
jingpin	精品	1959	39
jingqi	惊奇	792	42
jingqi	旌旗	310	46
jingqi	景气	167	48
jingqi	经期	105	50
jingqiao	精巧	936	41
jingqiaoqiao	静悄悄	324	46
jingqing	敬请	131	49
jingqu	景区	1706	39
jingquan	警犬	149	49
jingque	精确	1315	40
jingquedu	精确度	100	50
jingran	竟然	6640	34
jingrao	惊扰	100	50
jingren	惊人	1321	40
jingrui	精锐	569	43
jingsai	竞赛	1213	40
jingse	景色	758	42
jingsha	荆沙	259	47
jingshan	京山	293	46
jingshan	景山	222	47
jingshang	经商	459	44
jingshanxian	京山县	521	44
jingshashi	荆沙市	266	47
jingshen	精神	12961	31
jingshen	精深	137	49
jingshenbing	精神病	241	47
jingshenwenming	精神文明	1118	41
jingshi	竟是	2299	38
jingshi	京师	947	41
jingshi	晶石	407	45
jingshi	警示	206	48
jingshou	经受	723	43
jingshu	经书	429	45
jingshu	精熟	100	50
jingsui	精髓	186	48
jingtai	静态	204	48
jingtan	惊叹	306	46
jingtaohailang	惊涛骇浪	102	50
jingti	晶体	1737	39
jingti	警惕	898	42
jingtiandongdi	惊天动地	221	47
jingtiguan	晶体管	312	46
jingting	静听	155	49
jingtong	精通	643	43
jingtou	镜头	618	43
jingtu	净土	176	48
jingu	筋骨	260	47
jingu	禁锢	171	48
jinguan	尽管	7018	33
jinguan	金冠	212	47
jinguan	进关	152	49
jinguang	金光	322	46
jinguanruci	尽管如此	365	45
jingubang	金箍棒	134	49
jinguo	金国	191	48
jinguo	晋国	170	48
jingwai	境外	744	42
jingwei	警卫	530	44
jingwei	敬畏	295	46
jingwei	精微	164	48
jingweidui	警卫队	184	48
jingweiyuan	警卫员	119	50
jingwen	经文	319	46
jingwu	景物	302	46
jingxi	精细	1616	39
jingxi	惊喜	555	44
jingxi	京西	325	46
jingxi	晶系	148	49
jingxia	惊吓	248	47
jingxia	井下	170	48
jingxian	敬献	187	48
jingxian	惊险	183	48
jingxiang	景象	1219	40
jingxiang	竞相	347	45
jingxiang	径向	191	48
jingxiao	经销	152	49
jingxiaoshang	经销商	241	47
jingxijiaoji	惊喜交集	131	49
jingxin	精心	1217	40
jingxindongpo	惊心动魄	327	46
jingxing	惊醒	582	43
jingxing	警醒	109	50
jingxuan	竞选	778	42
jingxuan	精选	497	44
jingxue	经学	146	49
jingya	惊讶	1197	40
jingyan	经验	9803	32
jingyang	敬仰	300	46
jingyang	景仰	103	50
jingye	敬业	380	45
jingye	精液	129	49
jingyi	惊异	480	44
jingyi	惊疑	289	46
jingyi	敬意	265	47
jingyicai	荆宜菜	256	47
jingying	经营	7456	33
jingying	精英	781	42
jingying	晶莹	309	46
jingyingquan	经营权	114	50
jingyingzhe	经营者	488	44
jingyou	经由	384	45
jingyu	精于	356	45
jingyu	境遇	175	48
jingyuan	经院	135	49
jingzhan	精湛	397	45
jingzhao	京兆	110	50
jingzhaoyin	京兆尹	149	49
jingzheng	竞争	5985	34
jingzhengli	竞争力	1310	40
jingzhengzhe	竞争者	148	49
jingzhi	精致	630	43
jingzhi	径直	625	43
jingzhi	静止	582	43
jingzhi	精制	369	45
jingzhi	景致	299	46
jingzhi	净值	109	50
jingzhong	敬重	502	44
jingzhong	警钟	135	49
jingzhou	荆州	11210	32
jingzhouqu	荆州区	513	44
jingzhoushi	荆州市	3082	37
jingzi	镜子	818	42
jingzi	精子	492	44
jingzi	径自	322	46
jingzi	竟自	155	49
jingzichan	净资产	196	48
jingzu	京族	294	46
jingzuo	静坐	187	48
jinhai	近海	407	45
jinhou	今后	3051	37
jinhu	近乎	473	44
jinhua	进化	1052	41
jinhua	金花	849	42
jinhua	金华	224	47
jinhualun	进化论	207	48
jinhuang	金黄	421	45
jinhuangse	金黄色	344	45
jinian	几年	4137	36
jinian	纪念	2681	37
jinian	纪年	281	46
jinianbei	纪念碑	238	47
jinianguan	纪念馆	604	43
jinianpin	纪念品	424	45
jinianri	纪念日	266	47
jinianshi	纪念室	130	49
jinianzhan	纪念展	130	49
jinima	吉尼玛	257	47
jinji	紧急	2600	37
jinji	禁忌	414	45
jinji	晋级	238	47
jinji	金鸡	191	48
jinji	进击	129	49
jinjia	金价	118	50
jinjian	进谏	180	48
jinjian	晋见	166	48
jinjian	觐见	107	50
jinjiang	锦江	162	48
jinjiang	金奖	153	49
jinjiao	近郊	266	47
jinjiezhe	紧接着	699	43
jinjiluyu	晋冀鲁豫	182	48
jinjin	仅仅	3286	36
jinjin	紧紧	2190	38
jinjing	进京	697	43
jinjinyouwei	津津有味	144	49
jinjizhuangtai	紧急状态	608	43
jinjun	进军	1051	41
jinjun	禁军	344	45
jinjunshan	金俊山	149	49
jinjunwu	金俊武	272	46
jinkao	紧靠	129	49
jinkeneng	尽可能	1093	41
jinkou	进口	3404	36
jinkuai	尽快	1832	39
jinkuang	近况	200	48
jinkuang	金矿	150	49
jinlai	进来	6878	33
jinlai	近来	1311	40
jinli	尽力	884	42
jinli	劲力	547	44
jinli	金利	259	47
jinlian	金莲	335	46
jinliang	尽量	2179	38
jinlin	近邻	101	50
jinling	金陵	432	45
jinling	禁令	364	45
jinlun	金轮	649	43
jinlunfa	金轮法	191	48
jinluo	金锣	264	47
jinluomigu	紧锣密鼓	110	50
jinlusheng	金鲁生	293	46
jinmaoshi	金毛狮	108	50
jinmen	进门	872	42
jinmen	金门	149	49
jinmi	紧密	1591	39
jinnan	津南	256	47
jinnan	晋南	133	49
jinnian	今年	9959	32
jinnian	近年	616	43
jinnianchu	今年初	108	50
jinnianlai	近年来	3723	36
jinpai	金牌	943	41
jinpao	浸泡	299	46
jinpilijin	筋疲力尽	106	50
jinping	金平	520	44
jinpingmei	金瓶梅	233	47
jinpo	紧迫	550	44
jinpogan	紧迫感	134	49
jinpu	金铺	133	49
jinpu	津浦	126	49
jinqi	近期	1285	40
jinqi	锦旗	225	47
jinqian	金钱	1121	41
jinqian	近前	224	47
jinqianbao	金钱豹	328	46
jinqidao	进气道	103	50
jinqin	近亲	150	49
jinqing	尽情	446	44
jinqiu	进球	1023	41
jinqiu	金秋	178	48
jinqu	进去	4929	35
jinqu	禁区	855	42
jinqu	进取	367	45
jinque	紧缺	236	47
jinran	浸染	160	49
jinren	今人	154	49
jinri	今日	10258	32
jinri	近日	2033	38
jinricheng	金日成	140	49
jinrong	金融	6455	34
jinrongshichang	金融市场	192	48
jinrongye	金融业	172	48
jinru	进入	18436	30
jinru	浸入	106	50
jinrun	浸润	176	48
jinse	金色	434	45
jinshajiang	金沙江	223	47
jinshan	金山	291	46
jinshan	进山	227	47
jinshe	金蛇	231	47
jinshen	谨慎	1131	41
jinshen	进深	933	41
jinshen	缙绅	146	49
jinsheng	晋升	566	43
jinsheng	今生	126	49
jinshi	进士	2072	38
jinshi	金石	450	44
jinshi	进食	232	47
jinshi	近世	136	49
jinshi	近视	130	49
jinshu	金属	4290	35
jinshu	尽数	834	42
jinshui	进水	155	49
jinshuihe	金水河	937	41
jinshuiqiao	金水桥	711	43
jinshukuang	金属矿	133	49
jinsi	近似	759	42
jinsi	金丝	617	43
jinsihou	金丝猴	373	45
jinsui	紧随	176	48
jinsuo	紧缩	295	46
jintai	金台	546	44
jintian	今天	15960	30
jintianqiyi	金田起义	145	49
jintiao	金条	100	50
jintie	津贴	732	42
jintie	紧贴	191	48
jintou	尽头	675	43
jintou	浸透	229	47
jintou	劲头	198	48
jintui	进退	217	47
jinu	激怒	416	45
jinv	妓女	446	44
jinwan	今晚	1509	40
jinwei	进位	117	50
jinwen	金文	169	48
jinwo	紧握	104	50
jinwu	进屋	392	45
jinxiandai	近现代	300	46
jinxienian	近些年	208	47
jinxin	尽心	224	47
jinxing	进行	54355	25
jinxing	金星	695	43
jinxingqu	进行曲	375	45
jinxinjieli	尽心竭力	106	50
jinxiu	进修	436	45
jinxiu	锦绣	173	48
jinxueceng	金学曾	614	43
jinya	金牙	698	43
jinyan	金嫣	463	44
jinyao	紧要	167	48
jinyaoguantou	紧要关头	243	47
jinye	今夜	753	42
jinye	津液	105	50
jinyi	锦衣	194	48
jinyibu	进一步	10588	32
jinyin	金银	1340	40
jinyincaibao	金银财宝	129	49
jinyiwei	锦衣卫	739	42
jinyong	金庸	331	46
jinyong	禁用	141	49
jinyu	近于	197	48
jinyu	金鱼	109	50
jinyuan	金元	243	47
jinyuanbao	金元宝	287	46
jinyun	禁运	195	48
jinzaizhichi	近在咫尺	242	47
jinzao	尽早	466	44
jinzhan	进展	2022	38
jinzhang	紧张	4790	35
jinzhao	今朝	130	49
jinzhen	金针	232	47
jinzhengri	金正日	352	45
jinzhengyang	今正阳	128	49
jinzhi	禁止	2582	37
jinzhi	金质	115	50
jinzhong	尽忠	187	48
jinzhou	锦州	610	43
jinzhu	进驻	721	43
jinzi	金子	356	45
jinzita	金字塔	425	45
jiongpo	窘迫	136	49
jiongranbutong	迥然不同	118	50
jiongyi	迥异	107	50
jipao	机炮	146	49
jipeiding	吉佩定	262	47
jipian	几片	102	50
jipiao	机票	646	43
jipin	极品	136	49
jipin	祭品	108	50
jipo	击破	182	48
jipu	吉普	175	48
jipuche	吉普车	294	46
jiqi	及其	12663	31
jiqi	机器	3932	36
jiqi	极其	2001	38
jiqi	激起	1145	41
jiqi	祭器	194	48
jiqian	几千	403	45
jiqiang	机枪	1003	41
jiqiannian	几千年	452	44
jiqiao	技巧	1563	39
jiqie	急切	422	45
jiqing	激情	1276	40
jiqiren	机器人	384	45
jiqiu	击球	179	48
jiqu	汲取	313	46
jiquan	集权	109	50
jiqun	集群	216	47
jiqun	机群	130	49
jiran	既然	5389	34
jiran	寂然	115	50
jiranruci	既然如此	318	46
jiren	继任	284	46
jiren	己任	134	49
jiri	几日	702	43
jiri	即日	437	45
jirou	肌肉	1729	39
jirou	鸡肉	169	48
jiru	计入	161	49
jisan	集散	269	46
jisandi	集散地	222	47
jishang	机上	329	46
jishang	击伤	106	50
jishao	极少	1040	41
jishaoshu	极少数	385	45
jishen	跻身	487	44
jishen	机身	477	44
jisheng	几声	785	42
jisheng	寄生	607	43
jishengchong	寄生虫	153	49
jishi	即使	6462	34
jishi	及时	3762	36
jishi	几时	490	44
jishi	即时	428	45
jishi	几十	389	45
jishi	集市	264	47
jishi	纪事	209	47
jishi	急事	192	48
jishi	纪实	170	48
jishi	计时	161	49
jishi	记事	147	49
jishi	基石	145	49
jishi	技师	130	49
jishige	几十个	517	44
jishijin	几十斤	285	46
jishili	几十里	103	50
jishinian	几十年	1361	40
jishiwan	几十万	244	47
jishizhang	几十张	142	49
jishou	棘手	291	46
jishu	技术	37664	27
jishu	记述	846	42
jishu	基数	374	45
jishu	级数	267	46
jishu	计数	196	48
jishu	记数	126	49
jishu	奇数	109	50
jishui	积水	322	46
jishurenyuan	技术人员	111	50
jishuxing	技术性	216	47
jishuyuan	技术员	136	49
jishuzhuangbei	技术装备	106	50
jisi	祭祀	2014	38
jisi	祭司	293	46
jisu	激素	1605	39
jisu	急速	532	44
jisu	寄宿	102	50
jisuan	计算	5235	35
jisuanji	计算机	6396	34
jisuanqi	计算器	141	49
jisui	脊髓	297	46
jisui	几岁	219	47
jita	吉他	108	50
jitan	祭坛	187	48
jitang	鸡汤	374	45
jiti	集体	3332	36
jiti	机体	998	41
jiti	计提	124	50
jitian	几天	4341	35
jitian	祭天	611	43
jitiao	几条	622	43
jitijingji	集体经济	189	48
jitingting	季婷婷	141	49
jitisuoyou	集体所有	544	44
jitou	机头	189	48
jituan	集团	12298	31
jituan	基团	209	47
jituangongsi	集团公司	1297	40
jituanjun	集团军	782	42
jitui	击退	347	45
jituo	寄托	933	41
jiuba	酒吧	326	46
jiubao	酒保	257	47
jiubei	酒杯	719	43
jiubing	救兵	191	48
jiubing	久病	101	50
jiubu	旧部	136	49
jiucai	酒菜	192	48
jiucai	韭菜	144	49
jiuchan	纠缠	637	43
jiucheng	旧城	279	46
jiucheng	九成	155	49
jiuchi	九尺	282	46
jiuchong	九重	174	48
jiuchu	救出	381	45
jiuci	就此	1432	40
jiuda	九大	250	47
jiudian	酒店	2524	38
jiudian	九点	141	49
jiuding	九鼎	158	49
jiudu	就读	415	45
jiuerjiuzhi	久而久之	229	47
jiufen	纠纷	1191	41
jiuge	九个	672	43
jiuge	纠葛	242	47
jiugong	九宫	110	50
jiugongshan	九宫山	291	46
jiuguan	酒馆	103	50
jiuguo	救国	824	42
jiuguotuan	救国团	259	47
jiuhou	酒后	170	48
jiuhu	救护	273	46
jiuhu	酒壶	227	47
jiuhuche	救护车	166	48
jiuhui	酒会	156	49
jiuhuo	救火	162	48
jiuhuo	救活	154	49
jiuhuo	旧货	142	49
jiuji	救济	571	43
jiuji	纠集	198	48
jiujia	酒家	542	44
jiujian	九间	654	43
jiujiang	九江	818	42
jiujin	就近	229	47
jiujing	究竟	3981	36
jiujing	酒精	523	44
jiujing	久经	118	50
jiujingdeng	酒精灯	159	49
jiujinshan	旧金山	238	47
jiujiu	舅舅	541	44
jiujiu	久久	355	45
jiujiu	救救	118	50
jiulei	酒类	113	50
jiuliang	酒量	152	49
jiuliu	久留	128	49
jiulong	九龙	256	47
jiulou	酒楼	484	44
jiumei	久美	256	47
jiumen	九门	169	48
jiuming	救命	474	44
jiumingzhien	救命之恩	135	49
jiunian	九年	1184	41
jiupin	九品	225	47
jiuping	酒瓶	122	50
jiuqing	九卿	227	47
jiuqu	九曲	314	46
jiuquan	酒泉	208	47
jiuquhuichang	九曲回肠	1030	41
jiurang	就让	1337	40
jiuren	救人	548	44
jiuren	就任	365	45
jiuri	旧日	167	48
jiuri	九日	132	49
jiurou	酒肉	182	48
jiushehui	旧社会	246	47
jiusheng	救生	162	48
jiushi	就是	9283	32
jiushi	九十	340	46
jiushi	酒食	179	48
jiushi	旧时	175	48
jiushi	旧事	138	49
jiushi	旧式	100	50
jiushishuo	就是说	503	44
jiusuan	就算	2708	37
jiutian	九天	212	47
jiuwang	救亡	111	50
jiuwangtucun	救亡图存	149	49
jiuwangyundong	救亡运动	271	46
jiuwei	就位	144	49
jiuwei	久违	140	49
jiuwen	旧闻	283	46
jiuwu	九五	446	44
jiuwuzhizun	九五之尊	397	45
jiuxi	酒席	275	46
jiuxian	九线	262	47
jiuxiang	酒香	106	50
jiuxing	救星	105	50
jiuxu	就绪	197	48
jiuxue	就学	197	48
jiuyan	酒宴	168	48
jiuyang	九阳	256	47
jiuyang	久仰	198	48
jiuyao	就要	2328	38
jiuye	就业	5847	34
jiuye	九叶	135	49
jiuyelv	就业率	202	48
jiuyi	就医	440	44
jiuyi	久已	131	49
jiuyi	就义	102	50
jiuying	救应	109	50
jiuyinzhenjing	九阴真经	313	46
jiuyou	旧有	129	49
jiuyuan	救援	703	43
jiuyuan	久远	257	47
jiuyue	九月	974	41
jiuzai	救灾	440	44
jiuzhaigou	九寨沟	120	50
jiuzhang	九章	297	46
jiuzhang	九丈	131	49
jiuzhen	就诊	211	47
jiuzheng	纠正	1509	40
jiuzhi	旧址	1438	40
jiuzhi	救治	326	46
jiuzhi	旧制	326	46
jiuzhi	就职	253	47
jiuzhou	九州	257	47
jiuzhu	救助	527	44
jiwan	几万	520	44
jiwanpian	几万片	128	49
jiwei	极为	3287	36
jiwei	几位	1376	40
jiwei	即位	1214	40
jiwei	继位	743	42
jiwei	计委	310	46
jiwei	纪委	282	46
jiwen	积温	653	43
jiwen	祭文	176	48
jiwu	机务	132	49
jixia	几下	1229	40
jixia	记下	168	48
jixian	极限	624	43
jixian	基线	120	50
jixiang	吉祥	926	42
jixiang	迹象	780	42
jixiang	吉象	256	47
jixiang	几项	245	47
jixiangpai	吉象牌	256	47
jixiao	极小	305	46
jixiao	绩效	247	47
jixiao	讥笑	160	49
jixie	机械	7077	33
jixiechang	机械厂	356	45
jixiehua	机械化	841	42
jixieneng	机械能	115	50
jixing	急性	950	41
jixing	畸形	653	43
jixing	机型	366	45
jixing	极性	169	48
jixing	记性	169	48
jixing	即兴	160	49
jixing	剂型	157	49
jixing	几行	130	49
jixinpeng	吉新鹏	261	47
jixiong	吉凶	162	48
jixu	继续	14690	30
jixu	积蓄	542	44
jixu	急需	523	44
jixue	积雪	607	43
jixun	集训	357	45
jiya	挤压	291	46
jiya	积压	151	49
jiyan	几眼	243	47
jiyan	基岩	240	47
jiyang	寄养	298	46
jiyang	几样	175	48
jiyang	给养	163	48
jiyao	纪要	391	45
jiyao	机要	100	50
jiye	基业	152	49
jiyi	技艺	1799	39
jiyi	记忆	1574	39
jiyi	机翼	486	44
jiyi	计议	305	46
jiyili	记忆力	196	48
jiyin	基因	1985	38
jiyiyouxin	记忆犹新	104	50
jiyou	既有	2115	38
jiyu	给予	3433	36
jiyu	基于	1777	39
jiyu	机遇	1182	41
jiyu	急于	857	42
jiyu	给与	189	48
jiyu	觊觎	166	48
jiyu	寄予	121	50
jiyuan	妓院	286	46
jiyuan	机缘	218	47
jiyue	激越	132	49
jiyuqiucheng	急于求成	153	49
jizai	记载	4784	35
jizai	机载	379	45
jizan	积攒	131	49
jizao	及早	393	45
jizao	急躁	227	47
jizeng	激增	158	49
jizhan	激战	680	43
jizhang	几张	281	46
jizhang	机长	103	50
jizhao	几招	236	47
jizhe	记者	24649	28
jizhehui	记者会	724	43
jizhen	集镇	361	45
jizhi	机制	4138	36
jizhi	及至	463	44
jizhi	极致	431	45
jizhi	几只	424	45
jizhi	机智	281	46
jizhi	基质	153	49
jizhi	几支	124	50
jizhi	继之	116	50
jizhong	集中	9232	32
jizhong	几种	1737	39
jizhong	击中	646	43
jizhong	机种	108	50
jizhongdi	集中地	127	49
jizhongying	集中营	176	48
jizhou	济州	183	48
jizhou	蓟州	175	48
jizhou	冀州	169	48
jizhu	记住	1204	40
jizhu	机主	257	47
jizhu	寄主	232	47
jizhu	脊柱	144	49
jizhuan	急转	102	50
jizhuangxiang	集装箱	411	45
jizhui	脊椎	121	50
jizhuidongwu	脊椎动物	491	44
jizhun	基准	263	47
jizi	集资	323	46
jizu	机组	405	45
jizu	祭祖	384	45
jizuo	基座	213	47
jizuo	极左	184	48
jizuo	几座	155	49
juandai	倦怠	146	49
juankuan	捐款	483	44
juanqi	卷起	433	45
juanru	卷入	332	46
juanshu	眷属	245	47
juantuchonglai	卷土重来	126	49
juanxian	捐献	257	47
juanyan	卷烟	315	46
juanzeng	捐赠	383	45
juanzhu	捐助	119	50
juanzi	卷子	166	48
juanzi	捐资	111	50
juanzong	卷宗	295	46
juban	举办	3541	36
jubao	举报	535	44
jubei	具备	4224	35
jubei	举杯	190	48
juben	剧本	897	42
jubian	剧变	139	49
jubian	巨变	123	50
jubing	举兵	127	49
jubingxi	聚丙烯	113	50
jubu	局部	2441	38
jubu	拘捕	100	50
juchang	剧场	579	43
jucheng	据称	298	46
juchi	锯齿	227	47
juchu	举出	272	46
juchuan	据传	110	50
juci	据此	1012	41
jucuo	举措	754	42
juda	巨大	8034	33
judian	据点	240	47
judong	举动	1190	41
judu	剧毒	520	44
juduo	居多	618	43
jue	巨额	604	43
juebi	绝壁	154	49
juebu	绝不	1382	40
juebu	决不	827	42
juebuhui	决不会	413	45
juebuneng	决不能	843	42
juece	决策	2953	37
juecezhe	决策者	206	48
juecha	觉察	395	45
juedabufen	绝大部分	1101	41
juedaduoshu	绝大多数	1322	40
juede	觉得	15995	30
jueding	决定	32770	27
jueding	绝顶	370	45
juedingxing	决定性	744	42
juedou	决斗	128	49
jueduan	决断	345	45
juedui	绝对	5260	35
juefei	绝非	347	45
juefei	决非	285	46
jueji	决计	858	42
jueji	绝技	449	44
jueji	绝迹	183	48
juejia	绝佳	107	50
juejiang	倔强	298	46
juejing	绝境	245	47
juejing	绝经	115	50
jueju	绝句	125	50
juekou	决口	153	49
juelie	决裂	160	49
juelun	绝伦	155	49
juemiao	绝妙	136	49
juemie	绝灭	244	47
jueqi	崛起	785	42
jueqiao	诀窍	187	48
jueqing	绝情	485	44
juequ	攫取	220	47
juesai	决赛	1761	39
juese	角色	1867	39
juesheng	决胜	152	49
jueshi	爵士	263	47
jueshi	绝世	128	49
jueshi	绝食	112	50
juesuan	决算	165	48
juewang	绝望	898	42
juewei	爵位	209	47
juewu	觉悟	449	44
juewu	绝无	427	45
juewu	决无	251	47
juewujinyou	绝无仅有	210	47
juexin	决心	2405	38
juexing	觉醒	602	43
jueyi	决议	6873	33
jueyi	决意	472	44
jueyi	绝艺	116	50
jueyian	决议案	307	46
jueyisizhan	决一死战	151	49
jueyuan	绝缘	346	45
jueze	抉择	566	43
juezhan	决战	861	42
juezhao	绝招	272	46
juezhe	觉着	340	46
juezhu	角逐	417	45
jufeng	飓风	202	48
jufu	巨幅	455	44
jugaobuxia	居高不下	111	50
jugaolinxia	居高临下	173	48
jugong	鞠躬	175	48
juhao	句号	142	49
juhe	聚合	573	43
juhewu	聚合物	261	47
juhua	菊花	496	44
juhui	聚会	797	42
juji	聚集	1912	39
juji	狙击	176	48
jujia	举家	114	50
jujian	举荐	192	48
jujiao	聚焦	332	46
jujin	拘谨	161	49
jujishou	狙击手	114	50
juju	聚居	704	43
juju	句句	163	48
jujue	拒绝	3577	36
jujue	咀嚼	337	46
jukuan	巨款	113	50
julang	巨浪	161	49
julebu	俱乐部	1958	39
juli	距离	4556	35
juli	举例	275	46
juli	居里	188	48
julian	聚敛	136	49
julie	剧烈	1082	41
juliu	拘留	248	47
juliu	居留	205	48
julong	巨龙	111	50
julun	巨轮	182	48
juluo	聚落	178	48
jumian	局面	3704	36
jumin	居民	6948	33
juminqu	居民区	144	49
jumu	剧目	617	43
jumu	举目	100	50
junbao	军报	152	49
junbei	军备	362	45
junbingzhong	军兵种	187	48
junbu	军部	232	47
junchen	君臣	445	44
jundeng	均等	141	49
jundui	军队	11317	32
junfa	军阀	2334	38
junfa	军法	143	49
junfang	军方	1218	40
junfei	军费	664	43
junfenqu	军分区	121	50
junfu	军服	136	49
jungang	军港	207	48
jungong	竣工	687	43
jungong	军工	270	46
junguan	军官	2322	38
junguozhuyi	军国主义	192	48
junheng	均衡	781	42
junhuo	军火	382	45
juni	拘泥	121	50
junji	军机	397	45
junji	军纪	337	46
junjian	军舰	1173	41
junjichu	军机处	145	49
junjing	军警	3554	36
junli	军力	279	46
junliang	军粮	175	48
junling	军令	256	47
junlingzhuang	军令状	170	48
junlv	军旅	161	49
junma	军马	1235	40
junma	骏马	236	47
junmao	军帽	106	50
junmei	俊美	136	49
junmin	军民	1771	39
junqi	军器	179	48
junqi	军旗	108	50
junqiao	俊俏	113	50
junqing	军情	431	45
junqu	军区	1345	40
junquan	君权	337	46
junren	军人	2728	37
junrong	军容	335	46
junshi	军事	16552	30
junshi	军师	1158	41
junshi	军士	1153	41
junshifayuan	军事法院	537	44
junshijia	军事家	239	47
junshijidi	军事基地	160	49
junshixueyuan	军事学院	122	50
junshou	军售	227	47
juntuan	军团	636	43
junwang	君王	872	42
junwang	郡王	205	48
junwei	军委	355	45
junweihui	军委会	323	46
junwu	军务	416	45
junxian	军衔	327	46
junxian	郡县	245	47
junxiang	军饷	217	47
junxianzhi	郡县制	306	46
junxiao	军校	376	45
junxie	军械	408	45
junxin	军心	347	45
junxu	军需	258	47
junxun	军训	311	46
junyi	军医	139	49
junying	军营	548	44
junyong	军用	1113	41
junyun	均匀	1213	40
junzhang	军长	805	42
junzhang	军帐	107	50
junzheng	军政	750	42
junzhengfu	军政府	449	44
junzhong	军中	1169	41
junzhong	军种	348	45
junzhu	君主	2747	37
junzhu	郡主	473	44
junzhuang	军装	295	46
junzhulixian	君主立宪	120	50
junzhuzhi	君主制	236	47
junzhuzhuanzhi	君主专制	138	49
junzi	君子	847	42
jupa	惧怕	426	45
juqi	举起	200	48
juqing	剧情	326	46
juquan	俱全	362	45
juran	居然	3172	37
juren	举人	662	43
juren	巨人	358	45
jurenqianli	拒人千里	137	49
jusang	沮丧	535	44
jushe	剧社	566	43
jushi	局势	1974	38
jushi	巨石	398	45
jushi	居士	239	47
jushi	居室	174	48
jushi	举世	144	49
jushiwenming	举世闻名	280	46
jushizhumu	举世瞩目	112	50
jushou	举手	389	45
jushou	据守	105	50
jushu	拘束	155	49
jushuo	据说	2890	37
jusuo	居所	103	50
juti	具体	9769	32
jutihua	具体化	103	50
jutong	剧痛	478	44
jutou	巨头	464	44
jutuan	剧团	713	43
juweihui	居委会	383	45
juwenpei	居文沛	256	47
juxi	据悉	1523	40
juxian	局限	740	42
juxiang	巨响	405	45
juxianxing	局限性	280	46
juxing	举行	17900	30
juxing	巨型	329	46
juxing	矩形	234	47
juxing	巨星	171	48
juyong	居庸	149	49
juyongguan	居庸关	173	48
juyou	具有	25225	28
juyu	居于	547	44
juyuan	剧院	846	42
juyuwang	局域网	133	49
juzhang	局长	2157	38
juzhao	剧照	247	47
juzhen	矩阵	257	47
juzhi	举止	511	44
juzhong	居中	252	47
juzhong	剧中	237	47
juzhong	剧种	228	47
juzhong	聚众	228	47
juzhong	举重	155	49
juzhu	居住	3370	36
juzhu	巨著	147	49
juzhudi	居住地	173	48
juzhuqu	居住区	159	49
juzi	句子	482	44
juzi	举子	227	47
juzi	巨资	153	49
juzuo	剧作	440	44
juzuojia	剧作家	365	45
juzuqingzhong	举足轻重	209	47
kabinqiang	卡宾枪	122	50
kacha	咔嚓	156	49
kache	卡车	516	44
kaer	卡尔	161	49
kafei	咖啡	1400	40
kafeiguan	咖啡馆	184	48
kaiban	开办	674	43
kaicai	开采	1416	40
kaichang	开场	212	47
kaichangbai	开场白	218	47
kaiche	开车	496	44
kaicheng	开城	106	50
kaichu	开出	785	42
kaichu	开除	486	44
kaichuang	开创	1741	39
kaidao	开导	153	49
kaidao	开刀	110	50
kaidian	开店	166	48
kaidong	开动	135	49
kaiduan	开端	470	44
kaien	开恩	150	49
kaiensi	凯恩斯	120	50
kaifa	开发	10022	32
kaifang	开放	8332	33
kaifangshi	开放式	219	47
kaifaqu	开发区	3667	36
kaifashang	开发商	376	45
kaifaxing	开发型	261	47
kaifeng	开封	1696	39
kaifengfu	开封府	188	48
kaifu	开赴	243	47
kaige	凯歌	114	50
kaigong	开工	874	42
kaiguan	开关	360	45
kaiguo	开国	2525	38
kaihua	开花	396	45
kaihui	开会	1302	40
kaiji	开机	104	50
kaijia	铠甲	161	49
kaijiang	开奖	142	49
kaijin	开进	248	47
kaiju	开局	496	44
kaikai	开开	113	50
kaiken	开垦	262	47
kaikou	开口	1466	40
kaikuo	开阔	590	43
kailai	开来	1178	41
kailang	开朗	238	47
kaili	凯利	114	50
kailie	开裂	143	49
kailuo	开罗	468	44
kaimen	开门	970	41
kaimenjianshan	开门见山	146	49
kaiming	开明	306	46
kaimo	楷模	177	48
kaimu	开幕	596	43
kaimuci	开幕词	201	48
kaimushi	开幕式	360	45
kaipan	开盘	148	49
kaipao	开炮	129	49
kaipi	开辟	2131	38
kaiping	开平	253	47
kaipudun	开普敦	129	49
kaiqi	开启	399	45
kaiqiang	开枪	377	45
kaiqiao	开窍	125	50
kaiqu	开去	439	45
kairan	慨然	110	50
kaisa	凯撒	145	49
kaisai	开赛	185	48
kaishan	开山	164	48
kaishe	开设	935	41
kaishi	开始	38139	27
kaishi	开时	299	46
kaishu	楷书	251	47
kaishui	开水	333	46
kaitan	慨叹	124	50
kaiting	开庭	127	49
kaitong	开通	1404	40
kaitou	开头	594	43
kaituo	开拓	1194	41
kaituo	开脱	123	50
kaituozhe	开拓者	100	50
kaiwa	开挖	404	45
kaiwang	开往	200	48
kaiwanxiao	开玩笑	724	43
kaiwei	开胃	301	46
kaixiao	开销	171	48
kaixin	开心	487	44
kaixing	开行	110	50
kaixuan	凯旋	297	46
kaixuanguilai	凯旋归来	531	44
kaixue	开学	229	47
kaiye	开业	629	43
kaiyuan	开元	379	45
kaizao	开凿	344	45
kaizhan	开展	6910	33
kaizhan	开战	279	46
kaizhang	开张	193	48
kaizhi	开支	1012	41
kala	卡拉	342	46
kala	喀拉	102	50
kaluosi	卡洛斯	142	49
kamailong	喀麦隆	216	47
kamila	卡米拉	102	50
kanba	看吧	180	48
kanbing	看病	556	44
kanbudao	看不到	723	43
kanbuqi	看不起	153	49
kance	勘测	203	48
kancha	勘察	194	48
kancha	勘查	161	49
kancheng	堪称	956	41
kancheng	看成	768	42
kanchu	看出	1645	39
kandai	看待	855	42
kandao	看到	13411	31
kandechu	看得出	225	47
kandejian	看得见	179	48
kandeng	刊登	681	43
kandiao	砍掉	136	49
kanfa	看法	2491	38
kanfa	砍伐	154	49
kangai	抗癌	171	48
kangbing	抗病	334	46
kangbingdu	抗病毒	112	50
kangde	康德	220	47
kangdi	抗敌	688	43
kangfen	亢奋	107	50
kangfu	康复	1018	41
kangfushe	抗辐射	271	46
kangganrao	抗干扰	104	50
kanghan	抗旱	133	49
kangheng	抗衡	414	45
kanghong	抗洪	229	47
kangji	抗击	665	43
kangjia	康佳	112	50
kangju	抗拒	536	44
kangjun	抗菌	128	49
kangkai	慷慨	620	43
kangkaijiang	慷慨激昂	287	46
kangkejian	康克俭	148	49
kangmeiyuanchao	抗美援朝	277	46
kangmingxun	康明逊	151	49
kangning	康宁	168	48
kangnixing	抗逆性	268	46
kangqing	抗清	165	48
kangqinwang	康亲王	164	48
kangri	抗日	5260	35
kangrijiuwang	抗日救亡	493	44
kangrizhanzheng	抗日战争	2153	38
kangsheng	康生	108	50
kangshengsu	抗生素	618	43
kangti	抗体	478	44
kangtou	炕头	108	50
kanguan	看管	164	48
kanguo	看过	1060	41
kangxi	康熙	3674	36
kangyanghuaji	抗氧化剂	178	48
kangyi	抗议	1222	40
kangyouwei	康有为	1031	41
kangyu	抗御	144	49
kangyuan	抗原	508	44
kangzhan	抗战	3066	37
kangzhanshiqi	抗战时期	127	49
kangzheng	抗争	584	43
kangzhenjiuzai	抗震救灾	332	46
kanhao	看好	614	43
kanhu	看护	108	50
kanjian	看见	10022	32
kankan	看看	6297	34
kanke	坎坷	204	48
kanlai	看来	6636	34
kanqilai	看起来	569	43
kanqing	看清	640	43
kanshang	看上	185	48
kanshangqu	看上去	1359	40
kanshi	看似	568	43
kanshou	看守	467	44
kanshousuo	看守所	173	48
kanshu	看书	399	45
kantai	看台	195	48
kantan	勘探	533	44
kantou	看透	159	49
kanwang	看望	627	43
kanwu	刊物	1141	41
kanxing	刊行	135	49
kanyangzi	看样子	253	47
kanzai	刊载	118	50
kanzhe	看着	6766	34
kanzhong	看重	570	43
kanzhong	看中	376	45
kanzhun	看准	220	47
kanzuo	看作	1369	40
kanzuo	看做	181	48
kaobei	拷贝	133	49
kaobuzhu	靠不住	135	49
kaocha	考察	4128	36
kaocha	考查	406	45
kaochang	考场	412	45
kaochatuan	考察团	131	49
kaoda	拷打	167	48
kaodezhu	靠得住	117	50
kaodian	考点	223	47
kaoding	考订	114	50
kaogu	考古	1191	41
kaoguan	考官	339	46
kaogudui	考古队	113	50
kaoguxue	考古学	464	44
kaoguxuejia	考古学家	246	47
kaohe	考核	2094	38
kaoji	烤鸡	272	46
kaojin	靠近	946	41
kaojiu	考究	259	47
kaoju	考据	104	50
kaojuan	考卷	452	44
kaoliang	考量	101	50
kaolong	靠拢	217	47
kaolv	考虑	8585	33
kaoping	考评	124	50
kaoqian	考前	291	46
kaoqu	考取	416	45
kaoru	考入	360	45
kaoshan	靠山	223	47
kaoshang	考上	483	44
kaosheng	考生	7274	33
kaoshi	考试	7815	33
kaoshiyuan	考试院	220	47
kaoti	考题	239	47
kaoyan	考研	2095	38
kaoyan	考验	1290	40
kaoyan	烤烟	155	49
kaoyu	烤鱼	273	46
kaozhe	靠着	394	45
kaozheng	考证	1148	41
kapian	卡片	170	48
kashi	喀什	311	46
kasite	喀斯特	181	48
kataer	卡塔尔	120	50
kate	卡特	217	47
katong	卡通	117	50
keai	可爱	989	41
kebei	可悲	145	49
keben	课本	462	44
keben	刻本	339	46
kebi	可比	748	42
kebi	科比	464	44
kebian	可变	191	48
kebianziben	可变资本	916	42
kebijia	可比价	257	47
kebo	刻薄	150	49
kebu	可不	1415	40
kebu	可怖	268	46
kebushi	可不是	1247	40
kechang	客场	660	43
keche	客车	583	43
kecheng	课程	2765	37
kechengzhiji	可乘之机	132	49
kechi	可耻	181	48
keda	柯达	215	47
kedian	客店	624	43
kedou	蝌蚪	321	46
kedui	客队	177	48
keer	科尔	124	50
kefang	客房	345	45
kefou	可否	251	47
kefu	克服	1473	40
keguan	客观	2924	37
keguan	可观	410	45
keguan	客官	158	49
kegui	可贵	235	47
kehan	可汗	136	49
kehao	可好	213	47
kehen	可恨	145	49
kehu	客户	3798	36
kehua	刻画	527	44
kehuo	客货	109	50
kehuolun	客货轮	277	46
keji	科技	15691	30
keji	客机	323	46
kejian	可见	2567	37
kejianguang	可见光	200	48
kejiao	科教	302	46
kejiaoxingshi	科教兴市	257	47
kejiyuanqu	科技园区	260	47
keju	科举	1019	41
kekao	可靠	1546	39
kekaoxing	可靠性	490	44
keke	可可	602	43
keke	苛刻	254	47
kekou	可口	687	43
kekou	克扣	121	50
kekoukele	可口可乐	139	49
keku	刻苦	322	46
kela	克拉	391	45
kele	可乐	111	50
keli	颗粒	565	43
keli	克里	216	47
kelian	可怜	1906	39
kelindun	克林顿	295	46
kelinsi	科林斯	258	47
kelite	克里特	541	44
kelitedao	克里特岛	178	48
keliu	客流	250	47
kelong	克隆	313	46
kelong	科隆	256	47
keluodiya	克罗地亚	332	46
kemu	科目	921	42
kemu	课目	487	44
kending	肯定	6227	34
keneng	可能	31213	27
kenengxing	可能性	1572	39
kengdao	坑道	429	45
kengdong	坑洞	255	47
kengqiang	铿锵	114	50
kengsheng	吭声	382	45
kenhuang	垦荒	100	50
keni	可逆	211	47
kennidi	肯尼迪	192	48
kenniya	肯尼亚	402	45
kenqie	恳切	164	48
kenqiu	恳求	322	46
kenzhi	垦殖	114	50
kepa	可怕	1950	39
kepiao	客票	145	49
kepu	科普	297	46
keqi	客气	1418	40
keqiu	渴求	114	50
kequ	可取	295	46
keren	客人	3444	36
keshang	客商	526	44
keshi	可是	14820	30
keshi	科室	175	48
keshimier	克什米尔	206	48
keshou	恪守	215	47
keshui	瞌睡	152	49
keshuoshi	可说是	389	45
kesou	咳嗽	1235	40
kesuowo	科索沃	428	45
ketang	课堂	707	43
ketang	客堂	158	49
ketao	客套	123	50
ketediwa	科特迪瓦	156	49
keti	课题	2044	38
keti	客体	201	48
keti	壳体	105	50
keting	客厅	816	42
ketizu	课题组	111	50
ketou	磕头	1212	40
kewai	课外	139	49
kewang	渴望	1122	41
kewang	可望	296	46
kewei	可谓	1529	40
keweite	科威特	265	47
kewu	可恶	289	46
kexi	可惜	3283	36
kexi	可喜	384	45
kexiangerzhi	可想而知	471	44
kexiao	可笑	698	43
kexin	可信	282	46
kexing	可行	611	43
kexing	克星	152	49
kexingxing	可行性	339	46
kexue	科学	13460	31
kexuehua	科学化	115	50
kexuejia	科学家	2789	37
kexuejie	科学界	114	50
kexuejishu	科学技术	2324	38
kexuexing	科学性	169	48
kexueyuan	科学院	986	41
keyan	科研	3204	37
keyan	可言	301	46
keyi	可以	70958	24
keyi	可疑	341	46
keyi	刻意	336	46
keyin	刻印	105	50
keyong	可用	1835	39
keyou	刻有	582	43
keyuan	客源	167	48
keyuan	科员	109	50
keyuese	柯约瑟	256	47
keyun	客运	1599	39
kezhan	客栈	221	47
kezhang	科长	1082	41
kezhene	柯镇恶	713	43
kezhi	可知	777	42
kezhi	克制	522	44
kongbai	空白	920	42
kongbu	恐怖	1463	40
kongbuzhuyi	恐怖主义	221	47
kongdangdang	空荡荡	243	47
kongdao	孔道	323	46
kongdi	空地	360	45
kongdong	空洞	267	46
kongdong	崆峒	203	48
konger	空儿	119	50
konggao	控告	414	45
kongge	空格	107	50
konggu	控股	821	42
konghe	恐吓	163	48
konghua	空话	152	49
konghuang	恐慌	353	45
kongjian	空间	5511	34
kongjiang	空降	560	44
kongjiangbing	空降兵	310	46
kongjie	空姐	290	46
kongjing	孔径	126	49
kongju	恐惧	1230	40
kongjun	空军	5522	34
kongkong	空空	179	48
kongkongdaodan	空空导弹	237	47
kongkuang	空旷	251	47
konglong	恐龙	299	46
kongmiao	孔庙	177	48
kongming	孔明	1183	41
kongpa	恐怕	3355	36
kongqi	空气	3732	36
kongqian	空前	1315	40
kongqiu	控球	123	50
kongque	孔雀	385	45
kongque	空缺	220	47
kongshou	空手	222	47
kongsu	控诉	297	46
kongtiao	空调	614	43
kongtou	空投	269	46
kongxi	空隙	370	45
kongxi	空袭	365	45
kongxi	孔隙	140	49
kongxian	空闲	133	49
kongxiang	空想	164	48
kongxiangfu	孔祥复	256	47
kongxin	空心	166	48
kongxincai	空心菜	114	50
kongxu	空虚	490	44
kongyu	空域	198	48
kongyun	空运	615	43
kongzhan	空战	363	45
kongzhi	控制	11537	31
kongzhi	空智	107	50
kongzhilun	控制论	137	49
kongzhiqi	控制器	156	49
kongzhiquan	控制权	139	49
kongzhixian	控制线	109	50
kongzhixitong	控制系统	600	43
kongzhong	空中	4608	35
kongzi	孔子	1103	41
kouan	口岸	500	44
koubei	口碑	121	50
koucai	口才	178	48
kouchi	口齿	155	49
kouchi	口吃	135	49
kouchu	扣除	329	46
kouchun	口唇	120	50
koudai	口袋	996	41
koufa	扣发	141	49
koufu	口服	326	46
kougan	口感	131	49
kouhao	口号	1716	39
kouhaosheng	口号声	162	48
koujiao	口角	150	49
koujing	口径	2130	38
koujue	口诀	235	47
kouke	口渴	168	48
koukoushengsheng	口口声声	203	48
kouli	口里	546	44
kouliang	口粮	139	49
kouling	口令	157	49
kouliu	扣留	174	48
kouqi	口气	1418	40
kouqi	口器	107	50
kouqiang	口腔	690	43
kouqidao	口气道	116	50
koushe	口舌	166	48
koushu	口述	112	50
koushui	口水	134	49
koushuo	口说	151	49
koutou	叩头	934	41
koutou	口头	527	44
kouwei	口味	2153	38
kouwen	口吻	373	45
kouxiangtang	口香糖	120	50
kouya	扣押	227	47
kouyi	口译	104	50
kouyin	口音	547	44
kouyu	口语	326	46
kouzhao	口罩	136	49
kouzhong	口中	1617	39
kouzi	口子	927	42
kouzi	扣子	122	50
kuabao	挎包	108	50
kuada	夸大	389	45
kuadu	跨度	599	43
kuaguo	跨国	322	46
kuaguo	跨过	272	46
kuaguogongsi	跨国公司	438	45
kuai	酷爱	127	49
kuaibao	快报	119	50
kuaibu	快步	847	42
kuaiche	快车	129	49
kuaichuan	快船	304	46
kuaidi	快递	100	50
kuaidian	快点	254	47
kuaigan	快感	197	48
kuaigong	快攻	121	50
kuaihuo	快活	475	44
kuaiji	会计	1473	40
kuaijie	快捷	294	46
kuaijishi	会计师	567	43
kuaikuai	快快	597	43
kuaile	快乐	2516	38
kuailuban	蒯鲁班	256	47
kuaiman	快慢	137	49
kuaishilang	蒯侍郎	128	49
kuaisu	快速	4491	35
kuaiting	快艇	157	49
kuaixiangguan	蒯祥官	128	49
kuaixiangsi	蒯祥死	128	49
kuaixiangtong	蒯祥同	256	47
kuaiyao	快要	597	43
kuaiyi	快意	102	50
kuaizhao	快照	778	42
kuaizhuang	块状	166	48
kuaizi	筷子	814	42
kuajiang	夸奖	261	47
kuajin	跨进	160	49
kuake	夸克	167	48
kuanchang	宽敞	289	46
kuanda	宽大	549	44
kuandai	款待	299	46
kuandai	宽带	259	47
kuandu	宽度	527	44
kuangben	狂奔	300	46
kuangcang	矿藏	596	43
kuangchan	矿产	4364	35
kuangchandi	矿产地	278	46
kuangchuang	矿床	883	42
kuangfeng	狂风	390	45
kuanggong	矿工	234	47
kuanggu	旷古	153	49
kuanghuadu	矿化度	120	50
kuanghuan	狂欢	210	47
kuangjia	框架	821	42
kuangjing	矿井	234	47
kuangkaitian	旷开田	170	48
kuangkuang	框框	132	49
kuangnu	狂怒	112	50
kuangqie	况且	766	42
kuangqu	矿区	372	45
kuangquanshui	矿泉水	130	49
kuangre	狂热	424	45
kuangshan	矿山	1250	40
kuangshi	矿石	533	44
kuangti	矿体	161	49
kuanguang	宽广	623	43
kuangwang	狂妄	254	47
kuangwu	矿物	1368	40
kuangwuju	矿务局	102	50
kuangwuzhi	矿物质	292	46
kuangxi	狂喜	144	49
kuangye	矿冶	612	43
kuangye	旷野	487	44
kuangye	矿业	372	45
kuanhou	宽厚	174	48
kuankuo	宽阔	1079	41
kuanrong	宽容	448	44
kuanshi	款式	177	48
kuanshu	宽恕	253	47
kuansong	宽松	266	47
kuanwei	宽慰	195	48
kuanxiang	款项	336	46
kuanxin	宽心	193	48
kuanyu	宽裕	197	48
kuaru	跨入	161	49
kuashang	跨上	150	49
kuashiji	跨世纪	180	48
kuatai	垮台	170	48
kuate	夸特	556	44
kuayao	夸耀	117	50
kuayue	跨越	573	43
kuazan	夸赞	104	50
kuazhang	夸张	701	43
kuche	库车	116	50
kuchu	苦楚	162	48
kucun	库存	364	45
kudai	裤带	110	50
kufang	库房	153	49
kuhan	哭喊	137	49
kuibai	溃败	234	47
kuiben	亏本	103	50
kuidai	亏待	146	49
kuide	亏得	182	48
kuifa	匮乏	228	47
kuifulin	隗福临	257	47
kuihua	葵花	355	45
kuijia	盔甲	202	48
kuijiu	愧疚	149	49
kuile	亏了	159	49
kuilei	傀儡	551	44
kuisan	溃散	156	49
kuishi	窥视	106	50
kuisun	亏损	1140	41
kuitan	窥探	158	49
kuiwu	魁梧	261	47
kuiyang	溃疡	318	46
kujiao	哭叫	170	48
kujie	枯竭	187	48
kuke	库克	162	48
kuku	苦苦	581	43
kuli	苦力	116	50
kulian	苦练	260	47
kulong	窟窿	383	45
kulou	骷髅	223	47
kumen	苦闷	238	47
kuming	苦命	127	49
kunan	苦难	585	43
kunao	苦恼	512	44
kunbang	捆绑	216	47
kunchong	昆虫	1321	40
kunfa	困乏	116	50
kunhuo	困惑	537	44
kunjing	困境	1017	41
kunjuan	困倦	118	50
kunku	困苦	166	48
kunlun	昆仑	634	43
kunlunshan	昆仑山	379	45
kunming	昆明	1419	40
kunmingshi	昆明市	103	50
kunnan	困难	7599	33
kunninggong	坤宁宫	224	47
kunqu	昆曲	184	48
kunrao	困扰	669	43
kunshan	昆山	148	49
kuochong	扩充	584	43
kuoda	扩大	8594	33
kuohao	括号	104	50
kuojian	扩建	1845	39
kuosan	扩散	982	41
kuoye	阔叶	148	49
kuoyelin	阔叶林	402	45
kuoyeshu	阔叶树	589	43
kuozhan	扩展	2670	37
kuozhang	扩张	2419	38
kuozhao	扩招	131	49
kuqi	哭泣	543	44
kurong	库容	129	49
kuse	苦涩	210	47
kusheng	哭声	771	42
kushu	酷暑	118	50
kushuiqi	枯水期	355	45
kusi	酷似	173	48
kusi	苦思	149	49
kusu	哭诉	127	49
kutou	苦头	401	45
kuwei	枯萎	103	50
kuxiao	苦笑	908	42
kuxiaobude	哭笑不得	173	48
kuxin	苦心	213	47
kuxing	酷刑	181	48
kuyu	苦于	247	47
kuzao	枯燥	193	48
kuzhan	苦战	233	47
kuzhi	枯枝	126	49
kuzhong	苦衷	188	48
kuzi	裤子	664	43
laba	喇叭	431	45
lachang	拉长	127	49
lache	拉扯	308	46
lada	拉大	108	50
lading	拉丁	193	48
ladingmeizhou	拉丁美洲	436	45
ladingwen	拉丁文	213	47
ladingyu	拉丁语	163	48
ladingzimu	拉丁字母	162	48
ladong	拉动	359	45
lagenni	拉根尼	336	46
lagu	拉古	282	46
laibin	来宾	166	48
laibixi	莱比锡	266	47
laibuji	来不及	1178	41
laidao	来到	8779	33
laide	来得	729	42
laideji	来得及	802	42
laidian	来电	138	49
laidun	莱顿	104	50
laifang	来访	867	42
laifengxian	来凤县	257	47
laihua	来华	369	45
laihui	来回	1115	41
laijiang	来讲	817	42
laijing	来京	282	46
laikan	来看	4619	35
laike	来客	109	50
laili	来历	744	42
lailin	来临	816	42
lailongqumai	来龙去脉	118	50
lailu	来路	119	50
lairi	来日	171	48
laishi	来时	699	43
laishi	来势	265	47
laishuo	来说	10451	32
laiwang	来往	942	41
laixin	来信	829	42
laiyi	赖以	262	47
laiyi	来意	156	49
laiyin	莱茵	206	48
laiyinhe	莱茵河	225	47
laiyishengcun	赖以生存	106	50
laiyuan	来源	4434	35
laiyuanyu	来源于	965	41
laizhe	来者	196	48
laizhibuyi	来之不易	137	49
laizi	来自	6801	34
laji	垃圾	1165	41
lajiao	辣椒	417	45
lajiaojiang	辣椒酱	264	47
lajin	拉近	125	50
lakai	拉开	1281	40
lala	拉拉	155	49
lalong	拉拢	226	47
lama	喇嘛	1052	41
lamajiao	喇嘛教	113	50
lamei	拉美	519	44
lamu	拉姆	193	48
lanban	篮板	537	44
lanban	栏板	148	49
lanbanqiu	篮板球	152	49
lanbaoshi	蓝宝石	108	50
lanbu	蓝布	129	49
lancangjiang	澜沧江	162	48
lande	懒得	324	46
landuo	懒惰	141	49
langan	栏杆	776	42
langbei	狼狈	579	43
langchao	浪潮	461	44
langfei	浪费	1134	41
langhua	浪花	154	49
langjun	郎君	309	46
langlang	朗朗	120	50
langman	浪漫	754	42
langmanzhuyi	浪漫主义	397	45
langqun	狼群	225	47
langsong	朗诵	228	47
languang	蓝光	100	50
langxun	朗讯	138	49
langzhong	郎中	457	44
langzi	浪子	125	50
lanheba	拦河坝	269	46
lanhu	兰湖	256	47
lanhua	兰花	546	44
lani	拉尼	104	50
lanjie	拦截	1054	41
lanlu	拦路	137	49
lanmu	栏目	450	44
lanni	烂泥	105	50
lanqiu	篮球	634	43
lanqiuchang	篮球场	135	49
lansan	懒散	102	50
lanse	蓝色	1094	41
lanshili	兰世立	256	47
lantian	蓝天	643	43
lantian	蓝田	134	49
lantu	蓝图	333	46
lanxiaomei	蓝小梅	412	45
lanya	蓝牙	158	49
lanyangyang	懒洋洋	140	49
lanyao	拦腰	155	49
lanyong	滥用	541	44
lanzhi	兰芝	147	49
lanzhou	兰州	727	42
lanzhu	拦住	843	42
lanzi	篮子	310	46
lanzu	拦阻	228	47
laoba	老爸	246	47
laobaixing	老百姓	2994	37
laoban	老板	4402	35
laoban	老伴	324	46
laobanniang	老板娘	146	49
laoben	老本	146	49
laobing	老兵	283	46
laobo	老伯	318	46
laochen	老臣	181	48
laocheng	老城	114	50
laoda	老大	1063	41
laodanan	老大难	179	48
laodao	老道	309	46
laodao	唠叨	172	48
laodenuo	劳德诺	229	47
laodi	老弟	492	44
laodie	老爹	201	48
laodong	劳动	11598	31
laodongli	劳动力	3498	36
laodongliang	劳动量	194	48
laodongmofan	劳动模范	163	48
laodongqiangdu	劳动强度	133	49
laodongzhe	劳动者	1255	40
laodongziliao	劳动资料	250	47
laoer	老二	275	46
laofang	牢房	311	46
laofoye	老佛爷	341	46
laofu	老夫	762	42
laofu	老妇	485	44
laofu	老父	120	50
laogai	劳改	107	50
laogao	老高	213	47
laoge	老哥	243	47
laogong	老公	1064	41
laogong	劳工	317	46
laogonggong	老公公	177	48
laogongren	老工人	129	49
laogu	牢固	695	43
laohan	老汉	857	42
laohekoushi	老河口市	266	47
laohu	老虎	732	42
laohua	老化	304	46
laohua	老话	111	50
laoji	牢记	262	47
laojia	老家	686	43
laojiahuo	老家伙	165	48
laojiang	老将	347	45
laoku	劳苦	157	49
laolaizi	老莱子	257	47
laolao	牢牢	927	42
laolao	姥姥	240	47
laolaoshishi	老老实实	253	47
laolei	劳累	381	45
laoli	劳力	336	46
laoli	老李	298	46
laolian	老练	106	50
laoliangkou	老两口	127	49
laoling	老龄	323	46
laolunsi	劳伦斯	132	49
laoma	老马	270	46
laoma	老妈	173	48
laomama	老妈妈	127	49
laomazi	老妈子	116	50
laomo	劳模	180	48
laomu	老母	257	47
laona	老衲	397	45
laonian	老年	404	45
laoniang	老娘	298	46
laonianren	老年人	515	44
laopai	老牌	151	49
laopengyou	老朋友	421	45
laopo	老婆	3000	37
laopopo	老婆婆	206	48
laopozi	老婆子	316	46
laoqianbei	老前辈	342	46
laoqu	老区	225	47
laoren	老人	4424	35
laorenjia	老人家	1703	39
laosan	老三	193	48
laosao	牢骚	175	48
laoshan	老山	828	42
laoshao	老少	138	49
laoshi	老师	6415	34
laoshi	老实	924	42
laoshi	老式	241	47
laoshiren	老实人	141	49
laoshu	老鼠	747	42
laosi	老四	181	48
laotai	老太	229	47
laotaipo	老太婆	238	47
laotaitai	老太太	2000	38
laotaiye	老太爷	306	46
laotian	老天	184	48
laotianye	老天爷	453	44
laotongzhi	老同志	265	47
laotou	老头	1285	40
laotouer	老头儿	412	45
laotouzi	老头子	745	42
laowai	老外	205	48
laowang	老王	190	48
laoweng	老翁	159	49
laowo	老挝	286	46
laowu	劳务	855	42
laoxiang	老乡	381	45
laoxiansheng	老先生	384	45
laoxiao	老小	139	49
laoxiong	老兄	578	43
laoxiu	老朽	154	49
laoye	老爷	2391	38
laoyezi	老爷子	374	45
laoyi	劳役	363	45
laoyibei	老一辈	236	47
laoyin	烙印	157	49
laoying	老营	1226	40
laoying	老鹰	107	50
laoyuan	老远	196	48
laozhang	老张	256	47
laozhe	老者	1838	39
laozhouling	老洲岭	256	47
laozi	老子	2119	38
laozi	劳资	134	49
laozong	老总	441	44
laozu	老祖	179	48
laozuo	劳作	285	46
laozuzong	老祖宗	190	48
lapulasi	拉普拉斯	118	50
laqi	拉齐	144	49
laqidi	拉栖第	512	44
larou	腊肉	601	43
lasa	拉萨	568	43
lashi	拉屎	106	50
latuoweiya	拉脱维亚	156	49
lawei	辣味	807	42
laxia	落下	1090	41
layue	腊月	208	47
lazhu	蜡烛	928	42
lazou	拉走	110	50
leguan	乐观	827	42
leibi	类比	111	50
leibie	类别	1016	41
leida	雷达	2930	37
leidian	雷电	370	45
leifeng	雷锋	232	47
leigong	雷公	116	50
leigu	肋骨	252	47
leigu	擂鼓	205	48
leihen	泪痕	172	48
leihua	泪花	207	48
leiji	累计	3457	36
leiji	累积	303	46
leiji	雷击	213	47
leiji	累及	104	50
leijiagou	雷家沟	256	47
leijina	雷吉纳	104	50
leilei	累累	164	48
leiliumanmian	泪流满面	158	49
leima	勒马	242	47
leiming	雷鸣	129	49
leiqun	类群	164	48
leiren	类人	162	48
leisheng	雷声	337	46
leishui	泪水	1335	40
leisi	类似	5527	34
leisi	累死	115	50
leitai	擂台	215	47
leiting	雷霆	249	47
leixing	类型	5899	34
leiyan	泪眼	130	49
leiyu	雷雨	195	48
leizhenyu	雷阵雨	222	47
leizhou	雷州	120	50
leizhu	泪珠	240	47
leizhui	累赘	111	50
leizu	嫘祖	264	47
leling	勒令	133	49
lengbingbing	冷冰冰	161	49
lengbufang	冷不防	132	49
lengdan	冷淡	382	45
lengdong	冷冻	183	48
lengfeng	冷风	169	48
lenghan	冷汗	633	43
lengjing	冷静	1102	41
lengjun	冷峻	122	50
lengkongqi	冷空气	183	48
lengku	冷酷	240	47
lenglengde	冷冷的	612	43
lengluo	冷落	272	46
lengmen	冷门	234	47
lengmo	冷漠	415	45
lengnuan	冷暖	119	50
lengqi	冷气	211	47
lengqing	冷清	181	48
lengque	冷却	772	42
lengshan	冷杉	153	49
lengshui	冷水	335	46
lengxiao	冷笑	2227	38
lengxing	棱形	296	46
lengzhan	冷战	603	43
lengzhu	愣住	252	47
lequ	乐趣	494	44
leshan	乐山	106	50
lesheng	乐声	153	49
lesuo	勒索	184	48
letian	乐天	102	50
leyi	乐意	459	44
leyu	乐于	639	43
leyuan	乐园	999	41
lian	立案	266	47
lianai	恋爱	848	42
lianbang	联邦	1605	39
lianbangdeguo	联邦德国	246	47
lianbangyuan	联邦院	264	47
lianbangzhengfu	联邦政府	144	49
lianben	联苯	274	46
lianbing	练兵	423	45
lianbu	脸部	158	49
liancheng	连成	173	48
liancheng	联城	151	49
liancheng	连城	107	50
lianchengyipian	连成一片	357	45
liandai	连带	342	46
liandan	炼丹	327	46
liandan	脸蛋	227	47
liandao	镰刀	171	48
liandong	联动	192	48
liandui	联队	561	44
liandui	连队	390	45
lianfa	连发	178	48
liang	里昂	247	47
liangan	两岸	2911	37
liangang	炼钢	185	48
liangba	两把	310	46
liangbaijushang	两败俱伤	102	50
liangban	凉拌	322	46
liangban	两半	208	47
liangban	两班	105	50
liangbei	两倍	255	47
liangbei	两杯	149	49
liangben	两本	107	50
liangbian	两边	1634	39
liangbian	两遍	154	49
liangbian	量变	100	50
liangbin	两鬓	114	50
liangbingyu	梁冰玉	166	48
liangbu	两步	962	41
liangbu	两部	446	44
liangcang	粮仓	147	49
liangcao	粮草	376	45
liangce	两侧	4863	35
liangce	良策	173	48
liangceng	两层	996	41
liangchang	两场	294	46
liangcheng	两城	179	48
liangchi	两尺	110	50
liangchu	两处	436	45
liangchu	亮出	126	49
liangci	两次	3903	36
liangdai	两代	1630	39
liangdao	两道	659	43
liangdi	两地	1174	41
liangdian	两点	614	43
liangdian	亮点	353	45
liangdu	亮度	221	47
liangdu	两度	198	48
liangduan	两端	700	43
liangduan	两段	200	48
liangdui	两队	364	45
liangdui	两对	289	46
liangfang	两方	589	43
liangfen	两份	233	47
liangfen	两分	152	49
liangfen	凉粉	114	50
liangfeng	凉风	121	50
liangfu	两幅	328	46
liangge	两个	28947	28
lianggefanshi	两个凡是	267	46
lianggen	两根	562	44
lianggu	两股	180	48
liangguang	两广	281	46
liangguang	亮光	197	48
lianghan	两汉	194	48
lianghao	良好	6044	34
lianghe	两河	212	47
lianghu	两湖	913	42
lianghua	量化	117	50
lianghui	两会	511	44
liangji	两级	948	41
liangji	良机	362	45
liangji	两极	349	45
liangji	两季	130	49
liangji	量级	107	50
liangjia	两家	1069	41
liangjia	两架	223	47
liangjian	两件	729	42
liangjian	两间	215	47
liangjiang	两江	126	49
liangjiang	良将	105	50
liangjie	两届	1149	41
liangjie	谅解	248	47
liangjin	两晋	321	46
liangjingjing	亮晶晶	102	50
liangjiu	良久	937	41
liangju	两句	1081	41
liangju	两具	131	49
liangke	两颗	345	45
liangkou	两口	371	45
liangkouzi	两口子	264	47
liangkuai	两块	636	43
lianglei	两类	1341	40
liangli	亮丽	380	45
liangli	两粒	119	50
liangliang	两辆	152	49
liangliangqiangqiang	踉踉跄跄	109	50
lianglie	两列	244	47
lianglu	两路	538	44
lianglun	两轮	124	50
liangmei	两枚	386	45
liangmen	两门	274	46
liangmi	两米	213	47
liangmian	两面	1178	41
liangmin	良民	195	48
liangming	两名	1886	39
liangnian	两年	3732	36
liangong	练功	391	45
liangpai	两派	425	45
liangpai	两排	142	49
liangpan	两盘	130	49
liangpang	两旁	969	41
liangpi	两匹	239	47
liangpian	两片	223	47
liangpian	两篇	125	50
liangqi	两栖	587	43
liangqi	凉气	174	48
liangqian	两千	242	47
liangqiang	踉跄	345	45
liangqichao	梁启超	636	43
liangri	两日	379	45
liangsange	两三个	293	46
liangsannian	两三年	202	48
liangsantian	两三天	178	48
liangshan	梁山	738	42
liangshan	两扇	167	48
liangsheng	两声	663	43
liangshi	粮食	5923	34
liangshizuowu	粮食作物	584	43
liangshou	两手	675	43
liangshuang	凉爽	256	47
liangshuguang	梁曙光	350	45
liangshui	凉水	177	48
liangsicheng	梁思成	144	49
liangsou	两艘	430	45
liangsui	两岁	175	48
liangtai	两台	162	48
liangtao	两套	180	48
liangtian	两天	2417	38
liangtian	良田	124	50
liangtiao	两条	2260	38
liangting	凉亭	118	50
liangtou	两头	606	43
lianguan	连贯	154	49
liangwan	两万	258	47
liangwan	两碗	214	47
liangwei	两位	3673	36
liangxia	两下	659	43
liangxian	两线	107	50
liangxiang	亮相	656	43
liangxiang	两项	518	44
liangxiang	粮饷	159	49
liangxiang	两响	124	50
liangxiaoxuan	梁孝宣	256	47
liangxin	良心	728	42
liangxing	两行	608	43
liangxing	良性	436	45
liangxing	两性	366	45
liangyan	两眼	625	43
liangyang	两样	292	46
liangyao	良药	326	46
liangye	两夜	109	50
liangyi	两翼	472	44
liangyiqing	梁亦清	163	48
liangyong	两用	318	46
liangyongqiao	两用桥	114	50
liangyou	粮油	107	50
liangyuan	两院	956	41
liangyuan	两员	105	50
liangyuanzhi	两院制	1310	40
liangzhang	两张	394	45
liangzhao	两招	168	48
liangzhe	两者	3252	36
liangzhi	两只	2566	37
liangzhi	两支	798	42
liangzhi	良知	258	47
liangzhi	两枝	105	50
liangzhong	两种	7154	33
liangzhong	良种	186	48
liangzhong	两重	104	50
liangzhongshu	梁中书	129	49
liangzhou	两周	221	47
liangzhou	凉州	205	48
liangzhu	梁柱	160	49
liangzi	量子	617	43
liangzihu	梁子湖	279	46
liangzihuqu	梁子湖区	256	47
liangzilixue	量子力学	244	47
liangziweng	梁子翁	236	47
liangzu	两组	337	46
liangzuo	两座	1396	40
lianhe	联合	8569	33
lianheguo	联合国	2976	37
lianhehui	联合会	1335	40
lianheti	联合体	184	48
lianhezhengfu	联合政府	469	44
lianhong	脸红	417	45
lianhua	莲花	520	44
lianhuachi	莲花池	140	49
lianhuan	连环	267	46
lianhuan	联欢	113	50
lianhuangdi	连皇帝	146	49
lianjia	脸颊	577	43
lianjia	廉价	443	44
lianjie	连接	2554	37
lianjie	链接	735	42
lianjie	联结	334	46
lianjie	连结	239	47
lianjie	联接	223	47
lianjie	廉洁	211	47
lianjiu	练就	140	49
lianjun	联军	843	42
liankao	联考	124	50
liankong	脸孔	350	45
lianlei	连累	208	47
lianlian	连连	1418	40
lianlianbushe	恋恋不舍	103	50
lianluo	联络	1238	40
lianluoxian	联络线	529	44
lianmang	连忙	2085	38
lianmeng	联盟	2655	37
lianmian	脸面	321	46
lianmian	连绵	193	48
lianmin	怜悯	317	46
lianming	联名	939	41
liannian	连年	425	45
lianpang	脸庞	245	47
lianpen	脸盆	148	49
lianpeng	莲蓬	1060	41
lianpi	脸皮	235	47
lianpu	脸谱	168	48
lianqing	恋情	159	49
lianren	连任	334	46
lianren	恋人	314	46
lianri	连日	336	46
lianrilai	连日来	124	50
lianrou	莲肉	262	47
liansai	联赛	2113	38
lianse	脸色	3458	36
lianshang	脸上	8188	33
liansheng	连声	782	42
liansheng	连胜	138	49
lianshou	联手	702	43
liansuo	连锁	466	44
liansuodian	连锁店	127	49
liantian	连天	117	50
liantiao	链条	171	48
liantie	炼铁	151	49
liantong	连同	981	41
liantong	联通	437	45
liantong	连通	160	49
lianwang	联网	258	47
lianwu	练武	218	47
lianxi	联系	9767	32
lianxi	练习	1029	41
lianxi	怜惜	291	46
lianxian	连线	162	48
lianxiang	联想	1393	40
lianxihuiyi	联席会议	138	49
lianxinqiao	连心桥	256	47
lianxiren	联系人	120	50
lianxu	连续	6317	34
lianxubuduan	连续不断	112	50
lianxuju	连续剧	136	49
lianxuxing	连续性	257	47
lianye	连夜	826	42
lianyi	联谊	320	46
lianyihui	联谊会	102	50
lianyin	联姻	434	45
lianying	联营	101	50
lianyou	炼油	338	46
lianyouchang	炼油厂	165	48
lianyun	联运	113	50
lianyungang	连云港	137	49
lianzhang	连长	522	44
lianzheng	廉政	346	45
lianzhi	炼制	349	45
lianzhu	连珠	154	49
lianzi	莲子	1452	40
lianzi	帘子	303	46
lianzi	链子	133	49
liaobude	了不得	179	48
liaobuqi	了不起	826	42
liaocheng	疗程	148	49
liaodao	料到	1018	41
liaode	了得	226	47
liaodong	辽东	1105	41
liaodongbandao	辽东半岛	147	49
liaofa	疗法	702	43
liaohe	辽河	281	46
liaojie	了解	11774	31
liaojie	了结	330	46
liaokuo	辽阔	382	45
liaoli	料理	569	43
liaoliang	嘹亮	122	50
liaoliao	聊聊	233	47
liaoliao	寥寥	180	48
liaoliaowuji	寥寥无几	127	49
liaoning	辽宁	1094	41
liaoningdui	辽宁队	368	45
liaoningsheng	辽宁省	547	44
liaorao	缭绕	196	48
liaoruzhizhang	了如指掌	126	49
liaoshang	疗伤	164	48
liaoshi	了事	156	49
liaotian	聊天	560	44
liaowang	瞭望	192	48
liaoxi	辽西	212	47
liaoxiang	料想	837	42
liaoxiao	疗效	692	43
liaoxilong	廖锡龙	116	50
liaoyang	辽阳	188	48
liaoyang	疗养	154	49
liaoyiziwei	聊以自慰	139	49
liba	篱笆	222	47
libai	李白	374	45
libai	礼拜	358	45
libanen	黎巴嫩	301	46
libi	利弊	119	50
libian	里边	637	43
libie	离别	200	48
libiliya	利比里亚	114	50
libiya	利比亚	391	45
libu	礼部	2937	37
libu	吏部	1255	40
libucongxin	力不从心	189	48
libukai	离不开	392	45
licai	理财	662	43
licai	理睬	451	44
lichang	立场	3407	36
licheng	里程	1371	40
licheng	历程	762	42
lichengbei	里程碑	265	47
lichengliang	李成梁	147	49
lichuangwang	李闯王	301	46
lichuanshi	利川市	259	47
lichunting	李春亭	256	47
lichuwen	李处温	107	50
lici	历次	293	46
licongjun	李从军	256	47
lidai	历代	2261	38
lidao	力道	377	45
lidashuang	李大双	256	47
lidazhao	李大钊	1338	40
lide	里德	116	50
lidengyun	李登云	115	50
lidequan	李德全	127	49
liding	立定	122	50
lidongyang	李东阳	110	50
lidu	力度	1787	39
liebao	猎豹	100	50
liebian	裂变	300	46
liebiao	列表	480	44
lieche	列车	1780	39
liechu	列出	389	45
liedao	列岛	128	49
liedui	列队	179	48
liefeng	裂缝	371	45
liegu	裂谷	195	48
lieguo	列国	138	49
liehu	猎户	145	49
liehuo	烈火	405	45
lieju	列举	612	43
liekai	裂开	206	48
liening	列宁	735	42
lieninggelei	列宁格勒	140	49
liepian	裂片	116	50
lieqiang	列强	655	43
lieqiang	猎枪	129	49
liequan	猎犬	113	50
lieren	猎人	324	46
lieri	烈日	118	50
lieriniefu	列日涅夫	101	50
lieru	列入	2003	38
lieshi	烈士	563	44
lieshi	劣势	363	45
lietou	猎头	262	47
lietougongsi	猎头公司	155	49
liewei	列为	4856	35
liewei	列位	270	46
liewen	裂纹	308	46
liewu	猎物	291	46
liexi	列席	873	42
liexi	裂隙	196	48
lieyan	烈焰	131	49
lieying	猎鹰	167	48
liezhi	劣质	148	49
liezhuan	列传	231	47
lifa	立法	2801	37
lifa	礼法	389	45
lifa	历法	309	46
lifahui	立法会	116	50
lifan	力帆	130	49
lifang	立方	959	41
lifangmi	立方米	516	44
lifaquan	立法权	1406	40
lifashi	理发师	120	50
lifazhe	立法者	257	47
lifeihuang	李飞黄	165	48
lifu	礼服	291	46
ligaocheng	李高成	2407	38
ligong	理工	490	44
ligong	立功	340	46
ligongdaxue	理工大学	112	50
ligongxueyuan	理工学院	1214	40
ligongzi	李公子	194	48
liguangzhao	李光昭	166	48
liguifei	李贵妃	409	45
liguo	立国	240	47
liguorui	李国瑞	114	50
liguoxiang	李国香	181	48
lihai	厉害	3850	36
lihai	利害	1882	39
lihai	里海	256	47
lihanjun	李汉俊	314	46
lihao	利好	174	48
lihongzhang	李鸿章	2617	37
lihongzhong	李鸿忠	1025	41
lihua	梨花	123	50
lihua	理化	108	50
lihui	理会	1349	40
lihun	离婚	886	42
liji	立即	6937	33
liji	礼记	137	49
liji	痢疾	106	50
lijia	李家	443	44
lijia	离家	181	48
lijia	里加	112	50
lijiadun	李家墩	256	47
lijian	利剑	191	48
lijian	里间	189	48
lijiang	丽江	269	46
lijiang	漓江	127	49
lijianming	李建明	261	47
lijianqun	李建群	256	47
lijiaoqiao	立交桥	119	50
lijiatu	李嘉图	191	48
lijie	理解	5620	34
lijie	历届	508	44
lijie	礼节	257	47
lijing	历经	873	42
lijing	离京	139	49
lijinglin	李景林	128	49
lijinglong	李景隆	142	49
lijinyu	李金羽	157	49
lijinzao	李金早	256	47
liju	力矩	126	49
lijun	李俊	550	44
likai	离开	7600	33
like	立刻	5871	34
like	理科	391	45
likexiu	李可秀	148	49
likezhi	李克智	120	50
likui	李逵	1151	41
lila	里拉	101	50
lilai	历来	2078	38
lilaiheng	李来亨	139	49
lilanqing	李岚清	311	46
liliang	力量	10069	32
lilianning	李连宁	256	47
lilianying	李莲英	613	43
lilin	莅临	170	48
lilinfu	李林甫	101	50
liling	醴陵	308	46
lilinzui	栗林嘴	256	47
liliwaiwai	里里外外	245	47
lilu	利禄	155	49
lilun	理论	15973	30
lilun	立论	135	49
lilunjia	理论家	217	47
liluo	利落	176	48
lilv	利率	1443	40
lima	立马	491	44
liman	黎曼	187	48
limangeng	黎满庚	135	49
limao	礼貌	516	44
limao	礼帽	107	50
limeiting	李梅亭	145	49
limi	厘米	3894	36
limian	里面	5994	34
liming	黎明	670	43
limingyu	李明豫	256	47
limochou	李莫愁	1953	39
lina	李娜	438	45
linan	临安	417	45
linba	淋巴	255	47
linbajie	淋巴结	223	47
linbang	邻邦	263	47
linbaxibao	淋巴细胞	170	48
linbiao	林彪	1381	40
linboqu	林伯渠	222	47
linchang	林场	168	48
linchang	临场	118	50
linchaoying	林朝英	103	50
linchong	林冲	543	44
linchuang	临床	2472	38
lindai	林带	118	50
lindaiyu	林黛玉	339	46
lindao	临到	117	50
lindi	林地	196	48
linfei	磷肥	327	46
linfeichang	磷肥厂	259	47
linfen	临汾	165	48
lingban	领班	143	49
lingbian	灵便	120	50
lingbujian	零部件	1515	40
lingchen	凌晨	702	43
lingchi	凌迟	180	48
lingdai	领带	191	48
lingdao	领导	31739	27
lingdao	领到	281	46
lingdaobanzi	领导班子	519	44
lingdaoceng	领导层	215	47
lingdaoquan	领导权	450	44
lingdaoren	领导人	4726	35
lingdaorenyuan	领导人员	284	46
lingdaozhe	领导者	457	44
lingdi	领地	788	42
lingdian	零点	435	45
lingdong	灵动	185	48
lingdui	领队	302	46
linggan	灵感	316	46
linghai	领海	222	47
linghu	令狐	486	44
linghu	菱湖	259	47
linghua	菱花	1429	40
linghuchong	令狐冲	4787	35
linghuchongxiao	令狐冲笑	162	48
linghuchongxin	令狐冲心	115	50
linghudage	令狐大哥	259	47
linghugongzi	令狐公子	132	49
linghui	领会	529	44
linghun	灵魂	2420	38
linghuo	灵活	1444	40
linghuoxing	灵活性	305	46
lingjia	凌驾	135	49
lingjian	零件	433	45
lingjiao	领教	439	45
lingjiu	灵柩	504	44
lingjiyidong	灵机一动	227	47
lingjun	领军	188	48
lingkong	凌空	340	46
lingkong	领空	144	49
linglei	另类	165	48
lingli	凌厉	507	44
lingli	伶俐	178	48
linglong	玲珑	384	45
lingluan	凌乱	113	50
linglve	领略	303	46
lingmao	灵猫	105	50
lingmin	灵敏	330	46
lingmindu	灵敏度	198	48
lingmu	陵墓	693	43
lingnan	岭南	343	45
lingqi	灵气	193	48
lingqiao	灵巧	181	48
lingqin	陵寝	117	50
lingqu	领取	554	44
lingqu	陵区	306	46
lingren	令人	4728	35
lingrenmanyi	令人满意	122	50
lingru	凌辱	800	42
lingsan	零散	129	49
lingshan	灵山	121	50
lingsheng	铃声	276	46
lingshi	零食	397	45
lingshi	领事	313	46
lingshou	零售	1397	40
lingshou	领受	136	49
lingsui	零碎	134	49
lingtai	灵台	122	50
lingtang	灵堂	194	48
lingting	聆听	161	49
lingtong	灵通	102	50
lingtou	领头	268	46
lingtu	领土	2344	38
linguo	邻国	556	44
lingwai	另外	10239	32
lingwei	灵位	107	50
lingwu	领悟	401	45
lingxia	零下	144	49
lingxian	领先	1775	39
lingxian	领衔	232	47
lingxing	零星	574	43
lingxing	另行	447	44
lingxing	菱形	420	45
lingxing	灵性	144	49
lingxiu	领袖	2578	37
lingxiuxiang	领袖像	137	49
lingyan	灵验	112	50
lingyang	羚羊	227	47
lingyao	灵药	110	50
lingyifangmian	另一方面	3365	36
lingyu	领域	9771	32
lingyuan	陵园	110	50
lingzhi	灵芝	132	49
lingzhu	领主	203	48
lingzi	岭子	518	44
lingzun	令尊	224	47
linian	理念	1204	40
linian	历年	420	45
liniao	利尿	173	48
linjiang	临江	106	50
linjie	临界	304	46
linjin	邻近	888	42
linjin	临近	607	43
linju	邻居	613	43
linken	林肯	216	47
linkuang	磷矿	354	45
linlefeng	林乐丰	157	49
linli	林立	695	43
linli	淋漓	195	48
linlie	凛冽	108	50
linlijinzhi	淋漓尽致	145	49
linmu	林木	413	45
linna	琳娜	144	49
linouchu	林藕初	194	48
linpian	鳞片	234	47
linpingzhi	林平之	305	46
linqing	临清	117	50
linqu	林区	2149	38
linran	凛然	222	47
linse	吝啬	117	50
linshi	临时	4483	35
linshidi	林师弟	104	50
linshixing	临时性	104	50
linsi	临死	493	44
linsuan	磷酸	200	48
linsuanyan	磷酸盐	206	48
lintou	临头	249	47
linwei	临危	103	50
linwenyi	林文漪	259	47
linxiaofang	林小芳	175	48
linxing	临行	158	49
linxuan	遴选	122	50
linye	林业	1032	41
linyi	临沂	132	49
linyulong	林玉龙	104	50
linzexu	林则徐	108	50
linzhaoshu	林兆枢	256	47
linzhen	临阵	123	50
linzhennan	林震南	234	47
linzhixiao	林之孝	141	49
linzhong	林中	587	43
linzhong	临终	337	46
linzi	林子	420	45
linzi	临淄	125	50
linzou	临走	382	45
lipao	礼炮	185	48
lipeng	李鹏	675	43
lipin	礼品	303	46
lipingshui	李平水	102	50
liqi	力气	1463	40
liqi	利器	262	47
liqi	礼器	107	50
liqi	离奇	106	50
liqiang	李强	159	49
liqing	沥青	243	47
liqiu	力求	954	41
liqiushui	李秋水	184	48
liqu	离去	909	42
liren	历任	1372	40
liren	利刃	272	46
liren	丽人	148	49
liru	例如	6232	34
liruihuan	李瑞环	244	47
lirun	利润	4472	35
lirunlv	利润率	1206	40
lirusong	李如松	277	46
liruxiong	李儒雄	256	47
lisan	离散	230	47
lisanchun	李三春	256	47
lishan	李珊	258	47
lishen	立身	120	50
lisheng	厉声	977	41
lishenming	李慎明	256	47
lishi	历史	34460	27
lishi	立时	1805	39
lishi	历时	1618	39
lishi	理事	451	44
lishi	李氏	145	49
lishi	砾石	143	49
lishi	立誓	125	50
lishi	力士	106	50
lishiguan	历史观	109	50
lishiguo	理事国	148	49
lishihui	理事会	498	44
lishiju	历史剧	145	49
lishimin	李世民	194	48
lishiniang	李十娘	104	50
lishishi	李师师	189	48
lishixi	历史系	129	49
lishixing	历史性	669	43
lishixue	历史学	179	48
lishixuejia	历史学家	397	45
lishizhang	理事长	471	44
lishizhen	李时珍	349	45
lishu	隶属	1110	41
lishu	礼数	155	49
lishu	隶书	118	50
lishuangxi	李双喜	164	48
lishui	利税	702	43
lishun	理顺	146	49
lishunchen	李舜臣	108	50
lishuwen	李树文	259	47
lisi	李四	106	50
lisiben	里斯本	118	50
lisiguang	李四光	330	46
lisu	俚俗	102	50
lisuo	利索	141	49
lisuodangran	理所当然	358	45
litaihou	李太后	1111	41
litang	礼堂	577	43
litaowan	立陶宛	269	46
lite	里特	169	48
liti	立体	839	42
litie	李铁	177	48
litieying	李铁映	342	46
litiezui	李铁嘴	100	50
litou	里头	614	43
litou	犁头	290	46
litu	力图	695	43
lituixiu	离退休	203	48
liubang	刘邦	837	42
liubei	刘备	1753	39
liubocheng	刘伯承	448	44
liubu	六部	1173	41
liuchan	流产	258	47
liuchang	流畅	424	45
liuchao	六朝	226	47
liucheng	流程	523	44
liuchu	流出	749	42
liuchu	留出	210	47
liuchuan	流传	1650	39
liucun	留存	151	49
liuda	六大	461	44
liudahua	柳大华	276	46
liudai	留待	185	48
liudan	榴弹	247	47
liudanpao	榴弹炮	335	46
liudaoyu	刘道玉	256	47
liudaxiang	刘大响	261	47
liudian	六点	138	49
liudong	流动	2788	37
liudongdong	刘冬冬	256	47
liudongxing	流动性	269	46
liudongzijin	流动资金	108	50
liufang	流芳	545	44
liufang	流放	318	46
liufangbaishi	流芳百世	538	44
liufangliang	刘芳亮	294	46
liugan	流感	119	50
liuge	六个	1287	40
liugei	留给	778	42
liuguangyicai	流光溢彩	168	48
liuguoneng	刘国能	122	50
liuguozheng	刘国正	256	47
liuhe	六合	421	45
liuhebing	刘合炳	256	47
liuhezhen	刘和珍	261	47
liuhezhen	刘鹤真	106	50
liuhua	硫化	138	49
liuhuaqing	刘华清	311	46
liuhuawu	硫化物	137	49
liuhuba	柳湖坝	256	47
liuji	六级	233	47
liuji	刘基	128	49
liujia	刘家	319	46
liujianchao	刘建超	183	48
liujiao	六角	422	45
liujibin	刘积斌	259	47
liujie	六届	330	46
liujin	镏金	138	49
liujing	流经	968	41
liujingsong	刘精松	257	47
liujingting	柳敬亭	167	48
liukou	流寇	138	49
liulan	浏览	1469	40
liulang	流浪	251	47
liulanghan	流浪汉	116	50
liulangpu	刘郎浦	513	44
liulanqi	浏览器	159	49
liulaolao	刘姥姥	306	46
liulei	流泪	560	44
liuli	琉璃	454	44
liuli	流利	215	47
liulian	留恋	211	47
liuliang	流量	1499	40
liulianwangfan	流连忘返	181	48
liulimin	刘黎敏	256	47
liuliwa	琉璃瓦	1377	40
liulu	流露	767	42
liulu	六路	288	46
liuluo	流落	249	47
liumang	流氓	620	43
liumen	六门	151	49
liumin	流民	178	48
liuming	六名	127	49
liumingzu	刘明祖	257	47
liunian	六年	1633	39
liunian	留念	139	49
liupai	流派	946	41
liupian	六篇	150	49
liupin	六品	181	48
liuqi	六期	263	47
liuqidie	刘七爹	141	49
liuqing	留情	271	46
liuqiwan	六七万	165	48
liuru	流入	1258	40
liuruochen	柳若晨	197	48
liuruyu	柳如玉	314	46
liusha	流沙	178	48
liushaoqi	刘少奇	1025	41
liushen	留神	304	46
liushi	流失	702	43
liushi	六十	423	45
liushi	流逝	155	49
liushi	六世	102	50
liushigen	六十根	128	49
liushinian	六十年	120	50
liushiquan	刘石泉	256	47
liushou	留守	452	44
liushu	柳树	248	47
liushui	流水	662	43
liusiling	刘司令	113	50
liusu	流速	334	46
liusuan	硫酸	460	44
liusui	六岁	112	50
liutang	流淌	260	47
liuti	流体	923	42
liutian	六天	106	50
liutiao	六条	106	50
liutichun	刘体纯	329	46
liutilixue	流体力学	232	47
liutong	流通	4082	36
liutonggu	流通股	2294	38
liutonglingyu	流通领域	238	47
liuwang	流亡	557	44
liuwei	六位	248	47
liuweidong	刘卫东	256	47
liuxia	留下	5578	34
liuxia	流下	513	44
liuxialai	留下来	577	43
liuxiang	流向	467	44
liuxiang	刘翔	423	45
liuxiang	六项	185	48
liuxiao	留校	140	49
liuxie	流血	788	42
liuxin	留心	496	44
liuxing	流行	3049	37
liuxing	流星	390	45
liuxinglong	刘醒龙	261	47
liuxingxing	流行性	101	50
liuxue	留学	1026	41
liuxuerong	刘雪荣	256	47
liuxuesheng	留学生	494	44
liuxuyun	刘絮云	336	46
liuyan	流言	346	45
liuyan	留言	158	49
liuyanfei	刘雁飞	256	47
liuyanqing	刘延庆	132	49
liuyi	留意	543	44
liuyifei	刘亦菲	256	47
liuyingming	刘应明	256	47
liuyizhou	刘一舟	150	49
liuyou	留有	339	46
liuyu	流域	2825	37
liuyu	刘裕	187	48
liuyuanhe	刘元鹤	107	50
liuyuchi	刘玉尺	241	47
liuyucui	刘玉翠	153	49
liuyue	六月	869	42
liuzai	留在	2466	38
liuzei	流贼	719	43
liuzhanen	刘湛恩	256	47
liuzhengfeng	刘正风	248	47
liuzhenwei	刘振伟	256	47
liuzhi	柳枝	113	50
liuzhijun	刘志军	269	46
liuzhong	六中	261	47
liuzhong	六种	135	49
liuzhongquanhui	六中全会	243	47
liuzhou	柳州	151	49
liuzhu	留住	244	47
liuzhuan	流转	170	48
liuzihou	刘子厚	256	47
liuzihua	刘子华	768	42
liuzizheng	刘子政	161	49
liuzongmin	刘宗敏	1399	40
liuzongzhou	刘宗周	151	49
liuzou	溜走	137	49
liwai	例外	1198	40
liwai	里外	177	48
liwei	立委	114	50
liweimin	李为民	293	46
liwenxiu	李文秀	876	42
liwu	礼物	1113	41
liwu	里屋	102	50
liwupu	利物浦	278	46
liwuwei	厉无畏	264	47
lixi	利息	1436	40
lixia	立下	542	44
lixian	立宪	243	47
lixiang	理想	3988	36
lixiang	立项	419	45
lixiangguo	理想国	218	47
lixiangqian	李向前	110	50
lixiannian	李先念	961	41
lixiaoshuang	李小双	259	47
lixibao	粒细胞	134	49
lixilv	利息率	536	44
lixin	离心	120	50
lixing	理性	1949	39
lixing	例行	817	42
lixingliang	李行亮	256	47
lixinjue	李新觉	256	47
lixinliang	李新良	257	47
lixiu	离休	156	49
lixue	力学	1619	39
lixue	理学	531	44
lixue	李绪鄂	256	47
liya	利亚	262	47
liyan	砾岩	114	50
liyi	利益	8351	33
liyi	礼仪	1092	41
liyi	立意	156	49
liyihe	李义河	146	49
liyijun	李翊君	256	47
liying	理应	617	43
liyong	利用	13559	31
liyongbo	李永波	292	46
liyonglv	利用率	215	47
liyou	理由	3333	36
liyu	利于	636	43
liyu	鲤鱼	355	45
liyu	立于	257	47
liyu	礼遇	132	49
liyuan	李渊	120	50
liyuanhong	黎元洪	444	44
liyuanzheng	李元正	257	47
liyuanzhi	李沅芷	521	44
liyue	礼乐	213	47
liyunfeng	李云风	351	45
lizhan	力战	127	49
lizhaoxing	李肇星	553	44
lizheng	力争	657	43
lizheng	例证	189	48
lizheng	立正	104	50
lizhenye	李振邺	122	50
lizhi	理智	1007	41
lizhi	荔枝	259	47
lizhi	离职	233	47
lizhi	立志	203	48
lizhi	吏治	192	48
lizhigao	李志高	259	47
lizhiqizhuang	理直气壮	212	47
lizhongan	李重庵	257	47
lizhongtang	李中堂	248	47
lizhu	力主	220	47
lizhuang	粒状	114	50
lizi	例子	1607	39
lizi	粒子	1503	40
lizi	离子	1478	40
lizi	李子	348	45
lizi	栗子	128	49
lizicheng	李自成	5577	34
lizonghan	李宗翰	256	47
lizongren	李宗仁	145	49
lizu	立足	719	43
lizu	黎族	608	43
lizudian	立足点	111	50
lizuo	力作	109	50
lizuorong	李作荣	256	47
longchuan	龙船	287	46
longda	龙大	515	44
longdasi	隆达斯	112	50
longdong	隆冬	229	47
longduan	垄断	1687	39
longduanziben	垄断资本	107	50
longfeng	龙凤	141	49
longfu	龙服	128	49
longgong	龙宫	317	46
longgu	龙骨	207	48
longhexi	龙合玺	256	47
longhuafeng	龙画凤	129	49
longjing	龙井	242	47
longjingcha	龙井茶	120	50
longkou	龙口	118	50
longlehao	龙乐豪	267	46
longlong	隆隆	280	46
longluo	笼络	432	45
longmai	龙脉	145	49
longmen	龙门	835	42
longpao	龙袍	492	44
longqi	隆起	450	44
longqing	隆庆	677	43
longquan	龙泉	404	45
longshan	龙山	206	48
longshanwenhua	龙山文化	179	48
longtang	弄堂	262	47
longting	龙亭	406	45
longtong	笼统	130	49
longtou	龙头	1430	40
longwang	龙王	373	45
longxi	陇西	136	49
longxia	龙虾	101	50
longyan	龙眼	177	48
longzhao	笼罩	946	41
longzhong	隆重	917	42
longzhong	隆中	800	42
longzhou	龙舟	230	47
longzi	笼子	178	48
loubao	搂抱	128	49
loudao	楼道	100	50
louding	楼顶	253	47
loudong	漏洞	492	44
loudou	漏斗	186	48
loufang	楼房	367	45
louge	楼阁	273	46
loujiuying	楼九楹	129	49
loukong	镂空	126	49
loulan	楼兰	128	49
louluo	喽罗	255	47
loumian	露面	386	45
loupan	楼盘	169	48
louqian	楼前	132	49
loushang	楼上	1082	41
loushi	楼市	114	50
loushimu	楼式木	256	47
loutai	楼台	105	50
louti	楼梯	678	43
louxia	楼下	737	42
louyangsheng	楼阳生	256	47
luanchao	卵巢	357	45
luanchengyituan	乱成一团	146	49
luanda	乱打	518	44
luandong	乱动	121	50
luanhonghong	乱哄哄	103	50
luanjiao	乱叫	192	48
luankan	乱砍	322	46
luanpao	乱跑	125	50
luanqibazao	乱七八糟	277	46
luansheng	卵生	101	50
luanshi	乱石	212	47
luanshi	乱世	191	48
luanshi	卵石	111	50
luanshuo	乱说	167	48
luanxing	卵形	184	48
luanzaozao	乱糟糟	106	50
luanzi	卵子	129	49
luanzi	乱子	126	49
lubangzheng	卢邦正	257	47
lubi	卢比	171	48
lubian	路边	697	43
lubu	卢布	334	46
lucheng	路程	297	46
luchengwei	陆承伟	210	47
luchu	露出	3058	37
ludafu	卢大夫	101	50
ludayou	陆大有	116	50
lude	路德	102	50
ludeng	路灯	446	44
ludi	陆地	1110	41
luduan	路段	185	48
lufeiqing	陆菲青	496	44
lugaoxuan	陆高轩	148	49
luguanying	陆冠英	272	46
luguicheng	鲁桂成	256	47
luguo	路过	535	44
luhaikong	陆海空	101	50
luhua	芦花	846	42
luhuo	炉火	334	46
luhuochunqing	炉火纯青	189	48
luji	卤鸡	517	44
luji	路基	113	50
luji	陆基	100	50
lujiang	庐江	318	46
lujiao	鹿角	887	42
lujing	路径	486	44
lujun	陆军	3253	36
lujundaxue	陆军大学	281	46
lujunyi	卢俊义	532	44
lukena	卢克纳	112	50
lukou	路口	416	45
luliding	陆立鼎	123	50
lulin	绿林	220	47
lulu	陆路	306	46
lulve	掳掠	202	48
lumang	鲁莽	211	47
lumian	路面	494	44
lumolu	鲁磨路	256	47
lunbi	伦比	272	46
lunbian	论辩	180	48
lunchuan	轮船	679	43
lundian	论点	397	45
lunduan	论断	461	44
lundun	伦敦	2255	38
lundundaxue	伦敦大学	107	50
lunfan	轮番	514	44
lunhuan	轮换	221	47
lunhui	轮回	376	45
lunji	论及	165	48
lunju	论据	133	49
lunkuo	轮廓	499	44
lunli	伦理	596	43
lunliu	轮流	694	43
lunlixue	伦理学	255	47
lunluo	沦落	154	49
lunsang	沦丧	171	48
lunshi	轮式	228	47
lunshu	论述	2057	38
luntai	轮胎	311	46
luntan	论坛	4009	36
lunti	论题	468	44
lunwang	沦亡	147	49
lunwei	沦为	719	43
lunwen	论文	1875	39
lunxian	沦陷	345	45
lunyu	论语	265	47
lunzhan	论战	243	47
lunzhe	论者	146	49
lunzheng	论证	1425	40
lunzhu	论著	270	46
lunzi	轮子	207	48
luobai	落败	154	49
luobang	落榜	107	50
luobo	萝卜	343	45
luobote	罗伯特	163	48
luobupo	罗布泊	163	48
luocha	罗刹	713	43
luocha	落差	348	45
luocheng	落成	543	44
luocheng	罗城	187	48
luodao	落到	782	42
luode	落得	285	46
luodi	落地	954	41
luogu	锣鼓	294	46
luohan	罗汉	256	47
luohou	落后	2713	37
luohu	落户	204	48
luohualiushui	落花流水	159	49
luoji	逻辑	2059	38
luojia	罗家	267	46
luojia	珞珈	256	47
luojiadun	罗家墩	256	47
luojiao	落脚	115	50
luojixue	逻辑学	172	48
luokexide	洛克希德	215	47
luokong	落空	148	49
luolei	落泪	116	50
luolie	罗列	130	49
luolin	洛林	105	50
luolu	裸露	436	45
luolunzi	洛伦兹	110	50
luoma	罗马	3071	37
luoma	骡马	225	47
luoma	落马	165	48
luomadiguo	罗马帝国	640	43
luomaniya	罗马尼亚	596	43
luomu	落幕	106	50
luonaerdi	罗纳尔迪	110	50
luopan	罗盘	170	48
luopo	落魄	120	50
luoqingquan	罗清泉	771	42
luori	落日	104	50
luoronghuan	罗荣桓	108	50
luoru	落入	892	42
luorucai	罗汝才	365	45
luoruiqing	罗瑞卿	110	50
luosang	洛桑	314	46
luoshan	罗山	110	50
luoshanji	洛杉矶	488	44
luoshi	落实	2219	38
luoshi	珞狮	768	42
luoshi	罗氏	116	50
luoshui	落水	157	49
luosi	罗斯	233	47
luosifu	罗斯福	318	46
luosu	罗素	117	50
luoti	裸体	205	48
luotian	罗田	785	42
luotianxian	罗田县	519	44
luotuo	骆驼	705	43
luowen	螺纹	138	49
luoxiaoman	罗小蛮	128	49
luoxiaomei	罗小梅	217	47
luoxiaowei	罗晓维	126	49
luoxiuzhu	罗秀竹	166	48
luoxuan	螺旋	550	44
luoxuan	落选	107	50
luoxuanjiang	螺旋桨	237	47
luoyameng	罗亚蒙	256	47
luoyang	洛阳	2331	38
luoyangcheng	洛阳城	211	47
luoye	落叶	805	42
luoyesong	落叶松	150	49
luoyibujue	络绎不绝	168	48
luozi	骡子	678	43
luozizhiwu	裸子植物	112	50
luozuo	落座	139	49
lupang	路旁	355	45
luqiao	路桥	698	43
luqingdu	鹿清笃	119	50
luqu	录取	4370	35
luqulv	录取率	327	46
luren	路人	117	50
lurong	鹿茸	104	50
luruihua	卢瑞华	259	47
lusefu	卢瑟福	112	50
lusenbao	卢森堡	270	46
lushan	庐山	533	44
lushang	路上	2706	37
lushang	陆上	509	44
lushui	露水	133	49
lusu	卤素	173	48
lusu	鲁肃	121	50
lusuo	卢梭	163	48
luteshi	鲁特氏	128	49
lutian	露天	642	43
lutou	路透	181	48
lutoushe	路透社	151	49
lutu	路途	234	47
luwangda	卢旺达	109	50
luwei	芦苇	667	43
luwushuang	陆无双	859	42
luxian	路线	4463	35
luxiang	录像	313	46
luxiangsheng	卢象升	382	45
luxiaoyi	陆小艺	124	50
luxirong	陆希荣	207	48
luxu	陆续	2153	38
luxun	鲁迅	1507	40
luyi	路易	156	49
luyin	录音	355	45
luyindai	录音带	124	50
luyinji	录音机	143	49
luyisi	路易斯	106	50
luyong	录用	481	44
luyongxiang	路甬祥	268	46
luyou	陆游	620	43
luyoujiao	鲁有脚	168	48
luyu	陆羽	342	46
luzhan	陆战	173	48
luzhandui	陆战队	153	49
luzhangke	鹿杖客	199	48
luzhaohai	鹿兆海	151	49
luzhaopeng	鹿兆鹏	543	44
luzhi	录制	162	48
luzhishen	鲁智深	327	46
luzhou	泸州	165	48
luzhuangzhu	陆庄主	131	49
luzi	路子	475	44
luzi	炉子	424	45
luzilin	鹿子霖	805	42
lvboqi	滤波器	106	50
lvbu	吕布	332	46
lvcha	绿茶	139	49
lvcheng	旅程	130	49
lvci	屡次	332	46
lvdai	履带	291	46
lvdaishi	履带式	172	48
lvdi	绿地	174	48
lvdian	旅店	390	45
lvdiaoyang	吕调阳	197	48
lvdou	绿豆	709	43
lve	绿萼	596	43
lvedai	略带	214	47
lveduo	掠夺	672	43
lveguo	掠过	629	43
lvelve	略略	170	48
lvewei	略微	277	46
lveyou	略有	644	43
lvezou	掠走	147	49
lvfang	氯仿	102	50
lvguan	旅馆	619	43
lvhejin	铝合金	138	49
lvhua	绿化	1052	41
lvhua	氯化	155	49
lvhuadai	绿化带	151	49
lvhuana	氯化钠	117	50
lvjianbuxian	屡见不鲜	139	49
lvjiaohui	旅交会	177	48
lvke	旅客	1554	39
lvli	律例	162	48
lvli	膂力	129	49
lvling	律令	143	49
lvlv	屡屡	296	46
lvqi	氯气	138	49
lvse	绿色	2851	37
lvshe	旅舍	110	50
lvshi	律师	1826	39
lvshun	旅顺	191	48
lvsongshi	绿松石	290	46
lvtu	旅途	283	46
lvtu	铝土	129	49
lvtukuang	铝土矿	131	49
lvxing	履行	1684	39
lvxing	旅行	1131	41
lvxingjia	旅行家	219	47
lvxingshe	旅行社	2232	38
lvxingzhe	旅行者	166	48
lvye	绿叶	183	48
lvyi	绿衣	107	50
lvying	绿营	110	50
lvyou	旅游	16124	30
lvyoudian	旅游点	111	50
lvyouju	旅游局	841	42
lvyouqu	旅游区	2039	38
lvyoushengdi	旅游胜地	237	47
lvyoutuan	旅游团	116	50
lvyouye	旅游业	1203	40
lvyouzhe	旅游者	369	45
lvzhang	旅长	172	48
lvzhiyue	吕之悦	146	49
lvzhong	率众	210	47
lvzhongmei	吕忠梅	256	47
lvzhou	绿洲	388	45
lvzhu	绿竹	117	50
lvzi	驴子	291	46
maan	马鞍	216	47
maanshan	马鞍山	326	46
mabei	马背	471	44
mabi	麻痹	295	46
mabian	马鞭	231	47
mabu	麻布	418	45
mabutingti	马不停蹄	128	49
machang	马场	295	46
machao	马超	170	48
machaoxu	马朝旭	1844	39
mache	马车	429	45
macheng	麻城	1059	41
machengshi	麻城市	258	47
machunhua	马春花	257	47
maci	马刺	460	44
madai	麻袋	474	44
madai	马岱	124	50
madao	马道	281	46
madao	马刀	200	48
madao	马岛	124	50
madaochenggong	马到成功	313	46
madeli	马德里	239	47
mading	马丁	437	45
maer	马儿	115	50
maerdaifu	马尔代夫	114	50
maerta	马耳他	143	49
mafan	麻烦	2059	38
mafeng	蚂蜂	131	49
mafu	马夫	443	44
magua	马褂	104	50
maguangzuo	马光佐	141	49
maguangzuo	麻光佐	141	49
mahao	马号	101	50
mahe	马赫	186	48
mahu	马虎	171	48
mahucun	马湖村	256	47
maiami	迈阿密	144	49
maiban	买办	251	47
maibo	脉搏	260	47
maibu	迈步	165	48
maibuqi	买不起	122	50
maicang	埋藏	329	46
maichang	卖场	159	49
maichong	脉冲	695	43
maichu	迈出	435	45
maichu	卖出	339	46
maidanglao	麦当劳	127	49
maidian	买点	114	50
maidiao	卖掉	278	46
maidina	麦地那	105	50
maifang	买房	259	47
maifang	买方	238	47
maifang	卖方	179	48
maifu	埋伏	846	42
maiguo	卖国	864	42
maiguoqiurong	卖国求荣	272	46
maiguozei	卖国贼	1364	40
maijia	麦加	285	46
maijia	买家	163	48
maijia	卖家	104	50
maijie	麦秸	117	50
maijin	迈进	651	43
maijin	买进	125	50
maikai	迈开	127	49
maikease	麦克阿瑟	115	50
maikeer	迈克尔	101	50
maikelalun	麦克拉伦	147	49
maikesiwei	麦克斯韦	152	49
mailai	买来	292	46
maili	卖力	145	49
mailuo	脉络	155	49
maimai	买卖	1832	39
maimaiti	买买提	272	46
maimo	埋没	104	50
mainong	卖弄	152	49
mairu	买入	213	47
maitian	麦田	133	49
maitou	埋头	258	47
maitoukugan	埋头苦干	117	50
maixia	买下	219	47
maixiang	迈向	172	48
maixiang	脉象	103	50
maiyin	卖淫	115	50
maizang	埋葬	365	45
maizhe	买者	293	46
maizhu	买主	132	49
maizi	麦子	460	44
majiang	麻将	253	47
majiao	马脚	134	49
majiapeng	马家棚	256	47
make	马克	491	44
makesi	马克思	983	41
makou	马口	269	46
mala	马拉	116	50
malai	马来	557	44
malaibandao	马来半岛	116	50
malaixiya	马来西亚	820	42
malajiang	麻辣酱	256	47
malan	马兰	112	50
mali	马力	446	44
mali	马里	318	46
mali	玛丽	113	50
maliang	马良	672	43
malie	马列	102	50
maliezhuyi	马列主义	360	45
malingong	马林工	256	47
malingshu	马铃薯	373	45
maliya	玛利亚	185	48
malu	马路	660	43
mama	妈妈	4525	35
mama	嬷嬷	123	50
mamu	麻木	430	45
manao	玛瑙	263	47
manbu	漫步	327	46
manbujingxin	漫不经心	145	49
manbuzaihu	满不在乎	132	49
manchang	漫长	1151	41
mancheng	满城	197	48
manchesite	曼彻斯特	149	49
mandela	曼德拉	107	50
mandi	满地	405	45
manfen	满分	154	49
manfu	满腹	202	48
mangbudie	忙不迭	141	49
mangguo	芒果	125	50
manghuo	忙活	378	45
manglu	忙碌	623	43
mangluan	忙乱	150	49
mangmang	茫茫	559	44
mangmu	盲目	852	42
mangran	茫然	691	43
mangren	盲人	352	45
mangu	曼谷	385	45
mangyu	忙于	361	45
mangzhuang	莽撞	149	49
manhan	满汉	158	49
manheng	蛮横	109	50
manhengwuli	蛮横无理	144	49
manhua	漫画	313	46
manhuai	满怀	491	44
manila	马尼拉	166	48
manjie	满街	114	50
mankou	满口	260	47
manlian	满脸	1980	38
manlian	曼联	260	47
manman	慢慢	4427	35
manman	满满	193	48
manman	漫漫	164	48
manmande	满满的	163	48
manmen	满门	111	50
manmian	满面	307	46
manqiang	满腔	457	44
manqing	满清	513	44
manshen	满身	341	46
mantian	漫天	203	48
mantian	满天	161	49
mantou	馒头	810	42
mantou	满头	302	46
mantoudahan	满头大汗	157	49
mantuntun	慢吞吞	120	50
manwen	满文	234	47
manxin	满心	304	46
manxing	慢性	969	41
manxingbing	慢性病	122	50
manyan	蔓延	576	43
manyan	满眼	143	49
manyi	满意	3417	36
manyidu	满意度	126	49
manyou	漫游	308	46
manyuan	埋怨	537	44
manyue	满月	143	49
manzai	满载	351	45
manzhou	满洲	1543	39
manzi	蛮子	195	48
manzu	满足	4725	35
manzu	满族	1499	40
manzui	满嘴	152	49
maobi	毛笔	359	45
maobing	毛病	807	42
maocao	茅草	143	49
maocaojie	茅草街	256	47
maochong	冒充	332	46
maodun	矛盾	5456	34
maodun	茅盾	156	49
maofa	毛发	258	47
maofan	冒犯	379	45
maoguanlu	毛冠鹿	293	46
maogusongran	毛骨悚然	175	48
maojian	毛尖	549	44
maojianqu	茅箭区	256	47
maojin	毛巾	466	44
maojin	冒进	145	49
maolilv	毛利率	164	48
maolinkou	茅林口	256	47
maoliqiusi	毛里求斯	129	49
maolv	毛驴	148	49
maomei	冒昧	101	50
maomi	茂密	409	45
maoniu	牦牛	244	47
maopi	毛皮	224	47
maoqian	毛钱	111	50
maoqiling	毛奇龄	137	49
maoran	贸然	413	45
maorongrong	毛茸茸	108	50
maorubai	毛如柏	256	47
maose	毛色	137	49
maosheng	茂盛	192	48
maosi	貌似	101	50
maotan	毛毯	113	50
maotou	矛头	394	45
maotouying	猫头鹰	123	50
maowenlong	毛文龙	216	47
maowu	茅屋	453	44
maoxian	冒险	856	42
maoxianzhuyi	冒险主义	224	47
maoxinjin	茅新进	128	49
maoxixueguan	毛细血管	220	47
maoyan	冒烟	271	46
maoyi	贸易	6255	34
maoyi	毛衣	112	50
maoyie	贸易额	172	48
maoyiqu	贸易区	113	50
maozedong	毛泽东	8994	32
maozhu	毛竹	113	50
maozi	帽子	1032	41
mapi	马匹	727	42
mapi	马屁	111	50
maqidun	马其顿	443	44
maque	麻雀	391	45
maren	骂人	421	45
masai	马赛	208	47
masanjun	马三俊	234	47
mashang	马上	2306	38
masheng	麻绳	165	48
masheng	骂声	115	50
mashiyao	马世耀	116	50
mashiying	马士英	401	45
matang	麻糖	263	47
mati	马蹄	475	44
matisheng	马蹄声	283	46
matong	马桶	124	50
matou	码头	2508	38
matou	马头	462	44
maweisong	马尾松	347	45
maxieer	马歇尔	171	48
maxingkong	马行空	137	49
maya	玛雅	134	49
mayaocao	马瑶草	115	50
mayi	蚂蚁	324	46
mayi	马尾	150	49
mazui	麻醉	264	47
meiceng	煤层	149	49
meichang	每场	182	48
meichaofeng	梅超风	455	44
meichuxi	没出息	107	50
meici	每次	3011	37
meidang	每当	1521	40
meide	美德	250	47
meide	美的	230	47
meidi	没底	208	47
meidian	煤电	134	49
meidu	梅毒	151	49
meier	妹儿	216	47
meifa	没法	980	41
meifang	美方	363	45
meifazi	没法子	133	49
meifen	美分	231	47
meifeng	每逢	842	42
meigan	美感	113	50
meige	每个	6618	34
meigonghe	湄公河	123	50
meigu	每股	683	43
meiguan	美观	299	46
meiguanxi	没关系	237	47
meigui	玫瑰	540	44
meiguihua	玫瑰花	104	50
meiguo	美国	36089	27
meiguodui	美国队	216	47
meiguoguohui	美国国会	411	45
meiguohui	美国会	120	50
meiguokongjun	美国空军	404	45
meiguowuyuan	美国务院	101	50
meiguozhengfu	美国政府	489	44
meihao	美好	1474	40
meihu	每户	106	50
meihua	梅花	959	41
meihua	美化	189	48
meiji	美籍	134	49
meijia	每家	204	48
meijie	媒介	608	43
meijing	美景	201	48
meijinmei	梅津美	136	49
meijiu	美酒	131	49
meijun	美军	4384	35
meijun	霉菌	193	48
meikuai	每块	225	47
meikuang	煤矿	933	41
meilaiyou	没来由	119	50
meilanfang	梅兰芳	103	50
meili	美丽	3036	37
meili	魅力	997	41
meilian	没脸	107	50
meilianchu	美联储	146	49
meilianshe	美联社	225	47
meilin	梅林	383	45
meiman	美满	108	50
meimao	眉毛	612	43
meimao	美貌	499	44
meimei	妹妹	2149	38
meimei	每每	334	46
meimeng	美梦	176	48
meimiao	每秒	326	46
meimiao	美妙	299	46
meiming	没命	147	49
meimu	眉目	217	47
meinian	每年	10986	32
meinv	美女	993	41
meiqi	煤气	285	46
meiqu	没趣	106	50
meiren	每人	1441	40
meiren	媒人	122	50
meirener	美人儿	131	49
meiri	每日	1941	39
meirong	美容	426	45
meishao	眉梢	111	50
meishenme	没什么	2111	38
meishi	美食	1025	41
meishi	没事	516	44
meishier	没事儿	121	50
meishu	美术	1806	39
meishuguan	美术馆	292	46
meishujia	美术家	102	50
meishushi	美术史	217	47
meishuzi	美术字	259	47
meisu	霉素	104	50
meitan	煤炭	1617	39
meiti	媒体	6101	34
meitian	每天	6612	34
meitian	煤田	264	47
meitou	眉头	934	41
meitoumeinao	没头没脑	100	50
meitouyizhou	眉头一皱	111	50
meiwai	媚外	265	47
meiwan	每晚	192	48
meiwanmeiliao	没完没了	201	48
meiwei	美味	786	42
meiwei	每位	196	48
meixiangdao	没想到	2783	37
meixinyu	梅新育	257	47
meixue	美学	545	44
meiyan	眉眼	107	50
meiyisi	没意思	122	50
meiyong	没用	463	44
meiyou	没有	87597	23
meiyou	煤油	145	49
meiyu	美誉	651	43
meiyu	梅雨	109	50
meiyuan	美元	5382	34
meiyue	每月	1307	40
meiyuqi	梅雨期	265	47
meizhong	每种	198	48
meizhou	美洲	1394	40
meizhou	每周	984	41
meizhun	没准	165	48
meizi	妹子	945	41
meizi	梅子	410	45
menban	门板	228	47
menbian	门边	251	47
menchuang	门窗	542	44
mendao	门道	199	48
mendi	门第	112	50
mendian	门店	132	49
mendong	门洞	1080	41
menfa	门阀	242	47
menfei	门扉	389	45
menfeng	门缝	192	48
mengchanghu	孟尝湖	256	47
mengchunqi	孟春祈	128	49
mengdi	猛地	1192	41
mengfa	萌发	244	47
mengge	梦鸽	256	47
mengge	蒙哥	188	48
menggong	猛攻	320	46
menggu	蒙古	5631	34
menggu	梦姑	105	50
mengguguo	蒙古国	214	47
mengguo	盟国	379	45
mengguren	蒙古人	675	43
menggurenzhong	蒙古人种	156	49
mengguyu	蒙古语	202	48
mengguzu	蒙古族	1753	39
menghaoran	孟浩然	281	46
menghu	猛虎	251	47
menghuan	梦幻	227	47
mengji	猛击	147	49
mengjiala	孟加拉	237	47
mengjialaguo	孟加拉国	243	47
mengjian	梦见	367	45
mengjiang	猛将	120	50
mengjianxiong	孟健雄	120	50
mengjing	梦境	243	47
mengjun	盟军	385	45
mengkuang	锰矿	118	50
menglie	猛烈	1069	41
menglong	朦胧	567	43
mengmai	孟买	147	49
mengmeiyiqiu	梦寐以求	124	50
mengmenglonglong	朦朦胧胧	105	50
mengmian	蒙面	170	48
mengpu	猛扑	243	47
mengqin	猛禽	271	46
mengqingnan	孟庆南	256	47
mengran	猛然	941	41
mengsheng	萌生	147	49
mengshi	盟誓	106	50
mengshou	猛兽	177	48
mengshou	蒙受	151	49
mengtelier	蒙特利尔	119	50
mengxiang	梦想	1194	41
mengya	萌芽	425	45
mengyou	盟友	253	47
mengyue	盟约	119	50
mengzaiguli	蒙在鼓里	137	49
mengzeng	猛增	115	50
mengzhu	盟主	526	44
mengzhu	蒙住	125	50
mengzi	孟子	365	45
menhu	门户	2202	38
menjiang	门将	311	46
menkan	门槛	740	42
menkou	门口	3713	36
menkuang	门框	121	50
menlei	门类	683	43
menlian	门帘	167	48
menlian	门联	133	49
menlou	门楼	606	43
menlu	门路	216	47
menmian	门面	147	49
mennei	门内	575	43
menpai	门派	249	47
menpai	门牌	155	49
menpiao	门票	653	43
menqi	闷气	116	50
menqian	门前	2960	37
menqiang	门墙	194	48
menre	闷热	138	49
menren	门人	951	41
menshang	门上	527	44
menshen	门神	124	50
mensheng	门生	226	47
menshou	门首	102	50
menshuan	门闩	188	48
mentu	门徒	119	50
menwai	门外	3759	36
menwei	门卫	191	48
menxia	门下	1179	41
menzhen	门诊	417	45
menzi	门子	136	49
mianao	棉袄	245	47
mianban	面板	217	47
mianbao	面包	884	42
mianbei	棉被	172	48
mianbu	面部	491	44
mianbu	棉布	206	48
mianbuliao	免不了	366	45
mianchu	免除	403	45
miande	免得	1031	41
miandian	缅甸	871	42
miandui	面对	5937	34
mianduimian	面对面	310	46
mianfang	棉纺	345	45
mianfangzhi	棉纺织	609	43
mianfei	免费	1810	39
mianfen	面粉	1221	40
mianhongerchi	面红耳赤	135	49
mianhua	棉花	3619	36
mianhuai	缅怀	234	47
mianji	面积	22455	29
mianjia	面颊	366	45
mianju	面具	479	44
miankong	面孔	728	42
mianli	勉励	136	49
mianli	勉力	100	50
mianliao	面料	161	49
mianlin	面临	4096	36
mianmao	面貌	1445	40
mianmian	绵绵	139	49
mianmianxiangqu	面面相觑	394	45
mianmu	面目	850	42
mianmuquanfei	面目全非	109	50
mianpi	面皮	341	46
mianqian	面前	7896	33
mianqiang	勉强	1486	40
mianqu	免去	245	47
mianrong	面容	425	45
mianse	面色	633	43
miansha	棉纱	348	45
miansha	面纱	198	48
mianshang	面上	985	41
mianshi	面试	2642	37
mianshi	面世	100	50
mianshou	免受	160	49
mianshui	免税	147	49
miantan	面谈	161	49
miantian	腼腆	187	48
miantiao	面条	859	42
miantuan	面团	308	46
mianxiang	面向	1900	39
mianxiang	面相	125	50
mianxiangduixiang	面向对象	128	49
mianyan	绵延	571	43
mianyang	沔阳	1061	41
mianyang	绵羊	281	46
mianyi	免疫	1263	40
mianyi	棉衣	234	47
mianyili	免疫力	216	47
mianyu	免于	343	45
mianzao	免遭	158	49
mianzhi	免职	175	48
mianzhi	面值	108	50
mianzi	面子	1333	40
miaohui	描绘	1180	41
miaohui	庙会	123	50
miaoji	妙计	224	47
miaojie	庙街	263	47
miaoli	庙里	358	45
miaomang	渺茫	201	48
miaorenfeng	苗人凤	525	44
miaoruolan	苗若兰	221	47
miaoshi	藐视	211	47
miaoshu	描述	2288	38
miaotang	庙堂	113	50
miaotiao	苗条	160	49
miaoxiao	渺小	112	50
miaoxie	描写	1546	39
miaoyu	庙宇	300	46
miaozhong	秒钟	280	46
miaozhun	瞄准	858	42
miaozhunjing	瞄准镜	190	48
miaozi	苗子	147	49
miaozu	苗族	1310	40
mibi	密闭	110	50
mibu	密布	852	42
mibu	弥补	843	42
mibukefen	密不可分	100	50
micaifu	迷彩服	103	50
midi	谜底	105	50
midu	密度	2412	38
miehuo	灭火	215	47
miejue	灭绝	782	42
miejun	灭菌	189	48
mieshi	蔑视	212	47
miewang	灭亡	1156	41
mifan	米饭	400	45
mifang	秘方	121	50
mifei	米芾	294	46
mifen	米粉	1336	40
mifeng	密封	502	44
mifeng	蜜蜂	360	45
mige	米格	722	43
migong	迷宫	321	46
migongci	米公祠	257	47
mihou	猕猴	112	50
mihoutao	猕猴桃	141	49
mihu	迷糊	240	47
mihuo	迷惑	435	45
miji	密集	1187	41
miji	秘笈	174	48
mijian	蜜饯	109	50
mijixing	密集型	127	49
mijue	秘诀	326	46
milan	米兰	607	43
milan	糜烂	178	48
mile	弥勒	144	49
mili	迷离	106	50
milian	迷恋	436	45
milin	密林	240	47
milu	麋鹿	2159	38
milu	迷路	155	49
mima	密码	1022	41
miman	弥漫	609	43
mimang	迷茫	238	47
mimi	秘密	3833	36
mimihuhu	迷迷糊糊	310	46
mimimama	密密麻麻	263	47
mimou	密谋	234	47
minban	民办	520	44
minbanjiaoshi	民办教师	279	46
minbing	民兵	999	41
minfa	民法	325	46
mingan	敏感	1693	39
minganxing	敏感性	125	50
mingbai	明白	10875	32
mingbairen	明白人	101	50
mingbaizhe	明摆着	185	48
mingbuxuchuan	名不虚传	194	48
mingcha	名茶	863	42
mingchao	明朝	3845	36
mingcheng	名称	5468	34
mingcheng	名城	1846	39
mingchengzu	明成祖	861	42
mingci	名词	1177	41
mingci	名次	485	44
mingdai	明代	4686	35
mingdan	名单	1823	39
minge	名额	1731	39
minge	民歌	418	45
minger	明儿	534	44
mingfuqishi	名副其实	819	42
mingguan	命官	103	50
minggui	名贵	1381	40
mingguyan	明顾炎	128	49
minghao	名号	128	49
minghongwu	明洪武	547	44
minghuanghuang	明晃晃	216	47
mingjia	名家	548	44
mingjiang	名将	754	42
mingjiao	名叫	2141	38
mingjiao	明教	619	43
mingjiao	鸣叫	378	45
mingjiao	名教	136	49
mingjing	明镜	104	50
mingjingzong	明景宗	128	49
mingkuai	明快	172	48
minglang	明朗	287	46
mingli	名利	210	47
mingliang	明亮	842	42
minglibu	明礼部	256	47
minglie	名列	688	43
mingliebangshou	名列榜首	158	49
minglieqianmao	名列前茅	398	45
mingling	命令	8003	33
mingling	明令	123	50
mingliu	名流	119	50
minglu	名录	229	47
mingmai	命脉	214	47
mingmei	明媚	147	49
mingmen	名门	195	48
mingming	命名	2356	38
mingming	明明	1305	40
mingmingbaibai	明明白白	244	47
mingmo	明末	785	42
mingmoqingchu	明末清初	431	45
mingmu	名目	202	48
mingnian	明年	944	41
mingong	民工	558	44
mingpai	名牌	2001	38
mingpian	名片	1713	39
mingpian	名篇	100	50
mingqi	名气	366	45
mingqi	明器	274	46
mingqi	名企	129	49
mingqiang	鸣枪	157	49
mingqing	明清	3554	36
mingque	明确	5812	34
mingren	名人	1112	41
mingren	明人	142	49
mingri	明日	1915	39
mingsang	命丧	143	49
mingshan	名山	457	44
mingsheng	名胜	887	42
mingsheng	名声	653	43
mingshengguji	名胜古迹	1360	40
mingshengqu	名胜区	976	41
mingshi	名师	406	45
mingshi	明史	363	45
mingshi	名士	272	46
mingshi	明示	139	49
mingshizong	明世宗	541	44
mingshuo	明说	113	50
mingsike	明斯克	175	48
mingsike	明思克	109	50
mingtaizitai	明太子太	256	47
mingtaizu	明太祖	299	46
mingtang	名堂	217	47
mingteyou	名特优	261	47
mingti	命题	1542	39
mingtian	明天	3264	36
mingtou	名头	345	45
minguo	民国	1570	39
mingwang	名望	272	46
mingwangchao	明王朝	406	45
mingwei	名为	1281	40
mingwei	名位	436	45
mingwen	铭文	509	44
mingwen	明文	285	46
mingwenguiding	明文规定	126	49
mingwenjin	明文禁	256	47
mingwenxiaer	名闻遐迩	274	46
mingwuying	明武英	256	47
mingxi	明晰	134	49
mingxian	明显	9296	32
mingxianzong	明宪宗	139	49
mingxiao	名校	228	47
mingxing	明星	2130	38
mingyan	名言	223	47
mingyan	明言	110	50
mingyang	名扬	189	48
mingyi	名义	1671	39
mingyi	名医	177	48
mingyi	命意	108	50
mingyingzong	明英宗	175	48
mingyongle	明永乐	1449	40
mingyou	名优	570	43
mingyu	名誉	886	42
mingyue	明月	358	45
mingyue	名曰	277	46
mingyun	命运	3117	37
mingyuzhen	明玉珍	268	46
mingzao	明早	114	50
mingzhe	明哲	134	49
mingzheng	明证	112	50
mingzhengyan	明正言	128	49
mingzhengyanshun	名正言顺	120	50
mingzhi	明知	897	42
mingzhi	明智	330	46
mingzhi	明治	141	49
mingzhiweixin	明治维新	115	50
mingzhong	命中	761	42
mingzhonglv	命中率	256	47
mingzhu	明珠	686	43
mingzhu	名著	327	46
mingzi	名字	5359	34
mingzi	名子	140	49
mingzuo	名作	112	50
minhang	民航	548	44
minhangzongju	民航总局	110	50
minhe	民和	102	50
miniao	泌尿	157	49
minjian	民间	3867	36
minjian	民建	306	46
minjiang	闽江	124	50
minjianwenxue	民间文学	198	48
minjianyishu	民间艺术	108	50
minjie	敏捷	443	44
minjing	民警	393	45
minju	民居	163	48
minmeng	民盟	288	46
minqing	民情	130	49
minquan	民权	213	47
minrui	敏锐	431	45
minsheng	民生	452	44
minshi	民事	1384	40
minsu	民俗	521	44
minuosi	米诺斯	147	49
minxi	闽西	212	47
minxin	民心	384	45
minxuan	民选	171	48
minyi	民意	379	45
minying	民营	540	44
minyong	民用	1372	40
minyuanlu	民院路	256	47
minzheng	民政	2298	38
minzhong	民众	1793	39
minzhu	民主	8513	33
minzhudang	民主党	376	45
minzhudangpai	民主党派	582	43
minzhugaige	民主改革	117	50
minzhugeming	民主革命	519	44
minzhuhua	民主化	158	49
minzhupai	民主派	200	48
minzhurenshi	民主人士	309	46
minzhuzhuyi	民主主义	652	43
minzihua	闵子华	154	49
minzu	民族	20524	29
minzuxiang	民族乡	3357	36
minzuxue	民族学	124	50
minzuzhuyi	民族主义	575	43
minzuzizhi	民族自治	1348	40
miqie	密切	3889	36
miren	迷人	421	45
miru	泌乳	110	50
mishi	觅食	272	46
mishi	迷失	230	47
mishi	密室	225	47
mishi	密使	152	49
mishu	秘书	2921	37
mishuchu	秘书处	176	48
mishuzhang	秘书长	5821	34
miuwu	谬误	267	46
miwang	迷惘	186	48
miwu	迷雾	192	48
mixin	迷信	689	43
miye	米业	256	47
miyue	蜜月	173	48
miyun	密云	157	49
mizao	蜜枣	292	46
mizong	密宗	102	50
mobei	漠北	251	47
mobu	莫不	230	47
mobushi	莫不是	175	48
mobuzuosheng	默不作声	200	48
moca	摩擦	802	42
moda	莫大	471	44
modi	蓦地	771	42
moduan	末端	516	44
moer	摩尔	232	47
moerben	墨尔本	123	50
mofan	模范	1604	39
mofang	模仿	969	41
mofanxian	模范县	515	44
mofei	莫非	1353	40
mogaoku	莫高窟	110	50
mogen	摩根	121	50
mogu	蘑菇	620	43
mogui	魔鬼	386	45
moguoyu	莫过于	268	46
mohe	磨合	104	50
mohu	模糊	1095	41
moji	墨迹	137	49
mojiao	魔教	631	43
mojing	墨镜	1146	41
mojinxiaowei	摸金校尉	405	45
mokuai	模块	457	44
mokuaihua	模块化	136	49
molian	磨练	173	48
moliao	末了	191	48
moluo	没落	187	48
moluoge	摩洛哥	500	44
moming	莫名	220	47
momingqimiao	莫名其妙	659	43
momo	默默	734	42
momo	摸摸	301	46
momodi	默默地	767	42
momohuhu	模模糊糊	133	49
momowuwen	默默无闻	120	50
monaihe	没奈何	104	50
monan	磨难	198	48
moni	模拟	1724	39
monian	末年	906	42
moqi	末期	590	43
moqi	默契	276	46
moqing	摸清	132	49
moran	默然	379	45
moran	蓦然	163	48
moran	漠然	115	50
moren	默认	224	47
mori	末日	173	48
moru	没入	138	49
mosangbike	莫桑比克	213	47
mosheng	陌生	818	42
moshenggu	莫声谷	115	50
moshengren	陌生人	316	46
moshi	模式	3809	36
moshi	漠视	123	50
moshou	没收	892	42
moshu	魔术	170	48
moshui	墨水	128	49
mosike	莫斯科	1817	39
mosun	磨损	291	46
mosuo	摸索	427	45
mosuolini	墨索里尼	192	48
mote	模特	284	46
motou	魔头	344	45
motuo	摩托	128	49
motuoche	摩托车	422	45
motuohua	摩托化	158	49
motuoluola	摩托罗拉	196	48
moubu	某部	194	48
mouchunguang	牟春光	193	48
moudi	某地	146	49
moufan	谋反	293	46
mouge	某个	1346	40
mouhai	谋害	108	50
mouhua	谋划	218	47
mouli	牟利	128	49
moulve	谋略	214	47
moumou	某某	416	45
mouqiu	谋求	496	44
mouqu	谋取	185	48
mouren	某人	416	45
mousha	谋杀	354	45
mousheng	谋生	367	45
moushi	谋士	205	48
mouwei	某位	114	50
mouxie	某些	7518	33
mouzhong	某种	3355	36
mouzi	眸子	123	50
mowang	魔王	278	46
moxi	摩西	100	50
moxige	墨西哥	1301	40
moxigecheng	墨西哥城	176	48
moxigewan	墨西哥湾	167	48
moxing	模型	2890	37
moxu	默许	116	50
moyanlin	莫艳琳	256	47
moyu	墨鱼	296	46
mozhate	莫扎特	102	50
mozhi	磨制	316	46
mozi	墨子	110	50
muai	母爱	120	50
mubalake	穆巴拉克	142	49
muban	木板	653	43
muban	模板	113	50
mubang	木棒	361	45
mubei	墓碑	224	47
muben	母本	403	45
mubiao	目标	11527	31
mubuzhuanjing	目不转睛	240	47
mucai	木材	2435	38
mucaichang	木材厂	135	49
mucao	牧草	210	47
muchang	牧场	448	44
muchuan	木船	152	49
mudan	牡丹	457	44
mudanjiang	牡丹江	109	50
mudao	墓道	412	45
mudengkoudai	目瞪口呆	444	44
mudi	目的	9440	32
mudi	墓地	502	44
mudiao	木雕	461	44
mudidi	目的地	1471	40
mudu	目睹	884	42
muer	木耳	199	48
mufa	木筏	194	48
mufengxian	木凤衔	128	49
mufu	幕府	321	46
mugong	木工	1551	39
mugou	木构	168	48
mugua	木瓜	104	50
muguang	目光	3368	36
mugun	木棍	313	46
muhanmode	穆罕默德	443	44
muhe	木盒	332	46
muhou	幕后	221	47
muji	募集	487	44
muji	母鸡	162	48
mujiang	木匠	415	45
mujiegou	木结构	507	44
muju	模具	149	49
mujuan	募捐	322	46
muke	木刻	149	49
mukuan	募款	262	47
mulan	木兰	176	48
muliangjun	木梁均	128	49
muliao	幕僚	580	43
muliao	木料	197	48
mulin	睦邻	144	49
mulinyouhao	睦邻友好	102	50
muliubiao	牧刘表	260	47
mulu	目录	2256	38
mumin	牧民	338	46
muming	慕名	351	45
munaiyi	木乃伊	157	49
munianci	穆念慈	339	46
munihei	慕尼黑	485	44
munv	母女	364	45
muou	木偶	157	49
mupai	木牌	374	45
muqian	目前	18396	30
muqin	母亲	8010	33
muqu	牧区	315	46
muran	木然	123	50
muren	牧人	128	49
murenqing	穆人清	160	49
murong	慕容	753	42
murongbo	慕容博	118	50
murongfu	慕容复	685	43
muronggongzi	慕容公子	214	47
murongshi	慕容氏	168	48
muse	暮色	242	47
mushi	墓室	692	43
mushi	牧师	281	46
mushi	目视	195	48
mushu	木薯	132	49
musilin	穆斯林	1280	40
musong	目送	174	48
mutan	木炭	168	48
mutangchun	木糖醇	107	50
muti	母体	273	46
mutou	木头	748	42
muwanqing	木婉清	643	43
muwu	木屋	198	48
muxi	母系	161	49
muxia	目下	130	49
muxiang	木箱	154	49
muxing	木星	229	47
muxue	墓穴	277	46
muyang	模样	2155	38
muyang	牧羊	123	50
muye	牧业	489	44
muye	木业	260	47
muyu	沐浴	316	46
muyu	木鱼	109	50
muzang	墓葬	665	43
muzhi	拇指	439	45
muzhi	木质	381	45
muzhi	木制	230	47
muzhibu	木质部	105	50
muzhu	木柱	221	47
muzhuang	木桩	124	50
muzhuolun	木卓伦	157	49
muzi	母子	539	44
naban	那般	203	48
nabian	那边	1871	39
nabulesi	那不勒斯	154	49
nachang	那场	364	45
nachu	拿出	1935	39
naci	那次	644	43
nacui	纳粹	505	44
nacuidang	纳粹党	126	49
nada	那大	395	45
nadao	拿到	1464	40
naduan	那段	382	45
naer	哪儿	2244	38
naer	那儿	1947	39
nafu	那幅	125	50
nage	那个	14550	30
nage	哪个	1874	39
nagen	那根	213	47
nahan	呐喊	697	43
nahuier	那会儿	225	47
naifen	奶粉	446	44
naihan	耐寒	162	48
naihe	奈何	618	43
naili	耐力	126	49
naima	奶妈	117	50
naimo	耐磨	134	49
nainai	奶奶	3018	37
nairenxunwei	耐人寻味	124	50
naishi	乃是	1792	39
naixin	耐心	823	42
naiyong	耐用	148	49
naiyou	奶油	147	49
naizhi	乃至	1309	40
naizi	奶子	164	48
najia	哪家	108	50
najian	纳谏	184	48
nalai	拿来	792	42
nali	那里	13132	31
nali	哪里	7571	33
nama	那马	230	47
name	那么	18923	29
namen	纳闷	436	45
nami	纳米	231	47
namibiya	纳米比亚	134	49
namo	那末	1100	41
nanan	南岸	979	41
nanan	南安	145	49
nanao	难熬	162	48
nanbanqiu	南半球	142	49
nanbao	难保	348	45
nanbao	南堡	145	49
nanbei	南北	5877	34
nanbeichao	南北朝	908	42
nanbeixiang	南北向	106	50
nanbian	南边	305	46
nanbu	南部	5612	34
nance	南侧	729	42
nance	难测	107	50
nanchang	南昌	829	42
nanchangqiyi	南昌起义	303	46
nanchangshi	南昌市	107	50
nanchao	南朝	942	41
nanchaoxian	南朝鲜	190	48
nancheng	南城	193	48
nanchizi	南池子	132	49
nanchu	难处	110	50
nandan	男单	120	50
nandang	难当	354	45
nandao	难道	6207	34
nandao	南岛	143	49
nande	难得	1653	39
nandian	难点	303	46
nandu	难度	1515	40
nanduan	南端	960	41
nanduan	南段	132	49
naner	男儿	216	47
nanfang	南方	3736	36
nanfang	男方	181	48
nanfangju	南方局	114	50
nanfei	南非	1715	39
nanfeng	南风	164	48
nangang	南港	273	46
nangkuo	囊括	153	49
nangong	南宫	116	50
nangua	南瓜	197	48
nanguai	难怪	728	42
nanguan	难关	269	46
nanguan	南关	137	49
nanguo	难过	691	43
nanguo	南国	131	49
nangzhong	囊中	196	48
nanhai	南海	2087	38
nanhai	男孩	956	41
nanhaijiandui	南海舰队	100	50
nanhaizi	男孩子	229	47
nanhang	南航	399	45
nanhetou	南河头	256	47
nanhezhou	南河洲	256	47
nanhu	南湖	1652	39
nanhuanlu	南环路	1024	41
nanian	那年	657	43
nanie	拿捏	147	49
nanji	南极	770	42
nanjiang	南疆	212	47
nanjiao	南郊	267	46
nanjie	难解	108	50
nanjing	南京	7228	33
nanjingcheng	南京城	356	45
nanjingdaxue	南京大学	112	50
nanjingshi	南京市	2046	38
nanjizhou	南极洲	162	48
nankai	南开	155	49
nankaidaxue	南开大学	217	47
nankan	难看	381	45
nankan	难堪	380	45
nankou	南口	577	43
nankouzhen	南口镇	258	47
nanlan	男篮	170	48
nanling	南岭	119	50
nanlu	南路	1962	39
nanlu	南麓	242	47
nanmei	南美	432	45
nanmeizhou	南美洲	491	44
nanmen	南门	831	42
nanmian	难免	1188	41
nanmian	南面	792	42
nanmin	难民	740	42
nanmu	楠木	486	44
nannan	喃喃	800	42
nannanziyu	喃喃自语	119	50
nannengkegui	难能可贵	102	50
nanning	南宁	314	46
nannv	男女	446	44
nannvlaoshao	男女老少	130	49
nanou	南欧	116	50
nanpai	男排	131	49
nanpengyou	男朋友	326	46
nanping	南平	380	45
nanren	男人	7291	33
nanren	难忍	303	46
nansha	南沙	132	49
nanshan	南山	310	46
nansheng	男生	433	45
nanshi	男士	237	47
nanshi	难事	124	50
nanshou	难受	827	42
nanshuang	男双	100	50
nanshuibeidiao	南水北调	298	46
nanshuo	难说	177	48
nansilafu	南斯拉夫	670	43
nansong	南宋	1272	40
nantang	南唐	529	44
nantao	难逃	217	47
nanti	难题	1148	41
nanting	难听	137	49
nantong	南通	508	44
nanwang	难忘	415	45
nanwei	南纬	299	46
nanxia	南下	528	44
nanxian	南县	574	43
nanxiang	南湘	358	45
nanxiang	南襄	261	47
nanxiang	南向	191	48
nanxing	男性	2562	37
nanxing	南行	111	50
nanxiren	南希仁	109	50
nanxun	南巡	192	48
nanya	南亚	692	43
nanyan	难言	145	49
nanyang	南阳	1615	39
nanyang	南洋	377	45
nanyangong	南岩宫	512	44
nanyi	难以	5681	34
nanyi	南移	466	44
nanyixiangxiang	难以想象	162	48
nanyizhixin	难以置信	169	48
nanyou	男友	228	47
nanyu	难于	364	45
nanyuan	南缘	153	49
nanyue	南岳	1077	41
nanyue	南越	192	48
nanyuejian	南岳尖	256	47
nanyueshan	南岳山	257	47
nanzhan	南站	113	50
nanzhang	南漳	269	46
nanzhangxian	南漳县	258	47
nanzhao	南诏	112	50
nanzheng	南征	178	48
nanzhenzhong	南振中	258	47
nanzhouzi	南洲子	256	47
nanzhu	楠竹	282	46
nanzi	男子	3274	36
nanzihan	男子汉	403	45
naodai	脑袋	2265	38
naohai	脑海	580	43
naohen	恼恨	141	49
naohuo	恼火	237	47
naojiang	脑浆	120	50
naojin	脑筋	264	47
naoju	闹剧	124	50
naoke	脑壳	194	48
naomen	脑门	242	47
naonu	恼怒	517	44
naoshi	闹事	491	44
naoshi	闹市	121	50
naoshiqu	闹市区	180	48
naoteng	闹腾	167	48
naozhewan	闹着玩	136	49
naozi	脑子	1378	40
napa	哪怕	1038	41
napolun	拿破仑	539	44
napozi	那婆子	104	50
nari	那日	754	42
naru	纳入	1491	40
nashen	纳什	509	44
nashi	那时	4465	35
nashou	拿手	170	48
nashuang	那双	387	45
nashui	纳税	352	45
nashuiren	纳税人	177	48
nasidake	纳斯达克	105	50
nasunfuren	纳孙夫人	256	47
natian	那天	2224	38
natiao	那条	891	42
nawan	那晚	183	48
nawei	那位	1919	39
nawei	哪位	145	49
naxi	纳西	139	49
naxia	拿下	862	42
naxie	那些	16360	30
naxie	哪些	2849	37
naxizu	纳西族	357	45
nayang	那样	8812	33
nazhong	那种	4377	35
nazou	拿走	163	48
neibi	内壁	166	48
neibu	内部	6937	33
neican	内参	241	47
neice	内侧	326	46
neicheng	内城	781	42
neicun	内存	884	42
neidi	内地	2181	38
neifenmi	内分泌	529	44
neige	内阁	2739	37
neigezhi	内阁制	107	50
neigong	内功	1167	41
neihan	内涵	1100	41
neihan	内含	189	48
neihang	内行	115	50
neihe	内河	1265	40
neihe	内核	178	48
neihong	内讧	810	42
neijiu	内疚	194	48
neike	内科	205	48
neiku	内裤	108	50
neili	内力	1557	39
neili	内里	237	47
neilu	内陆	1116	41
neiluan	内乱	423	45
neimeng	内蒙	128	49
neimenggu	内蒙古	1425	40
neimo	内膜	243	47
neimu	内幕	139	49
neiqing	内情	108	50
neiranji	内燃机	178	48
neirong	内容	15468	30
neishang	内伤	165	48
neishe	内设	347	45
neisheng	内生	127	49
neishi	内侍	243	47
neishi	内室	121	50
neiwai	内外	1811	39
neiwu	内务	314	46
neixian	内线	181	48
neixiang	内向	190	48
neixin	内心	2081	38
neixu	内需	167	48
neiyi	内衣	140	49
neiyin	内因	110	50
neiying	内应	145	49
neizai	内在	724	43
neizang	内脏	437	45
neizhan	内战	1811	39
neizheng	内政	633	43
neizhi	内置	119	50
nengbi	能比	180	48
nengdai	能带	152	49
nengdong	能动	124	50
nengdongxing	能动性	119	50
nengfou	能否	1845	39
nenggongqiaojiang	能工巧匠	168	48
nenggou	能够	14382	31
nenghao	能耗	142	49
nengji	能级	213	47
nengjiandu	能见度	180	48
nengjingong	能进宫	129	49
nengli	能力	18874	29
nengliang	能量	2692	37
nengnai	能耐	275	46
nengren	能人	110	50
nengshou	能手	178	48
nengyuan	能源	2232	38
nenjiang	嫩江	126	49
nianbao	年报	172	48
nianbiao	年表	156	49
nianchan	年产	884	42
nianchanliang	年产量	244	47
nianchou	粘稠	104	50
nianchu	年初	1715	39
niandai	年代	14659	30
niandaixue	年代学	102	50
niandao	念道	264	47
niandao	念叨	143	49
niandi	年底	4750	35
niandu	年度	3312	36
nianfen	年份	1122	41
nianfo	念佛	150	49
niangcheng	酿成	498	44
nianger	娘儿	199	48
niangjia	娘家	505	44
niangjiu	酿酒	422	45
niangjiu	娘舅	137	49
niangniang	娘娘	972	41
niangzao	酿造	150	49
niangzi	娘子	1126	41
nianhao	年号	184	48
nianhou	年后	317	46
nianhua	年画	177	48
nianhua	年华	142	49
nianji	年纪	3320	36
nianji	年级	657	43
nianji	念及	143	49
nianjian	年间	4552	35
nianjian	年鉴	115	50
nianjie	年节	110	50
nianjing	念经	193	48
nianjiu	拈阄	581	43
nianjun	年均	3972	36
nianjun	捻军	100	50
nianlao	年老	296	46
nianling	年龄	3808	36
nianlingduan	年龄段	119	50
nianmai	年迈	118	50
nianman	年满	349	45
nianmo	年末	696	43
nianmo	黏膜	143	49
niannei	年内	395	45
niannianbuwang	念念不忘	213	47
nianqian	年前	460	44
nianqing	年轻	4919	35
nianqing	年青	115	50
nianqinglizhuang	年轻力壮	180	48
nianqingren	年轻人	1923	39
nianshao	年少	140	49
nianshiyigao	年事已高	184	48
nianshouru	年收入	202	48
nianshu	念书	245	47
niansui	年岁	156	49
niantou	念头	1329	40
niantou	年头	527	44
niantu	粘土	377	45
nianxian	年限	314	46
nianxin	年薪	538	44
nianye	粘液	218	47
nianye	黏液	104	50
nianyou	年幼	326	46
nianyu	鲇鱼	297	46
nianzhang	年长	214	47
nianzhong	年终	137	49
nianzhu	念珠	204	48
nianzi	碾子	282	46
niao	尼奥	158	49
niaodao	尿道	234	47
niaoer	鸟儿	282	46
niaokan	鸟瞰	704	43
niaolei	鸟类	873	42
niaoniao	袅袅	110	50
niaoshou	鸟兽	112	50
niaosu	尿素	116	50
niaoye	尿液	130	49
niba	泥巴	105	50
nibuchu	尼布楚	114	50
nicha	逆差	128	49
niding	拟定	826	42
niding	拟订	172	48
niefengzhi	聂凤智	257	47
niehaisheng	聂海胜	266	47
nierongzhen	聂荣臻	145	49
nieru	嗫嚅	161	49
niezao	捏造	167	48
nigeluo	尼格罗	154	49
nigu	尼姑	617	43
nigula	尼古拉	108	50
nihao	你好	725	42
nihuiyan	泥灰岩	275	46
nijia	你家	714	43
nijialagua	尼加拉瓜	142	49
nijiang	泥浆	143	49
nijiata	倪家塔	256	47
nijing	逆境	109	50
nikesong	尼克松	127	49
nilao	你老	321	46
niliu	逆流	183	48
nilong	尼龙	109	50
niluohe	尼罗河	403	45
nimen	你们	21386	29
nimoxing	尼摩星	435	45
ningbo	宁波	538	44
ningchen	佞臣	114	50
ninggu	凝固	395	45
ninghai	宁海	194	48
ningjiao	凝胶	114	50
ningjie	凝结	336	46
ningjing	宁静	652	43
ningju	凝聚	705	43
ningjuli	凝聚力	266	47
ningke	宁可	847	42
ningken	宁肯	122	50
ningmeng	柠檬	145	49
ningmengsuan	柠檬酸	119	50
ningshen	凝神	592	43
ningshi	凝视	681	43
ningsi	凝思	134	49
ningsi	宁死	110	50
ningwang	凝望	217	47
ningweiyusui	宁为玉碎	150	49
ningxia	宁夏	889	42
ningxiao	狞笑	102	50
ningyuan	宁愿	549	44
ningyuan	宁远	451	44
ningzhong	凝重	240	47
ninhao	您好	112	50
nining	泥泞	182	48
ninlao	您老	142	49
nipoer	尼泊尔	365	45
niqiu	泥鳅	354	45
nirier	尼日尔	248	47
nirierhe	尼日尔河	105	50
niriliya	尼日利亚	435	45
nirong	呢绒	120	50
nisha	泥沙	658	43
nishiliu	泥石流	173	48
nishui	泥水	101	50
nisi	尼斯	165	48
nisiwohuo	你死我活	201	48
nisu	泥塑	135	49
nitan	泥炭	170	48
nitu	泥土	587	43
niuaiguo	牛爱国	507	44
niuaixiang	牛爱香	129	49
niubizi	牛鼻子	124	50
niuche	牛车	399	45
niudai	纽带	233	47
niudong	扭动	127	49
niudun	牛顿	600	43
niuer	妞儿	145	49
niujiao	牛角	102	50
niujin	牛筋	300	46
niujin	牛津	162	48
niujindaxue	牛津大学	185	48
niujinxing	牛金星	841	42
niukou	纽扣	119	50
niulunbao	纽伦堡	128	49
niuma	牛马	302	46
niunai	牛奶	801	42
niupi	牛皮	256	47
niuqu	扭曲	420	45
niurou	牛肉	1183	41
niushi	牛市	248	47
niutou	扭头	296	46
niutoushan	牛头山	278	46
niuyue	纽约	1758	39
niuzhuan	扭转	646	43
nixing	逆行	104	50
niya	尼亚	176	48
niyuefeng	倪岳峰	256	47
nizei	逆贼	178	48
nizhuan	逆转	289	46
nongbao	脓包	133	49
nongchan	农产	120	50
nongchang	农场	628	43
nongchangzhu	农场主	258	47
nongchanpin	农产品	1572	39
nongcun	农村	11478	31
nongcuo	弄错	118	50
nongdu	浓度	1043	41
nongfu	农夫	313	46
nongfuchanpin	农副产品	237	47
nonggeng	农耕	205	48
nonggong	农工	151	49
nonghang	农行	364	45
nonghou	浓厚	1369	40
nonghu	农户	402	45
nongji	农机	193	48
nongjia	农家	471	44
nongjiale	农家乐	277	46
nongju	农具	239	47
nongli	农历	677	43
nonglie	浓烈	247	47
nonglin	农林	163	48
nongmi	浓密	161	49
nongmin	农民	11866	31
nongmingong	农民工	247	47
nongminqiyi	农民起义	291	46
nongminzhanzheng	农民战争	130	49
nongmu	农牧	208	47
nongmuye	农牧业	315	46
nongnongde	浓浓的	119	50
nongnu	农奴	609	43
nongnuzhi	农奴制	161	49
nongqing	弄清	362	45
nongshe	农舍	102	50
nongshi	农事	123	50
nongsuo	浓缩	692	43
nongtian	农田	618	43
nongtianshuili	农田水利	352	45
nongwu	浓雾	125	50
nongxue	农学	147	49
nongxueyuan	农学院	101	50
nongxuzuojia	弄虚作假	112	50
nongyan	浓烟	216	47
nongyao	农药	467	44
nongye	农业	16233	30
nongyebu	农业部	968	41
nongyequ	农业区	371	45
nongyong	农用	373	45
nongyu	浓郁	1227	40
nongzhong	浓重	259	47
nongzhong	脓肿	125	50
nongzhuang	农庄	111	50
nongzuo	农作	132	49
nongzuowu	农作物	1465	40
nuange	暖阁	197	48
nuanhuo	暖和	307	46
nuanliu	暖流	311	46
nuannuande	暖暖的	206	48
nuanqi	暖气	127	49
nubi	奴婢	923	42
nubukee	怒不可遏	245	47
nucai	奴才	1721	39
nuchao	怒潮	161	49
nuchi	怒斥	100	50
nuer	努尔	155	49
nuerha	努尔哈	354	45
nuhe	怒喝	130	49
nuhou	怒吼	228	47
nuhuo	怒火	657	43
nujia	奴家	232	47
nujiang	怒江	152	49
nuli	努力	7757	33
nuli	奴隶	4041	36
nulishehui	奴隶社会	127	49
nulizhi	奴隶制	485	44
nulizhidu	奴隶制度	100	50
nulizhu	奴隶主	361	45
numa	怒骂	138	49
numu	怒目	130	49
nuobeier	诺贝尔	205	48
nuobeierjiang	诺贝尔奖	138	49
nuodong	挪动	146	49
nuojiya	诺基亚	310	46
nuomandi	诺曼底	103	50
nuomi	糯米	695	43
nuomifan	糯米饭	535	44
nuomifen	糯米粉	271	46
nuoruo	懦弱	168	48
nuowei	挪威	876	42
nuoyan	诺言	206	48
nuoyi	挪移	153	49
nuoyong	挪用	195	48
nupu	奴仆	321	46
nuqi	怒气	568	43
nuqichongchong	怒气冲冲	106	50
nuse	怒色	112	50
nutao	怒涛	188	48
nuxing	奴性	149	49
nuyi	奴役	795	42
nvbing	女兵	286	46
nvdan	女单	162	48
nvdui	女队	377	45
nvedai	虐待	222	47
nveji	疟疾	172	48
nver	女儿	6700	34
nvfang	女方	215	47
nvgong	女工	411	45
nvhai	女孩	1391	40
nvhaier	女孩儿	351	45
nvhaizi	女孩子	973	41
nvjia	女家	166	48
nvjiang	女将	153	49
nvjuan	女眷	101	50
nvlan	女篮	178	48
nvlang	女郎	776	42
nvliu	女流	105	50
nvpai	女排	236	47
nvpengyou	女朋友	230	47
nvpu	女仆	101	50
nvren	女人	8175	33
nvshen	女神	307	46
nvsheng	女生	711	43
nvshi	女士	1448	40
nvshi	女尸	366	45
nvtong	女童	304	46
nvwang	女王	519	44
nvxing	女性	5214	35
nvxu	女婿	671	43
nvying	女婴	100	50
nvyong	女佣	119	50
nvyou	女友	275	46
nvzhen	女真	451	44
nvzhenren	女真人	114	50
nvzhuren	女主人	110	50
nvzi	女子	5858	34
nvzu	女足	164	48
ouda	殴打	150	49
ouer	偶尔	1361	40
ouge	讴歌	112	50
ougongti	欧共体	275	46
ouhe	耦合	166	48
oujilide	欧几里得	251	47
oula	欧拉	277	46
ouli	欧里	102	50
oumei	欧美	183	48
oumeng	欧盟	1518	40
oupeike	欧佩克	156	49
ouran	偶然	1312	40
ouranxing	偶然性	141	49
outu	呕吐	625	43
ouwen	欧文	105	50
ouxiang	偶像	367	45
ouya	欧亚	284	46
ouyadalu	欧亚大陆	433	45
ouyang	欧阳	257	47
ouyangfeng	欧阳锋	1511	40
ouyangke	欧阳克	437	45
ouyangtian	欧阳天	100	50
ouyangxiang	欧阳祥	256	47
ouyangxiu	欧阳修	162	48
ouyuan	欧元	1237	40
ouzhou	欧洲	9256	32
ouzhouren	欧洲人	611	43
paerma	帕尔马	104	50
paiban	拍板	107	50
paibie	派别	452	44
paibing	派兵	579	43
paichang	排场	148	49
paicheng	排成	285	46
paichi	排斥	642	43
paichu	派出	2022	38
paichu	排除	1313	40
paichu	排出	617	43
paichusuo	派出所	375	45
paida	拍打	251	47
paidui	排队	673	43
paidui	派对	109	50
paifang	牌坊	1091	41
paifang	排放	455	44
paiguan	排灌	290	46
paihang	排行	215	47
paihangbang	排行榜	225	47
paihuai	徘徊	597	43
paiji	排挤	388	45
paijipao	迫击炮	455	44
pailian	排练	272	46
pailie	排列	2737	37
pailou	牌楼	580	43
pailuan	排卵	118	50
paima	拍马	220	47
paimai	拍卖	1067	41
paimapi	拍马屁	252	47
paiming	排名	2256	38
painiao	排尿	154	49
paipai	拍拍	638	43
paiqi	排气	105	50
paiqian	派遣	1657	39
paiqiu	排球	213	47
paishe	拍摄	1316	40
paisheng	派生	199	48
paishou	拍手	451	44
paishui	排水	740	42
paishuiliang	排水量	570	43
paitou	派头	124	50
paiwai	排外	204	48
paiwei	牌位	375	45
paixi	派系	202	48
paixie	排泄	244	47
paixu	排序	229	47
paiyuan	派员	107	50
paizhang	排长	632	43
paizhao	牌照	319	46
paizhao	拍照	246	47
paizhu	派驻	183	48
paizhuozi	拍桌子	105	50
paizi	牌子	734	42
pamier	帕米尔	118	50
panbi	攀比	123	50
panbian	叛变	276	46
panbie	判别	145	49
panbo	盘剥	114	50
pancha	盘查	107	50
panchan	盘缠	191	48
panchu	判处	889	42
pandeng	攀登	187	48
panding	判定	383	45
panduan	判断	4324	35
panduanli	判断力	103	50
panfa	判罚	138	49
pangbian	旁边	3728	36
pangda	庞大	1582	39
pangde	庞德	130	49
pangdegong	庞德公	259	47
pangguan	旁观	327	46
pangguang	膀胱	316	46
pangguanzhe	旁观者	100	50
panghuang	彷徨	147	49
panglina	庞丽娜	250	47
pangmen	旁门	178	48
pangrandawu	庞然大物	134	49
pangren	旁人	1731	39
pangting	旁听	399	45
pangu	盘古	135	49
panguan	判官	427	45
pangxie	螃蟹	185	48
pangzhepu	旁遮普	121	50
pangzi	胖子	5038	35
panhuan	盘桓	137	49
panjiayuan	潘家园	102	50
panjinlian	潘金莲	123	50
panju	盘踞	187	48
panjue	判决	1181	41
panjun	叛军	264	47
panlong	蟠龙	408	45
panlong	盘龙	153	49
panluan	叛乱	1028	41
panmian	盘面	126	49
panni	叛逆	230	47
panshan	蹒跚	124	50
pansheng	攀升	476	44
pansuan	盘算	471	44
pantu	叛徒	466	44
panwang	盼望	698	43
panwen	盘问	198	48
panxi	盘膝	181	48
panxing	判刑	265	47
panxuan	盘旋	501	44
panyuan	攀援	137	49
panyueming	潘粤明	256	47
panzhong	盘中	279	46
panzi	盘子	427	45
paobing	炮兵	798	42
paobu	跑步	164	48
paodan	炮弹	1909	39
paodao	跑道	357	45
paohong	炮轰	305	46
paohuo	炮火	464	44
paoji	炮击	362	45
paokai	抛开	165	48
paokou	炮口	108	50
paomo	泡沫	616	43
paoqi	抛弃	684	43
paosheng	炮声	794	42
paoshou	炮手	116	50
paoshou	抛售	105	50
paota	炮塔	738	42
paotai	炮台	330	46
paoxiang	炮响	157	49
paoxiao	咆哮	229	47
paozhen	疱疹	101	50
paozhi	抛掷	179	48
paozhi	炮制	126	49
paozi	袍子	202	48
papodu	爬坡度	105	50
paren	怕人	219	47
pashan	爬山	117	50
pasi	怕死	171	48
paxing	爬行	304	46
paxingdongwu	爬行动物	111	50
pazai	趴在	484	44
peiban	陪伴	425	45
peibei	配备	1119	41
peiceng	胚层	129	49
peichang	赔偿	1072	41
peidai	佩戴	217	47
peidao	佩刀	111	50
peidian	配殿	293	46
peidian	配电	106	50
peidui	配对	112	50
peie	配额	142	49
peifa	配发	109	50
peifang	配方	208	47
peifu	佩服	1245	40
peigaocai	裴高才	256	47
peigen	培根	131	49
peihe	配合	4307	35
peiji	配给	112	50
peijia	陪嫁	141	49
peijian	配件	778	42
peijian	佩剑	113	50
peijue	配角	103	50
peikuan	赔款	339	46
peilv	赔率	184	48
peiou	配偶	381	45
peiru	胚乳	133	49
peise	配色	278	46
peishen	陪审	164	48
peishenyuan	陪审员	288	46
peitai	胚胎	504	44
peitao	配套	1939	39
peitong	陪同	547	44
peiwei	配位	237	47
peixun	培训	4676	35
peixunban	培训班	590	43
peiyang	培养	5850	34
peiyong	配用	135	49
peiyou	配有	314	46
peiyu	培育	1177	41
peizang	陪葬	148	49
peizhi	配置	1590	39
peizhi	配制	278	46
peizhi	培植	200	48
peizhu	胚珠	202	48
peizi	配子	200	48
peizui	赔罪	119	50
penchu	喷出	561	44
pendi	盆地	2664	37
penfa	喷发	379	45
pengbo	蓬勃	523	44
pengda	膨大	112	50
pengdao	碰到	1547	39
pengdehuai	彭德怀	471	44
penghongyan	彭红艳	256	47
penghu	澎湖	117	50
penghuanwu	彭桓武	258	47
pengji	抨击	463	44
pengjian	碰见	310	46
pengkeyu	彭克玉	258	47
penglai	蓬莱	146	49
pengli	棚里	290	46
penglianhu	彭连虎	222	47
pengpai	澎湃	117	50
pengpeng	怦怦	416	45
pengqiao	碰巧	127	49
pengqinghua	彭清华	256	47
pengren	烹饪	464	44
pengshang	碰上	785	42
pengsong	蓬松	142	49
pengtiao	烹调	514	44
pengyingyu	彭莹玉	114	50
pengyou	朋友	9200	32
pengzhang	膨胀	1353	40
pengzhanglao	彭长老	144	49
pengzhen	彭真	268	46
pengzhi	烹制	571	43
pengzhuang	碰撞	634	43
pengzi	棚子	104	50
penhuo	喷火	131	49
penjing	盆景	144	49
penqi	喷气	250	47
penqishi	喷气式	182	48
penquan	喷泉	190	48
penshe	喷射	219	47
penshui	喷水	105	50
penti	喷嚏	153	49
penzi	盆子	119	50
pianai	偏爱	185	48
piancha	偏差	368	45
pianduan	片断	195	48
pianduan	片段	108	50
pianfu	篇幅	277	46
pianhao	偏好	120	50
pianji	偏激	107	50
pianjian	偏见	357	45
pianjiang	偏将	208	47
pianju	骗局	122	50
pianke	片刻	2801	37
piankejian	片刻间	298	46
pianli	偏离	487	44
pianmian	片面	510	44
pianming	片名	217	47
piannan	偏南	317	46
pianpi	偏僻	312	46
pianpian	偏偏	1284	40
pianpian	篇篇	137	49
pianqu	骗取	130	49
pianren	骗人	353	45
piantan	偏袒	121	50
pianxi	偏西	109	50
pianxiang	偏向	379	45
pianyao	偏要	279	46
pianyi	便宜	2013	38
pianyuan	偏远	193	48
pianzhang	篇章	267	46
pianzhang	片长	137	49
pianzhen	偏振	115	50
pianzhong	偏重	533	44
pianzhong	片中	104	50
pianzhuan	偏转	103	50
pianzhuang	片状	158	49
pianzi	骗子	321	46
pianzi	片子	186	48
piaobo	漂泊	136	49
piaodang	飘荡	194	48
piaodong	飘动	146	49
piaofang	票房	106	50
piaofu	漂浮	307	46
piaofu	飘浮	111	50
piaohu	飘忽	137	49
piaojia	票价	590	43
piaoju	票据	321	46
piaoliang	漂亮	1921	39
piaoliu	漂流	231	47
piaoluo	飘落	109	50
piaomiao	缥缈	167	48
piaopiao	飘飘	179	48
piaoran	飘然	152	49
piaoyang	飘扬	164	48
piaoyi	漂移	180	48
piaoyi	飘逸	167	48
piaozi	票子	160	49
pibao	皮包	143	49
pibei	疲惫	478	44
pibeibukan	疲惫不堪	105	50
pibo	批驳	143	49
piceng	皮层	232	47
pici	批次	543	44
pidai	皮带	189	48
pidi	匹敌	134	49
piejian	瞥见	164	48
piekai	撇开	409	45
piexia	撇下	181	48
piezui	撇嘴	126	49
pifa	批发	397	45
pifa	疲乏	184	48
pifeng	披风	104	50
pifu	皮肤	2763	37
pifu	批复	474	44
pifubing	皮肤病	125	50
pige	皮革	495	44
pigu	屁股	1204	40
pigua	披挂	232	47
pijia	披甲	307	46
pijing	僻静	142	49
pijiu	啤酒	673	43
pijuan	疲倦	387	45
pikairouzhan	皮开肉绽	174	48
pilao	疲劳	1148	41
pilei	疲累	111	50
pili	霹雳	320	46
piliang	批量	579	43
pilin	毗邻	362	45
pilinpikong	批林批孔	107	50
pilu	披露	1613	39
pimao	皮毛	317	46
pimei	媲美	228	47
pinang	皮囊	111	50
pinbo	拼搏	294	46
pincha	品茶	103	50
pinchang	品尝	321	46
pincou	拼凑	154	49
pindao	频道	1024	41
pindao	贫道	305	46
pinde	品德	2399	38
pinduan	频段	102	50
pinfa	贫乏	234	47
pinfan	频繁	1945	39
pinfei	嫔妃	523	44
pinfu	贫富	545	44
pingan	平安	1438	40
pinganwushi	平安无事	135	49
pingban	平板	407	45
pingbi	屏蔽	191	48
pingbi	评比	154	49
pingce	评测	107	50
pingchang	平常	1337	40
pingdan	平淡	230	47
pingdeng	平等	4885	35
pingdenghuli	平等互利	104	50
pingdi	平地	574	43
pingdi	平底	299	46
pingding	平定	756	42
pingding	评定	345	45
pinge	品格	292	46
pinger	平儿	569	43
pingfan	平反	445	44
pingfan	平凡	375	45
pingfang	平方	269	46
pingfang	平房	198	48
pingfanggongli	平方公里	3503	36
pingfanglimi	平方厘米	333	46
pingfangmi	平方米	1982	38
pingfangqianmi	平方千米	7232	33
pingfen	评分	155	49
pingfen	平分	119	50
pingfeng	屏风	395	45
pinggu	评估	1419	40
pingguo	苹果	1334	40
pinghe	平和	495	44
pingheng	平衡	3970	36
pinghua	平滑	139	49
pinghuaji	平滑肌	131	49
pinghuan	平缓	326	46
pingji	评级	273	46
pingjia	评价	3476	36
pingjia	平价	190	48
pingjiang	平江	189	48
pingjiang	评奖	179	48
pingjie	凭借	1551	39
pingjiezhe	凭借着	120	50
pingjin	平津	581	43
pingjing	平静	1946	39
pingjing	瓶颈	381	45
pingju	平局	184	48
pingjun	平均	9932	32
pingjunhua	平均化	103	50
pingjunlirun	平均利润	110	50
pingjunshu	平均数	109	50
pingjunzhi	平均值	165	48
pingjunzhuyi	平均主义	128	49
pingkong	凭空	170	48
pinglun	评论	2189	38
pinglunjia	评论家	250	47
pingmi	平米	451	44
pingmian	平面	2057	38
pingmin	平民	8135	33
pingminbaixing	平民百姓	347	45
pingminzhuyi	平民主义	148	49
pingmu	屏幕	587	43
pingpan	评判	293	46
pingpang	乒乓	106	50
pingpangqiu	乒乓球	336	46
pingping	平平	363	45
pingqipingzuo	平起平坐	322	46
pingrang	平壤	335	46
pingri	平日	1952	39
pingshanxian	平山县	104	50
pingshen	评审	597	43
pingsheng	平生	656	43
pingshi	平时	3547	36
pingshou	平手	167	48
pingshu	评述	164	48
pingshuo	评说	201	48
pingsu	平素	299	46
pingtai	平台	3601	36
pingtan	平坦	653	43
pingtian	平添	126	49
pingwei	评为	2005	38
pingwei	评委	175	48
pingwen	平稳	839	42
pingxi	平息	493	44
pingxi	平西	142	49
pingxing	平行	985	41
pingxiwang	平西王	184	48
pingxuan	评选	858	42
pingyang	平阳	167	48
pingyao	平遥	239	47
pingyi	评议	268	46
pingyong	平庸	251	47
pingyu	评语	141	49
pingyuan	平原	7457	33
pingyuanqu	平原区	108	50
pingzhang	屏障	428	45
pingzhe	凭着	223	47
pingzheng	平整	345	45
pingzheng	凭证	318	46
pingzhi	平直	165	48
pingzi	瓶子	309	46
pinhan	贫寒	419	45
pinji	品级	558	44
pinji	贫瘠	133	49
pinku	贫苦	769	42
pinkun	贫困	1882	39
pinkunhu	贫困户	115	50
pinkunsheng	贫困生	113	50
pinkunxian	贫困县	134	49
pinlei	品类	182	48
pinli	聘礼	186	48
pinlv	频率	2342	38
pinmin	贫民	580	43
pinming	拼命	1073	41
pinnong	贫农	181	48
pinpai	品牌	3205	37
pinpin	频频	646	43
pinping	品评	117	50
pinqing	聘请	528	44
pinqiong	贫穷	680	43
pinren	聘任	152	49
pinseng	贫僧	229	47
pinsi	拼死	209	47
pinwei	品位	691	43
pinwei	聘为	256	47
pinwei	品味	239	47
pinxiazhongnong	贫下中农	156	49
pinxie	拼写	149	49
pinxing	品行	229	47
pinxing	品性	193	48
pinxue	贫血	451	44
pinyin	拼音	324	46
pinyong	聘用	269	46
pinzhi	品质	1562	39
pinzhong	品种	5542	34
pinzhuang	拼装	155	49
pipa	琵琶	540	44
pipa	枇杷	102	50
pipan	批判	2231	38
pipei	匹配	526	44
piping	批评	2972	37
pipingjia	批评家	134	49
piqi	脾气	1559	39
piqiu	皮球	237	47
pirixiu	皮日休	275	46
pirou	皮肉	321	46
piru	譬如	780	42
piruan	疲软	219	47
pirushuo	譬如说	101	50
pishang	披上	318	46
pishi	批示	316	46
pishuang	砒霜	111	50
pitou	劈头	122	50
piwei	脾胃	241	47
pixia	皮下	202	48
pixie	皮鞋	479	44
pixue	皮靴	111	50
piyan	皮炎	148	49
pizhen	皮疹	111	50
pizhi	皮质	344	45
pizhun	批准	11157	32
pizi	皮子	652	43
pobai	破败	387	45
pobudeyi	迫不得已	188	48
pobujidai	迫不及待	303	46
pochan	破产	994	41
pochu	破除	172	48
podao	朴刀	187	48
podi	坡地	119	50
podu	坡度	353	45
pogan	颇感	138	49
poge	破格	145	49
pohai	迫害	701	43
pohuai	破坏	4991	35
pohuaixing	破坏性	202	48
pohuo	破获	102	50
pojia	婆家	133	49
pojie	破解	334	46
pojin	迫近	160	49
pojiu	破旧	497	44
poju	颇具	255	47
pokoudama	破口大骂	247	47
pola	泼辣	128	49
polan	破烂	299	46
poli	魄力	191	48
poli	破例	157	49
polie	破裂	680	43
poluomen	婆罗门	139	49
pomen	破门	247	47
pomie	破灭	381	45
poniang	婆娘	355	45
popo	婆婆	2295	38
poqie	迫切	756	42
poshi	迫使	1393	40
posui	破碎	402	45
posun	破损	234	47
potudonggong	破土动工	297	46
poufu	剖腹	112	50
poukai	剖开	101	50
poumian	剖面	160	49
pouxi	剖析	245	47
powei	颇为	122	50
poyanghu	鄱阳湖	248	47
poyi	破译	664	43
poyu	迫于	326	46
pozaimeijie	迫在眉睫	188	48
pozhan	破绽	281	46
pozi	婆子	347	45
pubi	扑鼻	190	48
pubian	普遍	5341	35
pubianxing	普遍性	209	47
pubu	瀑布	1236	40
pucha	普查	2163	38
puchi	噗哧	141	49
pudian	铺垫	106	50
pudong	浦东	267	46
puer	普尔	109	50
pufa	普法	387	45
pufu	匍匐	144	49
pufu	仆妇	120	50
pugai	铺盖	143	49
puji	普及	1282	40
pujing	普京	171	48
pulangke	普朗克	144	49
pulushi	普鲁士	460	44
pumian	扑面	129	49
pumianerlai	扑面而来	121	50
pumie	扑灭	325	46
puping	铺平	102	50
puputongtong	普普通通	224	47
puqi	蒲圻	563	44
puren	仆人	904	42
pusa	菩萨	1546	39
pushang	铺上	147	49
pushe	铺设	401	45
pushengsi	普圣寺	256	47
pushi	朴实	534	44
pushouchang	蒲绶昌	130	49
pusu	朴素	445	44
putao	葡萄	811	42
putaojiu	葡萄酒	449	44
putaoqiujun	葡萄球菌	106	50
putaotang	葡萄糖	291	46
putaoya	葡萄牙	892	42
putaoyaren	葡萄牙人	303	46
putaoyuan	葡萄园	187	48
puti	菩提	185	48
putiangaidi	铺天盖地	163	48
putianxia	普天下	151	49
putianzhixia	普天之下	188	48
putong	普通	6768	34
putong	扑通	380	45
putonghua	普通话	310	46
putongren	普通人	360	45
putuan	蒲团	179	48
puxie	谱写	121	50
puxuan	普选	109	50
puyi	溥仪	305	46
puyi	仆役	141	49
puzhu	铺筑	268	46
puzi	铺子	175	48
qiadang	恰当	780	42
qiadaohaochu	恰到好处	197	48
qiahao	恰好	1396	40
qianbainian	千百年	309	46
qianbei	前辈	1900	39
qianbi	钱币	519	44
qianbi	铅笔	327	46
qianbian	前边	635	43
qianbianwanhua	千变万化	120	50
qianbitou	铅笔头	137	49
qianbo	浅薄	159	49
qianbu	千步	2200	38
qianbu	前部	449	44
qianbujiu	前不久	390	45
qiancai	钱财	337	46
qianceng	浅层	306	46
qianchang	前场	203	48
qianchao	前朝	218	47
qianche	牵扯	478	44
qiancheng	虔诚	419	45
qiancheng	前程	295	46
qianchi	千尺	676	43
qianci	前次	141	49
qiandao	前导	326	46
qiandaowangua	千刀万剐	108	50
qiandi	前敌	157	49
qiandian	前殿	371	45
qianding	签订	3272	36
qianding	签定	147	49
qiandong	牵动	248	47
qiandu	迁都	905	42
qianduan	前端	312	46
qianduan	前段	151	49
qiandunji	千吨级	266	47
qiane	前额	161	49
qianfa	签发	192	48
qianfan	遣返	113	50
qianfang	前方	649	43
qianfangbaiji	千方百计	430	45
qianfeng	前锋	790	42
qianfu	潜伏	299	46
qianfu	纤夫	296	46
qiangbao	强暴	222	47
qiangbi	墙壁	975	41
qiangbi	枪毙	147	49
qiangbian	墙边	150	49
qiangda	强大	3837	36
qiangdan	枪弹	335	46
qiangdao	强盗	1015	41
qiangdi	强敌	289	46
qiangdiao	强调	6318	34
qiangdiao	腔调	138	49
qiangdu	强度	1811	39
qiangdu	强渡	124	50
qiangdui	强队	115	50
qiangduo	抢夺	325	46
qiangfa	枪法	200	48
qianggen	墙根	123	50
qianggong	抢攻	151	49
qianggong	强攻	123	50
qiangguan	枪管	188	48
qiangguang	强光	131	49
qiangguo	强国	358	45
qianghan	强悍	358	45
qianghua	强化	1484	40
qiangji	羟基	490	44
qiangjia	强加	206	48
qiangjian	强奸	211	47
qiangjian	强健	133	49
qiangjiao	墙角	378	45
qiangjie	抢劫	488	44
qiangjing	强劲	786	42
qiangjiu	抢救	851	42
qiangkou	枪口	244	47
qiangli	强力	559	44
qianglie	强烈	5076	35
qianglve	抢掠	103	50
qiangong	谦恭	151	49
qiangongqing	千公顷	1026	41
qiangpao	枪炮	204	48
qiangpo	强迫	1066	41
qiangqiu	强求	123	50
qiangquan	强权	112	50
qiangren	强忍	229	47
qiangren	强人	142	49
qiangruo	强弱	326	46
qiangsha	枪杀	292	46
qiangshang	墙上	1562	39
qiangsheng	强盛	832	42
qiangsheng	枪声	454	44
qiangshi	强势	735	42
qiangshou	枪手	162	48
qiangtou	墙头	194	48
qiangtuo	枪托	155	49
qiangu	千古	620	43
qiangua	牵挂	232	47
qiangwei	蔷薇	191	48
qiangxian	抢先	417	45
qiangxian	抢险	233	47
qiangxiang	枪响	228	47
qiangxiang	强项	103	50
qiangxie	枪械	195	48
qiangxing	强行	798	42
qiangxiu	抢修	133	49
qiangying	强硬	284	46
qiangyouli	强有力	426	45
qiangyu	强于	141	49
qiangzhan	强占	416	45
qiangzhan	抢占	254	47
qiangzhe	强者	306	46
qiangzhi	强制	932	41
qiangzhi	枪支	215	47
qiangzhixing	强制性	198	48
qiangzhuang	强壮	263	47
qiangzou	抢走	179	48
qiangzu	羌族	360	45
qianhai	浅海	215	47
qianhe	谦和	101	50
qianhou	前后	2870	37
qianhu	千户	480	44
qianjia	欠佳	114	50
qianjiang	潜江	798	42
qianjiangshi	潜江市	1031	41
qianjiawanhu	千家万户	229	47
qianjin	前进	2957	37
qianjin	千斤	495	44
qianjin	千金	251	47
qianjing	前景	1663	39
qianjiu	迁就	138	49
qianju	迁居	304	46
qianjunwanma	千军万马	172	48
qianjunyifa	千钧一发	120	50
qianka	千卡	291	46
qianke	千克	1678	39
qiankun	乾坤	342	46
qianlai	前来	2917	37
qianli	潜力	1274	40
qianli	千里	742	42
qianlian	牵连	394	45
qianliang	钱粮	155	49
qianlie	前列	1218	40
qianliexian	前列腺	245	47
qianlitiaotiao	千里迢迢	151	49
qianlong	乾隆	2435	38
qianlu	前路	186	48
qianmen	前门	397	45
qianmendajie	前门大街	131	49
qianmi	千米	4992	35
qianmian	前面	5024	35
qianming	签名	585	43
qianmu	千亩	294	46
qianneng	潜能	217	47
qiannian	千年	1040	41
qiannian	前年	434	45
qianpai	前排	110	50
qianpuhouji	前仆后继	184	48
qianqi	前期	1384	40
qianqianhouhou	前前后后	150	49
qianqianwanwan	千千万万	174	48
qianqianyi	钱谦益	1665	39
qianqichen	钱其琛	560	44
qianqin	前秦	237	47
qianqiu	千秋	258	47
qianqu	前去	1502	40
qianque	欠缺	282	46
qianrang	谦让	134	49
qianren	前人	507	44
qianren	前任	279	46
qianri	前日	423	45
qianru	潜入	316	46
qianru	迁入	258	47
qianru	嵌入	180	48
qianrushi	嵌入式	135	49
qianse	浅色	203	48
qianshao	前哨	334	46
qianshe	牵涉	287	46
qianshen	前身	648	43
qianshen	欠身	244	47
qianshi	遣使	453	44
qianshi	前世	120	50
qianshu	签署	2276	38
qianshu	前述	159	49
qianshui	潜水	609	43
qianshui	浅水	442	44
qiansiwanlv	千丝万缕	108	50
qiansong	遣送	138	49
qiansunai	钱孙爱	100	50
qiansuoweiyou	前所未有	691	43
qiantai	前台	210	47
qiantan	浅滩	162	48
qiantang	钱塘	118	50
qiantangjiang	钱塘江	282	46
qianti	前提	3829	36
qiantian	前天	271	46
qianting	潜艇	2884	37
qianting	前厅	183	48
qianting	前庭	112	50
qiantou	前头	315	46
qiantou	牵头	208	47
qiantu	前途	1263	40
qianwa	千瓦	231	47
qianwan	千万	2361	38
qianwang	前往	2528	37
qianwangjing	潜望镜	185	48
qianwei	前卫	172	48
qianwei	前委	118	50
qianwu	千五	123	50
qianxi	前夕	782	42
qianxi	迁徙	446	44
qianxian	前线	1325	40
qianxienian	前些年	139	49
qianxin	潜心	333	46
qianxing	前行	460	44
qianxinwanku	千辛万苦	117	50
qianxiong	前胸	244	47
qianxu	谦虚	290	46
qianxueli	钱学礼	135	49
qianxun	谦逊	249	47
qianyan	前沿	521	44
qianyi	迁移	731	42
qianyi	前移	189	48
qianyi	歉意	180	48
qianyin	牵引	680	43
qianyishi	潜意识	165	48
qianyitian	前一天	617	43
qianyu	千余	177	48
qianyuan	千元	389	45
qianyuan	前缘	178	48
qianyuan	前院	131	49
qianyue	签约	440	44
qianyujian	千余件	134	49
qianyunlu	钱运录	258	47
qianzai	潜在	533	44
qianze	谴责	1222	40
qianzhang	千张	535	44
qianzhe	前者	2105	38
qianzheng	签证	444	44
qianzhenwanque	千真万确	132	49
qianzhi	牵制	523	44
qianzhi	前肢	150	49
qianzhijiang	钱之江	228	47
qianzhu	签注	133	49
qianzi	签字	1237	40
qianzou	前奏	131	49
qiaobangzhu	乔帮主	120	50
qiaobao	侨胞	169	48
qiaoben	桥本	131	49
qiaobi	峭壁	419	45
qiaobuqi	瞧不起	384	45
qiaocui	憔悴	385	45
qiaoda	敲打	197	48
qiaodahang	乔大夯	127	49
qiaodaoqing	乔道清	116	50
qiaodun	桥墩	373	45
qiaogun	撬棍	264	47
qiaohe	巧合	278	46
qiaohong	乔红	261	47
qiaoji	敲击	173	48
qiaojian	瞧见	515	44
qiaojiang	巧匠	162	48
qiaoju	侨居	137	49
qiaojuan	侨眷	308	46
qiaokeli	巧克力	363	45
qiaokouqu	硚口区	256	47
qiaoliang	桥梁	1751	39
qiaomai	荞麦	169	48
qiaomen	敲门	308	46
qiaomen	窍门	240	47
qiaomian	桥面	744	42
qiaomiao	巧妙	932	41
qiaomin	侨民	188	48
qiaomu	乔木	469	44
qiaonasen	乔纳森	118	50
qiaopai	桥牌	105	50
qiaoqiao	瞧瞧	2034	38
qiaoqiao	悄悄	1527	40
qiaoqiaode	悄悄的	226	47
qiaoqiaodi	悄悄地	577	43
qiaoran	悄然	334	46
qiaoshen	桥身	234	47
qiaosheng	悄声	334	46
qiaoshi	乔石	182	48
qiaoshou	翘首	181	48
qiaotou	桥头	156	49
qiaotoubao	桥头堡	1022	41
qiaowushengxi	悄无声息	126	49
qiaoxia	桥下	332	46
qiaoxiang	敲响	194	48
qiaoxiaoyang	乔晓阳	514	44
qiaoyu	巧遇	325	46
qiaozhi	乔治	283	46
qiaqia	恰恰	1023	41
qiaqiao	恰巧	195	48
qiaqiaxiangfan	恰恰相反	249	47
qiaru	恰如	126	49
qiasi	恰似	162	48
qiatan	洽谈	167	48
qiba	七八	238	47
qibage	七八个	258	47
qibei	齐备	173	48
qibing	骑兵	2735	37
qibing	起兵	670	43
qibing	起病	137	49
qibing	奇兵	123	50
qibu	起步	501	44
qibuchengsheng	泣不成声	108	50
qicai	器材	702	43
qicai	奇才	289	46
qicaichang	器材厂	267	46
qican	凄惨	161	49
qicao	起草	733	42
qichangfa	戚长发	111	50
qiche	汽车	10193	32
qiche	骑车	172	48
qicheng	启程	279	46
qicheng	起程	152	49
qicheng	七成	130	49
qichezhan	汽车站	107	50
qichidaru	奇耻大辱	116	50
qichu	起初	838	42
qichu	凄楚	103	50
qichuan	气喘	143	49
qichuang	起床	530	44
qichuanxuxu	气喘吁吁	237	47
qichun	蕲春	286	46
qichunxian	蕲春县	262	47
qici	其次	2777	37
qidai	期待	1218	40
qidan	契丹	1205	40
qidanei	齐达内	273	46
qidao	起到	1406	40
qidao	祈祷	428	45
qide	启德	272	46
qidi	启迪	141	49
qidian	起点	1199	40
qidian	七点	103	50
qidong	启动	1810	39
qidong	气动	187	48
qidong	起动	106	50
qidu	气度	184	48
qiduan	气短	107	50
qie	企鹅	154	49
qiebushuo	且不说	173	48
qiechu	切除	450	44
qiecuo	切磋	135	49
qieduan	切断	464	44
qieerxi	切尔西	153	49
qiege	切割	492	44
qieguodadao	窃国大盗	131	49
qiehe	切合	201	48
qieji	切忌	153	49
qieji	切记	129	49
qiekai	切开	144	49
qiekou	切口	103	50
qiekuai	切块	267	46
qieman	且慢	332	46
qienuo	怯懦	124	50
qiepian	切片	136	49
qiequ	窃取	112	50
qier	其二	362	45
qier	妻儿	140	49
qieru	切入	141	49
qieshen	切身	134	49
qieshi	切实	1260	40
qieshikexing	切实可行	108	50
qieshuo	且说	647	43
qieting	窃听	154	49
qiewu	切勿	165	48
qiexiao	切削	185	48
qieyi	惬意	298	46
qiezi	茄子	122	50
qifa	启发	745	42
qifa	齐发	103	50
qifang	齐放	162	48
qifei	起飞	1024	41
qifei	岂非	289	46
qifen	气氛	2619	37
qifen	气愤	649	43
qifen	七分	162	48
qifeng	奇峰	111	50
qifu	起伏	1120	41
qifu	欺负	577	43
qifu	其父	479	44
qifu	祈福	118	50
qigai	气概	562	44
qigai	乞丐	470	44
qigan	旗杆	339	46
qigan	岂敢	179	48
qige	七个	780	42
qigong	气功	184	48
qigong	奇功	144	49
qiguai	奇怪	3898	36
qiguan	器官	1868	39
qiguan	奇观	273	46
qiguan	气管	233	47
qiguo	齐国	312	46
qihao	旗号	376	45
qihe	契合	105	50
qihei	漆黑	617	43
qihong	起哄	193	48
qihou	气候	6832	34
qihou	其后	776	42
qihua	气化	154	49
qihuaiyuan	齐怀远	143	49
qihuamen	齐化门	139	49
qihuan	奇幻	113	50
qihuhu	气呼呼	102	50
qihuo	期货	421	45
qihuo	起火	396	45
qiji	奇迹	983	41
qiji	契机	297	46
qiji	齐集	110	50
qijia	起家	143	49
qijian	期间	14656	30
qijian	其间	1784	39
qijian	器件	416	45
qijian	旗舰	217	47
qijiang	起降	324	46
qijibaihuai	气急败坏	191	48
qijie	七届	294	46
qijie	气节	264	47
qijiguang	戚继光	471	44
qijin	迄今	671	43
qijin	起劲	140	49
qijing	奇景	103	50
qijinweizhi	迄今为止	311	46
qiju	器具	304	46
qiju	起居	238	47
qiju	棋局	159	49
qijue	气绝	113	50
qijuzhu	漆巨柱	128	49
qikan	期刊	331	46
qike	岂可	244	47
qiken	岂肯	132	49
qikong	气孔	209	47
qilai	起来	39788	26
qilao	耆老	134	49
qili	气力	302	46
qili	绮丽	182	48
qili	凄厉	151	49
qiliang	凄凉	413	45
qilianshan	祁连山	191	48
qiligou	七里沟	238	47
qilin	麒麟	128	49
qiling	欺凌	281	46
qilingbaluo	七零八落	205	48
qiliu	气流	621	43
qilunji	汽轮机	140	49
qiluo	起落	185	48
qiluojia	起落架	138	49
qima	骑马	1183	41
qima	起码	607	43
qiman	期满	276	46
qimen	气闷	123	50
qimen	奇门	102	50
qimeng	启蒙	352	45
qimengyundong	启蒙运动	122	50
qimi	七米	131	49
qimiao	奇妙	364	45
qimin	器皿	255	47
qiming	齐名	474	44
qiming	七名	120	50
qiming	齐鸣	119	50
qimo	期末	179	48
qinai	亲爱	443	44
qinan	秦安	328	46
qinang	气囊	341	46
qinao	气恼	287	46
qinbi	亲笔	252	47
qinbing	亲兵	1877	39
qinchai	钦差	548	44
qinchaidachen	钦差大臣	156	49
qinchao	秦朝	100	50
qindai	秦代	172	48
qinding	钦定	210	47
qinei	其内	336	46
qinei	期内	161	49
qinei	气馁	142	49
qineng	岂能	896	42
qinfan	侵犯	1279	40
qinfen	勤奋	377	45
qingai	情爱	141	49
qingan	请安	615	43
qingbai	清白	264	47
qingbao	情报	1890	39
qingbaoju	情报局	101	50
qingbian	轻便	166	48
qingbing	清兵	1376	40
qingbo	轻薄	218	47
qingbuzijin	情不自禁	336	46
qingcai	青菜	164	48
qingcang	青藏	220	47
qingcangtielu	青藏铁路	111	50
qingcao	情操	314	46
qingcao	青草	296	46
qingcha	清查	248	47
qingchang	清偿	150	49
qingchao	清朝	1896	39
qingche	清澈	568	43
qingchen	清晨	1008	41
qingcheng	青城	507	44
qingchengshan	青城山	105	50
qingchu	清楚	8451	33
qingchu	清除	866	42
qingchu	清初	436	45
qingchun	青春	1089	41
qingchunqi	青春期	231	47
qingci	青瓷	143	49
qingcong	青葱	284	46
qingcui	清脆	405	45
qingdai	清代	3969	36
qingdan	清单	321	46
qingdan	氢弹	170	48
qingdan	清淡	169	48
qingdao	青岛	2190	38
qingdao	倾倒	198	48
qingdaodui	青岛队	132	49
qingdaoshi	青岛市	113	50
qingdi	轻敌	194	48
qingdian	庆典	2000	38
qingdian	清点	132	49
qingdiao	情调	332	46
qingdixun	清帝逊	130	49
qingdu	轻度	209	47
qingdun	清炖	533	44
qingeryiju	轻而易举	196	48
qingfang	轻纺	210	47
qingfeng	清风	901	42
qingfu	倾覆	296	46
qinggan	情感	1612	39
qinggao	清高	127	49
qinggong	清宫	957	41
qinggong	轻工	706	43
qinggong	庆功	124	50
qinggongye	轻工业	717	43
qingguan	清官	112	50
qinghai	青海	932	41
qinghaihu	青海湖	114	50
qinghaisheng	青海省	283	46
qinghe	庆贺	308	46
qinghe	清河	173	48
qinghu	轻忽	105	50
qinghua	清华	1057	41
qinghua	青花	108	50
qinghuadaxue	清华大学	922	42
qinghuai	情怀	273	46
qingji	情急	116	50
qingjia	请假	229	47
qingjia	亲家	224	47
qingjiadangchan	倾家荡产	117	50
qingjiang	清江	856	42
qingjiao	请教	847	42
qingjiao	倾角	122	50
qingjie	情节	1325	40
qingjie	清洁	1098	41
qingjie	情结	238	47
qingjie	轻捷	112	50
qingjin	青筋	132	49
qingjing	情景	1770	39
qingjing	清静	296	46
qingjing	清净	202	48
qingjing	情境	184	48
qingjizhixia	情急之下	161	49
qingjun	清军	1293	40
qingjuwangdong	轻举妄动	169	48
qingke	请客	252	47
qingke	顷刻	224	47
qingke	青稞	134	49
qingkejian	顷刻间	423	45
qingkezhijian	顷刻之间	241	47
qingkuai	轻快	167	48
qingkuang	情况	32833	27
qinglai	青睐	696	43
qinglai	请来	512	44
qinglang	晴朗	180	48
qingleng	清冷	134	49
qingli	清理	1037	41
qingli	情理	195	48
qingli	清丽	123	50
qinglian	清廉	103	50
qingliang	清亮	403	45
qingliang	清凉	288	46
qingliangsi	清凉寺	149	49
qingliu	清流	120	50
qinglizhizhong	情理之中	109	50
qinglong	青龙	164	48
qinglv	情侣	196	48
qinglvdian	清律典	128	49
qingmeisu	青霉素	194	48
qingmiaodanxie	轻描淡写	184	48
qingmie	轻蔑	309	46
qingming	清明	318	46
qingmingjie	清明节	135	49
qingmo	清末	966	41
qingmu	青木	281	46
qingmuhe	青木河	256	47
qingnian	青年	7606	33
qingnianren	青年人	350	45
qingniantuan	青年团	108	50
qingong	寝宫	371	45
qingpiaopiao	轻飘飘	184	48
qingqi	氢气	206	48
qingqi	轻骑	120	50
qingqiao	轻巧	148	49
qingqibing	轻骑兵	107	50
qingqing	轻轻	4408	35
qingqing	青青	954	41
qingqingchuchu	清清楚楚	818	42
qingqingdi	轻轻地	903	42
qingqiu	请求	2149	38
qingqu	情趣	346	45
qingquan	清泉	142	49
qingre	清热	210	47
qingren	情人	451	44
qingren	清人	245	47
qingrou	轻柔	187	48
qingsao	清扫	157	49
qingse	青色	264	47
qingshan	青山	192	48
qingshang	轻伤	110	50
qingshanqu	青山区	521	44
qingshaonian	青少年	1223	40
qingshen	轻身	178	48
qingsheng	轻声	603	43
qingshengdao	轻声道	135	49
qingshi	情势	609	43
qingshi	请示	496	44
qingshi	轻视	472	44
qingshi	青石	231	47
qingshi	清史	227	47
qingshiban	青石板	135	49
qingshuai	轻率	167	48
qingshuang	清爽	162	48
qingshui	清水	812	42
qingsong	轻松	1979	38
qingsu	倾诉	233	47
qingsuan	清算	357	45
qingtian	晴天	230	47
qingtian	擎天	167	48
qingtian	青天	130	49
qingting	倾听	956	41
qingting	清廷	519	44
qingting	蜻蜓	114	50
qingtong	青铜	950	41
qingtongqi	青铜器	361	45
qingui	秦桧	215	47
qinguo	秦国	257	47
qingwa	青蛙	340	46
qingwei	轻微	538	44
qingwen	请问	774	42
qingwen	晴雯	333	46
qingwu	请勿	118	50
qingwuqi	轻武器	189	48
qingxi	清晰	1603	39
qingxi	清洗	433	45
qingxiang	倾向	2344	38
qingxiang	清香	217	47
qingxiao	倾销	109	50
qingxidu	清晰度	106	50
qingxie	倾斜	1144	41
qingxie	倾泻	116	50
qingxin	清新	774	42
qingxin	倾心	338	46
qingxin	轻信	103	50
qingxing	情形	2621	37
qingxing	清醒	1445	40
qingxing	轻型	639	43
qingxing	庆幸	300	46
qingxiu	清秀	210	47
qingxu	情绪	3892	36
qingya	倾轧	139	49
qingyang	清扬	107	50
qingyanghuana	氢氧化钠	118	50
qingyi	轻易	1474	40
qingyi	青衣	319	46
qingyi	情意	275	46
qingyi	情谊	236	47
qingying	轻盈	232	47
qingyou	情由	209	47
qingyou	清幽	191	48
qingyu	情欲	320	46
qingyuan	请愿	1891	39
qingyuan	情愿	488	44
qingyuanzi	氢原子	177	48
qingzanggaoyuan	青藏高原	411	45
qingzao	清早	259	47
qingzhen	清真	109	50
qingzheng	清蒸	557	44
qingzhengfu	清政府	1647	39
qingzhensi	清真寺	368	45
qingzhong	轻重	467	44
qingzhou	青州	223	47
qingzhu	庆祝	1612	39
qingzhu	青竹	352	45
qingzhu	倾注	177	48
qingzhuan	青砖	155	49
qingzhuang	情状	231	47
qingzhuang	轻装	221	47
qingzhuangnian	青壮年	154	49
qinhai	侵害	383	45
qinhan	秦汉	596	43
qinhe	秦河	101	50
qinheli	亲和力	108	50
qinhua	侵华	317	46
qinhuaihe	秦淮河	116	50
qinhuangdao	秦皇岛	153	49
qinhuo	擒获	163	48
qinian	七年	1094	41
qinjian	亲见	115	50
qinjiazhou	秦家洲	256	47
qinjin	亲近	549	44
qinjiwei	秦基伟	283	46
qinjun	秦军	126	49
qinkehu	秦克湖	256	47
qinkou	亲口	263	47
qinlao	勤劳	706	43
qinliangyu	秦良玉	119	50
qinlin	亲临	405	45
qinling	秦岭	687	43
qinliugan	禽流感	298	46
qinlv	亲率	214	47
qinlve	侵略	2969	37
qinlvejun	侵略军	733	42
qinlvezhe	侵略者	1912	39
qinmi	亲密	653	43
qinna	擒拿	445	44
qinni	亲昵	157	49
qinpei	钦佩	390	45
qinpenghaoyou	亲朋好友	123	50
qinqi	亲戚	1254	40
qinqiang	秦腔	328	46
qinqie	亲切	1104	41
qinqing	亲情	289	46
qinquan	侵权	260	47
qinrao	侵扰	177	48
qinre	亲热	560	44
qinren	亲人	1012	41
qinripai	亲日派	199	48
qinru	侵入	1432	40
qinshen	亲身	562	44
qinsheng	亲生	503	44
qinsheng	琴声	184	48
qinshi	侵蚀	784	42
qinshi	寝室	218	47
qinshi	亲事	201	48
qinshihuang	秦始皇	668	43
qinshou	亲手	747	42
qinshou	禽兽	225	47
qinshu	亲属	721	43
qinshunan	秦属南	256	47
qinshutian	秦书田	192	48
qintai	琴台	519	44
qintun	侵吞	111	50
qinwang	亲王	1384	40
qinwang	秦王	381	45
qinwang	勤王	148	49
qinwen	亲吻	169	48
qinwu	勤务	298	46
qinxi	侵袭	319	46
qinxian	琴弦	125	50
qinxin	亲信	914	42
qinxiongdi	亲兄弟	114	50
qinyan	亲眼	881	42
qinyanmudu	亲眼目睹	199	48
qinyou	亲友	378	45
qinyuan	沁源	138	49
qinyuan	亲缘	120	50
qinyunfei	秦云飞	115	50
qinzhan	侵占	849	42
qinzheng	亲征	775	42
qinzheng	亲政	289	46
qinzhinan	秦置南	256	47
qinzhongying	秦钟英	256	47
qinzi	亲自	5315	35
qiongku	穷苦	145	49
qiongkun	穷困	126	49
qionglouyuyu	琼楼玉宇	135	49
qiongren	穷人	1693	39
qiongsi	琼斯	251	47
qipai	气派	580	43
qipan	棋盘	2090	38
qipan	企盼	273	46
qipan	期盼	254	47
qipao	旗袍	247	47
qipao	气泡	177	48
qipei	汽配	528	44
qipian	欺骗	753	42
qipin	七品	149	49
qiping	气瓶	109	50
qipo	气魄	207	48
qiqi	漆器	280	46
qiqiao	蹊跷	256	47
qiqie	妻妾	123	50
qiqiu	祈求	321	46
qiqiu	气球	266	47
qiqiu	企求	155	49
qiqiu	乞求	137	49
qiqu	崎岖	264	47
qiquan	齐全	1417	40
qiquan	弃权	722	43
qiquan	期权	100	50
qiquanpiao	弃权票	122	50
qiran	凄然	278	46
qiren	奇人	172	48
qiren	旗人	170	48
qiri	七日	268	46
qisan	其三	191	48
qise	气色	139	49
qise	起色	137	49
qishangbaxia	七上八下	111	50
qishe	骑射	165	48
qishen	起身	2195	38
qisheng	齐声	1544	39
qishi	其实	11950	31
qishi	气势	1221	40
qishi	骑士	839	42
qishi	其时	764	42
qishi	启示	511	44
qishi	歧视	495	44
qishi	七十	353	45
qishi	起始	257	47
qishi	起事	153	49
qishi	奇事	129	49
qishi	妻室	126	49
qishier	七十二	206	48
qishihuihong	气势恢宏	149	49
qishixiongxiong	气势汹汹	119	50
qishiye	企事业	188	48
qishou	棋手	325	46
qishu	漆树	316	46
qishui	汽水	1085	41
qisi	气死	202	48
qisihuisheng	起死回生	101	50
qisu	起诉	530	44
qisui	七岁	122	50
qita	其他	25753	28
qita	其它	7498	33
qitao	乞讨	102	50
qitaren	其他人	613	43
qite	奇特	1089	41
qiti	气体	2609	37
qitian	七天	228	47
qitu	企图	2694	37
qituan	气团	111	50
qiuchang	球场	601	43
qiuchuji	丘处机	599	43
qiuci	龟兹	215	47
qiudanbai	球蛋白	125	50
qiude	求得	687	43
qiudui	球队	2238	38
qiufan	囚犯	252	47
qiufeng	秋风	184	48
qiuhe	求和	281	46
qiuhun	求婚	131	49
qiuji	秋季	457	44
qiujian	求见	316	46
qiujiao	求教	117	50
qiujie	求解	402	45
qiujier	丘吉尔	197	48
qiujin	囚禁	276	46
qiujiu	求救	287	46
qiulili	裘丽丽	131	49
qiuling	丘陵	2477	38
qiulingqu	丘陵区	120	50
qiumen	球门	211	47
qiumi	球迷	1174	41
qiumian	球面	150	49
qiuqian	秋千	105	50
qiuqianren	裘千仞	485	44
qiuqing	求情	292	46
qiuqunwang	丘群望	128	49
qiuran	虬髯	191	48
qiurao	求饶	192	48
qiushen	秋审	256	47
qiusheng	求生	188	48
qiushou	秋收	137	49
qiushouqiyi	秋收起义	103	50
qiushui	秋水	205	48
qiusihao	邱四豪	256	47
qiuti	球体	115	50
qiutian	秋天	713	43
qiutu	囚徒	142	49
qiuxing	球形	382	45
qiuxing	球星	201	48
qiuxue	求学	248	47
qiuyin	蚯蚓	407	45
qiuyuan	球员	1771	39
qiuyuan	求援	183	48
qiuzhang	酋长	391	45
qiuzhi	求职	1304	40
qiuzhi	求知	1107	41
qiuzhibude	求之不得	143	49
qiuzhizhe	求职者	568	43
qiuzhu	求助	882	42
qiuzhuang	球状	168	48
qiwang	期望	1325	40
qiwangzhi	期望值	158	49
qiwei	气味	1024	41
qiwen	气温	2830	37
qiwu	器物	657	43
qiwu	欺侮	589	43
qixi	气息	1376	40
qixi	栖息	894	42
qixi	憩息	160	49
qixi	奇袭	114	50
qixia	旗下	577	43
qixian	期限	1389	40
qixian	起先	306	46
qixian	杞县	224	47
qixiang	气象	1512	40
qixiangxue	气象学	176	48
qixie	器械	744	42
qixing	七星	172	48
qixingyu	七星鱼	256	47
qixu	气虚	136	49
qixuan	气旋	259	47
qixue	气血	439	45
qiya	气压	338	46
qiya	欺压	185	48
qiyan	气焰	152	49
qiye	企业	34826	27
qiyejia	企业家	596	43
qiyejie	企业界	116	50
qiyezhu	企业主	134	49
qiyi	起义	4138	36
qiyi	其一	884	42
qiyi	奇异	490	44
qiyi	起疑	186	48
qiyijun	起义军	1190	41
qiyin	起因	364	45
qiyizhe	起义者	110	50
qiyong	启用	858	42
qiyong	起用	218	47
qiyou	汽油	318	46
qiyoucili	岂有此理	105	50
qiyu	其余	4454	35
qiyuan	起源	1504	40
qiyue	七月	923	42
qiyue	契约	727	42
qiyue	器乐	170	48
qizha	欺诈	267	46
qizhen	奇珍	307	46
qizheng	齐整	142	49
qizhi	旗帜	1360	40
qizhi	气质	650	43
qizhi	岂止	129	49
qizhong	其中	34173	27
qizhong	器重	193	48
qizhong	七种	102	50
qizi	妻子	4532	35
qizi	棋子	334	46
qizi	其子	332	46
qizi	旗子	234	47
qizou	启奏	245	47
qizuibashe	七嘴八舌	114	50
qizuo	七座	411	45
quanban	全班	151	49
quanbang	全邦	400	45
quanbu	全部	11398	31
quanchang	全场	627	43
quanchen	权臣	106	50
quancheng	全称	612	43
quancheng	全城	595	43
quancheng	全程	361	45
quancun	全村	260	47
quanda	拳打	103	50
quandang	全党	1747	39
quandao	全岛	255	47
quandi	圈地	160	49
quanding	圈定	182	48
quandou	全都	2068	38
quandui	全队	301	46
quane	全额	138	49
quanfa	拳法	354	45
quanfangwei	全方位	463	44
quanfenli	权分立	289	46
quanfuwuzhuang	全副武装	230	47
quangao	劝告	232	47
quangu	颧骨	106	50
quanguanqing	全冠清	128	49
quangui	权贵	259	47
quanguo	全国	48874	26
quanguocheng	全过程	254	47
quanguorenda	全国人大	5551	34
quanguoxing	全国性	826	42
quanguozhengxie	全国政协	1500	40
quanheng	权衡	214	47
quanhui	全会	1101	41
quanji	全集	320	46
quanji	拳击	212	47
quanjia	全家	863	42
quanjiafu	全家福	273	46
quanjian	全歼	230	47
quanjian	劝谏	174	48
quanjiao	拳脚	384	45
quanjiaren	全家人	194	48
quanjie	劝解	184	48
quanjing	全境	1460	40
quanjing	全景	251	47
quanju	全局	724	43
quanjun	全军	1345	40
quanjunfumo	全军覆没	287	46
quanli	权力	14581	30
quanli	权利	7829	33
quanli	全力	1161	41
quanliyifu	全力以赴	196	48
quanmei	全美	150	49
quanmen	券门	649	43
quanmian	全面	9321	32
quanmin	全民	1326	40
quanneng	全能	209	47
quannian	全年	3302	36
quanpan	全盘	278	46
quanqiu	全球	5288	35
quanqiuhua	全球化	760	42
quanqiutong	全球通	232	47
quanqiuxing	全球性	306	46
quanqu	全区	450	44
quanquan	全权	415	45
quanquandaibiao	全权代表	597	43
quanran	全然	895	42
quanrizhi	全日制	168	48
quanshang	券商	228	47
quanshen	全身	3714	36
quansheng	全省	12895	31
quansheng	全胜	154	49
quansheng	全盛	128	49
quanshenguanzhu	全神贯注	259	47
quanshi	全市	7178	33
quanshi	权势	443	44
quanshi	诠释	197	48
quanshijie	全世界	2721	37
quanshu	全书	943	41
quanshu	拳术	143	49
quanshu	全数	122	50
quanshui	泉水	593	43
quanshuo	劝说	648	43
quansuo	蜷缩	107	50
quantao	圈套	274	46
quantao	全套	193	48
quanti	全体	5382	34
quantian	全天	289	46
quantianhou	全天候	247	47
quantou	拳头	857	42
quanwei	权威	2073	38
quanwei	劝慰	183	48
quanwei	权位	138	49
quanweixing	权威性	260	47
quanwen	全文	599	43
quanxi	全息	104	50
quanxian	全县	893	42
quanxian	权限	586	43
quanxian	全线	477	44
quanxiang	劝降	191	48
quanxiao	全校	225	47
quanxin	全新	900	42
quanxinquanyi	全心全意	384	45
quanyi	权益	1751	39
quanying	全营	101	50
quanyu	痊愈	278	46
quanzhang	全长	1950	39
quanzhen	全真	227	47
quanzheng	权证	155	49
quanzhong	权重	127	49
quanzhou	泉州	404	45
quanzhou	全州	366	45
quanzi	圈子	947	41
quanzu	劝阻	449	44
qubie	区别	3776	36
qucai	取材	336	46
quche	驱车	129	49
quchu	取出	3048	37
quchu	去处	470	44
quchu	驱除	230	47
quchu	去除	222	47
qucong	屈从	127	49
qudai	取代	2007	38
qudao	渠道	1855	39
qudao	取道	121	50
qude	取得	11882	31
qudi	取缔	329	46
qudiao	曲调	420	45
qudiao	去掉	238	47
qudong	驱动	756	42
quebao	确保	1965	39
quedian	缺点	780	42
queding	确定	6779	34
quefa	缺乏	4171	35
quehan	缺憾	171	48
quekou	缺口	841	42
queli	确立	2450	38
quemenwei	阙门未	128	49
quepingming	阙平明	128	49
queqie	确切	785	42
querdaizhi	取而代之	191	48
queren	确认	1568	39
queshao	缺少	1951	39
queshi	却是	7797	33
queshi	确实	5767	34
queshi	缺失	285	46
queshui	缺水	173	48
queshuo	却说	1921	39
quesun	缺损	101	50
quexi	缺席	269	46
quexian	缺陷	993	41
quexin	确信	316	46
queyang	缺氧	245	47
queyou	确有	538	44
queyoumen	阙右门	128	49
quezao	确凿	119	50
quezhen	确诊	322	46
qufen	区分	1284	40
qufenglai	曲凤来	108	50
qufu	屈服	448	44
qufu	曲阜	129	49
qugan	驱赶	331	46
qugan	躯干	204	48
quguo	去过	550	44
quhua	区划	685	43
quhui	取回	112	50
qujiahu	瞿家湖	256	47
qujialing	屈家岭	1550	39
qujian	区间	194	48
qujing	取经	392	45
qujiu	曲酒	278	46
qujue	取决	1071	41
qujueyu	取决于	303	46
qule	取乐	105	50
qulu	去路	334	46
qulv	曲率	116	50
qumian	曲面	268	46
quming	取名	608	43
qumu	曲目	257	47
qunchen	群臣	533	44
qundao	群岛	2127	38
qunei	区内	434	45
qunian	去年	6730	34
quniandi	去年底	176	48
qunluo	群落	272	46
qunqi	群起	123	50
qunqingjifen	群情激奋	145	49
qunshan	群山	310	46
qunti	群体	1812	39
qunuan	取暖	284	46
qunxiong	群雄	1238	40
qunying	群英	172	48
qunzhong	群众	17849	30
qunzhongxing	群众性	588	43
qunzhongyundong	群众运动	225	47
qunzi	裙子	343	45
qupai	曲牌	132	49
quqi	娶妻	131	49
quqiubai	瞿秋白	158	49
ququ	去取	333	46
ququ	区区	299	46
quru	屈辱	352	45
qusan	驱散	130	49
qushe	取舍	211	47
qusheng	取胜	1010	41
qushi	趋势	3047	37
qushi	去世	1590	39
qushi	驱使	268	46
qushi	取食	213	47
qushi	取士	189	48
qushi	去势	168	48
qushui	取水	119	50
qusiyuan	区四园	256	47
quti	躯体	750	42
quwei	趣味	312	46
quwei	区委	271	46
quwei	区位	136	49
quxi	屈膝	135	49
quxian	曲线	970	41
quxiang	趋向	991	41
quxiang	去向	307	46
quxiang	取向	293	46
quxianmei	曲线美	130	49
quxiao	取消	3052	37
quxiao	取笑	276	46
quxiongchu	区雄楚	512	44
quyi	曲艺	264	47
quyu	区域	6406	34
quyu	趋于	869	42
quyuan	屈原	841	42
quyue	取悦	149	49
quyuxing	区域性	200	48
quzhang	区长	1668	39
quzhe	曲折	1393	40
quzheng	区政	256	47
quzhengfu	区政府	100	50
quzhi	取值	118	50
quzhikeshu	屈指可数	102	50
quzhou	衢州	105	50
quzhu	驱逐	987	41
quzhujian	驱逐舰	785	42
quzi	曲子	333	46
quzi	取自	125	50
raner	然而	8350	33
ranfa	染发	337	46
ranfaji	染发剂	242	47
ranfang	染坊	114	50
rangbu	让步	376	45
rangdu	让渡	104	50
ranggei	让给	258	47
rangkai	让开	144	49
rangli	让利	135	49
ranglu	让路	115	50
rangrang	嚷嚷	208	47
rangwei	让位	178	48
ranhou	然后	16239	30
ranliao	燃料	1241	40
ranliao	染料	859	42
ranqi	燃气	221	47
ranqi	燃起	220	47
ranqilunji	燃气轮机	129	49
ranran	冉冉	202	48
ranse	染色	343	45
ranseti	染色体	820	42
ranshang	染上	197	48
ranshao	燃烧	1553	39
ranyou	燃油	264	47
ranze	然则	127	49
raocheng	绕城	287	46
raodao	绕道	353	45
raodong	扰动	166	48
raoguo	绕过	644	43
raoluan	扰乱	383	45
raoming	饶命	137	49
raoshu	饶恕	118	50
raozu	绕组	104	50
reai	热爱	869	42
rechao	热潮	403	45
rechen	热忱	321	46
rechuli	热处理	124	50
redai	热带	2584	37
redaiyulin	热带雨林	335	46
redian	热点	1226	40
rehe	热河	174	48
rehuhu	热呼呼	278	46
rehuo	热火	191	48
rehuochaotian	热火朝天	103	50
relei	热泪	508	44
releiyingkuang	热泪盈眶	280	46
reli	热力	139	49
reliang	热量	1121	41
relie	热烈	1963	39
relixue	热力学	401	45
remen	热门	677	43
renao	热闹	2022	38
renaofeifan	热闹非凡	198	48
renben	人本	148	49
renbishi	任弼时	255	47
renbuzhi	人不知	149	49
renbuzhu	忍不住	2838	37
rencai	人才	8742	33
rencheng	人称	485	44
renchu	认出	572	43
renci	人次	575	43
renci	仁慈	203	48
rencong	人丛	241	47
rencuo	认错	280	46
renda	人大	12955	31
rendadaibiao	人大代表	5284	35
rendai	韧带	143	49
rendaihui	人代会	285	46
rendao	人道	133	49
rendaozhuyi	人道主义	351	45
rende	认得	1340	40
rending	认定	1464	40
rending	人丁	140	49
renduoshizhong	人多势众	137	49
reneng	热能	259	47
rener	人儿	162	48
renfan	人犯	122	50
rengdiao	扔掉	216	47
renge	人格	1012	41
rengjiu	仍旧	1618	39
rengong	人工	2816	37
rengonghu	人工湖	309	46
rengongzhineng	人工智能	151	49
rengou	认购	268	46
rengran	仍然	8526	33
rengxia	扔下	255	47
renhe	任何	14635	30
renheren	任何人	1368	40
renji	人际	231	47
renji	人迹	226	47
renji	人机	113	50
renjia	人家	8314	33
renjian	人间	1942	39
renjiao	任教	964	41
renjiediling	人杰地灵	272	46
renjiguanxi	人际关系	473	44
renjun	人均	3051	37
renjunshouru	人均收入	152	49
renke	认可	918	42
renkeli	任克礼	257	47
renkou	人口	23243	29
renkoushu	人口数	1580	39
renlei	人类	9464	32
renleixue	人类学	282	46
renli	人力	2134	38
renlian	人脸	135	49
renliu	人流	268	46
renma	人马	3354	36
renmaodong	任茂东	256	47
renmen	人们	24841	28
renmian	任免	4568	35
renmian	人面	148	49
renmianquan	任免权	269	46
renmin	人民	43719	26
renminbi	人民币	2968	37
renmindaibiao	人民代表	106	50
renmindang	人民党	171	48
renminfayuan	人民法院	6465	34
renming	任命	1969	38
renming	人命	200	48
renmingce	人名册	128	49
renmingongshe	人民公社	1813	39
renminguangchang	人民广场	143	49
renminjun	人民军	107	50
renminjundui	人民军队	654	43
renminribao	人民日报	1087	41
renmintuanti	人民团体	575	43
renminwang	人民网	413	45
renminwuzhuang	人民武装	302	46
renminzhanzheng	人民战争	192	48
renminzhengfu	人民政府	15227	30
renminzhengxie	人民政协	333	46
rennai	忍耐	672	43
rennao	人脑	141	49
renpin	人品	442	44
renping	任凭	270	46
renqi	任期	5456	34
renqi	人气	425	45
renqing	人情	447	44
renqing	认清	251	47
renquan	人权	401	45
renqun	人群	2369	38
renren	人人	2713	37
renshen	人身	1375	40
renshen	妊娠	444	44
renshen	人参	347	45
rensheng	人生	4255	35
rensheng	人声	281	46
renshengguan	人生观	178	48
renshenqi	妊娠期	120	50
renshi	认识	8901	32
renshi	人士	5774	34
renshi	人事	1338	40
renshi	人世	364	45
renshi	人氏	216	47
renshibu	人事部	185	48
renshibumen	人事部门	102	50
renshijian	人世间	112	50
renshilun	认识论	272	46
renshou	忍受	851	42
renshou	人手	393	45
renshou	人寿	124	50
renshu	人数	8857	32
renshu	认输	285	46
renti	人体	3316	36
rentong	认同	705	43
rentong	忍痛	118	50
rentou	人头	402	45
renwei	认为	30204	28
renwei	人为	1829	39
renwen	人文	1046	41
renwenkexue	人文科学	124	50
renwenzhuyi	人文主义	117	50
renwu	任务	15213	30
renwu	人物	10520	32
renwukeren	忍无可忍	118	50
renxianqi	任贤齐	259	47
renxin	人心	1440	40
renxin	忍心	334	46
renxing	人性	897	42
renxing	人行	391	45
renxing	任性	262	47
renxing	人形	257	47
renxing	韧性	226	47
renxingdao	人行道	469	44
renxinghua	人性化	128	49
renxinmin	任新民	265	47
renxiong	仁兄	566	43
renxuan	人选	1981	38
renxue	人学	558	44
renyan	人眼	112	50
renyi	任意	951	41
renyi	仁义	314	46
renyi	任一	113	50
renying	人影	704	43
renyiqiu	任意球	286	46
renyong	任用	637	43
renyou	任由	239	47
renyuan	人员	19810	29
renyuan	人缘	140	49
renzao	人造	1330	40
renzaoweixing	人造卫星	163	48
renzhen	认真	4703	35
renzheng	认证	1170	41
renzhi	任职	2468	38
renzhi	认知	440	44
renzhi	人质	245	47
renzhong	人种	270	46
renzinian	壬子年	257	47
reqi	热气	386	45
reqie	热切	179	48
reqing	热情	2818	37
reqitengteng	热气腾腾	110	50
reshi	惹事	100	50
reshui	热水	482	44
rexian	热线	479	44
rexin	热心	645	43
rexue	热血	353	45
rexuefeiteng	热血沸腾	226	47
reyuan	热源	108	50
rezhong	热衷	215	47
rezhongyu	热衷于	211	47
ribao	日报	1228	40
riben	日本	25307	28
ribenguohui	日本国会	269	46
ribenhai	日本海	112	50
ribenzhengfu	日本政府	358	45
richang	日常	4737	35
richeng	日程	322	46
richu	日出	394	45
rierman	日耳曼	208	47
riermanren	日耳曼人	106	50
rifang	日方	452	44
rifuyiri	日复一日	109	50
riguang	日光	316	46
rihou	日后	1384	40
riji	日记	639	43
rijian	日渐	661	43
rijian	日见	153	49
rijian	日间	143	49
rijun	日军	3377	36
rijun	日均	172	48
rikou	日寇	215	47
rili	日历	1125	41
rilong	日隆	155	49
riluo	日落	268	46
rineiwa	日内瓦	444	44
riqi	日期	3571	36
riqian	日前	2144	38
riqu	日趋	926	42
riri	日日	208	47
ririyeye	日日夜夜	123	50
rishi	日食	110	50
rishu	日数	116	50
ritou	日头	135	49
rixinyueyi	日新月异	125	50
riye	日夜	871	42
riyi	日益	3196	37
riyong	日用	475	44
riyongpin	日用品	140	49
riyu	日语	264	47
riyuan	日元	544	44
riyue	日月	1940	39
rizhao	日照	621	43
rizhi	日志	1110	41
rizi	日子	5113	35
rongdian	熔点	566	43
rongdong	溶洞	191	48
ronghe	融合	1392	40
ronghua	融化	327	46
ronghua	熔化	147	49
ronghuafugui	荣华富贵	125	50
ronghuo	荣获	762	42
rongji	溶剂	789	42
rongji	容积	238	47
rongjie	溶解	536	44
rongjiedu	溶解度	188	48
rongliang	容量	1102	41
ronglu	荣禄	541	44
rongmao	容貌	647	43
rongmao	绒毛	207	48
rongna	容纳	608	43
rongqi	容器	433	45
rongqia	融洽	270	46
rongqing	容情	151	49
rongren	容忍	479	44
rongrong	熔融	147	49
rongru	融入	484	44
rongru	荣辱	144	49
rongruguan	荣辱观	109	50
rongshui	融水	135	49
rongshuiliang	容水量	256	47
rongweiyiti	融为一体	265	47
rongxing	荣幸	148	49
rongxu	容许	464	44
rongyan	熔岩	332	46
rongyan	容颜	192	48
rongyao	荣耀	493	44
rongye	溶液	1556	39
rongyi	容易	8676	33
rongyu	荣誉	2877	37
rongyu	溶于	680	43
rongzhi	溶质	133	49
rongzhu	熔铸	320	46
rongzhuang	戎装	254	47
rongzi	融资	1006	41
roudao	柔道	142	49
rouhe	柔和	414	45
rouji	肉鸡	283	46
roujia	柔嘉	169	48
roulei	肉类	438	45
roulin	蹂躏	424	45
rouliu	肉瘤	111	50
rouqing	柔情	210	47
rouruan	柔软	686	43
rouruo	柔弱	158	49
roushi	肉食	169	48
rousi	肉丝	311	46
routi	肉体	462	44
rouyan	肉眼	226	47
rouzhi	肉质	290	46
rouzhipin	肉制品	162	48
ruanchengfa	阮成发	256	47
ruandacheng	阮大铖	555	44
ruangu	软骨	161	49
ruanhua	软化	161	49
ruanjian	软件	4601	35
ruanjiangongcheng	软件工程	377	45
ruanjianyuan	软件园	260	47
ruanjin	软禁	133	49
ruanruan	软软	177	48
ruanruo	软弱	428	45
ruantidongwu	软体动物	169	48
ruanxingzhu	阮星竹	114	50
ruanzuzhi	软组织	110	50
rubaise	乳白色	380	45
ruchang	如常	192	48
ruchang	入场	182	48
ruchangquan	入场券	110	50
ruchong	蠕虫	136	49
ruchu	如初	185	48
ruchuan	入川	369	45
ruci	如此	17518	30
ruciyilai	如此一来	116	50
rucizheban	如此这般	103	50
rudang	入党	258	47
rudong	蠕动	305	46
ruer	入耳	128	49
rufang	乳房	586	43
rugao	如皋	124	50
ruge	入阁	214	47
rugu	入股	179	48
ruguan	入关	345	45
ruguo	如果	38374	27
ruguoshuo	如果说	1175	41
ruhai	入海	441	44
ruhe	如何	19871	29
ruhuorutu	如火如荼	117	50
ruidian	瑞典	1343	40
ruijian	锐减	202	48
ruijin	瑞金	134	49
ruili	锐利	212	47
ruiqi	锐气	240	47
ruishi	瑞士	1585	39
ruji	入籍	149	49
ruji	乳剂	101	50
rujia	儒家	981	41
rujin	如今	9684	32
rujing	入境	721	43
rukou	入口	704	43
rukouchu	入口处	153	49
ruku	入库	334	46
rulai	如来	257	47
rulin	如林	303	46
ruma	辱骂	161	49
rumen	入门	312	46
runan	汝南	107	50
runhua	润滑	142	49
runhuayou	润滑油	117	50
ruoda	偌大	298	46
ruodian	弱点	641	43
ruofei	若非	637	43
ruogan	若干	6633	34
ruoganfen	若干份	130	49
ruogange	若干个	451	44
ruogannian	若干年	194	48
ruohe	若何	142	49
ruoshi	弱势	241	47
ruowuqishi	若无其事	169	48
ruoxiang	若想	105	50
ruoxiao	弱小	171	48
ruoyousuosi	若有所思	113	50
ruozhe	弱者	217	47
ruqi	如其	263	47
ruqi	如期	216	47
ruqin	入侵	2027	38
ruqinzhe	入侵者	134	49
ruruo	如若	200	48
rushang	如上	112	50
rusheng	儒生	220	47
rushi	如是	1207	40
rushi	入市	701	43
rushi	如实	335	46
rushi	入世	146	49
rushizhongfu	如释重负	112	50
rushou	入手	487	44
rushui	入睡	415	45
rusuan	乳酸	141	49
rutong	如同	2306	38
rutou	乳头	266	47
rutu	入土	237	47
ruwang	入网	102	50
ruwei	入围	122	50
ruwu	入伍	269	46
ruxia	如下	2153	38
ruxian	乳腺	288	46
ruxianai	乳腺癌	457	44
ruxuan	入选	490	44
ruxue	入学	732	42
ruxue	儒学	286	46
ruxuelv	入学率	835	42
ruya	儒雅	125	50
ruyao	入药	127	49
ruye	入夜	112	50
ruyi	如意	321	46
ruyi	如一	112	50
ruyu	入狱	246	47
ruyuan	如愿	268	46
ruyuanyichang	如愿以偿	165	48
ruyun	如云	163	48
ruzhi	乳汁	207	48
ruzhinaihe	如之奈何	126	49
ruzhu	入主	301	46
ruzhu	入住	195	48
ruzuo	入座	100	50
sadamu	萨达姆	156	49
saerwaduo	萨尔瓦多	109	50
sahala	撒哈拉	206	48
sahuang	撒谎	321	46
saichang	赛场	473	44
saiche	赛车	143	49
saidiwang	赛迪网	164	48
saierweiya	塞尔维亚	261	47
saihou	赛后	517	44
saiji	赛季	1605	39
saineijiaer	塞内加尔	168	48
saipulusi	塞浦路斯	155	49
saiqian	赛前	298	46
saiqu	赛区	182	48
sairu	塞入	115	50
saisheer	塞舌尔	105	50
saishi	赛事	599	43
saiwai	塞外	189	48
saizhi	赛制	100	50
sajiao	撒娇	143	49
sakesen	萨克森	119	50
salazu	撒拉族	297	46
sanbai	三百	348	45
sanbainian	三百年	120	50
sanbao	三宝	187	48
sanbaxian	三八线	123	50
sanbei	三杯	210	47
sanbei	三倍	124	50
sanbian	三边	149	49
sanbing	伞兵	298	46
sanbu	散布	585	43
sanbu	三步	341	46
sanbu	散步	336	46
sanbu	三部	186	48
sanbuqu	三部曲	294	46
sanceng	三层	1428	40
sancha	三叉	317	46
sanchaji	三叉戟	186	48
sanchang	三场	160	49
sancheng	三成	137	49
sanchi	三尺	486	44
sanchong	三重	231	47
sanchu	三处	190	48
sanci	三次	1405	40
sancun	三寸	127	49
sandai	三代	461	44
sandao	三道	329	46
sandazhanyi	三大战役	115	50
sandeng	三等	268	46
sandengjiang	三等奖	175	48
sandian	三点	306	46
sanduan	三端	201	48
sanfa	散发	803	42
sanfang	三方	194	48
sanfen	三分	2201	38
sanfenqiu	三分球	184	48
sangai	伞盖	172	48
sange	三个	8409	33
sangedaibiao	三个代表	225	47
sangen	三根	148	49
sangguowei	桑国卫	257	47
sangmen	嗓门	252	47
sangming	丧命	200	48
sangong	三公	139	49
sangquanruguo	丧权辱国	174	48
sangsheng	丧生	229	47
sangshi	丧失	1693	39
sangshi	丧事	298	46
sangumaolu	三顾茅庐	267	46
sanguo	三国	1063	41
sanguoyanyi	三国演义	194	48
sangyin	嗓音	351	45
sangzi	嗓子	772	42
sanhao	三号	109	50
sanhe	三合	876	42
sanhu	三户	530	44
sanhuo	散货	295	46
saniao	撒尿	142	49
sanji	三级	1962	39
sanjia	三家	587	43
sanjia	三甲	245	47
sanjian	三间	436	45
sanjian	三件	295	46
sanjiang	三江	146	49
sanjiang	三讲	142	49
sanjiao	三角	613	43
sanjiaoxing	三角形	479	44
sanjiaozhou	三角洲	663	43
sanjie	三节	352	45
sanjie	三届	105	50
sanjiu	三九	133	49
sanju	三局	309	46
sanju	散居	195	48
sanju	三句	184	48
sanjuan	三卷	107	50
sanjun	三军	617	43
sankai	散开	278	46
sanke	三颗	108	50
sanke	散客	106	50
sankou	三口	197	48
sankuai	三块	113	50
sanlei	三类	644	43
sanli	三里	119	50
sanlian	三联	144	49
sanlu	三路	728	42
sanluan	散乱	212	47
sanlun	三轮	148	49
sanlunche	三轮车	160	49
sanluo	散落	217	47
sanman	散漫	105	50
sanmei	三枚	442	44
sanmen	三门	329	46
sanmian	三面	1193	41
sanming	三名	663	43
sanminzhuyi	三民主义	279	46
sannian	三年	5637	34
sanpin	三品	515	44
sanqi	三期	180	48
sanqi	三七	102	50
sanqian	三千	630	43
sanqianli	三千粒	256	47
sanre	散热	156	49
sanri	三日	735	42
sanshan	三山	150	49
sanshe	散射	359	45
sansheng	三声	281	46
sanshi	三十	747	42
sanshi	三世	391	45
sanshi	散失	115	50
sanshiduonian	三十多年	406	45
sanshiernian	三十二年	115	50
sanshili	三十里	170	48
sanshiliu	三十六	294	46
sanshiliushan	三十六扇	128	49
sanshinian	三十年	837	42
sanshisannian	三十三年	129	49
sanshisui	三十岁	172	48
sanshiwan	三十万	123	50
sanshiyinian	三十一年	152	49
sanshui	散水	267	46
sansi	三四	105	50
sansi	三思	102	50
sansige	三四个	164	48
sansiqian	三四千	159	49
sansiwan	三四万	152	49
sansou	三艘	101	50
sansui	三岁	226	47
santian	三天	1496	40
santiao	三条	452	44
santong	三通	433	45
santou	三头	117	50
sanwan	三万	289	46
sanwanduo	三万多	178	48
sanwang	三王	329	46
sanwei	三位	1127	41
sanwei	三维	236	47
sanweiyiti	三位一体	137	49
sanwen	散文	887	42
sanwuchengqun	三五成群	189	48
sanxia	三峡	3095	37
sanxia	三下	304	46
sanxiadaba	三峡大坝	272	46
sanxian	三鲜	265	47
sanxiang	三项	475	44
sanxiang	三相	115	50
sanxing	三星	363	45
sanya	三亚	179	48
sanyi	散佚	105	50
sanyuan	三元	659	43
sanyuan	三院	301	46
sanyue	三月	1417	40
sanzang	三藏	1322	40
sanzhang	三丈	220	47
sanzhang	三张	122	50
sanzhao	三招	400	45
sanzhe	三者	472	44
sanzhi	三只	318	46
sanzhi	三支	186	48
sanzhi	三枝	166	48
sanzhong	三种	1421	40
sanzhong	三中	542	44
sanzhongquanhui	三中全会	572	43
sanzi	三子	265	47
sanziaiguo	三自爱国	259	47
sanzuo	三座	506	44
sanzuomen	三座门	657	43
saochu	扫除	259	47
saodang	扫荡	366	45
saodi	扫地	348	45
saodong	骚动	324	46
saolei	扫雷	337	46
saoluan	骚乱	312	46
saomiao	扫描	489	44
saomu	扫墓	100	50
saoqing	扫清	124	50
saorao	骚扰	469	44
saosao	嫂嫂	236	47
saoshe	扫射	152	49
saosi	缫丝	124	50
saotou	搔头	103	50
saoxing	扫兴	143	49
saoyang	瘙痒	133	49
saozhou	扫帚	215	47
saozi	嫂子	953	41
sashou	撒手	202	48
sashoujian	撒手锏	129	49
satuo	洒脱	148	49
secai	色彩	3195	37
sediao	色调	179	48
sefen	色酚	512	44
sengdao	僧道	241	47
senglv	僧侣	282	46
sengong	森工	551	44
sengren	僧人	1003	41
sengzhong	僧众	153	49
senlin	森林	5024	35
senran	森然	105	50
senyan	森严	373	45
sepu	色谱	193	48
seqing	色情	309	46
sesan	色散	116	50
sese	瑟瑟	144	49
sesu	色素	913	42
seze	色泽	364	45
shabai	煞白	128	49
shabao	沙包	302	46
shabu	纱布	120	50
shachang	沙场	184	48
shachen	沙尘	141	49
shachenbao	沙尘暴	150	49
shachongji	杀虫剂	132	49
shachu	杀出	276	46
shadan	傻蛋	271	46
shadi	杀敌	233	47
shadi	沙地	153	49
shadiao	杀掉	392	45
shading	纱锭	124	50
shadingyu	沙丁鱼	117	50
shadu	杀毒	285	46
shae	沙俄	338	46
shafa	沙发	862	42
shafuming	沙复明	517	44
shagua	傻瓜	303	46
shaguang	杀光	104	50
shahai	杀害	1111	41
shahe	沙河	385	45
shahu	沙湖	532	44
shahuang	沙皇	506	44
shaitaiyang	晒太阳	386	45
shaixuan	筛选	352	45
shaji	杀机	112	50
shaju	沙咀	258	47
shajun	杀菌	144	49
shakou	沙口	262	47
shalong	沙龙	160	49
shalu	杀戮	312	46
shamie	杀灭	120	50
shamo	沙漠	2193	38
shamohua	沙漠化	101	50
shamu	杉木	651	43
shanao	山坳	169	48
shanban	舢板	122	50
shanbei	陕北	705	43
shanbi	闪避	704	43
shanbi	山壁	165	48
shance	善策	100	50
shanchang	擅长	1226	40
shancheng	山城	152	49
shanchu	删除	358	45
shanchuan	山川	398	45
shancun	山村	178	48
shancun	闪存	155	49
shandai	善待	140	49
shandao	山道	546	44
shandi	山地	4384	35
shandian	闪电	771	42
shanding	山顶	1074	41
shandong	山东	4881	35
shandong	山洞	894	42
shandong	闪动	492	44
shandong	煽动	344	45
shandongbandao	山东半岛	138	49
shandongluneng	山东鲁能	120	50
shandongsheng	山东省	718	43
shane	善恶	246	47
shanfeng	山峰	783	42
shangan	上岸	381	45
shangan	陕甘	220	47
shangba	伤疤	174	48
shangban	上班	1337	40
shangbanchang	上半场	857	42
shangbannian	上半年	851	42
shangbanye	上半叶	172	48
shangbanzu	上班族	216	47
shangbao	上报	677	43
shangbao	商报	105	50
shangbaozhen	商宝震	216	47
shangbian	上边	555	44
shangbiao	商标	365	45
shangbiao	上表	142	49
shangbing	伤病	184	48
shangbu	上部	348	45
shangbu	商埠	114	50
shangcan	伤残	155	49
shangce	上策	142	49
shangceng	上层	1066	41
shangcengjianzhu	上层建筑	242	47
shangchang	商场	730	42
shangchang	上场	416	45
shangchao	商朝	414	45
shangchao	上朝	215	47
shangche	上车	381	45
shangcheng	商城	1270	40
shangcheng	上乘	430	45
shangcheng	上城	194	48
shangcheng	上成	172	48
shangchu	伤处	122	50
shangchuan	上船	328	46
shangchuan	商船	285	46
shangchuang	上床	308	46
shangci	上次	930	41
shangci	赏赐	641	43
shangcun	尚存	141	49
shangdai	商代	457	44
shangdang	上当	382	45
shangdang	上党	139	49
shangdi	上帝	1170	41
shangdi	上地	104	50
shangdian	商店	886	42
shangdiao	上调	313	46
shangdiao	上吊	225	47
shangding	商定	311	46
shangduan	上端	104	50
shange	山歌	139	49
shangfan	商贩	162	48
shangfang	上方	726	42
shangfang	上房	236	47
shangfang	上访	212	47
shangfeng	上风	333	46
shangfeng	上峰	140	49
shangfu	上浮	137	49
shanggan	伤感	415	45
shanggang	上岗	301	46
shanggeyue	上个月	207	48
shanggong	上攻	193	48
shanggu	商贾	264	47
shanggu	上古	237	47
shangguanzhou	上官洲	256	47
shanghai	上海	16377	30
shanghai	伤害	1797	39
shanghaishi	上海市	1910	39
shanghan	伤寒	232	47
shanghang	上行	433	45
shanghen	伤痕	355	45
shanghua	赏花	108	50
shanghui	商会	246	47
shangji	上级	3243	37
shangji	商机	180	48
shangji	伤及	144	49
shangjia	商家	376	45
shangjiang	上将	709	43
shangjiao	上交	220	47
shangjiao	上缴	155	49
shangjie	上街	235	47
shangjie	上届	173	48
shangjie	商界	103	50
shangjing	上京	138	49
shangjuan	上卷	171	48
shangke	上课	650	43
shangke	尚可	220	47
shangkong	上空	1063	41
shangkou	伤口	1528	40
shanglai	上来	3970	36
shanglan	上篮	258	47
shangliang	商量	2706	37
shangliu	上流	163	48
shanglou	上楼	220	47
shanglu	上路	363	45
shangluoshan	商洛山	392	45
shanglv	商旅	357	45
shangma	上马	1114	41
shangmao	商贸	658	43
shangmen	上门	500	44
shangmian	上面	4976	35
shangnian	上年	2075	38
shangou	山沟	222	47
shangpa	上爬	257	47
shangpi	上皮	246	47
shangpin	商品	10160	32
shangpin	上品	268	46
shangpinfang	商品房	225	47
shangpinhua	商品化	127	49
shangpinjingji	商品经济	494	44
shangpinliang	商品粮	147	49
shangpinliang	商品量	137	49
shangpinliutong	商品流通	199	48
shangpinshengchan	商品生产	233	47
shangpu	上铺	317	46
shangqian	上前	1658	39
shangqie	尚且	367	45
shangqing	伤情	107	50
shangqiu	商丘	251	47
shangqu	上去	3421	36
shangren	商人	2829	37
shangren	上任	541	44
shangren	伤人	454	44
shangshan	上山	840	42
shangshangxiaxia	上上下下	243	47
shangshanxiaxiang	上山下乡	119	50
shangshen	上身	269	46
shangsheng	上升	3747	36
shangshi	上市	3199	37
shangshi	伤势	632	43
shangshi	赏识	352	45
shangshu	上述	5261	35
shangshu	尚书	4437	35
shangshu	上书	818	42
shangsi	上司	1137	41
shangsu	上诉	187	48
shangsu	上溯	159	49
shangtai	上台	762	42
shangtan	商谈	178	48
shangtao	商讨	216	47
shangtian	上天	312	46
shangtong	伤痛	240	47
shangtou	上头	195	48
shangu	山谷	1074	41
shanguang	闪光	247	47
shanguo	闪过	366	45
shangwan	上万	208	47
shangwang	伤亡	1047	41
shangwang	上网	849	42
shangwantou	上万头	128	49
shangwanyuan	上万元	295	46
shangwei	尚未	3798	36
shangwei	上尉	136	49
shangwu	上午	3088	37
shangwu	尚无	1439	40
shangwu	商务	1166	41
shangwu	晌午	178	48
shangwubu	商务部	230	47
shangxia	上下	2142	38
shangxian	上线	657	43
shangxian	上限	228	47
shangxiao	上校	262	47
shangxiashui	上下水	134	49
shangxiawen	上下文	111	50
shangxin	伤心	1388	40
shangxin	赏心	205	48
shangxinshi	上新世	100	50
shangxue	上学	880	42
shangxueyuan	商学院	388	45
shangxun	上旬	280	46
shangyan	上演	642	43
shangyang	上扬	393	45
shangyang	商鞅	120	50
shangye	商业	6280	34
shangyehua	商业化	116	50
shangyequ	商业区	146	49
shangyexing	商业性	115	50
shangyeyinhang	商业银行	354	45
shangyi	商议	1729	39
shangyi	上衣	438	45
shangying	上映	213	47
shangyiyuan	上议院	272	46
shangyong	商用	266	47
shangyong	上涌	142	49
shangyongche	商用车	516	44
shangyou	上游	1780	39
shangyou	尚有	1213	40
shangyu	上谕	143	49
shangyu	伤愈	106	50
shangyuan	伤员	428	45
shangyuan	上院	356	45
shangyue	上月	207	48
shangyuxi	上御玺	128	49
shangzhang	上涨	2389	38
shangzhe	伤者	179	48
shangzhen	上阵	275	46
shangzheng	上证	120	50
shangzhou	上周	572	43
shangzhou	商周	319	46
shangzhou	商州	185	48
shanhaiguan	山海关	784	42
shanhe	山河	1079	41
shanhong	山洪	116	50
shanhou	山后	231	47
shanhou	善后	145	49
shanhu	珊瑚	758	42
shanhua	山花	168	48
shanhujiao	珊瑚礁	293	46
shanji	山脊	144	49
shanjian	山间	457	44
shanjiaoxia	山脚下	215	47
shankai	闪开	195	48
shankou	山口	641	43
shanli	山里	855	42
shanliang	善良	641	43
shanliang	闪亮	206	48
shanlihong	山里红	138	49
shanlin	山林	401	45
shanling	山岭	339	46
shanlu	山麓	971	41
shanlu	山路	686	43
shanluan	山峦	147	49
shanmai	山脉	1913	39
shanmen	山门	345	45
shanmian	扇面	100	50
shanmin	山民	137	49
shannan	山南	926	42
shanpo	山坡	1164	41
shanqian	山前	544	44
shanqiang	山墙	300	46
shanqiu	山丘	212	47
shanqu	山区	2809	37
shanren	善人	648	43
shanshan	闪闪	445	44
shanshang	山上	1537	39
shanshen	闪身	298	46
shanshen	山神	125	50
shanshi	山石	676	43
shanshi	山势	325	46
shanshi	膳食	242	47
shanshi	闪失	110	50
shanshui	山水	1500	40
shanshuihua	山水画	176	48
shanshuo	闪烁	759	42
shansizhen	山寺镇	256	47
shansulin	山粟林	256	47
shanti	山体	497	44
shantou	山头	764	42
shantou	汕头	230	47
shanxi	陕西	3091	37
shanxi	山西	2696	37
shanxi	山系	195	48
shanxia	山下	793	42
shanxian	闪现	173	48
shanxing	扇形	277	46
shanxing	善行	244	47
shanxisheng	陕西省	1099	41
shanxisheng	山西省	526	44
shanya	山崖	169	48
shanyang	山羊	354	45
shanyangrou	山羊肉	259	47
shanyao	闪耀	192	48
shanyao	山腰	155	49
shanye	山野	241	47
shanyi	善意	207	48
shanying	山影	288	46
shanyong	善用	147	49
shanyu	善于	1707	39
shanyu	擅于	172	48
shanzai	善哉	148	49
shanzha	山楂	110	50
shanzhai	山寨	759	42
shanzhan	善战	192	48
shanzhen	山珍	809	42
shanzhen	山镇	537	44
shanzhenhaiwei	山珍海味	583	43
shanzhong	山中	746	42
shanzhuang	山庄	272	46
shanzi	擅自	538	44
shanzi	扇子	433	45
shanzixi	山自西	257	47
shaobei	烧杯	121	50
shaobing	烧饼	588	43
shaobing	哨兵	284	46
shaobude	少不得	169	48
shaobuliao	少不了	292	46
shaocheng	烧成	215	47
shaodaxia	邵大侠	594	43
shaodiao	烧掉	139	49
shaoer	少儿	203	48
shaofu	少妇	442	44
shaogong	艄公	113	50
shaohou	稍后	167	48
shaohui	烧毁	570	43
shaohuo	烧火	171	48
shaojia	稍加	171	48
shaojian	少见	458	44
shaojiang	少将	1396	40
shaojiu	烧酒	150	49
shaokao	烧烤	883	42
shaoliang	少量	1314	40
shaolin	少林	1659	39
shaolinsi	少林寺	1189	41
shaonainai	少奶奶	157	49
shaonian	少年	4039	36
shaonianertong	少年儿童	475	44
shaonv	少女	2727	37
shaopiaoping	邵飘萍	138	49
shaoping	烧瓶	112	50
shaosha	烧杀	243	47
shaoshang	烧伤	188	48
shaoshao	稍稍	610	43
shaoshi	少时	144	49
shaoshixin	邵时信	154	49
shaoshu	少数	4232	35
shaoshujige	少数几个	162	48
shaoshuminzu	少数民族	3371	36
shaosi	烧死	207	48
shaowei	稍微	719	43
shaoxiang	烧香	249	47
shaoxiao	少校	151	49
shaoxing	绍兴	637	43
shaoxu	少许	176	48
shaoyang	少阳	114	50
shaoyao	芍药	155	49
shaoye	少爷	741	42
shaoyou	少有	282	46
shaoyu	少于	733	42
shaozao	烧造	144	49
shaozhe	烧着	135	49
shaozhi	烧制	375	45
shaqi	杀气	216	47
shaqitengteng	杀气腾腾	189	48
shaqiu	沙丘	590	43
sharen	杀人	1797	39
sharenfanghuo	杀人放火	125	50
sharu	杀入	248	47
shaseng	沙僧	695	43
shasha	沙沙	154	49
shashang	杀伤	796	42
shashangli	杀伤力	184	48
shashangxing	杀伤性	163	48
shashi	沙市	1138	41
shashi	霎时	548	44
shashibiya	莎士比亚	292	46
shashijian	霎时间	307	46
shashiqu	沙市区	518	44
shashishi	沙市市	258	47
shashou	杀手	645	43
shasi	杀死	1588	39
shatan	沙滩	993	41
shate	沙特	221	47
shatianguang	沙天广	101	50
shatongtian	沙通天	100	50
shatou	杀头	217	47
shatu	砂土	563	44
shatu	沙土	213	47
shawan	沙湾	287	46
shaxiao	傻笑	109	50
shaya	沙哑	122	50
shayan	砂岩	277	46
shayangxian	沙洋县	256	47
shayu	鲨鱼	387	45
shayu	沙鱼	262	47
shazhou	沙洲	221	47
shazi	傻子	543	44
shazi	沙子	271	46
shean	涉案	101	50
shebao	社保	119	50
shebei	设备	8176	33
shebude	舍不得	668	43
shecheng	射程	1119	41
shechi	奢侈	464	44
shechipin	奢侈品	300	46
shede	舍得	651	43
shedian	射电	308	46
sheding	设定	406	45
shedong	摄动	112	50
shefa	设法	1251	40
shefang	设防	183	48
shehua	奢华	215	47
shehui	社会	43401	26
shehuibaoxian	社会保险	131	49
shehuibaozhang	社会保障	262	47
shehuidang	社会党	409	45
shehuiguanxi	社会关系	201	48
shehuihua	社会化	368	45
shehuikexue	社会科学	522	44
shehuixiaoyi	社会效益	145	49
shehuixing	社会性	125	50
shehuixue	社会学	1266	40
shehuixuejia	社会学家	247	47
shehuizhidu	社会制度	358	45
shehuizhuyi	社会主义	13995	31
shehuo	社火	124	50
sheji	设计	12474	31
sheji	涉及	3734	36
sheji	社稷	2962	37
sheji	射击	1874	39
shejian	射箭	352	45
shejian	舌尖	107	50
shejiao	社交	283	46
shejiju	设计局	122	50
shejishi	设计师	747	42
shejitu	设计图	155	49
shejizhe	设计者	501	44
sheli	设立	8773	33
sheli	舍利	104	50
shelie	涉猎	105	50
shelun	社论	244	47
shemen	射门	414	45
shemian	赦免	167	48
sheming	舍命	232	47
shenan	审案	180	48
shenao	深奥	154	49
shenban	申办	125	50
shenbao	申报	1101	41
shenbaoxu	申包胥	272	46
shenbian	身边	5641	34
shenbian	申辩	108	50
shenbing	肾病	133	49
shenbu	深部	102	50
shenbukece	深不可测	152	49
shenbuyouji	身不由己	108	50
shencai	身材	1275	40
shencai	神采	110	50
shencang	深藏	181	48
shenceng	深层	293	46
shencengci	深层次	183	48
shencha	审查	3478	36
shenchang	伸长	218	47
shenchang	身长	203	48
shenchen	深沉	463	44
shenchu	伸出	2392	38
shenchu	深处	2195	38
shenchu	身处	387	45
shenchu	渗出	313	46
shenchuan	身穿	1263	40
shenchuguimo	神出鬼没	101	50
shenchunyao	沈春耀	256	47
shenda	深达	121	50
shendao	神道	464	44
shendian	神殿	155	49
shending	审定	491	44
shendu	深度	1930	39
shenfa	身法	429	45
shenfen	身份	2691	37
shenfen	身分	1253	40
shenfenzheng	身份证	708	43
shenfu	神父	222	47
shenfu	身负	185	48
shengan	深感	495	44
shengao	身高	573	43
shengbai	胜败	379	45
shengbaoluo	圣保罗	139	49
shengbidebao	圣彼得堡	339	46
shengbing	生病	469	44
shengbo	声波	270	46
shengchan	生产	32898	27
shengchan	盛产	1323	40
shengchandui	生产队	170	48
shengchanfangshi	生产方式	778	42
shengchanguanxi	生产关系	393	45
shengchanguo	生产国	159	49
shengchanli	生产力	2033	38
shengchanliang	生产量	302	46
shengchanlv	生产率	446	44
shengchannengli	生产能力	672	43
shengchanshang	生产商	159	49
shengchanxian	生产线	521	44
shengchanxing	生产型	105	50
shengchanzhe	生产者	629	43
shengchanziliao	生产资料	1486	40
shengchanzongzhi	生产总值	1937	39
shengchen	生辰	143	49
shengcheng	生成	2337	38
shengcheng	声称	747	42
shengcheng	省城	604	43
shengchu	生出	849	42
shengchu	牲畜	717	43
shengchu	胜出	128	49
shengcun	生存	3476	36
shengda	盛大	616	43
shengdan	圣诞	165	48
shengdanjie	圣诞节	166	48
shengdao	声道	1414	40
shengde	省得	246	47
shengdi	圣地	723	43
shengdi	胜地	662	43
shengdiao	声调	365	45
shengdiyage	圣地亚哥	144	49
shengdong	生动	1266	40
shengdongjixi	声东击西	200	48
shengfen	省份	1212	40
shengfu	胜负	636	43
shengfu	生父	364	45
shenggao	升高	1142	41
shengge	笙歌	170	48
shengge	升格	122	50
shenggen	生根	127	49
shengguan	升官	144	49
shengguang	生光	100	50
shengguo	胜过	658	43
shenghua	生化	358	45
shenghua	升华	240	47
shenghuan	生还	108	50
shenghuaren	盛华仁	516	44
shenghui	省会	1515	40
shenghui	盛会	298	46
shenghuo	生活	31550	27
shenghuo	圣火	219	47
shenghuo	生火	106	50
shenghuofei	生活费	217	47
shenghuoshi	生活史	112	50
shenghuoziliao	生活资料	275	46
shengji	省级	5563	34
shengji	升级	3593	36
shengji	胜迹	804	42
shengji	生机	398	45
shengji	生计	375	45
shengji	省籍	275	46
shengjiang	升降	463	44
shengjiang	生姜	113	50
shengjiangtai	升降台	148	49
shengjibobo	生机勃勃	101	50
shengjing	圣经	438	45
shengjing	盛京	204	48
shengjiu	生就	124	50
shengkai	盛开	609	43
shengkong	升空	240	47
shengkou	牲口	479	44
shengkuang	盛况	126	49
shenglai	生来	285	46
shenglaolunsi	圣劳伦斯	111	50
shengli	胜利	8904	32
shengli	生理	1792	39
shengli	省里	249	47
shenglijun	生力军	102	50
shengling	生灵	134	49
shenglixue	生理学	356	45
shenglizhe	胜利者	157	49
shenglve	省略	129	49
shengming	生命	6986	33
shengming	声明	2689	37
shengming	声名	345	45
shengming	盛名	299	46
shengming	圣明	130	49
shengmingli	生命力	407	45
shengmu	圣母	517	44
shengmu	生母	470	44
shengmu	声母	116	50
shengna	声纳	145	49
shengnei	省内	2795	37
shengneiwai	省内外	320	46
shengnu	盛怒	132	49
shengong	神功	628	43
shengongneng	肾功能	250	47
shengou	申购	103	50
shengpa	生怕	1081	41
shengping	生平	1079	41
shengqi	生气	2416	38
shengqi	升起	904	42
shengqi	升旗	367	45
shengqian	生前	856	42
shengqian	升迁	259	47
shengqiang	声腔	109	50
shengqibobo	生气勃勃	118	50
shengqin	生擒	164	48
shengqing	盛情	150	49
shengqu	省区	1204	40
shengqu	省去	120	50
shengren	圣人	555	44
shengren	胜任	486	44
shengren	升任	334	46
shengren	生人	199	48
shengri	生日	1028	41
shengru	升入	135	49
shengseng	圣僧	154	49
shengshang	圣上	243	47
shengsheng	声声	115	50
shengshi	声势	749	42
shengshi	省市	441	44
shengshi	盛世	211	47
shengshi	省事	117	50
shengshihaoda	声势浩大	347	45
shengshu	生疏	141	49
shengshuai	盛衰	113	50
shengshui	圣水	578	43
shengsi	生死	1414	40
shengsicunwang	生死存亡	325	46
shengsu	声速	128	49
shengsuan	胜算	118	50
shengsuo	绳索	673	43
shengtai	生态	4260	35
shengtaixue	生态学	269	46
shengtang	盛唐	115	50
shengtao	声讨	120	50
shengteng	升腾	258	47
shengtie	生铁	183	48
shengtu	圣土	128	49
shengu	深谷	341	46
shenguang	甚广	110	50
shenguofang	沈国放	283	46
shengwai	省外	617	43
shengwang	声望	302	46
shengwei	省委	1863	39
shengwen	升温	234	47
shengwu	生物	7238	33
shengwujian	生物碱	130	49
shengwujie	生物界	144	49
shengwuquan	生物圈	256	47
shengwuti	生物体	448	44
shengwuxue	生物学	677	43
shengwuxuejia	生物学家	375	45
shengxi	生息	500	44
shengxi	声息	404	45
shengxia	剩下	3240	37
shengxia	盛夏	106	50
shengxian	圣贤	205	48
shengxiang	声响	2029	38
shengxiao	生效	1693	39
shengxiashi	省辖市	1049	41
shengxieshao	生谢绍	128	49
shengxing	盛行	1207	40
shengxing	生性	447	44
shengxuanhuai	盛宣怀	521	44
shengxue	声学	408	45
shengxue	升学	188	48
shengxuelv	升学率	381	45
shengxun	圣训	117	50
shengya	生涯	1608	39
shengyan	盛宴	103	50
shengyi	生意	1719	39
shengyin	声音	10340	32
shengying	生硬	127	49
shengyiren	生意人	120	50
shengyu	生于	4690	35
shengyu	生育	958	41
shengyu	剩余	629	43
shengyu	声誉	574	43
shengyuan	生源	679	43
shengyuan	声援	290	46
shengyuchanpin	剩余产品	302	46
shengyue	声乐	256	47
shengyujiazhi	剩余价值	2306	38
shengyulaodong	剩余劳动	463	44
shengzhang	生长	6940	33
shengzhang	省长	3936	36
shengzhang	胜仗	304	46
shengzhang	声张	126	49
shengzhangjisu	生长激素	109	50
shengzhangliang	生长量	263	47
shengzhengfu	省政府	662	43
shengzhi	省直	1895	39
shengzhi	生殖	815	42
shengzhi	圣旨	679	43
shengzhi	升值	511	44
shengzhi	升至	292	46
shengzhi	升职	209	47
shengzhiqi	生殖器	157	49
shengzhu	生猪	486	44
shengzhuang	盛装	108	50
shengzi	绳子	693	43
shengzi	生子	143	49
shenhai	深海	354	45
shenhe	审核	992	41
shenhou	身后	2293	38
shenhou	深厚	1138	41
shenhua	深化	1425	40
shenhua	神话	1378	40
shenhua	申花	570	43
shenhua	神化	101	50
shenhuadui	申花队	226	47
shenhuangzhou	神皇洲	256	47
shenji	审计	1204	40
shenjia	身价	329	46
shenjiabaibei	身价百倍	138	49
shenjian	神剑	168	48
shenjian	深涧	102	50
shenjin	伸进	126	49
shenjing	神经	1997	38
shenjingbaizhan	身经百战	107	50
shenjingbing	神经病	160	49
shenjingxibao	神经细胞	122	50
shenjingxitong	神经系统	407	45
shenjingyuan	神经元	281	46
shenjishu	审计署	292	46
shenjizhang	审计长	1289	40
shenju	身居	158	49
shenke	深刻	3029	37
shenlaizhibi	神来之笔	527	44
shenli	审理	1029	41
shenli	神力	173	48
shenling	神灵	301	46
shenlong	神龙	1197	40
shenlvai	沈绿爱	211	47
shenlvcun	沈绿村	111	50
shenme	什么	59317	25
shenme	甚么	11717	31
shenmei	审美	894	42
shenmeyang	什么样	1849	39
shenmi	神秘	2108	38
shenmiao	神庙	486	44
shenmiao	神妙	144	49
shenming	神明	212	47
shenming	申明	136	49
shennong	神农	688	43
shennongjia	神农架	2114	38
shennongxi	神农溪	259	47
shenpan	审判	3805	36
shenpang	身旁	1615	39
shenpanguan	审判官	177	48
shenpanquan	审判权	290	46
shenpanyuan	审判员	1006	41
shenpi	审批	973	41
shenpi	身披	400	45
shenqi	神奇	695	43
shenqi	神气	627	43
shenqian	深浅	167	48
shenqie	深切	415	45
shenqing	申请	2869	37
shenqing	神情	1963	39
shenqing	深情	449	44
shenqingren	申请人	128	49
shenqiu	深秋	114	50
shenqu	身躯	518	44
shenren	神人	124	50
shenru	深入	4933	35
shenru	渗入	303	46
shenrurenxin	深入人心	127	49
shense	神色	2277	38
shenshan	深山	610	43
shenshang	身上	11123	32
shenshangxian	肾上腺	278	46
shenshangxiansu	肾上腺素	140	49
shenshen	深深	1995	38
shenshen	审慎	145	49
shenshen	婶婶	125	50
shensheng	神圣	1051	41
shenshetou	伸舌头	127	49
shenshi	身世	348	45
shenshi	审视	325	46
shenshi	绅士	296	46
shenshiduoshi	审时度势	226	47
shenshixing	申时行	148	49
shenshizhu	沈士柱	177	48
shenshou	伸手	4337	35
shenshou	深受	1564	39
shenshou	身受	583	43
shenshou	身手	453	44
shenshu	申述	117	50
shenshui	深水	331	46
shenshui	渗水	177	48
shensi	沈思	257	47
shensi	深思	225	47
shensishulv	深思熟虑	128	49
shensu	申诉	885	42
shensu	神速	123	50
shensui	深邃	227	47
shensuling	申宿令	128	49
shensuo	伸缩	379	45
shentai	神态	731	42
shentan	神坛	131	49
shenti	身体	7962	33
shentilixing	身体力行	111	50
shentong	神通	354	45
shentongguangda	神通广大	174	48
shentou	渗透	834	42
shentouya	渗透压	155	49
shenwang	神往	523	44
shenwang	身亡	406	45
shenwei	身为	769	42
shenwei	甚为	576	43
shenwei	神位	437	45
shenwei	神威	182	48
shenwen	审问	256	47
shenwutongjue	深恶痛绝	123	50
shenxia	身下	192	48
shenxian	神仙	1138	41
shenxian	深陷	209	47
shenxiang	神像	351	45
shenxiang	伸向	167	48
shenxiaoguan	肾小管	144	49
shenxiaoqiu	肾小球	102	50
shenxin	身心	618	43
shenxin	深信	209	47
shenxinbuyi	深信不疑	104	50
shenxing	身形	637	43
shenxinjiankang	身心健康	116	50
shenxinsun	沈辛荪	256	47
shenxue	神学	462	44
shenxuejia	神学家	102	50
shenxun	审讯	511	44
shenyan	肾炎	144	49
shenyang	沈阳	1487	40
shenyangjunqu	沈阳军区	100	50
shenyangshi	沈阳市	129	49
shenye	深夜	712	43
shenyepai	什叶派	149	49
shenyi	审议	5238	35
shenyi	神医	221	47
shenyi	深意	124	50
shenyin	呻吟	756	42
shenying	身影	837	42
shenyuan	深远	1142	41
shenyuan	深渊	307	46
shenyun	神韵	355	45
shenyuying	沈玉英	128	49
shenzang	肾脏	374	45
shenzao	深造	262	47
shenzhan	伸展	565	43
shenzhan	深湛	132	49
shenzhe	身着	672	43
shenzhen	深圳	2801	37
shenzhendui	深圳队	162	48
shenzhenshi	深圳市	553	44
shenzhi	甚至	15239	30
shenzhi	深知	480	44
shenzhi	神智	320	46
shenzhi	神志	184	48
shenzhi	神祗	117	50
shenzhi	伸直	115	50
shenzhiyu	甚至于	182	48
shenzhong	慎重	600	43
shenzhong	深重	259	47
shenzhou	神州	422	45
shenzhou	神舟	131	49
shenzhouxing	神州行	125	50
shenzi	身子	6107	34
shenzi	婶子	340	46
shenzong	神宗	128	49
shenzuzhu	神祖主	128	49
sheqi	舍弃	215	47
shequ	社区	6115	34
shequ	摄取	233	47
sheren	舍人	240	47
sheru	摄入	365	45
sheru	射入	118	50
sheruliang	摄入量	103	50
shesha	射杀	102	50
sheshen	舍身	140	49
sheshi	设施	4803	35
sheshi	摄氏	286	46
sheshi	摄食	114	50
sheshidu	摄氏度	301	46
sheshou	射手	316	46
sheshui	涉水	142	49
shesu	射速	200	48
shetai	舌苔	104	50
shetou	舌头	902	42
shetuan	社团	420	45
shewai	涉外	285	46
shewang	奢望	183	48
shexian	射线	1258	40
shexian	涉嫌	269	46
shexiang	设想	1519	40
shexiang	麝香	119	50
shexiang	摄像	102	50
shexiangji	摄像机	249	47
sheyan	设宴	229	47
sheying	摄影	1279	40
sheying	射影	127	49
sheyingshi	摄影师	106	50
sheyou	设有	3182	37
sheyuan	社员	251	47
shezai	设在	1465	40
shezhang	社长	585	43
shezheng	摄政	215	47
shezhengwang	摄政王	489	44
shezhi	设置	4230	35
shezhi	摄制	179	48
shezhong	射中	177	48
shezu	涉足	340	46
shezu	畲族	319	46
shian	石安	256	47
shiba	十八	1304	40
shibai	失败	4487	35
shibai	十百	129	49
shibaizhe	失败者	138	49
shiban	石板	482	44
shibangzhu	石帮主	106	50
shibanian	十八年	1859	39
shibao	时报	989	41
shibari	十八日	271	46
shibasui	十八岁	256	47
shibei	石碑	601	43
shibei	十倍	437	45
shibi	势必	860	42
shibi	石壁	599	43
shibian	事变	594	43
shibie	识别	1112	41
shibing	士兵	3681	36
shibu	师部	129	49
shibude	使不得	183	48
shibushi	是不是	5655	34
shibushi	时不时	260	47
shibuyichi	事不宜迟	144	49
shicai	适才	1656	39
shice	史册	407	45
shicha	视察	1446	40
shichang	市场	26927	28
shichang	时常	893	42
shichang	失常	380	45
shichangbu	市场部	145	49
shichanghua	市场化	383	45
shichangjingji	市场经济	1846	39
shichayuan	视察员	145	49
shichen	时辰	1527	40
shichen	使臣	364	45
shicheng	师承	177	48
shichu	使出	631	43
shichuan	失传	288	46
shici	诗词	396	45
shici	十次	335	46
shicong	是从	4054	36
shicong	侍从	279	46
shicong	师从	126	49
shicunshan	石存山	174	48
shida	十大	1619	39
shida	师大	318	46
shidafu	士大夫	295	46
shidai	时代	10799	32
shidai	世代	522	44
shidaixiangchuan	世代相传	340	46
shidan	实弹	102	50
shidang	适当	5584	34
shidang	失当	194	48
shidao	十道	306	46
shidao	世道	173	48
shidaolintou	事到临头	109	50
shide	似的	4637	35
shide	使得	3483	36
shide	实德	284	46
shidedui	实德队	277	46
shideqifan	适得其反	125	50
shidi	湿地	1194	41
shidi	师弟	1095	41
shidi	似地	684	43
shidi	实地	422	45
shidi	失地	353	45
shidian	试点	1130	41
shidian	十点	145	49
shidiao	石雕	327	46
shidiao	失掉	125	50
shidu	适度	417	45
shidu	湿度	321	46
shiduan	时段	160	49
shiduan	事端	137	49
shiduoge	十多个	125	50
shiduonian	十多年	465	44
shiduoqi	十多起	257	47
shien	施恩	195	48
shier	事儿	1886	39
shier	十二	1396	40
shier	时而	515	44
shierbujian	视而不见	182	48
shierda	十二大	166	48
shierge	十二个	248	47
shierjie	十二届	152	49
shiernian	十二年	698	43
shierwu	十二五	274	46
shieryue	十二月	575	43
shierzhichang	十二指肠	127	49
shifa	师法	186	48
shifa	事发	175	48
shifan	师范	981	41
shifan	示范	981	41
shifandaxue	师范大学	438	45
shifang	释放	2139	38
shifang	史方	269	46
shifang	施放	156	49
shifanqu	示范区	2096	38
shifanxian	示范县	1028	41
shifanxuexiao	师范学校	231	47
shifanxueyuan	师范学院	1191	41
shifei	是非	1099	41
shifei	试飞	393	45
shifei	施肥	134	49
shifeiyuan	试飞员	105	50
shifen	十分	16428	30
shifen	时分	1303	40
shifeng	侍奉	180	48
shifenzhiyi	十分之一	149	49
shifenzhong	十分钟	145	49
shifou	是否	9996	32
shifoushi	是否是	165	48
shifu	师父	8468	33
shifu	师傅	1976	38
shigan	实干	101	50
shigao	石膏	645	43
shigaokuang	石膏矿	267	46
shige	诗歌	1562	39
shige	师哥	1443	40
shige	十个	977	41
shige	时隔	251	47
shigong	施工	2140	38
shigongdui	施工队	166	48
shigu	事故	1766	39
shigu	尸骨	218	47
shiguan	使馆	768	42
shiguan	士官	463	44
shiguan	事关	444	44
shiguan	试管	374	45
shiguan	石棺	197	48
shiguan	食管	181	48
shiguan	史官	124	50
shiguang	时光	797	42
shiguangsheng	石广生	258	47
shiguanqu	使馆区	284	46
shiguo	驶过	121	50
shihai	尸骸	129	49
shihao	嗜好	188	48
shihe	适合	3795	36
shihe	石河	125	50
shihe	失和	105	50
shiheng	失衡	278	46
shihou	时候	31521	27
shihou	事后	576	43
shihou	侍候	528	44
shihu	石湖	521	44
shihua	石化	737	42
shihua	实话	454	44
shihua	诗话	107	50
shihuan	使唤	232	47
shihuang	拾荒	773	42
shihuashishuo	实话实说	110	50
shihuayan	石华堰	256	47
shihui	石灰	419	45
shihui	实惠	294	46
shihui	时会	257	47
shihuishi	石灰石	317	46
shihuiyan	石灰岩	393	45
shihunluopo	失魂落魄	106	50
shiji	世纪	21100	29
shiji	实际	12010	31
shiji	时机	1771	39
shiji	事迹	722	43
shiji	市级	667	43
shiji	诗集	575	43
shiji	史记	554	44
shiji	试剂	364	45
shiji	十几	320	46
shiji	史籍	259	47
shijia	世家	466	44
shijia	施加	438	45
shijia	史家	160	49
shijia	十佳	105	50
shijia	市价	105	50
shijiamuni	释迦牟尼	117	50
shijian	时间	33288	27
shijian	事件	7578	33
shijian	实践	5441	34
shijian	始建	2355	38
shijian	世间	806	42
shijianbiao	时间表	166	48
shijiang	石匠	201	48
shijiao	视角	425	45
shijiao	市郊	261	47
shijiazhuang	石家庄	440	44
shijie	世界	34387	27
shijie	使节	497	44
shijie	时节	494	44
shijie	石阶	208	47
shijie	十届	157	49
shijiebei	世界杯	1654	39
shijiebeisai	世界杯赛	153	49
shijiedazhan	世界大战	236	47
shijiegedi	世界各地	652	43
shijieguan	世界观	315	46
shijieji	世界级	123	50
shijiejilu	世界纪录	190	48
shijieshichang	世界市场	199	48
shijiexing	世界性	342	46
shijieyinhang	世界银行	188	48
shijifenzhong	十几分钟	194	48
shijige	十几个	599	43
shijimo	世纪末	980	41
shijin	使劲	906	42
shijin	驶进	181	48
shijing	诗经	238	47
shijing	市井	175	48
shijing	石经	142	49
shijingyi	石静宜	256	47
shijinian	十几年	575	43
shijinsai	世锦赛	310	46
shijishang	实际上	9032	32
shijisui	十几岁	235	47
shijitian	十几天	109	50
shijitiao	十几条	154	49
shijiu	十九	382	45
shijiunian	十九年	566	43
shijiuri	十九日	116	50
shijiwan	十几万	139	49
shiju	诗句	294	46
shiju	时局	153	49
shiju	视距	125	50
shijuan	试卷	465	44
shijue	视觉	672	43
shijundao	世钧道	139	49
shike	时刻	3448	36
shike	石刻	417	45
shikefa	史可法	353	45
shikong	时空	419	45
shikong	失控	162	48
shiku	石窟	649	43
shikuai	石块	455	44
shikuang	实况	158	49
shilan	石栏	147	49
shilang	侍郎	1490	40
shilang	施琅	313	46
shili	实力	5304	35
shili	势力	4786	35
shili	失利	595	43
shili	事例	581	43
shili	市里	442	44
shili	视力	431	45
shili	十里	414	45
shili	实例	312	46
shili	施礼	253	47
shili	侍立	183	48
shili	失礼	105	50
shilian	失恋	121	50
shiliang	适量	362	45
shiliang	矢量	191	48
shiliang	十两	154	49
shiliang	食粮	105	50
shiliao	史料	1153	41
shiliao	石料	209	47
shiliao	食料	140	49
shilin	石林	432	45
shiling	适龄	367	45
shiling	失灵	138	49
shilingguan	使领馆	154	49
shiliu	十六	1183	41
shiliu	石榴	192	48
shiliuge	十六个	127	49
shiliunian	十六年	522	44
shiliushi	石榴石	270	46
shiliusui	十六岁	173	48
shilong	石龙	273	46
shilu	实录	646	43
shilulu	湿漉漉	176	48
shiluo	失落	368	45
shimao	时髦	301	46
shimaozuzhi	世贸组织	111	50
shimei	师妹	1351	40
shimen	石门	672	43
shimen	师门	203	48
shimian	失眠	366	45
shimian	石棉	283	46
shimian	世面	181	48
shimian	市面	141	49
shimin	市民	3506	36
shiming	使命	1191	41
shiming	十名	355	45
shiming	失明	193	48
shiminggan	使命感	129	49
shimisi	史密斯	206	48
shimo	石墨	516	44
shimu	师母	559	44
shinai	实乃	106	50
shinei	室内	997	41
shinei	市内	796	42
shinian	十年	3649	36
shiniang	师娘	502	44
shinianhanchuang	十年寒窗	136	49
shinv	侍女	312	46
shinv	仕女	102	50
shipailing	石牌岭	257	47
shipian	诗篇	634	43
shipin	食品	6610	34
shipin	视频	1853	39
shipin	饰品	105	50
shipo	识破	198	48
shipo	湿婆	109	50
shipopo	史婆婆	131	49
shipotian	石破天	1124	41
shiqi	时期	19421	29
shiqi	士气	724	43
shiqi	十七	627	43
shiqi	石器	624	43
shiqian	事前	304	46
shiqian	史前	240	47
shiqiang	石墙	135	49
shiqiao	石桥	779	42
shiqing	事情	15354	30
shiqing	实情	370	45
shiqinian	十七年	779	42
shiqiri	十七日	114	50
shiqisui	十七岁	149	49
shiqu	失去	4317	35
shiqu	市区	2460	38
shiqu	逝去	116	50
shiqu	驶去	108	50
shiquan	实权	297	46
shique	失却	123	50
shiran	使然	133	49
shire	湿热	281	46
shiren	诗人	2795	37
shiren	世人	1201	40
shiren	时任	453	44
shiren	时人	311	46
shiren	士人	183	48
shiren	石人	105	50
shiri	时日	377	45
shiri	十日	244	47
shirong	市容	530	44
shirou	食肉	143	49
shiru	驶入	117	50
shirun	湿润	1327	40
shiruo	示弱	158	49
shisan	十三	1808	39
shisan	失散	127	49
shisanda	十三大	168	48
shisandian	十三点	131	49
shisange	十三个	375	45
shisanjie	十三届	201	48
shisannian	十三年	698	43
shisansui	十三岁	105	50
shise	失色	191	48
shishan	石山	109	50
shishang	世上	1877	39
shishang	时尚	1044	41
shishe	试射	282	46
shishe	施舍	166	48
shishen	尸身	534	44
shishen	士绅	176	48
shisheng	师生	634	43
shisheng	失声	320	46
shishi	实施	10713	32
shishi	事实	4593	35
shishi	逝世	1383	40
shishi	试试	693	43
shishi	时时	649	43
shishi	实事	572	43
shishi	石狮	565	43
shishi	史诗	523	44
shishi	适时	501	44
shishi	世事	421	45
shishi	史实	369	45
shishi	实时	360	45
shishi	事事	295	46
shishi	师师	271	46
shishi	石室	231	47
shishi	史事	195	48
shishi	时事	163	48
shishi	失事	148	49
shishidaidai	世世代代	163	48
shishikeke	时时刻刻	138	49
shishiqiushi	实事求是	1011	41
shishishang	事实上	2752	37
shishizaizai	实实在在	457	44
shishizi	石狮子	176	48
shishou	石首	30746	28
shishou	尸首	587	43
shishou	石兽	402	45
shishou	失守	316	46
shishou	失手	283	46
shishoushi	石首市	6148	34
shishouyong	石寿永	256	47
shishu	史书	561	44
shishu	时数	345	45
shishu	实数	204	48
shishu	实属	202	48
shishu	诗书	132	49
shishu	市属	112	50
shishui	失水	100	50
shishuo	时说	648	43
shisi	十四	1634	39
shisi	誓死	376	45
shisida	十四大	224	47
shisijie	十四届	138	49
shisinian	十四年	496	44
shisisui	十四岁	101	50
shisisuo	十四所	258	47
shisu	世俗	567	43
shisu	时速	345	45
shisu	食宿	140	49
shisui	十岁	245	47
shitai	事态	527	44
shitai	失态	134	49
shitan	试探	468	44
shitang	食堂	660	43
shiti	尸体	2159	38
shiti	实体	725	42
shiti	试题	574	43
shiti	诗体	153	49
shitian	十天	546	44
shitianxiong	史天雄	395	45
shitiao	失调	571	43
shiting	视听	132	49
shitou	石头	1953	39
shitou	势头	963	41
shitou	湿透	142	49
shitu	试图	1484	40
shitu	师徒	685	43
shitu	仕途	327	46
shituan	师团	570	43
shituan	使团	183	48
shiwai	室外	224	47
shiwan	十万	571	43
shiwang	失望	1234	40
shiwangmo	视网膜	178	48
shiwei	示威	2256	38
shiwei	市委	1964	39
shiwei	侍卫	1950	39
shiwei	视为	1913	39
shiwei	实为	402	45
shiwen	诗文	1026	41
shiwen	试问	175	48
shiwen	室温	124	50
shiwu	事务	5380	34
shiwu	事物	4044	36
shiwu	食物	3368	36
shiwu	十五	2584	37
shiwu	失误	1213	40
shiwu	实物	821	42
shiwu	实务	209	47
shiwu	石屋	170	48
shiwu	饰物	145	49
shiwuda	十五大	606	43
shiwudao	十五道	277	46
shiwunian	十五年	1817	39
shiwuri	十五日	254	47
shiwusui	十五岁	162	48
shiwusuo	事务所	674	43
shiwuzhongdu	食物中毒	161	49
shixi	实习	1023	41
shixi	世袭	676	43
shixi	世系	123	50
shixia	时下	178	48
shixian	实现	15301	30
shixian	事先	1601	39
shixian	视线	522	44
shixian	失陷	337	46
shixian	市县	283	46
shixian	时限	118	50
shixiang	事项	2572	37
shixiang	石像	179	48
shixiang	试想	125	50
shixiangsheng	石象生	259	47
shixiao	实效	262	47
shixiao	失效	245	47
shixiaqu	市辖区	1061	41
shixin	失信	101	50
shixing	实行	15400	30
shixing	施行	1744	39
shixing	食性	549	44
shixing	试行	368	45
shixiong	师兄	1700	39
shixiongdi	师兄弟	378	45
shixisheng	实习生	321	46
shixiu	失修	161	49
shixue	史学	816	42
shixue	失学	404	45
shixue	失血	112	50
shixuejia	史学家	208	47
shiyan	实验	5742	34
shiyan	试验	4648	35
shiyan	十堰	3611	36
shiyan	食盐	450	44
shiyan	誓言	271	46
shiyan	饰演	203	48
shiyan	失言	102	50
shiyang	式样	274	46
shiyanse	使眼色	184	48
shiyanshi	十堰市	3089	37
shiyanshi	实验室	2321	38
shiye	事业	10025	32
shiye	失业	1283	40
shiye	实业	810	42
shiye	视野	624	43
shiye	师爷	234	47
shiye	是夜	166	48
shiyebu	事业部	124	50
shiyelv	失业率	249	47
shiyi	适宜	2206	38
shiyi	十一	1116	41
shiyi	示意	900	42
shiyi	事宜	754	42
shiyi	诗意	227	47
shiyi	失意	144	49
shiyige	十一个	112	50
shiyijie	十一届	518	44
shiying	适应	5971	34
shiying	石英	1519	40
shiyinglv	市盈率	108	50
shiyingsha	石英砂	311	46
shiyingxing	适应性	607	43
shiyinian	十一年	508	44
shiyinwei	是因为	798	42
shiyitu	示意图	115	50
shiyiwu	十一五	661	43
shiyiyue	十一月	565	43
shiyong	使用	24035	28
shiyong	适用	3142	37
shiyong	食用	1836	39
shiyong	实用	1417	40
shiyong	试用	526	44
shiyong	施用	148	49
shiyongliang	施用量	278	46
shiyongliang	使用量	104	50
shiyongqi	试用期	270	46
shiyongquan	使用权	220	47
shiyongxing	实用性	107	50
shiyongzhe	使用者	285	46
shiyou	石油	4930	35
shiyou	实有	199	48
shiyou	事由	107	50
shiyu	始于	1109	41
shiyu	适于	941	41
shiyu	食欲	506	44
shiyu	十余	376	45
shiyu	鲥鱼	325	46
shiyuan	师院	138	49
shiyue	十月	1030	41
shiyuegeming	十月革命	409	45
shiyuli	十余里	163	48
shiyuming	十余名	109	50
shiyunian	十余年	378	45
shiyuwan	十余万	181	48
shiyuzhang	十余丈	248	47
shiyuzhao	十余招	113	50
shizai	实在	7557	33
shize	实则	242	47
shizhan	施展	897	42
shizhan	实战	678	43
shizhang	市长	8782	33
shizhang	师长	1172	41
shizhe	使者	938	41
shizhe	侍者	117	50
shizhen	市镇	484	44
shizhen	时针	108	50
shizheng	市政	630	43
shizheng	施政	291	46
shizheng	时政	187	48
shizheng	实证	168	48
shizhengfu	市政府	1259	40
shizhengting	市政厅	152	49
shizhengzhuyi	实证主义	113	50
shizhi	实质	1402	40
shizhi	食指	474	44
shizhi	试制	207	48
shizhi	市值	196	48
shizhi	失职	142	49
shizhi	时值	130	49
shizhibajiu	十之八九	137	49
shizhijinri	时至今日	212	47
shizhixing	实质性	341	46
shizhong	始终	5358	34
shizhong	适中	465	44
shizhong	时钟	191	48
shizhong	示众	159	49
shizhongxin	市中心	794	42
shizhongyu	石中玉	157	49
shizhu	施主	472	44
shizhu	石柱	407	45
shizhuang	时装	257	47
shizhuangzhu	石庄主	125	50
shizhuren	室主任	120	50
shizi	狮子	1192	41
shizi	石子	501	44
shizi	师资	362	45
shizi	识字	255	47
shizi	十字	187	48
shizi	柿子	153	49
shizi	世子	148	49
shizi	虱子	135	49
shizijia	十字架	150	49
shizijun	十字军	258	47
shizilukou	十字路口	170	48
shizishan	狮子山	540	44
shizong	失踪	553	44
shizong	世宗	169	48
shizu	氏族	1012	41
shizu	十足	732	42
shizu	士卒	301	46
shizu	士族	230	47
shizu	始祖	216	47
shizu	失足	123	50
shizuo	诗作	220	47
shizuo	视作	181	48
shoubei	守备	266	47
shoubei	手背	139	49
shoubi	手臂	1944	39
shoubian	收编	158	49
shoubiao	手表	324	46
shoubing	收兵	195	48
shoubo	首播	136	49
shoubuliao	受不了	535	44
shoucang	收藏	1246	40
shoucangjia	收藏家	214	47
shouce	手册	229	47
shouchang	首场	148	49
shouchang	收场	130	49
shouchang	瘦长	116	50
shoucheng	守城	789	42
shoucheng	收成	186	48
shouchi	手持	913	42
shouchuang	首创	503	44
shouci	首次	3783	36
shoucuo	受挫	143	49
shoudangqichong	首当其冲	115	50
shoudao	受到	11428	31
shoudao	收到	1823	39
shoudian	手电	111	50
shoudiantong	手电筒	348	45
shoudong	手动	172	48
shoudu	首都	4278	35
shoudu	首度	116	50
shouduan	手段	6991	33
shoudujichang	首都机场	107	50
shoufa	手法	1886	39
shoufa	首发	331	46
shoufa	受罚	211	47
shoufa	守法	189	48
shoufa	收发	109	50
shoufangzhe	受访者	272	46
shoufei	收费	2553	37
shoufu	首辅	1445	40
shoufu	收复	932	41
shoufu	首府	870	42
shougao	手稿	231	47
shouge	首个	207	48
shouge	收割	161	49
shougeji	收割机	102	50
shougong	手工	733	42
shougongye	手工业	1521	40
shougongyezhe	手工业者	220	47
shougongyipin	手工艺品	117	50
shougou	收购	2045	38
shouguo	受过	738	42
shouhai	受害	151	49
shouhaizhe	受害者	271	46
shouheng	守恒	206	48
shouhengdinglv	守恒定律	138	49
shouhou	守候	183	48
shouhoufuwu	售后服务	151	49
shouhu	守护	493	44
shouhui	收回	1574	39
shouhui	受贿	341	46
shouhuo	收获	1157	41
shouji	手机	4789	35
shouji	收集	1603	39
shouji	首级	394	45
shoujia	售价	311	46
shoujia	首家	151	49
shoujiao	手脚	1010	41
shoujiao	收缴	139	49
shoujie	首届	524	44
shoujin	受尽	137	49
shoujin	手巾	107	50
shoujin	收紧	106	50
shoujing	受精	194	48
shoujing	受惊	110	50
shoujingluan	受精卵	148	49
shoujiu	守旧	133	49
shouju	收据	122	50
shoujuan	手绢	162	48
shoujun	守军	431	45
shoukan	收看	146	49
shoukao	手铐	168	48
shouke	授课	230	47
shoukong	受控	105	50
shouku	受苦	236	47
shoulei	兽类	160	49
shouli	手里	4583	35
shouli	受理	1212	40
shouli	受力	125	50
shoulian	收敛	550	44
shoulie	狩猎	632	43
shouling	首领	1840	39
shouliu	收留	209	47
shouliudan	手榴弹	364	45
shoulu	收录	280	46
shoulun	首轮	354	45
shoumai	收买	255	47
shoumangjiaoluan	手忙脚乱	294	46
shoumen	守门	146	49
shoumenyuan	守门员	142	49
shouming	受命	1602	39
shouming	寿命	1155	41
shounan	受难	124	50
shounao	首脑	1119	41
shoupa	手帕	533	44
shoupan	收盘	220	47
shoupi	首批	781	42
shoupian	受骗	180	48
shoupiao	售票	183	48
shoupin	受聘	106	50
shouqi	收起	238	47
shouqiang	手枪	517	44
shouqu	收取	937	41
shouquan	授权	2785	37
shoure	受热	345	45
shouren	首任	186	48
shourong	收容	167	48
shouroujing	瘦肉精	178	48
shouru	收入	10403	32
shouru	受辱	148	49
shouruan	手软	115	50
shouruo	瘦弱	157	49
shoushan	寿山	101	50
shoushang	受伤	2402	38
shoushang	手上	1940	39
shoushi	收拾	2274	38
shoushi	手势	737	42
shoushi	首饰	710	43
shoushi	收市	100	50
shoushou	收受	157	49
shoushu	手术	3305	36
shoushu	手书	211	47
shousun	受损	336	46
shousuo	收缩	882	42
shoutan	收摊	148	49
shoutao	手套	231	47
shouti	受体	323	46
shouti	手提	237	47
shouting	收听	121	50
shoutou	手头	245	47
shouwan	手腕	1213	40
shouwei	首位	1079	41
shouwei	守卫	572	43
shouwei	首尾	160	49
shouwei	收尾	152	49
shouwucuntie	手无寸铁	174	48
shouwuzudao	手舞足蹈	117	50
shouxi	首席	1201	40
shouxia	手下	1419	40
shouxia	收下	266	47
shouxian	首先	9248	32
shouxiang	首相	1058	41
shouxiang	受降	114	50
shouxiao	瘦小	152	49
shouxiaren	手下人	265	47
shouxin	手心	242	47
shouxing	受刑	246	47
shouxingguo	寿兴国	128	49
shouxu	手续	1651	39
shouxuan	首选	377	45
shouxue	瘦削	198	48
shouxufei	手续费	232	47
shouyan	首演	180	48
shouyang	收养	175	48
shouyao	首要	954	41
shouyao	手摇	100	50
shouye	首页	2940	37
shouyi	收益	1723	39
shouyi	手艺	481	44
shouyi	受益	447	44
shouyi	兽医	136	49
shouyi	授意	136	49
shouyilv	收益率	165	48
shouyin	手印	121	50
shouyinji	收音机	242	47
shouyong	受用	233	47
shouyu	授予	3254	36
shouyu	守御	232	47
shouyu	手谕	100	50
shouyun	受孕	125	50
shouzai	受灾	174	48
shouzhang	手掌	1470	40
shouzhang	首长	797	42
shouzhi	手指	2516	38
shouzhi	收支	654	43
shouzhitou	手指头	269	46
shouzhong	手中	6721	34
shouzhong	受众	244	47
shouzhou	手肘	129	49
shouzi	瘦子	229	47
shouzu	手足	840	42
shouzu	受阻	218	47
shouzui	受罪	132	49
shouzuo	首座	663	43
shouzuwucuo	手足无措	208	47
shuaibai	衰败	180	48
shuaibian	衰变	300	46
shuaidao	摔倒	637	43
shuaidiao	甩掉	136	49
shuaijian	衰减	157	49
shuaijiao	摔跤	236	47
shuaijie	衰竭	357	45
shuaikai	甩开	248	47
shuailao	衰老	467	44
shuailing	率领	4373	35
shuailuo	衰落	804	42
shuairuo	衰弱	230	47
shuaishou	甩手	105	50
shuaitui	衰退	504	44
shuaiwang	衰亡	292	46
shuaiwei	衰微	109	50
shuaixian	率先	944	41
shuangbi	双臂	673	43
shuangbian	双边	701	43
shuangceng	双层	241	47
shuangchong	双重	662	43
shuangda	双打	352	45
shuangdao	双刀	217	47
shuangdao	双道	137	49
shuangdong	霜冻	103	50
shuanger	双儿	537	44
shuangfang	双方	7289	33
shuanghe	双核	131	49
shuanghu	双湖	261	47
shuangjiang	霜降	146	49
shuangjiao	双脚	467	44
shuangkou	爽口	310	46
shuangkuai	爽快	293	46
shuanglang	爽朗	164	48
shuanglian	双联	109	50
shuanglun	双轮	121	50
shuangmu	双目	878	42
shuangqiao	双桥	270	46
shuangqin	双亲	221	47
shuangquan	双拳	130	49
shuangqugongqiao	双曲拱桥	175	48
shuangren	双人	198	48
shuangshou	双手	4990	35
shuangshuang	双双	384	45
shuangshuicun	双水村	213	47
shuangtui	双腿	550	44
shuangxi	双喜	725	42
shuangxian	双线	101	50
shuangxiang	双向	372	45
shuangxing	双星	223	47
shuangyan	双眼	2026	38
shuangying	双赢	105	50
shuangyong	双拥	863	42
shuanse	栓塞	103	50
shuashua	刷刷	289	46
shuaxin	刷新	201	48
shuaya	刷牙	113	50
shubai	数百	479	44
shubaiming	数百名	151	49
shubainian	数百年	277	46
shubaiwan	数百万	122	50
shubao	书包	206	48
shubei	数倍	167	48
shuben	书本	564	44
shubiao	鼠标	230	47
shubo	叔伯	131	49
shubu	数步	233	47
shubukeren	孰不可忍	153	49
shubuzhi	殊不知	195	48
shucai	蔬菜	2085	38
shuchang	舒畅	298	46
shucheng	书城	276	46
shuchi	数尺	175	48
shuchu	输出	2335	38
shuci	数次	629	43
shucong	树丛	271	46
shucun	数寸	150	49
shudaizi	书呆子	142	49
shudao	疏导	140	49
shudi	倏地	277	46
shudi	属地	177	48
shudian	输电	467	44
shudian	书店	294	46
shue	数额	882	42
shufa	书法	1114	41
shufa	抒发	219	47
shufajia	书法家	252	47
shufang	书房	828	42
shufu	舒服	1144	41
shufu	束缚	832	42
shufu	叔父	320	46
shugan	树干	566	43
shugao	书稿	108	50
shuge	数个	173	48
shugei	输给	358	45
shugen	树根	164	48
shuguan	树冠	149	49
shuguang	曙光	456	44
shuguo	属国	135	49
shuhou	术后	333	46
shuhu	疏忽	385	45
shuhu	倏忽	156	49
shuhua	书画	913	42
shuhuan	舒缓	103	50
shuhudayi	疏忽大意	163	48
shuhui	叔惠	483	44
shuhui	赎回	129	49
shuhuiguo	舒惠国	258	47
shuibeng	水泵	580	43
shuibian	水边	183	48
shuibing	水兵	198	48
shuibo	水波	100	50
shuicao	水草	274	46
shuichan	水产	3249	36
shuichanju	水产局	261	47
shuichanpin	水产品	917	42
shuichanye	水产业	284	46
shuicheng	水城	119	50
shuichi	水池	188	48
shuidao	水稻	1109	41
shuidao	水道	359	45
shuidi	水底	615	43
shuidi	水滴	165	48
shuidian	水电	775	42
shuidianzhan	水电站	815	42
shuidong	水洞	306	46
shuifa	税法	149	49
shuifen	水分	912	42
shuigang	水缸	143	49
shuiguo	水果	1510	40
shuiguohu	水果湖	256	47
shuihu	水壶	202	48
shuihu	水浒	126	49
shuihua	水花	130	49
shuihuo	水火	124	50
shuihuzhuan	水浒传	174	48
shuijia	谁家	361	45
shuijiao	睡觉	1730	39
shuijie	水解	318	46
shuijing	水晶	1235	40
shuijing	水井	186	48
shuijingguan	水晶棺	140	49
shuijun	水军	334	46
shuiku	水库	1186	41
shuikuan	税款	146	49
shuilei	水雷	314	46
shuili	水力	1951	39
shuili	水利	1504	40
shuiliang	水量	739	42
shuiligongcheng	水利工程	264	47
shuilishuniu	水利枢纽	156	49
shuiliu	水流	1241	40
shuilu	水陆	1156	41
shuilu	水路	601	43
shuiluoshichu	水落石出	113	50
shuilv	税率	210	47
shuimeng	睡梦	296	46
shuimian	水面	2137	38
shuimian	睡眠	1067	41
shuimo	水墨	164	48
shuimu	水母	136	49
shuineng	水能	523	44
shuini	水泥	1627	39
shuiniu	水牛	123	50
shuipao	水泡	375	45
shuiping	水平	13880	31
shuiqi	水气	152	49
shuiqi	水汽	134	49
shuirongye	水溶液	205	48
shuishang	水上	727	42
shuishen	水深	1313	40
shuisheng	水生	629	43
shuisheng	水声	220	47
shuishi	水师	239	47
shuishi	水势	134	49
shuishou	税收	1336	40
shuishou	水手	460	44
shuishu	睡熟	132	49
shuitan	水潭	123	50
shuitang	水塘	121	50
shuiti	水体	312	46
shuitian	水田	199	48
shuitong	水桶	164	48
shuitu	水土	708	43
shuiwang	水网	108	50
shuiwei	水位	732	42
shuiwen	水文	660	43
shuiwen	水温	470	44
shuiwu	税务	543	44
shuiwuran	水污染	126	49
shuixi	水系	1860	39
shuixia	水下	1093	41
shuixian	水仙	143	49
shuixiang	水乡	447	44
shuixiebutong	水泄不通	105	50
shuixing	水性	339	46
shuixing	水星	131	49
shuiyandai	水烟袋	100	50
shuiyi	睡意	122	50
shuiyin	水银	206	48
shuiyu	水域	1089	41
shuiyuan	水源	678	43
shuiyuandi	水源地	272	46
shuiyun	水运	1415	40
shuizai	水灾	166	48
shuizhao	睡着	1057	41
shuizhengqi	水蒸气	140	49
shuizhi	水质	1437	40
shuizhi	谁知	1082	41
shuizhi	税制	102	50
shuizhong	水中	2184	38
shuizhong	水肿	273	46
shuizhu	水珠	142	49
shuizhun	水准	571	43
shuiziyuan	水资源	379	45
shuizu	水族	345	45
shuji	书记	7681	33
shuji	书籍	1055	41
shujia	暑假	237	47
shujia	书架	210	47
shujichu	书记处	228	47
shuju	数据	5232	35
shuju	书局	104	50
shujuchuli	数据处理	117	50
shujuku	数据库	625	43
shujulian	数据链	140	49
shujun	疏浚	165	48
shukan	书刊	152	49
shukong	数控	145	49
shukou	漱口	109	50
shule	疏勒	132	49
shulei	薯类	144	49
shuli	树立	1799	39
shuli	数理	345	45
shuli	数里	331	46
shuli	竖立	282	46
shuli	梳理	255	47
shulian	熟练	650	43
shuliang	数量	6927	33
shulie	数列	130	49
shulin	树林	669	43
shuling	树龄	172	48
shulou	疏漏	106	50
shuluanguan	输卵管	130	49
shulun	数论	189	48
shuluo	数落	128	49
shuma	数码	804	42
shumian	书面	673	43
shumin	庶民	256	47
shuming	署名	255	47
shuming	书名	187	48
shumishi	枢密使	187	48
shumiyuan	枢密院	336	46
shumu	数目	1643	39
shumu	树木	1028	41
shumu	书目	515	44
shunbian	顺便	1008	41
shuncha	顺差	159	49
shunchang	顺畅	154	49
shuncong	顺从	309	46
shunde	顺德	111	50
shunfeng	顺风	148	49
shunian	数年	636	43
shuniaoguan	输尿管	116	50
shuniu	枢纽	1496	40
shunjian	瞬间	1374	40
shunkou	顺口	144	49
shunli	顺利	2948	37
shunlichengzhang	顺理成章	180	48
shunshi	顺势	322	46
shunshi	瞬时	178	48
shunshou	顺手	825	42
shuntian	舜天	111	50
shunv	淑女	164	48
shunxi	瞬息	117	50
shunxu	顺序	1265	40
shunyan	顺眼	101	50
shunying	顺应	247	47
shunzhe	顺着	1178	41
shunzhi	顺治	2479	38
shuobaile	说白了	109	50
shuobude	说不得	279	46
shuobuding	说不定	1914	39
shuobuqing	说不清	389	45
shuobuqingchu	说不清楚	184	48
shuobushang	说不上	189	48
shuochang	说唱	174	48
shuochu	说出	2145	38
shuocuo	说错	306	46
shuoda	硕大	149	49
shuodao	说道	21168	29
shuodaodi	说到底	316	46
shuofa	说法	3227	37
shuofu	说服	610	43
shuofuli	说服力	183	48
shuoguo	蒴果	171	48
shuohao	说好	513	44
shuohua	说话	10146	32
shuohuang	说谎	218	47
shuojiao	说教	135	49
shuolai	说来	1342	40
shuolesuan	说了算	226	47
shuoming	说明	8446	33
shuomingshu	说明书	407	45
shuoqi	说起	1620	39
shuoshi	硕士	1346	40
shuoshihua	说实话	581	43
shuoshisheng	硕士生	119	50
shuoshuohua	说说话	109	50
shuowan	说完	2484	38
shuozhende	说真的	108	50
shupi	树皮	469	44
shuqi	竖起	388	45
shuqi	暑期	136	49
shuqian	数千	542	44
shuqiannian	数千年	288	46
shuqianzhi	数千只	131	49
shuqing	抒情	423	45
shuqingshi	抒情诗	158	49
shuqiu	输球	147	49
shuran	倏然	105	50
shuren	熟人	506	44
shuren	庶人	144	49
shuri	数日	785	42
shurong	殊荣	200	48
shuru	输入	1700	39
shusan	疏散	215	47
shushang	树上	931	41
shushang	书上	252	47
shushao	树梢	156	49
shusheng	书生	637	43
shusheng	数声	151	49
shushi	舒适	642	43
shushi	数十	610	43
shushi	属实	304	46
shushi	熟识	141	49
shushige	数十个	385	45
shushiming	数十名	178	48
shushinian	数十年	622	43
shushiwan	数十万	286	46
shushiwanwan	数十万万	128	49
shushizhang	数十丈	158	49
shushouwuce	束手无策	228	47
shushu	叔叔	1103	41
shushui	熟睡	108	50
shushuo	述说	215	47
shusi	殊死	440	44
shusong	输送	631	43
shusong	疏松	294	46
shusongche	输送车	194	48
shutan	舒坦	111	50
shutong	疏通	227	47
shutou	梳头	169	48
shuwan	数万	587	43
shuxi	熟悉	3053	37
shuxi	梳洗	171	48
shuxi	熟习	111	50
shuxia	属下	650	43
shuxie	书写	1368	40
shuxin	书信	401	45
shuxing	属性	791	42
shuxue	数学	5993	34
shuxue	输血	222	47
shuxue	腧穴	174	48
shuxuejia	数学家	1006	41
shuye	树叶	402	45
shuye	输液	186	48
shuying	书影	226	47
shuying	输赢	178	48
shuyiwanji	数以万计	105	50
shuyu	属于	6871	34
shuyu	术语	451	44
shuyuan	书院	543	44
shuyuan	疏远	223	47
shuyue	数月	408	45
shuzhan	舒展	227	47
shuzhang	数丈	418	45
shuzhang	舒张	132	49
shuzhao	数招	310	46
shuzhi	树枝	759	42
shuzhi	数值	594	43
shuzhi	树脂	422	45
shuzhi	熟知	293	46
shuzhi	叔侄	109	50
shuzhi	述职	107	50
shuzhong	树种	876	42
shuzhuo	书桌	288	46
shuzi	数字	4670	35
shuzihua	数字化	369	45
shuzu	数组	313	46
shuzui	恕罪	252	47
shuzui	赎罪	122	50
sibada	斯巴达	1475	40
sibai	四百	151	49
sibi	四壁	218	47
sibian	思辨	100	50
sibu	四部	117	50
sibuliao	死不了	107	50
sichan	私产	158	49
sichao	思潮	801	42
sichi	四尺	219	47
sichou	丝绸	413	45
sichouzhilu	丝绸之路	285	46
sichu	四处	1032	41
sichuan	四川	3779	36
sichuandaxue	四川大学	105	50
sichuanpendi	四川盆地	169	48
sichuansheng	四川省	788	42
sici	四次	460	44
sicun	思忖	165	48
sida	四大	4428	35
sida	厮打	110	50
sidakang	斯达康	101	50
sidalin	斯大林	823	42
sidao	四道	159	49
sidi	死地	196	48
sidi	死敌	100	50
sidian	四点	147	49
sifa	司法	2527	38
sifabu	司法部	312	46
sifang	四方	1089	41
sifeierde	斯菲尔德	119	50
sifen	四分	420	45
sifenwulie	四分五裂	106	50
sige	四个	4507	35
sigen	四根	163	48
sigu	四顾	146	49
siguo	四国	137	49
sihai	四海	372	45
sihao	丝毫	2603	37
siheyuan	四合院	193	48
sihu	似乎	9544	32
sihui	撕毁	178	48
sihuo	死活	455	44
siji	司机	1455	40
siji	四级	602	43
siji	四季	422	45
siji	伺机	162	48
sijia	四家	204	48
sijia	私家	201	48
sijian	四溅	130	49
sijiao	四角	305	46
sijiao	死角	129	49
sijichangqing	四季常青	140	49
sijie	四届	148	49
siju	四句	190	48
sikai	撕开	157	49
sikao	思考	2216	38
sike	思科	269	46
sikong	司空	308	46
siku	四库	200	48
silafu	斯拉夫	378	45
silaxu	司拉绪	176	48
sili	私利	286	46
sili	寺里	228	47
sili	私立	193	48
siliang	思量	270	46
siliao	饲料	612	43
silie	撕裂	170	48
silijian	司礼监	403	45
sililanka	斯里兰卡	312	46
siling	司令	2511	38
silingbu	司令部	1806	39
silingguan	司令官	162	48
silingyuan	司令员	1307	40
silitaosheng	死里逃生	298	46
silu	思路	1627	39
silu	四路	135	49
siluofake	斯洛伐克	277	46
silv	思虑	303	46
sima	司马	669	43
simaguang	司马光	138	49
simaqian	司马迁	185	48
simayi	司马义	268	46
simayi	司马懿	255	47
simen	四门	322	46
simi	斯密	325	46
simian	四面	846	42
simianbafang	四面八方	653	43
simiao	寺庙	481	44
siming	四名	655	43
siming	死命	163	48
sinan	死难	182	48
sinian	四年	2655	37
sinian	思念	585	43
sinuo	斯诺	101	50
sinve	肆虐	110	50
sipin	四品	575	43
siping	四平	102	50
sipo	撕破	117	50
siqi	四起	181	48
siqi	死期	163	48
siqing	私情	147	49
siqiu	死囚	308	46
siqu	死去	1154	41
siquan	四圈	433	45
siquhuolai	死去活来	133	49
siren	私人	2443	38
sirenbang	四人帮	841	42
siri	四日	139	49
sisan	四散	287	46
sisha	厮杀	505	44
sishang	死伤	578	43
sishen	死神	168	48
sishengzi	私生子	149	49
sishi	四十	494	44
sishi	死尸	406	45
sishi	私事	221	47
sishi	四世	197	48
sishi	四时	120	50
sishiba	四十八	103	50
sishibajin	四十八斤	129	49
sishierzhang	四十二章	111	50
sishinian	四十年	306	46
sishisui	四十岁	160	49
sishiwuli	四十五里	263	47
sishou	死守	260	47
sishou	厮守	111	50
sishu	私塾	177	48
sisi	死死	164	48
sisidi	死死地	113	50
sisuo	思索	853	42
site	斯特	110	50
sitela	斯特拉	170	48
sitian	四天	179	48
sitiao	四条	226	47
sitongbada	四通八达	670	43
situ	司徒	229	47
situjiate	斯图加特	181	48
siwan	四万	102	50
siwang	死亡	3335	36
siwanglv	死亡率	516	44
siwei	思维	2227	38
siwei	四位	587	43
siwei	四维	488	44
siwen	斯文	220	47
siwu	四五	248	47
siwuge	四五个	149	49
siwujidan	肆无忌惮	387	45
sixia	四下	1166	41
sixia	私下	443	44
sixia	撕下	350	45
sixiali	私下里	158	49
sixian	丝线	164	48
sixiang	思想	15387	30
sixiang	四项	692	43
sixiangjia	思想家	550	44
sixiangjiefang	思想解放	138	49
sixiangshi	思想史	127	49
sixiangxing	思想性	109	50
sixiaofeixiao	似笑非笑	110	50
sixin	私信	1061	41
sixin	私心	208	47
sixing	死刑	1333	40
sixintadi	死心塌地	130	49
sixu	思绪	282	46
siya	嘶哑	262	47
siyang	饲养	1099	41
siye	四爷	221	47
siyi	肆意	555	44
siyin	死因	137	49
siying	私营	752	42
siyou	私有	466	44
siyouhua	私有化	140	49
siyouzhi	私有制	338	46
siyuan	寺院	625	43
siyue	四月	1216	40
siyufeiming	死于非命	139	49
sizhan	死战	199	48
sizhang	司长	788	42
sizhe	死者	1070	41
sizhi	四肢	887	42
sizhi	四只	203	48
sizhi	丝织	118	50
sizhipin	丝织品	127	49
sizhong	四中	545	44
sizhong	四种	436	45
sizhongquanhui	四中全会	230	47
sizhou	四周	2785	37
sizhu	丝竹	107	50
sizhuang	丝状	122	50
sizi	私自	290	46
sizong	四纵	519	44
sizui	死罪	187	48
songan	讼案	115	50
songbai	松柏	144	49
songbie	送别	108	50
songchao	宋朝	734	42
songchi	松弛	371	45
songda	送达	235	47
songdai	宋代	1923	39
songdao	送到	1885	39
songdong	松动	168	48
songdu	诵读	120	50
songgei	送给	1679	39
songgongming	宋公明	171	48
songhua	松花	281	46
songhuajiang	松花江	276	46
songhuan	送还	104	50
songhui	送回	270	46
songhuizong	宋徽宗	124	50
songjiang	宋江	2862	37
songjiang	松江	256	47
songjiao	送交	144	49
songjiaoren	宋教仁	257	47
songjiazhai	宋家寨	166	48
songjing	诵经	155	49
songkai	松开	303	46
songlai	送来	1049	41
songli	送礼	331	46
songli	耸立	263	47
songliao	送料	131	49
songlin	松林	230	47
songlinshan	松林山	256	47
songqingling	宋庆龄	227	47
songqingshu	宋青书	229	47
songru	送入	277	46
songruan	松软	423	45
songsan	松散	291	46
songshan	嵩山	666	43
songshan	松山	212	47
songshenzong	宋神宗	110	50
songshi	宋史	124	50
songshou	松手	217	47
songshu	松树	550	44
songshu	松鼠	158	49
songshuiqiao	松水桥	256	47
songsiming	宋思明	711	43
songtaizong	宋太宗	114	50
songti	宋体	170	48
songwang	送往	453	44
songwenfu	宋文富	173	48
songxia	松下	167	48
songxiance	宋献策	1220	40
songxie	松懈	189	48
songxin	送信	165	48
songxing	送行	261	47
songyang	颂扬	323	46
songyong	怂恿	188	48
songyu	送与	113	50
songyuan	宋元	176	48
songyuanqiao	宋远桥	215	47
songzhaosu	宋照肃	256	47
songzi	松滋	283	46
songzishi	松滋市	260	47
songzou	送走	285	46
soubu	搜捕	356	45
soucha	搜查	361	45
sougou	搜狗	1044	41
sougua	搜刮	158	49
souhu	搜狐	4777	35
souji	搜集	692	43
souluo	搜罗	115	50
sousuo	搜索	2369	38
sousuoyinqing	搜索引擎	204	48
souxun	搜寻	334	46
suanbude	算不得	191	48
suanbuliao	算不了	111	50
suanbushang	算不上	171	48
suancai	酸菜	100	50
suanchu	酸楚	133	49
suanfa	算法	455	44
suangua	算卦	126	49
suanji	算计	200	48
suanjian	酸碱	165	48
suanle	算了	1142	41
suanma	酸麻	248	47
suanming	算命	216	47
suannai	酸奶	103	50
suanpan	算盘	300	46
suanruan	酸软	217	47
suanshi	算是	3540	36
suanshu	算术	585	43
suanshu	算数	167	48
suansuan	算算	114	50
suantong	酸痛	187	48
suanwei	酸味	108	50
suanxing	酸性	544	44
suanxue	算学	104	50
suanyu	酸雨	110	50
suanzhang	算账	144	49
suanzuo	算作	258	47
subei	苏北	282	46
subuxiangshi	素不相识	201	48
sucai	素材	261	47
sucheng	俗称	1176	41
sucheng	素称	114	50
suda	苏打	286	46
sudan	苏丹	941	41
sudu	速度	8218	33
sue	苏俄	175	48
sufeiya	苏菲亚	197	48
sugeladi	苏格拉底	684	43
sugelan	苏格兰	539	44
sugong	苏共	160	49
suhuashuo	俗话说	442	44
suhuilun	苏慧伦	256	47
suibi	随笔	147	49
suibian	随便	2056	38
suichao	隋朝	398	45
suichukejian	随处可见	153	49
suicong	随从	509	44
suidai	隋代	174	48
suidao	隧道	1207	40
suihe	随和	145	49
suihou	随后	4706	35
suiji	随即	4194	35
suiji	随机	769	42
suijing	绥靖	106	50
suijiyingbian	随机应变	154	49
suijun	随军	218	47
suikaihuang	隋开皇	381	45
suikou	随口	473	44
suilie	碎裂	182	48
suipian	碎片	397	45
suiran	虽然	24267	28
suishen	随身	556	44
suishi	随时	2476	38
suishi	碎石	167	48
suishisuidi	随时随地	103	50
suishou	随手	1092	41
suishu	岁数	155	49
suishuo	虽说	1072	41
suisuibianbian	随随便便	126	49
suitang	隋唐	543	44
suitong	随同	299	46
suiwei	岁尾	140	49
suiwendi	隋文帝	104	50
suixie	碎屑	231	47
suixieyan	碎屑岩	102	50
suixing	随行	279	46
suixing	遂行	223	47
suixinsuoyu	随心所欲	210	47
suiyangdi	隋炀帝	151	49
suiyi	随意	1306	40
suiyuan	绥远	132	49
suiyue	岁月	932	41
suizangpin	随葬品	128	49
suizhe	随着	10614	32
suizhi	随之	1207	40
suizhou	随州	2369	38
suizhoushi	随州市	1304	40
sujing	肃静	128	49
sujun	苏军	580	43
sukesa	苏克萨	107	50
suku	诉苦	174	48
sulai	素来	441	44
suli	肃立	328	46
sulian	苏联	7443	33
sulianhongjun	苏联红军	109	50
sulianzhengfu	苏联政府	123	50
suliao	塑料	996	41
sulin	苏林	139	49
sulishi	苏黎世	156	49
suluke	苏鲁克	301	46
sulv	速率	418	45
sumendala	苏门答腊	106	50
sumenling	苏门羚	296	46
sumiao	素描	188	48
suming	俗名	573	43
sumu	肃穆	508	44
sumu	苏木	203	48
sunan	苏南	187	48
sunbigan	孙必干	256	47
sunce	孙策	125	50
sunchengzong	孙承宗	226	47
sunchuanfang	孙传芳	115	50
sunchuanting	孙传庭	291	46
sunchuting	孙楚庭	106	50
sundasheng	孙大圣	203	48
sunfuren	孙夫人	306	46
sunhai	损害	1957	39
sunhao	损耗	440	44
sunhuai	损坏	587	43
sunhui	损毁	103	50
suning	苏宁	298	46
sunjiaguai	孙家拐	256	47
sunjiaji	孙嘉绩	147	49
sunjianwen	孙建文	128	49
sunjinlong	孙金龙	259	47
sunjiuye	孙九爷	568	43
sunnv	孙女	218	47
sunpopo	孙婆婆	318	46
sunquan	孙权	943	41
sunshang	损伤	1251	40
sunshaoan	孙少安	411	45
sunshaoping	孙少平	441	44
sunshi	损失	3510	36
sunsihai	孙四海	594	43
sunwukong	孙悟空	247	47
sunxiaoqun	孙晓群	256	47
sunxingzhe	孙行者	200	48
sunyi	损益	121	50
sunyuhou	孙玉厚	199	48
sunyuting	孙玉亭	309	46
sunyuxi	孙玉玺	128	49
sunzhongjun	孙仲君	154	49
sunzhongshan	孙中山	2171	38
sunzhongshou	孙仲寿	100	50
sunzi	孙子	871	42
sunzibingfa	孙子兵法	195	48
suobu	所部	281	46
suodaozhichu	所到之处	318	46
suode	所得	1004	41
suodeshui	所得税	250	47
suoding	锁定	386	45
suoduan	缩短	976	41
suoetu	索额图	190	48
suohui	缩回	228	47
suojian	缩减	222	47
suolangze	索郎泽	118	50
suomali	索马里	229	47
suona	唢呐	165	48
suoni	索尼	711	43
suoqiu	所求	103	50
suoqu	索取	225	47
suoshi	唆使	250	47
suoshou	缩手	126	49
suoshu	所属	2434	38
suoshui	缩水	190	48
suoshuo	所说	3307	36
suosuan	羧酸	114	50
suosui	琐碎	153	49
suowei	所谓	7657	33
suowei	所为	300	46
suoxiao	缩小	1347	40
suoxie	缩写	216	47
suoxing	索性	809	42
suoxue	所学	601	43
suoyao	索要	148	49
suoyi	所以	29396	28
suoyin	索引	205	48
suoying	缩影	116	50
suoyong	所用	1131	41
suoyou	所有	17464	30
suoyouquan	所有权	699	43
suoyouren	所有人	796	42
suoyouwu	所有物	109	50
suoyouzhe	所有者	957	41
suoyouzhi	所有制	695	43
suozai	所在	2800	37
suozaidi	所在地	2962	37
suozhang	所长	2015	38
suozhi	所知	1267	40
suozhi	所致	826	42
suozhi	所指	794	42
suozuosuowei	所作所为	326	46
suqin	苏秦	101	50
suqing	肃清	355	45
suqu	苏区	440	44
suran	肃然	155	49
suranqijing	肃然起敬	103	50
suri	素日	188	48
sushe	宿舍	917	42
sushi	苏轼	258	47
sushu	素数	149	49
sushuo	诉说	362	45
susong	诉讼	1569	39
susu	簌簌	178	48
sutaiwei	宿太尉	126	49
sutianhu	粟田湖	256	47
suweiai	苏维埃	1255	40
suxiang	塑像	276	46
suxing	塑性	313	46
suxing	苏醒	190	48
suxinghe	苏星河	143	49
suyang	素养	354	45
suyi	素以	102	50
suying	宿营	109	50
suyou	素有	753	42
suyu	粟裕	193	48
suyu	俗语	189	48
suzao	塑造	896	42
suzhaozheng	苏兆征	102	50
suzhi	素质	4263	35
suzhou	苏州	1646	39
suzhoushi	苏州市	122	50
suzhu	宿主	203	48
tabu	踏步	107	50
taguo	他国	137	49
taian	泰安	103	50
taibai	太白	187	48
taibao	太保	301	46
taibei	台北	631	43
taicang	太仓	174	48
taichangsi	太常寺	150	49
taici	台词	129	49
taida	台大	213	47
taida	泰达	107	50
taidi	台地	369	45
taidu	态度	5033	35
taidu	台独	397	45
taier	胎儿	628	43
taifei	太妃	114	50
taifeng	台风	340	46
taifu	太傅	131	49
taigao	抬高	528	44
taigong	太公	276	46
taiguo	泰国	1492	40
taihai	台海	367	45
taihangshan	太行山	273	46
taihe	太和	714	43
taihedian	太和殿	1100	41
taihou	太后	2906	37
taihu	太湖	502	44
taihuiguan	太晖观	258	47
taiji	台基	349	45
taiji	太极	276	46
taijian	太监	3843	36
taijie	台阶	1041	41
taijiquan	太极拳	200	48
taiju	抬举	121	50
taikang	太康	1129	41
taikong	太空	1999	38
tailai	泰来	390	45
tailang	太郎	295	46
tailei	泰勒	197	48
tailihua	邰丽华	266	47
tailisi	泰利斯	139	49
taimiao	太庙	3798	36
taipan	胎盘	204	48
taiping	太平	1113	41
taipingjun	太平军	193	48
taipingtianguo	太平天国	428	45
taipingyang	太平洋	2721	37
taiqi	抬起	1690	39
taiqian	台前	302	46
taishan	泰山	776	42
taishandui	泰山队	176	48
taishang	台上	1297	40
taishang	台商	130	49
taishanghuang	太上皇	133	49
taisheng	抬升	146	49
taisheng	胎生	142	49
taishi	态势	736	42
taishi	太师	612	43
taishi	太史	301	46
taishiji	台式机	116	50
taishiyi	太师椅	161	49
taishou	太守	640	43
taishou	抬手	211	47
taitai	太太	3362	36
taitou	抬头	1892	39
taiwan	台湾	8683	33
taiwandao	台湾岛	151	49
taiwandiqu	台湾地区	142	49
taiwanhaixia	台湾海峡	193	48
taiwanren	台湾人	114	50
taiwansheng	台湾省	632	43
taiwei	太尉	275	46
taiwushibao	泰晤士报	140	49
taixia	台下	895	42
taixian	苔藓	173	48
taixiao	太小	381	45
taixing	太行	353	45
taixue	太学	178	48
taiyang	太阳	5044	35
taiyangguang	太阳光	153	49
taiyangneng	太阳能	464	44
taiyangnian	太阳年	268	46
taiyangshen	太阳神	125	50
taiyangxi	太阳系	337	46
taiyangxue	太阳穴	170	48
taiye	太爷	103	50
taiyi	太医	255	47
taiyin	太阴	112	50
taiyu	泰语	113	50
taiyuan	太原	1284	40
taizhan	台站	285	46
taizhong	太重	302	46
taizhou	泰州	268	46
taizhou	台州	158	49
taizi	太子	3132	37
taizong	太宗	311	46
taizu	太祖	514	44
tajia	他家	807	42
tajia	她家	262	47
tajikezu	塔吉克族	292	46
tajin	踏进	211	47
talia	他俩	468	44
talimuhe	塔里木河	123	50
tamade	他妈的	850	42
tamen	他们	93969	23
tamen	它们	12359	31
tamen	她们	5966	34
tanbai	坦白	218	47
tanbushang	谈不上	311	46
tance	探测	1222	40
tanceqi	探测器	383	45
tancheng	坦诚	308	46
tanchun	探春	438	45
tandang	坦荡	101	50
tandao	谈到	1263	40
tanfang	探访	128	49
tangbei	汤杯	198	48
tangchao	唐朝	826	42
tangchu	唐初	198	48
tangci	搪瓷	104	50
tangdai	唐代	2269	38
tanggu	塘沽	240	47
tanggulashan	唐古拉山	124	50
tangguo	糖果	276	46
tanghonggao	汤洪高	256	47
tanghualong	汤化龙	269	46
tanghuo	倘或	208	47
tangji	羰基	106	50
tangjia	汤加	189	48
tangjiaxuan	唐家璇	218	47
tanglei	糖类	172	48
tangliangzhi	唐良智	256	47
tangmusibei	汤姆斯杯	247	47
tangniaobing	糖尿病	571	43
tangren	唐人	133	49
tangruo	倘若	4919	35
tangruowang	汤若望	307	46
tangse	糖色	257	47
tangse	搪塞	100	50
tangseng	唐僧	863	42
tangshang	堂上	282	46
tangshi	倘使	772	42
tangshi	唐诗	205	48
tangsong	唐宋	276	46
tangtaizong	唐太宗	289	46
tangtang	堂堂	437	45
tanguan	贪官	286	46
tanguanwuli	贪官污吏	126	49
tangweiyou	唐为幽	128	49
tangwu	堂屋	343	45
tangxuanzong	唐玄宗	211	47
tangyifei	唐一菲	256	47
tangyina	唐一娜	407	45
tangyongtong	汤用彤	266	47
tangzhenguan	唐贞观	323	46
tanhe	弹劾	615	43
tanherongyi	谈何容易	236	47
tanhu	袒护	102	50
tanhua	谈话	2436	38
tanhua	探花	549	44
tanhuan	瘫痪	463	44
tanhuang	弹簧	239	47
tanhuo	炭火	366	45
tanji	谈及	173	48
tanjia	谭家	260	47
tanjiayuan	谭家渊	257	47
tanjiazhou	谭家洲	256	47
tanjiu	探究	313	46
tankai	摊开	402	45
tanke	坦克	4443	35
tanlan	贪婪	495	44
tanleiqi	探雷器	526	44
tanlianai	谈恋爱	181	48
tanlun	谈论	892	42
tanming	探明	1246	40
tanpai	摊派	109	50
tanpan	谈判	3141	37
tanqi	谈起	388	45
tanqi	叹气	313	46
tanqin	探亲	218	47
tanqin	弹琴	169	48
tanqiu	探求	125	50
tanran	坦然	326	46
tansangniya	坦桑尼亚	238	47
tanshe	弹射	207	48
tanshengpasi	贪生怕死	120	50
tanshi	探视	160	49
tanshuai	坦率	287	46
tansitong	谭嗣同	264	47
tansuan	碳酸	119	50
tansuanli	碳酸锂	131	49
tansuanyan	碳酸盐	159	49
tansuo	探索	2653	37
tanta	坍塌	185	48
tantan	谈谈	691	43
tantao	探讨	1368	40
tantebuan	忐忑不安	134	49
tanting	探听	265	47
tantou	探头	384	45
tantu	贪图	268	46
tantu	滩涂	134	49
tanwang	探望	270	46
tanwei	摊位	154	49
tanwu	贪污	639	43
tanxi	叹息	998	41
tanxian	探险	432	45
tanxiandui	探险队	123	50
tanxianjia	探险家	159	49
tanxin	谈心	112	50
tanxing	弹性	1125	41
tanxun	探寻	138	49
tanyan	坦言	206	48
tanyuanchun	谭元春	257	47
tanzhaodeng	探照灯	186	48
tanzhenlin	谭震林	117	50
tanzhi	探知	115	50
tanzi	摊子	303	46
tanzi	探子	127	49
tanzi	坛子	117	50
tanzi	毯子	110	50
tanziguai	谭子拐	256	47
taobi	逃避	532	44
taobojun	陶伯钧	258	47
taocan	套餐	800	42
taochu	掏出	1243	40
taochu	逃出	539	44
taoci	陶瓷	701	43
taocuan	逃窜	192	48
taofa	讨伐	385	45
taofan	讨饭	115	50
taofang	套房	116	50
taofeike	陶菲克	163	48
taogen	桃根	160	49
taoguangyanghui	韬光养晦	133	49
taohao	讨好	539	44
taohongying	陶红英	105	50
taohua	桃花	4047	36
taohua	套话	120	50
taohuang	逃荒	180	48
taojiahuanjia	讨价还价	185	48
taojiao	讨教	120	50
taoli	逃离	276	46
taolu	套路	159	49
taolun	讨论	6464	34
taolunhui	讨论会	122	50
taoming	逃命	434	45
taonan	逃难	254	47
taopao	逃跑	941	41
taopian	陶片	116	50
taoqi	陶器	1061	41
taoqi	淘气	136	49
taoqian	掏钱	146	49
taosheng	逃生	317	46
taosiju	陶驷驹	260	47
taotai	淘汰	1053	41
taotao	滔滔	232	47
taotaobujue	滔滔不绝	188	48
taotuo	逃脱	485	44
taowang	逃亡	434	45
taowang	逃往	382	45
taoyan	讨厌	745	42
taoye	陶冶	146	49
taoyuan	桃园	377	45
taoyuan	桃源	353	45
taozhai	讨债	152	49
taozhuang	套装	139	49
taozian	陶子安	107	50
taozou	逃走	1335	40
taozui	陶醉	281	46
taren	他人	2288	38
taru	踏入	181	48
tasha	他杀	270	46
tashan	塔山	109	50
tashang	踏上	718	43
tashi	踏实	516	44
tashigan	塔什干	119	50
taxian	塌陷	109	50
tayong	他用	495	44
tebie	特别	19119	29
techan	特产	2328	38
techang	特长	480	44
techangsheng	特长生	162	48
teci	特此	246	47
teda	特大	326	46
tedeng	特等	162	48
tedi	特地	565	43
tedian	特点	9047	32
teding	特定	2066	38
tegao	特高	129	49
tegong	特工	145	49
teji	特级	517	44
teji	特技	284	46
tekun	特困	227	47
teli	特里	138	49
teluxiai	特鲁西埃	203	48
teming	特命	130	49
tengai	疼爱	163	48
tengkong	腾空	151	49
tenglongdong	腾龙洞	259	47
tengqi	腾起	111	50
tengtong	疼痛	1834	39
tengxie	誊写	157	49
tengyi	藤椅	105	50
tengyilei	滕一雷	201	48
tepai	特派	195	48
tepaiyuan	特派员	277	46
tequ	特区	946	41
tequan	特权	1205	40
tese	特色	8092	33
teshe	特赦	298	46
teshi	特使	213	47
teshu	特殊	7015	33
teshujiaoyu	特殊教育	302	46
teshuxing	特殊性	205	48
tewei	特委	358	45
tewu	特务	1191	41
texie	特写	102	50
texing	特性	1946	39
texu	特许	197	48
teyao	特邀	123	50
teyi	特意	786	42
teyi	特异	244	47
teyixing	特异性	230	47
teyou	特有	1487	40
teyue	特约	365	45
tezheng	特征	5767	34
tezhi	特制	243	47
tezhi	特质	189	48
tezhong	特种	1356	40
tezhongbudui	特种部队	477	44
tian	提案	523	44
tianan	天安	273	46
tiananmen	天安门	34010	27
tianbao	填报	1366	40
tianbao	天宝	214	47
tianbian	天边	202	48
tianbingyi	田秉毅	266	47
tianboguang	田伯光	628	43
tianbu	填补	587	43
tiancai	天才	467	44
tiancai	甜菜	273	46
tianchan	田产	127	49
tianchao	天朝	158	49
tianchengzhong	田承忠	256	47
tianchi	天池	375	45
tianchong	填充	231	47
tianda	天大	681	43
tiandao	天道	166	48
tiande	天德	176	48
tiandi	天地	1989	38
tiandi	田地	576	43
tiandi	天敌	136	49
tiandihui	天地会	566	43
tiandixia	天底下	146	49
tiane	天鹅	552	44
tianezhou	天鹅洲	1536	39
tianfandifu	天翻地覆	150	49
tianfu	天府	1002	41
tianfu	天赋	813	42
tianfu	田赋	197	48
tianfujun	田福军	391	45
tianfutang	田福堂	563	44
tianfuxian	田福贤	338	46
tiangang	天罡	112	50
tiangong	天宫	240	47
tianguang	天光	112	50
tianguinong	田归农	233	47
tianhe	天河	655	43
tianhei	天黑	562	44
tianhejichang	天河机场	773	42
tianhua	天花	850	42
tianhuaban	天花板	172	48
tianhuang	天皇	649	43
tianji	天机	146	49
tianji	天际	110	50
tianjia	添加	1748	39
tianjia	天价	127	49
tianjia	田家	109	50
tianjiaji	添加剂	659	43
tianjian	田间	392	45
tianjian	天监	361	45
tianjiang	天将	110	50
tianjianxiu	田见秀	427	45
tianjie	天街	142	49
tianjin	天津	4801	35
tianjindui	天津队	359	45
tianjing	田径	416	45
tianjing	天井	236	47
tianjingdiyi	天经地义	143	49
tianjinshi	天津市	473	44
tianjiu	甜酒	566	43
tianjiwang	天极网	118	50
tiankong	天空	1849	39
tiankong	填空	101	50
tianli	田里	148	49
tianli	天理	146	49
tianliang	天亮	630	43
tianlinggai	天灵盖	108	50
tianlong	天龙	221	47
tianma	天麻	646	43
tianma	天马	119	50
tianman	填满	131	49
tianmei	甜美	135	49
tianmen	天门	4627	35
tianmenshi	天门市	1294	40
tianmi	甜蜜	403	45
tianming	天明	380	45
tianming	天命	241	47
tianmu	田亩	164	48
tianmu	天目	121	50
tianmushan	天目山	103	50
tianpeng	天棚	399	45
tianping	天平	164	48
tianqi	天气	2657	37
tianqian	天堑	231	47
tianqiao	天桥	528	44
tianqiu	天球	136	49
tianran	天然	5328	35
tianranqi	天然气	1218	40
tianren	天人	168	48
tianse	天色	998	41
tianshan	天山	679	43
tianshang	天上	1256	40
tianshe	田舍	146	49
tianshen	天神	275	46
tiansheng	天生	561	44
tianshi	天使	365	45
tianshi	天师	170	48
tianshi	天时	164	48
tianshu	天数	104	50
tianshui	天水	148	49
tianshun	天顺	444	44
tiantan	天坛	389	45
tiantang	天堂	1264	40
tianti	天体	1092	41
tiantian	天天	1855	39
tianwang	天王	495	44
tianwangxing	天王星	102	50
tianwei	天威	132	49
tianwei	甜味	108	50
tianweiji	甜味剂	209	47
tianwen	天文	984	41
tianwen	天问	109	50
tianwentai	天文台	300	46
tianwenxue	天文学	446	44
tianwenxuejia	天文学家	403	45
tianxia	天下	6255	34
tianxiadaluan	天下大乱	129	49
tianxiadiyi	天下第一	620	43
tianxian	天线	449	44
tianxian	天仙	212	47
tianxiang	天象	224	47
tianxiaoxia	田晓霞	100	50
tianxiaren	天下人	151	49
tianxiashi	天下事	115	50
tianxiawudi	天下无敌	107	50
tianxie	填写	518	44
tianxing	天星	751	42
tianxing	天性	318	46
tianxinzhou	天心洲	257	47
tianya	天涯	174	48
tianyahaijiao	天涯海角	122	50
tianye	田野	360	45
tianyi	天一	194	48
tianyi	天意	150	49
tianying	天鹰	238	47
tianyu	天宇	286	46
tianyuan	田园	389	45
tianyuke	田玉科	256	47
tianzai	天灾	130	49
tianzhangchao	田长焯	256	47
tianzhanglin	田长霖	256	47
tianzhen	天真	520	44
tianzhenlanman	天真烂漫	100	50
tianzhenying	田震英	384	45
tianzhi	添置	127	49
tianzhong	田中	104	50
tianzhu	天竺	498	44
tianzhujiao	天主教	1511	40
tianzhujiaohui	天主教会	136	49
tianzi	天子	1663	39
tianzi	天资	102	50
tianzuodi	天祚帝	101	50
tiaoban	跳板	223	47
tiaobo	挑拨	152	49
tiaocao	跳槽	955	41
tiaochen	条陈	103	50
tiaochu	跳出	461	44
tiaodang	调档	127	49
tiaodong	跳动	412	45
tiaohe	调和	644	43
tiaoji	调剂	543	44
tiaojia	调价	123	50
tiaojian	条件	17290	30
tiaojianfanshe	条件反射	119	50
tiaojiao	调教	141	49
tiaojie	调节	2626	37
tiaojie	调解	711	43
tiaojin	跳进	206	48
tiaokan	调侃	165	48
tiaokong	调控	1035	41
tiaokuan	条款	830	42
tiaoli	条例	5288	35
tiaoli	调理	150	49
tiaoli	条理	141	49
tiaoling	条令	194	48
tiaoma	条码	123	50
tiaomu	条目	149	49
tiaopi	调皮	266	47
tiaoqi	挑起	412	45
tiaosan	跳伞	210	47
tiaoshi	调试	177	48
tiaoshi	条石	158	49
tiaoshui	跳水	332	46
tiaoshui	挑水	165	48
tiaotai	跳台	129	49
tiaoti	挑剔	236	47
tiaoting	调停	164	48
tiaotou	跳投	347	45
tiaowang	眺望	225	47
tiaowei	调味	347	45
tiaoweipinchang	调味品厂	256	47
tiaowen	条文	243	47
tiaowen	条纹	192	48
tiaowu	跳舞	336	46
tiaoxi	调戏	108	50
tiaoxin	挑衅	331	46
tiaoxuan	挑选	908	42
tiaoyang	调养	117	50
tiaoyue	条约	5111	35
tiaoyue	跳跃	447	44
tiaoyun	调匀	117	50
tiaozhan	挑战	2615	37
tiaozhanxing	挑战性	103	50
tiaozhanzhe	挑战者	104	50
tiaozheng	调整	8590	33
tiaozhi	调制	518	44
tiaozi	条子	244	47
tiba	提拔	760	42
tibao	提包	263	47
tibi	提笔	139	49
tibiao	体表	525	44
tibu	替补	337	46
ticai	题材	1470	40
ticai	体裁	367	45
ticao	体操	700	43
tichang	提倡	1254	40
ticheng	提成	173	48
tichu	提出	22139	29
tichu	剔除	102	50
tichun	提纯	125	50
tici	题词	349	45
tidai	替代	1227	40
tidao	提到	2552	37
tidu	提督	474	44
tidu	梯度	276	46
tidui	梯队	106	50
tieban	铁板	165	48
tiebang	铁棒	472	44
tiechui	铁锤	198	48
tiedao	铁道	168	48
tiedaobu	铁道部	431	45
tieding	铁钉	342	46
tiegui	铁轨	146	49
tieguo	铁锅	398	45
tiehe	铁盒	128	49
tieji	铁戟	257	47
tiejia	铁甲	287	46
tiejiang	铁匠	237	47
tiejin	贴金	442	44
tiejin	贴近	323	46
tiekuang	铁矿	1073	41
tiekuangshi	铁矿石	180	48
tielian	铁链	416	45
tielu	铁路	11065	32
tieluqiao	铁路桥	333	46
tieluxian	铁路线	449	44
tiemen	铁门	367	45
tiemuzhen	铁木真	437	45
tieqi	铁器	275	46
tieqi	铁骑	242	47
tieqie	贴切	166	48
tieqing	铁青	332	46
tieshanqu	铁山区	257	47
tieshen	贴身	362	45
tieshu	铁树	112	50
tiesi	铁丝	233	47
tiesuo	铁锁	123	50
tieta	铁塔	155	49
tietong	铁桶	107	50
tiexian	贴现	259	47
tiexin	贴心	102	50
tiezhalan	铁栅栏	183	48
tiezhang	铁掌	335	46
tiezhe	贴着	370	45
tiezheng	铁证	278	46
tiezi	帖子	292	46
tifa	提法	141	49
tifa	体罚	116	50
tigang	提纲	195	48
tigao	提高	16882	30
tige	体格	679	43
tigong	提供	16799	30
tigongshang	提供商	217	47
tihuan	替换	587	43
tihui	体会	1032	41
tiji	体积	1390	40
tiji	提及	520	44
tiji	梯级	107	50
tijia	提价	103	50
tijian	体检	583	43
tijiao	提交	924	42
tiku	啼哭	225	47
tili	体力	1023	41
tili	体例	192	48
tilian	提炼	311	46
tiliang	体谅	164	48
timian	体面	353	45
timing	提名	2957	37
timu	题目	1221	40
tinei	体内	2168	38
tineng	体能	278	46
tingba	听罢	241	47
tingba	挺拔	170	48
tingbo	停泊	330	46
tingbu	停步	341	46
tingchan	停产	274	46
tingche	停车	258	47
tingchechang	停车场	152	49
tingcong	听从	508	44
tingdang	停当	321	46
tingdao	听到	5294	35
tingdong	听懂	219	47
tingdun	停顿	401	45
tingerzouxian	铤而走险	128	49
tingfang	停放	260	47
tinggong	停工	112	50
tinghou	听候	297	46
tinghua	听话	455	44
tingjian	听见	4507	35
tingjin	挺进	487	44
tingjue	听觉	338	46
tingkao	停靠	225	47
tingke	听课	105	50
tingli	听力	526	44
tingli	挺立	126	49
tingli	厅里	122	50
tingliu	停留	1315	40
tingpai	停牌	209	47
tingqi	挺起	150	49
tingqu	听取	2984	37
tingren	听任	134	49
tingsai	停赛	121	50
tingshen	挺身	171	48
tingshenerchu	挺身而出	333	46
tingshuo	听说	5887	34
tingtang	厅堂	364	45
tingtianyouming	听天由命	101	50
tingting	听听	865	42
tingxia	停下	569	43
tingxie	停歇	118	50
tingxin	听信	185	48
tingyuan	庭院	368	45
tingyuan	庭园	113	50
tingzhan	停战	454	44
tingzhang	廷杖	1129	41
tingzhang	庭长	1063	41
tingzhang	厅长	406	45
tingzhe	听者	110	50
tingzhenghui	听证会	116	50
tingzhi	停止	3842	36
tingzhi	停滞	418	45
tingzhi	挺直	187	48
tingzhong	听众	555	44
tingzi	亭子	232	47
tipo	体魄	122	50
tiqi	提起	1647	39
tiqian	提前	2191	38
tiqiang	体腔	135	49
tiqing	提请	976	41
tiqiu	踢球	154	49
tiqu	提取	851	42
tiruo	体弱	315	46
tishen	提审	166	48
tishen	替身	164	48
tisheng	提升	2510	38
tisheng	蹄声	203	48
tishi	提示	989	41
titai	体态	184	48
titan	体坛	152	49
titian	梯田	132	49
titie	体贴	332	46
titong	体统	126	49
titou	剃头	134	49
tiwai	体外	330	46
tiwei	题为	367	45
tiwei	体委	155	49
tiwei	体味	128	49
tiwen	提问	1500	40
tiwen	体温	363	45
tixi	体系	7876	33
tixia	提辖	113	50
tixian	体现	5372	34
tixibao	体细胞	141	49
tixie	题写	239	47
tixie	提携	221	47
tixindiaodan	提心吊胆	186	48
tixing	提醒	2601	37
tixing	体型	392	45
tixing	题型	381	45
tixing	体形	317	46
tixu	体虚	259	47
tiyan	体验	1688	39
tiye	体液	245	47
tiyi	提议	1748	39
tiyu	体育	6976	33
tiyuchang	体育场	729	42
tiyuguan	体育馆	250	47
tiyuyundong	体育运动	220	47
tizao	提早	198	48
tizhang	体长	653	43
tizheng	体征	149	49
tizhi	体制	6243	34
tizhi	体质	762	42
tizhong	体重	1187	41
tizi	蹄子	296	46
tizi	梯子	267	46
tongbaishan	桐柏山	293	46
tongban	同伴	567	43
tongban	铜板	102	50
tongbao	同胞	1423	40
tongbao	通报	870	42
tongbi	同比	2135	38
tongbu	同步	1056	41
tongchang	通常	8161	33
tongchang	通畅	153	49
tongche	通车	1289	40
tongcheng	通称	1102	41
tongcheng	统称	921	42
tongcheng	通城	280	46
tongchengxian	通城县	257	47
tongchi	痛斥	121	50
tongchou	统筹	470	44
tongchoudikai	同仇敌忾	193	48
tongchu	痛楚	297	46
tongda	通达	659	43
tongda	痛打	188	48
tongdalei	佟大雷	197	48
tongdao	通道	2130	38
tongdao	同道	129	49
tongdeng	同等	863	42
tongdie	通牒	140	49
tongfeng	通风	407	45
tonggan	同感	105	50
tonggao	通高	663	43
tonggao	通告	238	47
tonggongtongchou	同工同酬	522	44
tongguan	潼关	598	43
tongguiyujin	同归于尽	207	48
tongguo	通过	35063	27
tonggusi	通古斯	109	50
tonghaiyun	通海运	129	49
tonghang	通航	1295	40
tonghang	同行	817	42
tonghangye	同行业	110	50
tonghen	痛恨	375	45
tonghong	通红	873	42
tonghua	通话	502	44
tonghua	童话	388	45
tonghua	同化	176	48
tonghuafei	通话费	139	49
tonghun	通婚	159	49
tonghuo	通货	234	47
tonghuo	同伙	125	50
tonghuopengzhang	通货膨胀	498	44
tongji	统计	5381	34
tongji	同级	449	44
tongji	通缉	242	47
tongjian	通奸	178	48
tongjidaxue	同济大学	174	48
tongjiju	统计局	136	49
tongjiling	通缉令	180	48
tongjing	铜镜	270	46
tongjing	痛经	117	50
tongjixue	统计学	167	48
tongju	同居	265	47
tongkao	统考	245	47
tongkong	瞳孔	217	47
tongku	痛苦	3520	36
tongku	痛哭	666	43
tongkuai	痛快	802	42
tongkuang	铜矿	311	46
tonglei	同类	666	43
tongli	通例	170	48
tongliao	同僚	208	47
tongliben	童立本	121	50
tongling	统领	925	42
tongling	铜陵	159	49
tonglu	通路	126	49
tongma	痛骂	169	48
tongmen	同门	303	46
tongmeng	同盟	1210	40
tongmengguo	同盟国	168	48
tongmenghui	同盟会	336	46
tongming	同名	210	47
tongming	通明	160	49
tongnian	同年	3154	37
tongnian	童年	461	44
tongpai	铜牌	314	46
tongpan	通判	100	50
tongqi	同期	1610	39
tongqi	铜器	320	46
tongqi	通气	151	49
tongqian	铜钱	294	46
tongqing	同情	1092	41
tongqingdali	通情达理	100	50
tongqingxi	童庆禧	256	47
tongqu	通衢	1071	41
tongren	同仁	159	49
tongri	同日	250	47
tongshang	通商	949	41
tongshanxian	通山县	266	47
tongsheng	同声	348	45
tongshi	同时	30245	28
tongshi	同事	2249	38
tongshi	通史	391	45
tongshidai	同时代	142	49
tongshu	同属	152	49
tongshuai	统帅	1670	39
tongshuai	统率	775	42
tongshuaibu	统帅部	184	48
tongsu	通俗	534	44
tongtang	同堂	148	49
tongti	通体	167	48
tongtian	通天	625	43
tongtong	统统	459	44
tongtong	通通	105	50
tongtongkuaikuai	痛痛快快	113	50
tongwang	通往	1921	39
tongweisu	同位素	432	45
tongxia	统辖	480	44
tongxiang	通向	858	42
tongxiang	同乡	180	48
tongxiang	铜像	143	49
tongxiao	通宵	286	46
tongxiao	通晓	180	48
tongxin	通信	2998	37
tongxin	痛心	305	46
tongxin	同心	209	47
tongxing	通行	1253	40
tongxing	同姓	148	49
tongxinglian	同性恋	170	48
tongxingzheng	通行证	152	49
tongxinjishou	痛心疾首	106	50
tongxinweixing	通信卫星	154	49
tongxue	同学	4396	35
tongxun	通讯	1473	40
tongxunshe	通讯社	593	43
tongxunyuan	通讯员	438	45
tongyang	同样	7733	33
tongye	同业	142	49
tongyi	统一	13986	31
tongyi	同意	5348	35
tongyi	同一	3327	36
tongyici	同义词	824	42
tongyige	同一个	1036	41
tongyitian	同一天	141	49
tongyixing	同一性	112	50
tongyizhanxian	统一战线	1062	41
tongyong	通用	1861	39
tongyou	桐油	119	50
tongyuan	同源	129	49
tongyue	同月	128	49
tongze	通则	165	48
tongzhang	通胀	138	49
tongzheng	通政	161	49
tongzhi	统治	11085	32
tongzhi	同志	8992	32
tongzhi	通知	3130	37
tongzhi	同治	477	44
tongzhi	统制	281	46
tongzhi	同知	141	49
tongzhijieji	统治阶级	614	43
tongzhiqu	统治区	433	45
tongzhiquan	统治权	258	47
tongzhishu	通知书	211	47
tongzhizhe	统治者	3561	36
tongzhong	同种	179	48
tongzhou	通州	306	46
tongzhuang	童装	278	46
tongzi	童子	562	44
toubao	投保	160	49
touben	投奔	446	44
toubiao	投标	123	50
toubu	头部	1008	41
touchan	投产	993	41
touche	透彻	197	48
toucheng	投诚	103	50
touchu	透出	281	46
toudao	偷盗	149	49
toudeng	头等	260	47
toudi	投递	132	49
touding	头顶	1619	39
touding	透顶	118	50
touer	头儿	780	42
toufa	头发	3096	37
toufang	投放	477	44
tougu	头骨	314	46
touguo	透过	768	42
touhao	头号	306	46
touji	投机	598	43
toujin	头巾	211	47
toujing	头颈	329	46
toujing	透镜	255	47
toukan	偷看	189	48
toukao	投靠	300	46
toukui	头盔	377	45
toulan	投篮	232	47
toulan	偷懒	116	50
touli	头里	119	50
touling	头领	831	42
toulu	透露	2598	37
toulu	头颅	338	46
touming	透明	1371	40
toumingdu	透明度	263	47
toumu	头目	752	42
tounao	头脑	1303	40
toupi	头皮	290	46
toupiao	投票	4148	36
toupiaoquan	投票权	252	47
touqi	透气	121	50
touqiang	投枪	139	49
touqiu	头球	270	46
touren	头人	139	49
touru	投入	6776	34
toushang	头上	2988	37
toushe	投射	238	47
toushen	投身	490	44
toushi	透视	230	47
tousu	投诉	2719	37
toutai	投胎	103	50
touteng	头疼	372	45
touting	偷听	163	48
toutong	头痛	671	43
toutou	偷偷	853	42
toutou	头头	142	49
toutoumomo	偷偷摸摸	118	50
toutuo	头陀	798	42
touxi	偷袭	463	44
touxi	透析	184	48
touxian	头衔	415	45
touxiang	投降	3095	37
touxiang	投向	465	44
touxiang	头像	129	49
touxu	头绪	226	47
touying	投影	207	48
touyun	头晕	411	45
touzhi	投掷	277	46
touzhi	透支	149	49
touzhong	投中	135	49
touzhu	投注	101	50
touzi	投资	13943	31
touzi	骰子	407	45
touzi	头子	213	47
touzie	投资额	141	49
touzizhe	投资者	2201	38
tuan	图案	2643	37
tuancheng	团城	537	44
tuandui	团队	1103	41
tuanfei	团费	135	49
tuanfengxian	团风县	256	47
tuanhuo	团伙	157	49
tuanji	湍急	191	48
tuanjie	团结	3941	36
tuanjieyixin	团结一心	147	49
tuanju	团聚	185	48
tuanli	团里	133	49
tuanlian	团练	107	50
tuanliu	湍流	194	48
tuanti	团体	4923	35
tuantisai	团体赛	154	49
tuantuan	团团	587	43
tuanwei	团委	107	50
tuanyuan	团员	325	46
tuanyuan	团圆	185	48
tuanzhang	团长	1702	39
tuanzi	团子	1567	39
tubian	突变	456	44
tubiao	图表	204	48
tubo	吐蕃	659	43
tubu	徒步	220	47
tuce	图册	1957	39
tuceng	土层	520	44
tucheng	土城	307	46
tuchengzi	土城子	140	49
tuchu	突出	5289	35
tuchu	凸出	259	47
tuchu	突触	125	50
tudan	图丹	256	47
tudao	屠刀	201	48
tudaoduoji	图道多吉	256	47
tudi	土地	11240	32
tudi	徒弟	1169	41
tudigaige	土地改革	291	46
tudigeming	土地革命	530	44
tudou	土豆	493	44
tuerqi	土耳其	1180	41
tuerqiren	土耳其人	262	47
tufa	突发	892	42
tufang	突防	116	50
tufei	土匪	521	44
tufeimengjin	突飞猛进	107	50
tugai	土改	236	47
tuhao	土豪	105	50
tuhua	图画	449	44
tuibi	退避	106	50
tuibian	蜕变	108	50
tuibing	退兵	273	46
tuibozhulan	推波助澜	106	50
tuice	推测	600	43
tuichi	推迟	484	44
tuichong	推崇	379	45
tuichu	推出	4028	36
tuichu	退出	2313	38
tuici	推辞	369	45
tuidao	推倒	217	47
tuidao	推导	125	50
tuiding	推定	131	49
tuidong	推动	4715	35
tuidongli	推动力	116	50
tuiduan	推断	450	44
tuifan	推翻	1726	39
tuiguang	推广	2801	37
tuihou	退后	282	46
tuihua	退化	534	44
tuihuan	退还	202	48
tuihui	退回	586	43
tuijian	推荐	3823	36
tuijiao	腿脚	137	49
tuijie	推介	188	48
tuijin	推进	4932	35
tuijinji	推进剂	101	50
tuijinqi	推进器	125	50
tuiju	推举	549	44
tuiju	退居	119	50
tuikai	推开	1264	40
tuili	推理	614	43
tuili	推力	427	45
tuilu	退路	252	47
tuilun	推论	200	48
tuina	推拿	524	44
tuiqiao	推敲	165	48
tuiqu	退去	251	47
tuique	退却	513	44
tuiran	颓然	125	50
tuirang	退让	271	46
tuise	退色	151	49
tuishang	推上	148	49
tuishou	退守	161	49
tuisong	推送	1070	41
tuisuan	推算	487	44
tuisuo	退缩	381	45
tuituo	推托	135	49
tuiwei	退位	295	46
tuiwu	退伍	121	50
tuixiang	推向	897	42
tuixiang	推想	174	48
tuixiao	推销	438	45
tuixie	推卸	167	48
tuixing	推行	1921	39
tuixiu	退休	1073	41
tuixiujin	退休金	108	50
tuixuan	推选	270	46
tuiyan	推演	382	45
tuiyi	退役	607	43
tuiyi	推移	248	47
tuizou	退走	181	48
tuji	突击	1328	40
tujia	土家	868	42
tujiazu	土家族	1662	39
tujidui	突击队	255	47
tujing	途径	2801	37
tujing	途经	187	48
tujue	突厥	899	42
tukang	土炕	102	50
tukeng	土坑	361	45
tuku	图库	1272	40
tukuai	土块	303	46
tulao	徒劳	125	50
tuliao	涂料	559	44
tuliman	涂黎曼	256	47
tulongdao	屠龙刀	224	47
tulu	吐露	322	46
tulu	屠戮	115	50
tulufan	吐鲁番	250	47
tulunbei	土伦杯	146	49
tumo	涂抹	236	47
tumou	图谋	568	43
tumu	土木	237	47
tumugongcheng	土木工程	145	49
tunbing	屯兵	373	45
tunbing	吞并	315	46
tunbu	臀部	223	47
tunisi	突尼斯	436	45
tunmo	吞没	197	48
tunqi	臀鳍	179	48
tunshi	吞噬	255	47
tunshi	吞食	155	49
tuntian	屯田	432	45
tuntu	吞吐	140	49
tuntuliang	吞吐量	507	44
tuntuntutu	吞吞吐吐	189	48
tunyan	吞咽	154	49
tunzi	屯子	362	45
tuoba	拓跋	401	45
tuobei	驼背	134	49
tuochu	脱出	113	50
tuodang	妥当	430	45
tuodiao	脱掉	142	49
tuofa	脱发	104	50
tuofu	托福	282	46
tuofu	托付	167	48
tuoguan	托管	220	47
tuojie	脱节	104	50
tuokou	脱口	126	49
tuokouerchu	脱口而出	199	48
tuokuan	拓宽	313	46
tuokun	脱困	114	50
tuolaji	拖拉机	438	45
tuolasi	托拉斯	100	50
tuolei	拖累	120	50
tuoleimi	托勒密	142	49
tuoli	脱离	1706	39
tuoluo	脱落	464	44
tuoluo	陀螺	202	48
tuomasi	托马斯	390	45
tuomo	唾沫	332	46
tuopan	托盘	139	49
tuopin	脱贫	165	48
tuopinzhifu	脱贫致富	135	49
tuopu	拓扑	146	49
tuoqian	拖欠	253	47
tuoren	托人	276	46
tuoshan	妥善	438	45
tuoshen	脱身	762	42
tuoshou	脱手	442	44
tuoshui	脱水	239	47
tuoxian	脱险	224	47
tuoxie	妥协	764	42
tuoxie	拖鞋	121	50
tuoyan	拖延	419	45
tuoye	唾液	172	48
tuoye	托叶	132	49
tuoyingerchu	脱颖而出	215	47
tuoyuan	椭圆	323	46
tuoyuanxing	椭圆形	483	44
tuozhan	拓展	864	42
tuozhi	拓殖	126	49
tuozhu	拖住	119	50
tuozi	驼子	102	50
tuozonghua	庹宗华	256	47
tuozongkang	庹宗康	256	47
tupian	图片	6689	34
tupo	突破	3699	36
tupokou	突破口	265	47
tupoxing	突破性	188	48
tupu	图谱	111	50
tuqi	突起	334	46
tuqi	凸起	143	49
tuqiang	土墙	124	50
tuqiu	土丘	224	47
turan	突然	14998	30
turan	徒然	175	48
turang	土壤	3360	36
turanxiji	突然袭击	187	48
turen	土人	119	50
turu	突入	140	49
turuqilai	突如其来	263	47
tuse	土色	148	49
tusha	屠杀	920	42
tushou	徒手	200	48
tushu	图书	1186	41
tushuguan	图书馆	1551	39
tushuguanxue	图书馆学	124	50
tusi	土司	2172	38
tutaizi	土台子	276	46
tutechan	土特产	591	43
tutechanpin	土特产品	167	48
tuteng	图腾	218	47
tutou	秃头	164	48
tuwei	突围	625	43
tuwu	突兀	193	48
tuxi	突袭	246	47
tuxian	凸显	181	48
tuxian	凸现	145	49
tuxiang	图像	1093	41
tuxie	吐血	158	49
tuxing	图形	903	42
tuxing	土星	141	49
tuxing	徒刑	134	49
tuyang	图样	162	48
tuyuhun	吐谷浑	124	50
tuzai	屠宰	178	48
tuzang	土葬	129	49
tuzhangwang	涂长望	258	47
tuzhi	图纸	401	45
tuzhi	土质	152	49
tuzhong	途中	1180	41
tuzhu	土著	441	44
tuzi	兔子	343	45
tuzu	土族	308	46
wachu	挖出	293	46
wadi	洼地	613	43
waer	娃儿	196	48
wagong	瓦工	264	47
waguan	瓦罐	379	45
waibi	外币	146	49
waibian	外边	945	41
waibiao	外表	883	42
waibu	外部	1356	40
waice	外侧	484	44
waiceng	外层	280	46
waichu	外出	741	42
waidi	外地	1226	40
waidi	外敌	108	50
waidian	外电	281	46
waidiren	外地人	132	49
waifang	外方	117	50
waigan	外感	138	49
waigong	外公	311	46
waigua	外挂	132	49
waiguan	外观	626	43
waiguo	外国	7204	33
waiguoren	外国人	801	42
waiguoyu	外国语	270	46
waihai	外海	128	49
waihao	外号	494	44
waihui	外汇	1386	40
waiji	外籍	305	46
waijia	外加	324	46
waijian	外间	192	48
waijiao	外交	4781	35
waijiaobu	外交部	7223	33
waijiaobuzhang	外交部长	588	43
waijiaodachen	外交大臣	120	50
waijiaoguan	外交官	360	45
waijie	外界	1629	39
waijingmao	外经贸	290	46
waijun	外军	107	50
waike	外科	660	43
waike	外壳	237	47
wailai	外来	925	42
waili	外力	326	46
wailiu	外流	238	47
waimao	外贸	1887	39
waimao	外貌	438	45
waimian	外面	4049	36
waipi	外皮	551	44
waipo	外婆	272	46
waiqi	外企	458	44
waiqi	外戚	218	47
waiqiang	外墙	175	48
waiqiao	外侨	175	48
waiqu	歪曲	198	48
wairen	外人	727	42
waishang	外商	951	41
waishang	外伤	158	49
waisheng	外甥	265	47
waisheng	外省	175	48
waishi	外事	711	43
waisun	外孙	118	50
waitan	外滩	140	49
waitao	外套	160	49
waitao	外逃	108	50
waitou	外头	556	44
waiwei	外围	685	43
waiwen	外文	657	43
waixiangxing	外向型	408	45
waixiao	外校	285	46
waixiao	外销	168	48
waixing	外形	693	43
waixingren	外星人	103	50
waiyan	外延	155	49
waiyi	外衣	293	46
waiyin	外阴	112	50
waiyong	外用	177	48
waiyu	外语	1187	41
waiyuan	外援	592	43
waizhai	外债	353	45
waizhang	外长	1180	41
waizhuan	外传	214	47
waizi	外资	2363	38
waizufu	外祖父	128	49
waizumu	外祖母	318	46
wajie	瓦解	524	44
wajue	挖掘	933	41
waku	挖苦	120	50
wakuai	瓦块	146	49
waluojia	瓦罗加	159	49
wanan	万安	191	48
wanbang	万镑	263	47
wanbao	晚报	312	46
wanbei	完备	958	41
wanbei	晚辈	783	42
wanbi	完毕	1336	40
wancan	晚餐	271	46
wancheng	完成	16365	30
wanchenglv	完成率	258	47
wandan	完蛋	228	47
wandou	豌豆	789	42
wandun	万吨	5026	35
wandunji	万吨级	301	46
wanduo	万多	433	45
wanduogongli	万多公里	307	46
wanduomu	万多亩	1025	41
waner	玩儿	220	47
wanfan	晚饭	831	42
wanfang	万方	249	47
wanfen	万分	804	42
wanfen	万份	106	50
wangaiqun	汪爱群	256	47
wanganshi	王安石	372	45
wangba	王八	494	44
wangba	网吧	335	46
wangbaobao	王保保	156	49
wangbicheng	王必成	259	47
wangbuliao	忘不了	164	48
wangchang	往常	460	44
wangchao	王朝	3792	36
wangchaoyong	汪潮涌	256	47
wangchengen	王承恩	263	47
wangchenghan	王诚汉	256	47
wangchongyang	王重阳	254	47
wangconger	王聪儿	260	47
wangdafu	王大夫	448	44
wangdao	王道	251	47
wangdian	网点	332	46
wangdiao	忘掉	218	47
wangdongsheng	王冬生	256	47
wangdui	网队	216	47
wange	万个	344	45
wangenfuyi	忘恩负义	136	49
wangfan	往返	488	44
wangfei	王妃	242	47
wangfu	王府	1251	40
wangfu	往复	117	50
wangfujing	王府井	183	48
wangfuren	王夫人	796	42
wangge	网格	104	50
wanggong	王公	1578	39
wanggong	王宫	374	45
wangguo	王国	2631	37
wangguo	亡国	614	43
wangguoguang	王国光	228	47
wangguosheng	王国生	769	42
wanghongwen	王洪文	142	49
wanghou	往后	652	43
wanghou	王侯	254	47
wanghou	王后	240	47
wanghuaiyuan	王怀远	258	47
wanghui	往回	343	45
wangji	忘记	2410	38
wangji	旺季	191	48
wangjia	王家	979	41
wangjiadun	王家墩	256	47
wangjiagang	王家岗	256	47
wangjian	望见	617	43
wangjianan	王建安	257	47
wangjianying	王剑英	143	49
wangjiayao	王家耀	257	47
wangjingwei	汪精卫	451	44
wangjiusi	王九思	223	47
wangjiyuan	王吉元	165	48
wangju	网具	261	47
wanglai	往来	1567	39
wanglifen	王利芬	257	47
wangliming	王利明	256	47
wangling	亡灵	126	49
wangliping	王立平	259	47
wangluo	网络	8352	33
wangluoanquan	网络安全	107	50
wangluohua	网络化	125	50
wangluoyouxi	网络游戏	343	45
wangmang	王莽	285	46
wangmanyin	王满银	146	49
wangmaolin	王茂林	259	47
wangmaorun	王茂润	256	47
wangmeixiang	王梅祥	256	47
wangmengkui	王梦奎	258	47
wangmin	网民	561	44
wangming	王明	368	45
wangming	亡命	105	50
wangnian	往年	624	43
wangningsheng	王宁生	257	47
wangong	完工	580	43
wangong	弯弓	104	50
wangongjin	万公斤	777	42
wangongli	万公里	223	47
wangongqing	万公顷	2740	37
wangpai	王牌	194	48
wangping	王平	352	45
wangqian	往前	1057	41
wangqiu	网球	415	45
wangqiyao	王琦瑶	1997	38
wangqu	望去	889	42
wangquan	王权	223	47
wangque	忘却	231	47
wangrenmei	王仁美	117	50
wangrenzhong	王任重	273	46
wangri	往日	719	43
wangruifen	王瑞芬	236	47
wangruiling	王瑞领	128	49
wangruohan	王若涵	256	47
wangshang	网上	2495	38
wangshangrong	王尚荣	257	47
wangsheng	旺盛	604	43
wangshi	王室	1029	41
wangshi	往事	680	43
wangshouren	王守仁	611	43
wangshusheng	王树声	275	46
wangsongda	王宋大	256	47
wangtailan	王太岚	256	47
wangtiekou	王铁口	117	50
wangtu	妄图	473	44
wangu	万股	547	44
wangu	顽固	432	45
wanguo	万国	155	49
wangupai	顽固派	286	46
wangwang	往往	7443	33
wangwang	望望	605	43
wangwei	王位	732	42
wangwei	妄为	193	48
wangweicheng	王维城	257	47
wangweiyang	王维扬	146	49
wangweiyu	王纬宇	640	43
wangxi	往昔	152	49
wangxiang	妄想	329	46
wangxiangxi	王祥喜	256	47
wangxiaobo	王小波	161	49
wangxiaodong	王晓东	518	44
wangxiaofeng	汪啸风	104	50
wangxiaolan	王小兰	251	47
wangxigen	汪习根	256	47
wangxijue	王锡爵	178	48
wangxilie	王希烈	225	47
wangxinting	王新亭	257	47
wangxizhi	王羲之	110	50
wangxueping	王学萍	257	47
wangyanan	王亚南	264	47
wangyang	汪洋	275	46
wangye	网页	3066	37
wangye	王爷	1624	39
wangyeqiu	王冶秋	129	49
wangyi	网易	159	49
wangyifeng	王伊锋	256	47
wangyiming	王以铭	256	47
wangyingfan	王英凡	263	47
wangyongyan	王永炎	257	47
wangyou	网友	1634	39
wangyou	网游	104	50
wangyuanjing	望远镜	664	43
wangyuanzhang	王元章	171	48
wangyunlong	王云龙	256	47
wangyuzhen	王玉珍	257	47
wangzhan	网站	4817	35
wangzhangshun	王长顺	319	46
wangzhaoguo	王兆国	303	46
wangzhaojun	王昭君	302	46
wangzhe	王者	281	46
wangzhi	网址	293	46
wangzhizhi	王治郅	194	48
wangzhuang	网状	130	49
wangzi	王子	685	43
wangzu	王族	165	48
wangzuorong	王作荣	256	47
wangzuoshu	王佐书	258	47
wangzuxun	王祖训	256	47
wanhao	完好	918	42
wanhu	万户	293	46
wanhui	晚会	837	42
wanhui	挽回	427	45
wanhun	完婚	300	46
wanji	烷基	106	50
wanjia	万家	1075	41
wanjia	玩家	265	47
wanjian	晚间	261	47
wanjie	完结	106	50
wanjin	万斤	295	46
wanjiu	挽救	863	42
wanju	玩具	768	42
wankuai	万块	189	48
wankuai	碗筷	166	48
wanli	万历	1664	39
wanli	万里	804	42
wanlian	挽联	197	48
wanliang	万辆	929	42
wanlichangcheng	万里长城	121	50
wanlifangmi	万立方米	980	41
wanliu	挽留	197	48
wanmei	完美	1509	40
wanmeiyuan	万美元	2034	38
wanmi	万米	113	50
wanmin	万民	263	47
wanming	万名	409	45
wanming	玩命	102	50
wanmu	万亩	3169	37
wannan	皖南	145	49
wannanshibian	皖南事变	106	50
wanneng	万能	179	48
wannian	万年	1077	41
wannian	晚年	1036	41
wannong	玩弄	218	47
wanpi	顽皮	254	47
wanpingfangmi	万平方米	1977	38
wanqi	晚期	1368	40
wanqian	万千	153	49
wanqiang	顽强	815	42
wanqianmi	万千米	254	47
wanqianwa	万千瓦	885	42
wanqing	晚清	328	46
wanqu	弯曲	1238	40
wanquan	完全	15627	30
wanran	宛然	114	50
wanrenci	万人次	709	43
wanru	宛如	1025	41
wanshan	完善	8085	33
wanshan	万山	103	50
wanshang	晚上	5770	34
wanshang	腕上	120	50
wansheng	晚生	176	48
wanshi	万世	337	46
wanshi	万事	303	46
wanshougeng	万寿羹	256	47
wanshua	玩耍	266	47
wansiyisheng	万死一生	131	49
wansui	万岁	2642	37
wantai	万台	285	46
wantong	顽童	541	44
wantou	万头	330	46
wanwan	万万	976	41
wanwan	玩玩	192	48
wanwanququ	弯弯曲曲	111	50
wanwei	万尾	514	44
wanwu	万物	848	42
wanwuyishi	万无一失	199	48
wanxi	惋惜	258	47
wanxia	晚霞	129	49
wanxian	万线	259	47
wanxiang	万向	561	44
wanxiao	玩笑	543	44
wanxuewen	万学文	256	47
wanxueyuan	万学远	256	47
wanyan	蜿蜒	842	42
wanyan	完颜	102	50
wanyankang	完颜康	143	49
wanyanping	完颜萍	204	48
wanyao	弯腰	392	45
wanyao	丸药	104	50
wanyi	万一	1494	40
wanyi	玩意	249	47
wanyier	玩意儿	278	46
wanyier	玩艺儿	114	50
wanyingbang	万英镑	130	49
wanyouyinli	万有引力	114	50
wanyu	万余	817	42
wanyuan	万元	7476	33
wanzhang	万丈	123	50
wanzheng	完整	4142	36
wanzhengxing	完整性	123	50
wanzhenshan	万震山	244	47
wanzhong	万种	138	49
wanzhou	万州	106	50
wanzhuan	婉转	238	47
wapian	瓦片	119	50
wasi	瓦斯	132	49
wate	瓦特	110	50
wawa	娃娃	1114	41
wawa	哇哇	270	46
wawayu	娃娃鱼	286	46
wawu	瓦屋	532	44
wazi	袜子	304	46
wazi	娃子	159	49
weiai	胃癌	182	48
weiao	违拗	147	49
weiba	尾巴	734	42
weibei	违背	887	42
weibi	未必	2872	37
weibi	威逼	125	50
weibing	卫兵	529	44
weibo	微波	650	43
weibo	微薄	161	49
weibo	韦伯	147	49
weibu	尾部	309	46
weibuzudao	微不足道	277	46
weiceng	未曾	822	42
weichang	未尝	405	45
weichang	胃肠	251	47
weichangdao	胃肠道	142	49
weichen	微臣	206	48
weicheng	围城	276	46
weichengnian	未成年	146	49
weichengnianren	未成年人	192	48
weichi	维持	3803	36
weichu	位处	123	50
weichuliqi	微处理器	146	49
weichunhua	卫春华	228	47
weici	为此	434	45
weida	伟大	4150	36
weidao	味道	2808	37
weideshi	为的是	352	45
weidianzi	微电子	119	50
weidimala	危地马拉	145	49
weiding	未定	227	47
weidu	唯独	597	43
weidu	纬度	403	45
weidu	惟独	182	48
weidui	卫队	515	44
weiduoliya	维多利亚	193	48
weie	巍峨	409	45
weier	味儿	312	46
weiershi	威尔士	154	49
weierxun	威尔逊	187	48
weifa	违法	1214	40
weifan	违反	1512	40
weifan	违犯	114	50
weifang	潍坊	117	50
weifen	微分	307	46
weifenfangcheng	微分方程	356	45
weifeng	威风	627	43
weifeng	微风	186	48
weifenglinlin	威风凛凛	403	45
weifu	为辅	197	48
weifusheng	魏复盛	256	47
weigan	桅杆	184	48
weigong	围攻	993	41
weigonggong	魏公公	109	50
weiguan	微观	508	44
weiguan	围观	237	47
weiguan	为官	223	47
weiguang	微光	204	48
weigui	违规	463	44
weiguo	卫国	445	44
weiguo	魏国	165	48
weiguo	未果	109	50
weiguozhi	卫国之	130	49
weihai	危害	1781	39
weihai	为害	484	44
weihai	威海	143	49
weihaiwei	威海卫	117	50
weihe	为何	2217	38
weihe	维和	272	46
weihe	渭河	193	48
weihu	维护	5477	34
weihun	未婚	210	47
weiji	危机	4310	35
weiji	危急	1161	41
weiji	危及	478	44
weiji	未及	325	46
weiji	违纪	294	46
weiji	微机	180	48
weijian	围歼	145	49
weijianeng	韦家能	257	47
weijianxing	尉健行	201	48
weijiao	围剿	854	42
weijie	慰藉	118	50
weijifen	微积分	182	48
weijin	魏晋	608	43
weijin	围巾	103	50
weijing	未经	679	43
weijing	味精	140	49
weiju	位居	1409	40
weiju	畏惧	531	44
weiju	危局	106	50
weijue	味觉	115	50
weijun	伪军	458	44
weikang	违抗	224	47
weikong	唯恐	374	45
weikong	惟恐	303	46
weikou	胃口	337	46
weikun	围困	427	45
weilai	未来	6069	34
weilan	围栏	169	48
weile	为了	21073	29
weili	威力	1336	40
weili	微粒	249	47
weilian	威廉	319	46
weiliang	微量	218	47
weiliangyuansu	微量元素	205	48
weiliao	未了	275	46
weilie	位列	125	50
weimeng	威猛	197	48
weimi	微米	307	46
weimian	未免	993	41
weimian	卫冕	295	46
weimian	未眠	156	49
weimiao	微妙	335	46
weimin	为民	621	43
weiming	为名	681	43
weiming	威名	334	46
weimu	帷幕	328	46
weimuxin	尉沐昕	256	47
weinan	危难	582	43
weinan	为难	429	45
weineiruila	委内瑞拉	530	44
weineng	未能	1455	40
weinisi	威尼斯	406	45
weipai	委派	505	44
weipin	危品	256	47
weiqi	为期	955	41
weiqi	尾鳍	498	44
weiqi	围棋	473	44
weiqiang	围墙	1346	40
weiqie	畏怯	181	48
weiqinghui	魏清慧	214	47
weiqu	委屈	961	41
weiquan	维权	120	50
weiqun	围裙	120	50
weirao	围绕	2065	38
weiren	委任	239	47
weiren	伟人	186	48
weiruan	微软	1757	39
weiruangongsi	微软公司	268	46
weiruo	微弱	577	43
weisente	维森特	114	50
weisha	为啥	282	46
weishe	威慑	324	46
weisheng	卫生	4290	35
weisheng	为生	462	44
weisheng	尾声	200	48
weishengbu	卫生部	651	43
weishengjian	卫生间	150	49
weishengju	卫生局	160	49
weishengsu	维生素	1933	39
weishengwu	微生物	784	42
weishengyuan	卫生院	182	48
weishenme	为什么	9561	32
weishi	卫士	669	43
weishi	委实	233	47
weishi	威势	170	48
weishi	卫视	137	49
weishou	为首	2021	38
weishu	为数	547	44
weishubuduo	为数不多	184	48
weishui	渭水	108	50
weisui	尾随	131	49
weisui	未遂	113	50
weisuo	萎缩	428	45
weisuo	畏缩	100	50
weisuoyuwei	为所欲为	254	47
weiti	为题	106	50
weitie	卫铁	256	47
weituo	委托	1977	38
weituoren	委托人	324	46
weituoshu	委托书	312	46
weiwan	委婉	263	47
weiwang	威望	391	45
weiwang	危亡	237	47
weiwei	微微	3182	37
weiwei	魏巍	242	47
weiwen	慰问	481	44
weiwu	威武	411	45
weiwu	为伍	112	50
weiwuer	维吾尔	210	47
weiwuerzu	维吾尔族	997	41
weiwushiguan	唯物史观	107	50
weiwuzhuyi	唯物主义	409	45
weixi	苇席	409	45
weixi	维系	257	47
weixian	危险	3979	36
weixian	为先	171	48
weixiangzhu	韦香主	280	46
weixianxing	危险性	210	47
weixiao	微笑	3625	36
weixiao	微小	463	44
weixiao	卫校	269	46
weixiaobao	韦小宝	9863	32
weixie	威胁	3909	36
weixielun	威胁论	191	48
weixin	威信	521	44
weixin	维新	300	46
weixing	卫星	3057	37
weixing	微型	341	46
weixingjun	魏兴郡	256	47
weixinpai	维新派	140	49
weixinzhuyi	唯心主义	340	46
weixiu	维修	1678	39
weixueceng	魏学曾	192	48
weiyan	威严	635	43
weiyan	围堰	138	49
weiyang	喂养	198	48
weiyena	维也纳	742	42
weiyi	唯一	4448	35
weiyi	惟一	991	41
weiyi	位移	246	47
weiyi	尾翼	222	47
weiyixiao	韦一笑	237	47
weiyou	唯有	642	43
weiyou	惟有	562	44
weiyou	未有	460	44
weiyu	位于	14654	30
weiyuan	委员	9071	32
weiyuanhui	委员会	24831	28
weiyuanzhang	委员长	5156	35
weiyue	违约	196	48
weiyuejin	违约金	105	50
weizao	伪造	332	46
weizhang	违章	178	48
weizhe	为着	622	43
weizhe	围着	618	43
weizhe	违者	233	47
weizhen	威震	151	49
weizheng	为政	337	46
weizhi	位置	7886	33
weizhi	为止	1927	39
weizhi	未知	565	43
weizhishu	未知数	130	49
weizhong	为重	491	44
weizhongxian	魏忠贤	661	43
weizhu	为主	11807	31
weizhu	围住	444	44
weizhuang	伪装	483	44
weizhui	围追	184	48
weizhun	为准	567	43
weizi	位子	326	46
weizi	苇子	122	50
weizuo	围坐	115	50
wenbao	温饱	275	46
wenben	文本	352	45
wenbi	文笔	154	49
wenbu	稳步	1233	40
wencai	文采	102	50
wencha	温差	509	44
wenchang	文昌	341	46
wenchangshi	文昌市	276	46
wenchen	文臣	248	47
wencheng	文成	112	50
wenchuan	汶川	275	46
wencun	温存	110	50
wenda	问答	167	48
wendai	温带	1075	41
wendang	文档	181	48
wendao	问道	7484	33
wendao	闻到	513	44
wendi	文帝	237	47
wending	稳定	8439	33
wendingxing	稳定性	857	42
wendongwu	文东武	260	47
wendu	温度	3953	36
wenduji	温度计	174	48
wenfeng	文峰	262	47
wenfeng	文风	142	49
wengao	文稿	115	50
wenge	文革	703	43
wengongtuan	文工团	281	46
wengu	稳固	308	46
wenguan	文官	650	43
wengweng	嗡嗡	422	45
wenhan	文翰	129	49
wenhao	问号	133	49
wenhao	问好	113	50
wenhe	温和	1352	40
wenhe	吻合	311	46
wenhou	问候	489	44
wenhua	文化	34860	27
wenhua	文华	1074	41
wenhua	问话	359	45
wenhuabu	文化部	305	46
wenhuaceng	文化层	291	46
wenhuachanye	文化产业	194	48
wenhuaguan	文化馆	127	49
wenhuajiaoyu	文化教育	334	46
wenhuajie	文化界	110	50
wenhuaju	文化局	201	48
wenhualu	文化路	513	44
wenhuashi	文化史	394	45
wenhui	文汇	278	46
wenji	文集	830	42
wenji	问及	219	47
wenjiabao	温家宝	276	46
wenjian	文件	4288	35
wenjian	稳健	339	46
wenjianming	文件名	106	50
wenjiao	文教	513	44
wenjiaoweisheng	文教卫生	279	46
wenjuan	问卷	166	48
wenke	文科	533	44
wenku	文库	2294	38
wenli	纹理	135	49
wenli	文理	108	50
wenlian	文联	214	47
wenlixueyuan	文理学院	1301	40
wenluan	紊乱	707	43
wenmang	文盲	203	48
wenmi	文秘	102	50
wenming	文明	6584	34
wenming	闻名	1310	40
wenming	问明	160	49
wenmingguguo	文明古国	105	50
wenmingshi	文明史	113	50
wenmingyushi	闻名于世	153	49
wenmingzhongwai	闻名中外	308	46
wennuan	温暖	1606	39
wennuanruchun	温暖如春	146	49
wenping	文凭	457	44
wenqi	问起	587	43
wenqing	温情	120	50
wenquan	温泉	680	43
wenre	温热	282	46
wenren	文人	839	42
wenrou	温柔	1029	41
wenshi	问世	759	42
wenshi	纹饰	418	45
wenshi	文史	295	46
wenshi	温室	270	46
wenshizhen	闻世震	256	47
wenshu	文书	1354	40
wenshui	温水	183	48
wenshun	温顺	107	50
wenshuo	文说	173	48
wensibudong	纹丝不动	160	49
wensuoweiwen	闻所未闻	106	50
wentailai	文泰来	364	45
wentan	文坛	308	46
wenti	问题	55563	25
wenti	文体	431	45
wentianxiang	文天祥	187	48
wentingshi	文廷式	219	47
wentiren	温体仁	139	49
wentuo	稳妥	246	47
wenwen	问问	561	44
wenwu	文物	4746	35
wenwu	文武	1525	40
wenwubaiguan	文武百官	747	42
wenxian	文献	1701	39
wenxin	温馨	335	46
wenxuan	文选	259	47
wenxue	文学	6890	33
wenxuejia	文学家	280	46
wenxuejiang	文学奖	104	50
wenxueshi	文学史	337	46
wenxueyuan	文学院	123	50
wenxun	闻讯	371	45
wenya	文雅	145	49
wenyan	文言	139	49
wenyi	文艺	2892	37
wenyi	瘟疫	247	47
wenyiduo	闻一多	566	43
wenyifuxing	文艺复兴	404	45
wenyijie	文艺界	162	48
wenyouwu	文右武	130	49
wenyuange	文渊阁	348	45
wenzezifu	文责自负	592	43
wenzhai	文摘	108	50
wenzhang	文章	6728	34
wenzhi	文职	286	46
wenzhong	文中	356	45
wenzhong	稳重	202	48
wenzhou	温州	456	44
wenzhu	稳住	243	47
wenzi	文字	4631	35
wenzi	蚊子	293	46
wenzong	文宗	140	49
wobei	我辈	246	47
wochuang	卧床	104	50
wodang	我党	129	49
woerfu	沃尔夫	126	49
wofang	我方	194	48
wofang	卧房	111	50
woguo	我国	22114	29
wohui	我会	1196	40
wojia	我家	1118	41
wojun	我军	1853	39
wokou	倭寇	496	44
wolia	我俩	135	49
wolong	卧龙	176	48
wolun	涡轮	491	44
women	我们	98740	23
wonang	窝囊	137	49
woniu	蜗牛	126	49
wopeng	窝棚	151	49
wosheng	我省	529	44
woshi	卧室	596	43
woshi	我市	279	46
woshou	握手	381	45
wotaihua	渥太华	105	50
woxiao	我校	823	42
woxin	我心	293	46
woxinchangdan	卧薪尝胆	325	46
woxing	我行	593	43
woxuan	斡旋	118	50
woyou	握有	154	49
wozhu	握住	716	43
wuai	无碍	153	49
wubai	五百	537	44
wubainian	五百年	228	47
wubangguo	吴邦国	369	45
wubao	五保	790	42
wubei	武备	312	46
wubi	无比	1898	39
wubi	务必	573	43
wubian	无边	390	45
wubianwuji	无边无际	107	50
wubu	无不	2556	37
wucai	五彩	417	45
wucan	午餐	267	46
wucha	误差	406	45
wuchan	物产	481	44
wuchang	武昌	5077	35
wuchang	无偿	662	43
wuchang	无常	301	46
wuchangqiyi	武昌起义	499	44
wuchangqu	武昌区	2573	37
wuchangyu	武昌鱼	291	46
wuchangzhan	武昌站	256	47
wuchanjieji	无产阶级	2401	38
wuchaqing	吴茶清	149	49
wuchen	无尘	467	44
wuchengying	吴承瑛	123	50
wuchi	无耻	510	44
wuchi	五尺	250	47
wuchu	无处	639	43
wuchu	吴楚	275	46
wuchu	悟出	105	50
wuci	五次	220	47
wucong	无从	640	43
wuda	五大	541	44
wuda	武大	336	46
wudai	五代	1734	39
wudang	武当	222	47
wudangshan	武当山	3316	36
wudao	舞蹈	2030	38
wudao	五道	325	46
wudao	误导	193	48
wudao	无道	118	50
wudaoxing	误导性	249	47
wudexin	吴德馨	256	47
wudi	无敌	243	47
wudian	五点	129	49
wuding	屋顶	1485	40
wuding	武丁	160	49
wuding	无定	148	49
wudingfu	吴定富	261	47
wudong	舞动	206	48
wudongyuzhong	无动于衷	178	48
wudou	武斗	130	49
wudu	无毒	135	49
wudu	五毒	120	50
wuduan	无端	168	48
wudujiao	五毒教	106	50
wudunru	武敦儒	256	47
wuebuzuo	无恶不作	106	50
wufa	无法	9557	32
wufan	午饭	491	44
wufang	无妨	177	48
wufawutian	无法无天	152	49
wufei	无非	840	42
wufen	五分	1110	41
wufeng	五峰	304	46
wuganda	乌干达	158	49
wugao	诬告	122	50
wuge	五个	1860	39
wugen	五根	103	50
wugeng	五更	397	45
wugong	武功	7887	33
wugong	蜈蚣	595	43
wugong	无功	139	49
wugong	务工	101	50
wugu	无辜	587	43
wugu	五谷	347	45
wugu	无故	147	49
wuguan	无关	828	42
wuguan	武官	634	43
wuguan	五官	216	47
wuguanjinyao	无关紧要	141	49
wugui	乌龟	508	44
wuguo	吴国	174	48
wuguolun	吴国伦	261	47
wuhai	无害	175	48
wuhan	武汉	24302	28
wuhandaxue	武汉大学	691	43
wuhandui	武汉队	272	46
wuhanshi	武汉市	22783	29
wuhanzhan	武汉站	256	47
wuhei	乌黑	241	47
wuheng	五横	256	47
wuhou	午后	331	46
wuhou	屋后	150	49
wuhu	芜湖	262	47
wuhua	物化	180	48
wuhuabamen	五花八门	152	49
wuhuakeshuo	无话可说	188	48
wuhuan	乌桓	174	48
wuhui	误会	547	44
wuhui	污秽	145	49
wuhui	舞会	116	50
wuji	屋脊	775	42
wuji	无机	313	46
wujia	物价	1064	41
wujiagangqu	伍家岗区	256	47
wujiakegui	无家可归	111	50
wujian	五间	1103	41
wujian	物件	395	45
wujian	五建	131	49
wujiang	武将	509	44
wujiang	乌江	120	50
wujianmin	吴建民	145	49
wujiao	屋角	181	48
wujiaodalou	五角大楼	351	45
wujiaoxing	五角星	147	49
wujichuan	吴基传	257	47
wujie	误解	827	42
wujie	五届	404	45
wujikeshi	无计可施	152	49
wujiming	无记名	552	44
wujin	无尽	268	46
wujing	武警	720	43
wujing	五经	140	49
wujingbudui	武警部队	332	46
wujingui	吴金贵	161	49
wujinshi	武进士	133	49
wujinshimei	武进士梅	128	49
wujinshixu	武进士徐	128	49
wujiu	乌桕	333	46
wujiwu	无机物	113	50
wujiyan	无机盐	115	50
wujiyushi	无济于事	211	47
wuju	舞剧	205	48
wujun	无菌	189	48
wuke	无可	803	42
wukehoufei	无可厚非	106	50
wukelan	乌克兰	696	43
wukenaihe	无可奈何	672	43
wukui	无愧	113	50
wulaer	乌拉尔	178	48
wulagui	乌拉圭	256	47
wulai	无赖	336	46
wulei	五类	149	49
wuli	物理	2709	37
wuli	屋里	1928	39
wuli	无力	1264	40
wuli	武力	1263	40
wuli	五里	536	44
wuli	物力	403	45
wuli	无礼	343	45
wuli	无理	285	46
wuliang	无量	361	45
wuliang	五两	109	50
wulianguan	五连冠	141	49
wuliangye	五粮液	163	48
wulianyuan	武连元	257	47
wuliao	无聊	524	44
wuliao	物料	171	48
wulihuaxue	物理化学	212	47
wuliliang	物理量	217	47
wulin	武林	2204	38
wuling	武陵	593	43
wulingshan	武陵山	540	44
wulinzhong	武林中	221	47
wulishen	吴立身	157	49
wuliu	物流	610	43
wuliu	五六	126	49
wuliuge	五六个	142	49
wuliuqi	吴六奇	169	48
wuliuqian	五六千	151	49
wulixi	物理系	107	50
wulixingzhi	物理性质	142	49
wulixue	物理学	1181	41
wulixuejia	物理学家	648	43
wulongju	乌龙驹	171	48
wulumuqi	乌鲁木齐	435	45
wulun	无论	4936	35
wulunruhe	无论如何	1395	40
wulunshi	无论是	353	45
wuma	武麻	256	47
wumei	舞美	793	42
wumei	妩媚	206	48
wumen	午门	3000	37
wumen	五门	303	46
wumen	屋门	124	50
wumian	屋面	195	48
wumie	诬蔑	123	50
wuming	五名	423	45
wuming	无名	276	46
wumoxi	吴摩西	689	43
wunai	无奈	1567	39
wunei	屋内	285	46
wuneng	无能	537	44
wunengweili	无能为力	268	46
wuni	污泥	132	49
wunian	五年	4330	35
wunianjihua	五年计划	185	48
wuning	毋宁	316	46
wunong	务农	174	48
wupai	五派	102	50
wupeifu	吴佩孚	247	47
wupin	物品	1532	40
wupin	五品	199	48
wuqi	武器	8812	33
wuqi	雾气	220	47
wuqian	五千	472	44
wuqiannian	五千年	117	50
wuqing	无情	436	45
wuqingbo	武清伯	167	48
wuqiong	无穷	757	42
wuqiongde	无穷的	135	49
wuqituxing	无期徒刑	101	50
wuqiu	务求	117	50
wuqu	误区	357	45
wuqu	舞曲	143	49
wuquan	无权	250	47
wuquan	物权	119	50
wuran	污染	2692	37
wuranwu	污染物	388	45
wuranyuan	污染源	107	50
wuren	无人	2874	37
wuren	武人	122	50
wurenji	无人机	488	44
wurenwei	误认为	131	49
wuri	五日	195	48
wuritu	乌日图	256	47
wuru	侮辱	428	45
wuruyi	吴汝义	533	44
wusangui	吴三桂	2546	37
wusantong	武三通	135	49
wusayundong	五卅运动	226	47
wuse	无色	822	42
wuse	五色	183	48
wuse	物色	159	49
wusetu	五色土	643	43
wushamao	乌纱帽	108	50
wushan	巫山	405	45
wushang	无上	122	50
wushang	误伤	121	50
wushaoxun	吴少勋	256	47
wusheng	无声	896	42
wushengwuxi	无声无息	186	48
wushi	武士	1453	40
wushi	五十	666	43
wushi	务实	614	43
wushi	物事	338	46
wushi	五世	210	47
wushi	巫师	187	48
wushi	无视	185	48
wushi	午时	146	49
wushiliang	五十两	131	49
wushinian	五十年	184	48
wushisui	五十岁	134	49
wushiwan	五十万	112	50
wushu	无数	2408	38
wushu	武术	577	43
wushu	巫术	130	49
wushuang	无双	149	49
wushuangqi	无霜期	718	43
wushuci	无数次	316	46
wushui	污水	458	44
wushui	无水	106	50
wusi	五四	667	43
wusi	无私	228	47
wusi	乌斯	169	48
wusiyundong	五四运动	1030	41
wusong	武松	1157	41
wusongkou	吴淞口	283	46
wusui	五岁	179	48
wusulijiang	乌苏里江	103	50
wusun	无损	124	50
wusuoshicong	无所适从	106	50
wusuowei	无所谓	355	45
wusuoweiju	无所畏惧	178	48
wutai	舞台	1981	38
wutaishan	五台山	388	45
wuti	物体	1768	39
wutian	五天	297	46
wutiao	五条	179	48
wutiaojian	无条件	265	47
wuting	舞厅	108	50
wutingfang	伍廷芳	243	47
wutong	梧桐	103	50
wutou	无头	157	49
wutou	乌头	131	49
wutuobang	乌托邦	108	50
wuwai	屋外	230	47
wuwan	五万	234	47
wuwang	无望	213	47
wuwanrong	吴婉容	115	50
wuwei	无畏	237	47
wuwei	无为	227	47
wuwei	五位	214	47
wuwei	无谓	194	48
wuwei	武威	188	48
wuwei	无味	147	49
wuwu	无误	173	48
wuwu	无物	118	50
wuxi	无锡	466	44
wuxia	无暇	263	47
wuxian	无限	1697	39
wuxian	无线	699	43
wuxian	诬陷	361	45
wuxian	五县	276	46
wuxian	吴县	206	48
wuxiandian	无线电	1068	41
wuxiang	五项	269	46
wuxiangxiang	吴香香	277	46
wuxianqi	无限期	109	50
wuxianren	吴县人	139	49
wuxiao	无效	639	43
wuxiaxiaoshuo	武侠小说	135	49
wuxin	无心	362	45
wuxing	五行	931	41
wuxing	无形	540	44
wuxing	五星	237	47
wuxing	无性	133	49
wuxing	悟性	111	50
wuxingang	吴新刚	177	48
wuxinghongqi	五星红旗	570	43
wuxingji	五星级	145	49
wuxingzhong	无形中	140	49
wuxishi	无锡市	102	50
wuxiuwen	武修文	440	44
wuxu	无须	605	43
wuxu	无需	410	45
wuxu	无序	180	48
wuxu	务须	179	48
wuxubianfa	戊戌变法	129	49
wuxue	武学	192	48
wuxueshi	武穴市	264	47
wuya	乌鸦	317	46
wuyan	无言	303	46
wuyan	屋檐	210	47
wuyang	无恙	134	49
wuyanliuse	五颜六色	124	50
wuyansheng	吴燕生	256	47
wuyanzhangqi	乌烟瘴气	173	48
wuye	呜咽	318	46
wuye	物业	239	47
wuye	午夜	231	47
wuyi	五一	2261	38
wuyi	无疑	2153	38
wuyi	武艺	1019	41
wuyi	无意	882	42
wuyi	无异	576	43
wuyi	无以	485	44
wuyi	吴仪	327	46
wuyi	无益	300	46
wuyijian	无意间	126	49
wuyiliwai	无一例外	102	50
wuyingdian	武英殿	286	46
wuyingwuzong	无影无踪	279	46
wuyingxiong	吴应熊	284	46
wuyishan	武夷山	175	48
wuyiyu	无异于	226	47
wuyong	无用	431	45
wuyong	吴用	155	49
wuyou	无忧	204	48
wuyouwulv	无忧无虑	106	50
wuyu	乌鱼	262	47
wuyuan	无缘	338	46
wuyuanhua	吴元华	126	49
wuyuanwugu	无缘无故	145	49
wuyue	五月	1355	40
wuyue	五岳	630	43
wuyue	吴越	181	48
wuyulunbi	无与伦比	230	47
wuyun	乌云	655	43
wuzang	五脏	128	49
wuzangliufu	五脏六腑	121	50
wuzengrong	伍增荣	256	47
wuzetian	武则天	249	47
wuzhang	五丈	334	46
wuzhen	乌镇	106	50
wuzhi	物质	8354	33
wuzhi	无知	468	44
wuzhi	五指	238	47
wuzhi	武职	223	47
wuzhirong	吴之荣	165	48
wuzhiwenming	物质文明	192	48
wuzhong	物种	511	44
wuzhong	五种	314	46
wuzhong	五中	270	46
wuzhongquanhui	五中全会	239	47
wuzhongshengyou	无中生有	112	50
wuzhu	捂住	232	47
wuzhu	无助	131	49
wuzhuang	武装	4577	35
wuzhuangbudui	武装部队	323	46
wuzhuangliliang	武装力量	1830	39
wuzhuangqiyi	武装起义	478	44
wuzi	物资	2183	38
wuzi	屋子	1795	39
wuzi	兀自	977	41
wuzibieke	乌兹别克	109	50
wuzixu	伍子胥	376	45
wuzui	无罪	216	47
wuzuo	五座	294	46
wuzuqingzhong	无足轻重	100	50
xiaai	狭隘	228	47
xiaba	下巴	281	46
xiaban	下班	623	43
xiabanchang	下半场	827	42
xiabannian	下半年	838	42
xiabanye	下半叶	211	47
xiabi	下笔	100	50
xiabian	下边	516	44
xiabu	下部	551	44
xiaceng	下层	509	44
xiachang	狭长	323	46
xiachang	下场	322	46
xiachangde	狭长的	104	50
xiache	下车	492	44
xiachen	下沉	319	46
xiacheng	下城	101	50
xiachui	下垂	285	46
xiaci	下次	632	43
xiada	下达	1120	41
xiadai	夏代	189	48
xiadao	吓倒	226	47
xiadi	下地	230	47
xiadie	下跌	980	41
xiading	下定	106	50
xiadingjuexin	下定决心	201	48
xiadouyin	夏斗寅	261	47
xiadu	下毒	159	49
xiadu	下肚	119	50
xiaduan	下端	105	50
xiadushou	下毒手	181	48
xiafa	下发	380	45
xiafan	下凡	112	50
xiafang	下放	266	47
xiafang	下方	244	47
xiagang	下岗	2270	38
xiagongfu	下功夫	265	47
xiagu	峡谷	901	42
xiaguan	下官	249	47
xiaguan	下关	122	50
xiaguang	霞光	135	49
xiagui	下跪	133	49
xiaguo	下锅	565	43
xiaguo	下过	399	45
xiahai	下海	148	49
xiahe	下颌	263	47
xiahou	夏侯	126	49
xiahu	吓唬	275	46
xiahua	下滑	700	43
xiahuai	吓坏	330	46
xiahuifenjie	下回分解	309	46
xiai	喜爱	1356	40
xiaji	夏季	1492	40
xiaji	下级	1345	40
xiajiang	下降	4833	35
xiajie	下界	122	50
xiajuan	下卷	105	50
xiajuexin	下决心	235	47
xiake	侠客	225	47
xiakuan	下款	137	49
xialai	下来	16620	30
xialie	下列	1082	41
xialing	下令	2080	38
xialiu	下流	155	49
xialou	下楼	435	45
xialuo	下落	699	43
xialuqu	下陆区	257	47
xiama	下马	1043	41
xiamen	厦门	943	41
xiamendui	厦门队	159	49
xiamenshi	厦门市	106	50
xiamian	下面	3980	36
xian	西安	2576	37
xian	西岸	791	42
xianan	酰胺	175	48
xiananqu	咸安区	256	47
xianbei	鲜卑	796	42
xianbei	先辈	134	49
xianbing	宪兵	339	46
xiancao	仙草	158	49
xiance	献策	589	43
xianchang	现场	4077	36
xiancheng	县城	1500	40
xiancheng	现成	423	45
xianchong	线虫	112	50
xianchu	显出	635	43
xianchu	现出	483	44
xianchu	献出	230	47
xiancun	现存	1543	39
xiandai	现代	9035	32
xiandaihua	现代化	6157	34
xiandairen	现代人	309	46
xiandaizhuyi	现代主义	130	49
xiandan	咸蛋	288	46
xiandao	先导	188	48
xiande	显得	4888	35
xiandi	贤弟	414	45
xiandi	献帝	345	45
xiandi	先帝	279	46
xianding	限定	429	45
xiandu	限度	1231	40
xiane	险恶	477	44
xiane	限额	369	45
xianeryijian	显而易见	322	46
xianfa	宪法	9553	32
xianfan	掀翻	109	50
xianfazhiren	先发制人	158	49
xianfeng	先锋	1169	41
xianfeng	咸丰	635	43
xianfengxian	咸丰县	257	47
xianfu	县府	365	45
xianfu	先父	115	50
xiangai	相爱	124	50
xiangan	香案	113	50
xiangban	相伴	222	47
xiangbei	湘北	284	46
xiangbi	相比	4125	36
xiangbi	想必	857	42
xiangbian	相变	102	50
xiangbin	香槟	116	50
xiangbizhixia	相比之下	311	46
xiangbudao	想不到	1148	41
xiangcha	相差	1052	41
xiangchang	乡长	1301	40
xiangchang	香肠	108	50
xiangche	响彻	243	47
xiangchen	相称	234	47
xiangchengqu	襄城区	768	42
xiangcheyunxiao	响彻云霄	138	49
xiangchi	相持	357	45
xiangchu	相处	777	42
xiangchuan	相传	826	42
xiangcun	乡村	2134	38
xiangdai	相待	391	45
xiangdang	相当	6568	34
xiangdangnian	想当年	134	49
xiangdangyu	相当于	1906	39
xiangdao	想到	5735	34
xiangdao	向导	326	46
xiangdedao	想得到	189	48
xiangdeng	相等	1541	39
xiangdi	相抵	111	50
xiangdong	向东	1037	41
xiangdong	响动	250	47
xiangdui	相对	6532	34
xiangduilun	相对论	475	44
xiange	湘鄂	526	44
xiangei	献给	407	45
xiangfa	想法	2558	37
xiangfan	相反	3895	36
xiangfan	襄樊	416	45
xiangfang	厢房	546	44
xiangfang	相仿	142	49
xiangfangshefa	想方设法	245	47
xiangfanshi	襄樊市	302	46
xiangfeng	相逢	256	47
xiangfu	相符	404	45
xiangfuxiangcheng	相辅相成	137	49
xianggan	相干	224	47
xianggan	湘赣	182	48
xianggang	香港	8044	33
xianggangtequ	香港特区	170	48
xiangge	相隔	390	45
xianggong	相公	923	42
xianggu	香菇	174	48
xiangguan	相关	12463	31
xianghai	向海	100	50
xianghao	相好	103	50
xianghe	祥和	287	46
xianghe	相合	150	49
xianghu	相互	5664	34
xianghui	相会	560	44
xianghuo	香火	225	47
xianghuzhijian	相互之间	171	48
xianghuzuoyong	相互作用	860	42
xiangji	相继	2443	38
xiangji	相机	418	45
xiangjia	相加	198	48
xiangjian	相见	1238	40
xiangjian	相间	282	46
xiangjian	想见	249	47
xiangjian	详见	244	47
xiangjian	乡间	173	48
xiangjiang	湘江	166	48
xiangjiao	橡胶	949	41
xiangjiao	相交	740	42
xiangjiao	香蕉	526	44
xiangjie	相接	740	42
xiangjin	相近	745	42
xiangjin	详尽	323	46
xiangjin	想尽	118	50
xiangjing	香精	242	47
xiangjiu	相救	789	42
xiangju	相距	1093	41
xiangju	相聚	408	45
xiangjun	湘军	275	46
xiangkongzhen	相控阵	108	50
xiangkou	巷口	125	50
xiangla	香辣	265	47
xianglai	向来	1360	40
xianglai	想来	824	42
xianglan	香兰	178	48
xiangle	享乐	155	49
xiangli	乡里	253	47
xianglian	相连	2009	38
xianglian	项链	187	48
xianglian	相联	166	48
xiangliang	响亮	473	44
xiangliang	向量	248	47
xiangliao	香料	539	44
xianglin	相邻	480	44
xiangling	香菱	171	48
xianglu	香炉	259	47
xiangmao	相貌	976	41
xiangmin	乡民	129	49
xiangmu	项目	13257	31
xiangnan	湘南	114	50
xiangnian	想念	317	46
xiangpeng	相碰	121	50
xiangpi	橡皮	120	50
xiangpian	相片	116	50
xiangqi	想起	5118	35
xiangqi	响起	1111	41
xiangqi	香气	432	45
xiangqi	象棋	182	48
xiangqian	向前	3028	37
xiangqian	镶嵌	392	45
xiangqin	乡亲	469	44
xiangqing	详情	482	44
xiangquan	相劝	138	49
xiangrang	相让	131	49
xiangrikui	向日葵	196	48
xiangrong	相容	226	47
xiangshan	香山	418	45
xiangshan	象山	319	46
xiangshang	向上	919	42
xiangshen	乡绅	109	50
xiangsheng	响声	518	44
xiangsheng	相声	191	48
xiangshi	像是	2388	38
xiangshi	象是	897	42
xiangshi	相识	640	43
xiangshi	乡试	397	45
xiangshi	相视	172	48
xiangshou	享受	2791	37
xiangshu	橡树	278	46
xiangshu	详述	156	49
xiangshui	香水	220	47
xiangsi	相似	3295	36
xiangsi	相思	160	49
xiangsui	相随	133	49
xiangtan	湘潭	118	50
xiangtian	香甜	138	49
xiangtibinglun	相提并论	178	48
xiangtong	相同	9364	32
xiangtong	相通	936	41
xiangtou	相投	124	50
xiangtu	乡土	157	49
xiangtuqixi	乡土气息	307	46
xiangu	仙姑	109	50
xianguan	县官	103	50
xianguang	闲逛	105	50
xiangui	显贵	123	50
xiangwang	向往	1218	40
xiangwang	相望	463	44
xiangwei	香味	561	44
xiangwei	相位	157	49
xiangweishe	响尾蛇	103	50
xiangxi	详细	2532	37
xiangxi	湘西	451	44
xiangxia	向下	767	42
xiangxia	乡下	676	43
xiangxiang	想象	2330	38
xiangxiang	想想	1494	40
xiangxiang	想像	550	44
xiangxiang	相像	148	49
xiangxiangli	想象力	227	47
xiangxiaolong	向小龙	101	50
xiangxiaren	乡下人	206	48
xiangxin	相信	6789	34
xiangya	象牙	334	46
xiangyan	香烟	505	44
xiangyang	襄阳	13196	31
xiangyang	向阳	671	43
xiangyang	像样	175	48
xiangyao	想要	2032	38
xiangyi	相宜	343	45
xiangyi	相异	285	46
xiangying	相应	5312	35
xiangying	响应	1171	41
xiangyiweiming	相依为命	103	50
xiangyong	享用	489	44
xiangyou	享有	2766	37
xiangyou	香油	110	50
xiangyu	项羽	772	42
xiangyu	相遇	651	43
xiangyu	享誉	158	49
xiangyue	相约	156	49
xiangyun	湘云	345	45
xiangyutielu	襄渝铁路	264	47
xiangyuxian	襄渝线	262	47
xiangzhan	巷战	190	48
xiangzhe	想着	2808	37
xiangzhe	向着	827	42
xiangzhen	乡镇	1277	40
xiangzheng	象征	4233	35
xiangzhengfu	乡政府	266	47
xiangzhengxing	象征性	189	48
xiangzhenqiye	乡镇企业	918	42
xiangzhongfa	向忠发	296	46
xiangzhou	襄州	789	42
xiangzhu	相助	913	42
xiangzhu	香主	198	48
xiangzhuang	相撞	149	49
xiangzi	箱子	721	43
xiangzi	巷子	165	48
xianhai	陷害	297	46
xianhe	显赫	756	42
xianhe	先河	169	48
xianhong	鲜红	537	44
xianhou	先后	10115	32
xianhua	鲜花	1102	41
xianhua	闲话	470	44
xianhuo	鲜活	178	48
xianhuo	现货	102	50
xianji	县级	3647	36
xianji	献祭	113	50
xianjian	显见	251	47
xianjie	衔接	559	44
xianjieduan	现阶段	243	47
xianjin	先进	13966	31
xianjin	现金	1029	41
xianjin	现今	947	41
xianjing	县境	837	42
xianjing	陷阱	569	43
xianjing	仙境	119	50
xianjinxing	先进性	167	48
xianjishi	县级市	1180	41
xianjuetiaojian	先决条件	104	50
xianjun	险峻	233	47
xiankai	掀开	591	43
xianli	县里	353	45
xianli	先例	295	46
xianli	献礼	128	49
xianliang	贤良	465	44
xianliang	限量	172	48
xianliao	闲聊	126	49
xianlie	先烈	212	47
xianling	先令	662	43
xianling	县令	294	46
xianlipian	献礼片	128	49
xianliu	腺瘤	365	45
xianlu	线路	2050	38
xianlu	显露	582	43
xianluo	陷落	288	46
xianmei	鲜美	1014	41
xianmin	先民	184	48
xianming	鲜明	1521	40
xianming	现名	162	48
xianmu	羡慕	682	43
xiannen	鲜嫩	348	45
xianneng	贤能	103	50
xiannian	现年	124	50
xianning	咸宁	1606	39
xianningshi	咸宁市	1545	39
xiannongtan	先农坛	142	49
xiannv	仙女	276	46
xianpin	鲜品	263	47
xianqi	掀起	1187	41
xianqi	先期	419	45
xianqi	限期	304	46
xianqi	仙器	181	48
xianqi	嫌弃	133	49
xianqian	先前	1438	40
xianqin	先秦	506	44
xianqing	险情	161	49
xianqu	先驱	534	44
xianquan	线圈	181	48
xianran	显然	5015	35
xianren	现任	719	43
xianren	仙人	598	43
xianren	先人	217	47
xianren	闲人	188	48
xianrenzhang	仙人掌	105	50
xianru	陷入	1901	39
xianshang	县上	198	48
xianshang	献上	159	49
xianshen	献身	294	46
xianshen	现身	262	47
xiansheng	先生	14470	31
xianshi	显示	6872	33
xianshi	现实	5080	35
xianshi	县市	2458	38
xianshi	先是	1101	41
xianshi	先师	222	47
xianshi	现时	210	47
xianshi	现世	194	48
xianshi	西安市	165	48
xianshi	闲时	142	49
xianshi	闲事	113	50
xianshi	闲适	111	50
xianshibian	西安事变	210	47
xianshiping	显示屏	176	48
xianshiqi	显示器	664	43
xianshiqu	县市区	515	44
xianshixing	现实性	115	50
xianshizhuyi	现实主义	559	44
xianshu	娴熟	412	45
xiansuo	线索	730	42
xiantan	闲谈	215	47
xiantao	仙桃	3117	37
xiantaoshi	仙桃市	1552	39
xianti	腺体	170	48
xiantian	先天	476	44
xiantianxing	先天性	223	47
xiantiao	线条	389	45
xiantou	先头	137	49
xianwei	纤维	1879	39
xianwei	县委	1363	40
xianweiban	纤维板	558	44
xianweijing	显微镜	299	46
xianweisu	纤维素	564	44
xianxi	纤细	196	48
xianxi	嫌隙	106	50
xianxia	闲暇	912	42
xianxian	显现	500	44
xianxiang	现象	9054	32
xianxie	险些	791	42
xianxie	献血	164	48
xianxing	现行	1583	39
xianxing	先行	1132	41
xianxing	线性	562	44
xianxue	鲜血	1956	39
xianxuelinli	鲜血淋漓	136	49
xianya	县衙	112	50
xianyan	鲜艳	589	43
xianyan	显眼	152	49
xianyang	咸阳	366	45
xianyao	险要	335	46
xianyi	现已	1053	41
xianyi	现役	784	42
xianyi	嫌疑	340	46
xianyiren	嫌疑人	178	48
xianyou	现有	2679	37
xianyou	鲜有	319	46
xianyu	限于	886	42
xianyu	陷于	739	42
xianyu	县域	297	46
xianyu	先于	273	46
xianzai	现在	34145	27
xianzhang	县长	2752	37
xianzhang	宪章	305	46
xianzhe	闲着	275	46
xianzheng	宪政	397	45
xianzhengfu	县政府	1115	41
xianzhi	限制	5089	35
xianzhi	闲置	239	47
xianzhi	先知	174	48
xianzhu	显著	2721	37
xianzhu	先主	170	48
xianzhuang	现状	1241	40
xianzi	仙子	160	49
xianzong	宪宗	332	46
xianzu	先祖	105	50
xiaobaicai	小白菜	264	47
xiaobao	小包	159	49
xiaobao	小宝	119	50
xiaobei	小贝	475	44
xiaobei	小辈	104	50
xiaobian	小便	203	48
xiaocezi	小册子	158	49
xiaochang	小肠	238	47
xiaochangxian	孝昌县	258	47
xiaoche	小车	247	47
xiaochen	消沉	131	49
xiaochen	小臣	106	50
xiaocheng	小城	495	44
xiaochi	小吃	938	41
xiaochu	消除	2306	38
xiaochuan	小船	612	43
xiaochuan	哮喘	328	46
xiaocun	小村	207	48
xiaodao	小岛	492	44
xiaodao	小刀	174	48
xiaodao	小道	166	48
xiaode	晓得	1373	40
xiaodezi	小德子	189	48
xiaodi	小弟	1184	41
xiaodian	小店	212	47
xiaodiao	小调	115	50
xiaodu	消毒	543	44
xiaodui	小队	245	47
xiaoe	小额	135	49
xiaoer	小儿	607	43
xiaoerzi	小儿子	157	49
xiaofa	效法	155	49
xiaofan	小贩	213	47
xiaofang	消防	259	47
xiaofang	校方	134	49
xiaofang	效仿	129	49
xiaofei	消费	5133	35
xiaofei	小费	146	49
xiaofeipin	消费品	1158	41
xiaofeizhe	消费者	3140	37
xiaofeiziliao	消费资料	190	48
xiaofendui	小分队	183	48
xiaofu	小腹	449	44
xiaogan	孝感	2101	38
xiaogangpao	小钢炮	214	47
xiaoganren	孝感人	258	47
xiaoganshi	孝感市	1805	39
xiaogou	小狗	155	49
xiaogui	小鬼	352	45
xiaoguizi	小桂子	320	46
xiaoguniang	小姑娘	891	42
xiaoguo	效果	4924	35
xiaoguo	小国	193	48
xiaohai	小孩	1589	39
xiaohaier	小孩儿	182	48
xiaohailiang	肖海亮	256	47
xiaohaizi	小孩子	1026	41
xiaohao	消耗	1311	40
xiaohe	小河	255	47
xiaohekou	小河口	514	44
xiaohekouzhen	小河口镇	256	47
xiaohonglin	肖鸿林	378	45
xiaohongma	小红马	113	50
xiaohua	消化	1444	40
xiaohua	笑话	1087	41
xiaohua	小花	118	50
xiaohuadao	消化道	231	47
xiaohuanghou	萧皇后	144	49
xiaohuaxitong	消化系统	108	50
xiaohui	销毁	316	46
xiaohuo	小伙	118	50
xiaohuozi	小伙子	949	41
xiaoji	消极	795	42
xiaoji	小鸡	120	50
xiaojiahuo	小家伙	122	50
xiaojialing	肖家岭	256	47
xiaojian	小建	151	49
xiaojiang	小将	575	43
xiaojie	小姐	4414	35
xiaojie	小节	161	49
xiaojie	消解	154	49
xiaojing	孝敬	483	44
xiaojing	小径	152	49
xiaokan	小看	201	48
xiaokang	小康	735	42
xiaokangxian	小康县	513	44
xiaoke	小可	239	47
xiaokong	小孔	679	43
xiaokoujing	小口径	149	49
xiaolao	效劳	126	49
xiaolaopo	小老婆	130	49
xiaoli	效力	753	42
xiaolian	笑脸	1419	40
xiaoliang	销量	382	45
xiaolin	小林	267	46
xiaolingzi	小玲子	126	49
xiaolong	小龙	4342	35
xiaolou	小楼	199	48
xiaolu	小路	504	44
xiaolu	销路	142	49
xiaolu	小鹿	113	50
xiaolv	效率	2443	38
xiaoma	小马	391	45
xiaomai	小麦	1683	39
xiaomei	小妹	246	47
xiaomen	校门	131	49
xiaomen	小门	128	49
xiaomi	小米	396	45
xiaomie	消灭	2189	38
xiaomimi	笑眯眯	227	47
xiaomin	小民	177	48
xiaoming	校名	4391	35
xiaoming	小命	148	49
xiaomo	消磨	146	49
xiaonanqu	孝南区	256	47
xiaonao	小脑	112	50
xiaonei	校内	115	50
xiaoneng	效能	325	46
xiaoniao	小鸟	196	48
xiaoniu	小牛	380	45
xiaonong	小农	173	48
xiaonv	小女	260	47
xiaonver	小女儿	134	49
xiaonvhai	小女孩	263	47
xiaonvzi	小女子	105	50
xiaopao	小跑	150	49
xiaopengyou	小朋友	230	47
xiaopin	小品	282	46
xiaoqi	骁骑	154	49
xiaoqian	消遣	223	47
xiaoqiao	小巧	150	49
xiaoqiao	小桥	103	50
xiaoqiche	小汽车	127	49
xiaoqing	校庆	102	50
xiaoqiu	小球	101	50
xiaoqiye	小企业	129	49
xiaoqu	校区	989	41
xiaoqu	小区	414	45
xiaoqu	小觑	211	47
xiaoqu	小曲	118	50
xiaoquan	小泉	115	50
xiaoren	小人	1640	39
xiaorong	笑容	1456	40
xiaorong	消融	111	50
xiaosa	潇洒	483	44
xiaosan	消散	198	48
xiaoshan	小山	287	46
xiaoshe	校舍	182	48
xiaosheng	小声	1161	41
xiaosheng	笑声	1011	41
xiaosheng	小生	172	48
xiaosheng	啸声	137	49
xiaosheng	箫声	131	49
xiaoshi	小时	8143	33
xiaoshi	消失	3067	37
xiaoshi	小事	1017	41
xiaoshi	小史	279	46
xiaoshi	消逝	158	49
xiaoshihou	小时候	593	43
xiaoshiqiao	小石桥	277	46
xiaoshou	销售	6078	34
xiaoshou	小手	253	47
xiaoshou	消瘦	208	47
xiaoshoue	销售额	615	43
xiaoshouliang	销售量	159	49
xiaoshu	小树	126	49
xiaoshun	孝顺	220	47
xiaoshuo	小说	5501	34
xiaoshuojia	小说家	209	47
xiaosi	小厮	466	44
xiaosuan	硝酸	284	46
xiaotaijian	小太监	137	49
xiaotan	小摊	309	46
xiaotiao	萧条	288	46
xiaoting	小艇	178	48
xiaoting	消停	126	49
xiaotiqin	小提琴	369	45
xiaotou	小偷	183	48
xiaotui	消退	192	48
xiaotui	小腿	181	48
xiaowa	小娃	176	48
xiaowai	校外	412	45
xiaowang	消亡	276	46
xiaowei	校尉	157	49
xiaowu	小屋	428	45
xiaoxi	消息	9926	32
xiaoxi	小溪	182	48
xiaoxi	小西	168	48
xiaoxiang	潇湘	634	43
xiaoxiang	肖像	368	45
xiaoxiang	小巷	196	48
xiaoxianghua	肖像画	101	50
xiaoxiao	小小	1108	41
xiaoxiao	笑笑	423	45
xiaoxiaode	小小的	2061	38
xiaoxin	小心	2441	38
xiaoxin	孝心	121	50
xiaoxing	小型	1652	39
xiaoxingxing	小行星	169	48
xiaoxinjinshen	小心谨慎	136	49
xiaoxinyiyi	小心翼翼	503	44
xiaoxiongdi	小兄弟	175	48
xiaoxixi	笑嘻嘻	556	44
xiaoxuanzi	小玄子	123	50
xiaoxue	小学	3296	36
xiaoxuesheng	小学生	556	44
xiaoyan	硝烟	382	45
xiaoyan	消炎	114	50
xiaoyao	逍遥	336	46
xiaoyatou	小丫头	143	49
xiaoye	小叶	144	49
xiaoyi	效益	2186	38
xiaoyi	笑意	332	46
xiaoying	效应	2116	38
xiaoyinyin	笑吟吟	344	45
xiaoyong	效用	340	46
xiaoyu	小于	873	42
xiaoyu	小雨	620	43
xiaoyu	小鱼	213	47
xiaoyu	笑语	112	50
xiaoyu	晓谕	104	50
xiaoyuan	校园	2714	37
xiaoyuan	小院	166	48
xiaozhan	小站	126	49
xiaozhang	校长	3791	36
xiaozhang	小张	302	46
xiaozhang	嚣张	165	48
xiaozhangqiyan	嚣张气焰	286	46
xiaozhen	小镇	362	45
xiaozhi	小指	118	50
xiaozhong	效忠	292	46
xiaozhong	消肿	114	50
xiaozhonghui	萧中慧	190	48
xiaozhou	小舟	171	48
xiaozi	小子	3004	37
xiaozi	小字	462	44
xiaozi	孝子	441	44
xiaozu	小组	3116	37
xiaqi	下棋	262	47
xiaqi	下期	120	50
xiaqiu	夏秋	169	48
xiaqiunao	下丘脑	247	47
xiaqu	下去	10474	32
xiaqu	辖区	1733	39
xiaren	吓人	246	47
xiaren	下人	182	48
xiari	夏日	212	47
xiashan	下山	766	42
xiashangzhou	夏商周	231	47
xiashe	下设	686	43
xiashen	下身	166	48
xiashou	下手	919	42
xiashu	下属	1202	40
xiashu	下述	205	48
xiashui	下水	496	44
xiashuidao	下水道	103	50
xiashuo	瞎说	203	48
xiata	下榻	155	49
xiatai	下台	183	48
xiatian	夏天	3821	36
xiatiao	下调	471	44
xiatong	下同	110	50
xiaweiyi	夏威夷	312	46
xiawen	下文	202	48
xiawu	下午	4712	35
xiaxia	下辖	1097	41
xiaxian	下限	142	49
xiaxiang	下乡	439	45
xiaxiao	狭小	415	45
xiaxing	下行	161	49
xiaxue	下雪	145	49
xiaxun	下旬	673	43
xiayao	下腰	143	49
xiayi	狭义	413	45
xiayi	侠义	259	47
xiayidai	下一代	438	45
xiayishi	下意识	251	47
xiayou	下游	1578	39
xiayu	下雨	481	44
xiayu	下狱	196	48
xiayuan	下院	391	45
xiayulian	夏玉莲	349	45
xiazai	下载	1151	41
xiazang	下葬	129	49
xiazanzhong	夏赞忠	257	47
xiazhai	狭窄	1050	41
xiazhi	夏至	198	48
xiazhi	下肢	182	48
xiazi	瞎子	712	43
xiazi	虾子	267	46
xiazi	匣子	266	47
xiazuoquan	夏佐全	256	47
xibaipo	西柏坡	246	47
xibanya	西班牙	2887	37
xibanyaren	西班牙人	346	45
xibanyayu	西班牙语	202	48
xibao	细胞	5517	34
xibaobi	细胞壁	157	49
xibaohe	细胞核	184	48
xibaomo	细胞膜	149	49
xibaozhi	细胞质	149	49
xibei	西北	5598	34
xibeibu	西北部	1681	39
xibeidiqu	西北地区	285	46
xibeifang	西北方	101	50
xibeifeng	西北风	136	49
xibeijiao	西北角	155	49
xibian	西边	1230	40
xibian	溪边	110	50
xibianmen	西便门	397	45
xibo	稀薄	182	48
xiboliya	西伯利亚	573	43
xibozu	锡伯族	319	46
xibu	西部	5505	34
xice	西侧	1129	41
xichang	细长	484	44
xichaodong	西朝东	257	47
xichaofang	西朝房	129	49
xicheng	西城	671	43
xicheng	戏称	356	45
xichu	析出	165	48
xichuan	西川	130	49
xichuwangwai	喜出望外	217	47
xidan	西单	200	48
xide	西德	258	47
xidi	洗涤	183	48
xidu	吸毒	228	47
xiduan	西段	144	49
xiduan	西端	108	50
xieaiguang	谢爱光	104	50
xieban	协办	126	49
xieben	写本	103	50
xiecheng	写成	764	42
xiechi	挟持	101	50
xiechu	写出	725	42
xiedai	携带	1920	39
xiedai	懈怠	111	50
xiedanyang	谢丹阳	256	47
xiedao	写道	868	42
xiedi	鞋底	146	49
xieding	协定	2687	37
xiedu	亵渎	163	48
xiee	邪恶	285	46
xieen	谢恩	519	44
xiefa	解法	189	48
xiefa	写法	106	50
xiefuzhan	谢伏瞻	257	47
xiefuzhi	谢富治	314	46
xiegei	写给	227	47
xiehe	协和	163	48
xiehou	邂逅	106	50
xiehuangen	谢皇恩	258	47
xiehui	协会	3145	37
xiejia	谢家	320	46
xiejiang	鞋匠	171	48
xiejingxin	谢景新	113	50
xiejue	谢绝	141	49
xielinlin	血淋淋	166	48
xielou	泄露	495	44
xielou	泄漏	473	44
xiemian	斜面	131	49
xieming	写明	145	49
xiepo	胁迫	238	47
xiepo	斜坡	217	47
xieqi	邪气	160	49
xieqi	泄气	148	49
xieqingzhai	谢清斋	121	50
xieqiusi	谢秋思	132	49
xieren	卸任	151	49
xieru	写入	135	49
xieruoping	谢若萍	215	47
xieshang	协商	1552	39
xiesheng	写生	126	49
xieshi	写实	181	48
xieshi	写诗	144	49
xieshou	携手	421	45
xiesidili	歇斯底里	119	50
xietianxiedi	谢天谢地	171	48
xietiao	协调	4071	36
xietong	协同	846	42
xiewa	鞋袜	134	49
xiexi	歇息	311	46
xiexia	写下	979	41
xiexia	卸下	132	49
xiexiao	些小	116	50
xiexie	谢谢	1089	41
xiexie	歇歇	221	47
xiexin	写信	641	43
xiexingfang	谢杏芳	252	47
xiexu	些许	163	48
xieyan	斜眼	258	47
xieyanke	谢烟客	315	46
xieyi	协议	5108	35
xieyi	写意	114	50
xieyishu	协议书	152	49
xieyouqing	谢佑卿	257	47
xieyueguo	协约国	211	47
xiezhao	写照	139	49
xiezhen	谐振	147	49
xiezhi	挟制	106	50
xiezhu	协助	1873	39
xiezi	鞋子	442	44
xiezi	蝎子	193	48
xiezi	写字	154	49
xiezilou	写字楼	188	48
xiezitai	写字台	130	49
xiezouqu	协奏曲	243	47
xiezui	谢罪	153	49
xiezuo	写作	1530	40
xiezuo	协作	726	42
xifan	稀饭	396	45
xifang	西方	6517	34
xifangren	西方人	270	46
xifei	西非	277	46
xifen	细分	183	48
xifeng	西风	221	47
xifu	媳妇	1871	39
xifu	吸附	345	45
xifu	西服	155	49
xifuer	媳妇儿	150	49
xigai	膝盖	459	44
xigong	西宫	151	49
xigua	西瓜	449	44
xiguan	习惯	4593	35
xiguanxing	习惯性	118	50
xiguanyu	习惯于	318	46
xihaian	西海岸	207	48
xihan	西汉	1631	39
xihan	稀罕	225	47
xihan	希罕	154	49
xihao	喜好	232	47
xihongqiang	西红墙	128	49
xihongshi	西红柿	188	48
xihu	西湖	567	43
xihua	西华	357	45
xihua	细化	123	50
xihua	西化	111	50
xihuan	喜欢	9783	32
xiji	袭击	1646	39
xiji	希冀	120	50
xijiachi	习家池	256	47
xijian	席间	105	50
xijiang	西江	438	45
xijiao	西郊	180	48
xijiaominxiang	西交民巷	129	49
xijie	细节	1339	40
xijie	洗劫	238	47
xijie	西街	168	48
xijin	西晋	1538	39
xijin	锡金	105	50
xijing	洗净	227	47
xijing	西经	146	49
xijing	西京	112	50
xijiu	喜酒	168	48
xiju	戏剧	2176	38
xiju	喜剧	633	43
xijuan	席卷	271	46
xijujia	戏剧家	107	50
xijun	细菌	1297	40
xijuxing	戏剧性	207	48
xikan	细看	499	44
xikou	西口	278	46
xila	希腊	2565	37
xilan	稀烂	121	50
xilaren	希腊人	520	44
xilayu	希腊语	126	49
xili	洗礼	428	45
xili	犀利	166	48
xilian	洗脸	262	47
xilie	系列	3199	37
xiliesai	系列赛	112	50
xiling	西陵	280	46
xilingqu	西陵区	256	47
xiliu	溪流	215	47
xilixiya	西里西亚	101	50
xilu	西路	458	44
xilujun	西路军	111	50
ximalaya	喜马拉雅	165	48
ximen	西门	967	41
ximenzi	西门子	280	46
ximi	细密	185	48
ximian	西面	399	45
ximie	熄灭	371	45
xina	吸纳	222	47
xinai	心爱	362	45
xinan	西南	5401	34
xinanbu	西南部	1341	40
xinandiqu	西南地区	238	47
xinanlide	心安理得	107	50
xinban	新版	397	45
xinbao	心包	102	50
xinbao	信报	100	50
xinbian	新编	238	47
xinbing	新兵	285	46
xinbing	心病	137	49
xinbu	信步	114	50
xinbuzaiyan	心不在焉	164	48
xincai	心裁	136	49
xinchang	心肠	403	45
xinchao	新潮	125	50
xinchendaixie	新陈代谢	284	46
xincheng	新城	824	42
xinchou	薪酬	612	43
xinchou	辛丑	196	48
xinchun	新春	289	46
xinchunying	信春鹰	260	47
xincun	新村	391	45
xindai	信贷	633	43
xindao	信道	252	47
xindao	心道	168	48
xinde	心得	234	47
xindeguo	信得过	125	50
xindeli	新德里	173	48
xindi	心底	804	42
xindi	新堤	518	44
xindi	心地	295	46
xindiantu	心电图	109	50
xindong	心动	255	47
xinen	细嫩	344	45
xinfa	心法	196	48
xinfa	新法	131	49
xinfan	心烦	140	49
xinfang	新房	232	47
xinfang	心房	125	50
xinfanyiluan	心烦意乱	102	50
xinfei	心肺	139	49
xinfeng	信奉	1098	41
xinfeng	新风	615	43
xinfeng	信封	412	45
xinfu	心腹	560	44
xinfu	信服	111	50
xingai	性爱	192	48
xingan	心肝	171	48
xingan	兴安	118	50
xingang	新港	828	42
xinganqingyuan	心甘情愿	225	47
xingao	新高	698	43
xingban	兴办	378	45
xingbie	性别	950	41
xingbiebi	性别比	294	46
xingbing	性病	285	46
xingbing	兴兵	157	49
xingbu	刑部	2118	38
xingbutong	行不通	157	49
xingchang	刑场	244	47
xingche	行车	220	47
xingchen	星辰	116	50
xingcheng	形成	25854	28
xingcheng	行程	766	42
xingchongchong	兴冲冲	197	48
xingchou	腥臭	105	50
xingci	行刺	291	46
xingcun	幸存	154	49
xingcunzhe	幸存者	131	49
xingde	幸得	167	48
xingdeng	星等	191	48
xingdong	行动	9066	32
xinger	幸而	382	45
xingershangxue	形而上学	190	48
xingfa	刑罚	753	42
xingfa	刑法	671	43
xingfen	兴奋	2575	37
xingfenji	兴奋剂	151	49
xingfu	幸福	3342	36
xingfuren	邢夫人	247	47
xinggan	性感	240	47
xinggaocailie	兴高采烈	286	46
xingge	性格	2521	38
xinggong	行宫	219	47
xinggongneng	性功能	174	48
xingguang	星光	407	45
xingguo	兴国	839	42
xinghao	型号	1193	41
xinghao	幸好	702	43
xinghui	行贿	217	47
xinghuo	星火	374	45
xinghuojihua	星火计划	779	42
xingji	星级	456	44
xingji	星际	276	46
xingji	性急	223	47
xingjiabi	性价比	109	50
xingjian	兴建	2148	38
xingjiang	行将	139	49
xingjin	行进	501	44
xingjing	行径	698	43
xingjing	行经	102	50
xingjisu	性激素	144	49
xingjun	行军	686	43
xingkong	星空	194	48
xingkui	幸亏	582	43
xinglai	醒来	462	44
xingli	行李	891	42
xingli	行礼	701	43
xinglong	兴隆	232	47
xinglu	行路	349	45
xingluoqibu	星罗棋布	263	47
xingmao	形貌	183	48
xingmian	幸免	166	48
xingming	性命	4207	35
xingming	姓名	1924	39
xingmu	醒目	244	47
xingnang	行囊	116	50
xingneng	性能	3808	36
xingpu	型谱	261	47
xingqi	兴起	1950	39
xingqi	星期	1330	40
xingqier	星期二	137	49
xingqiliu	星期六	218	47
xingqing	性情	755	42
xingqiri	星期日	170	48
xingqisan	星期三	117	50
xingqisi	星期四	105	50
xingqitian	星期天	304	46
xingqiu	星球	433	45
xingqiwu	星期五	194	48
xingqiyi	星期一	151	49
xingqu	兴趣	3955	36
xingren	行人	979	41
xingren	杏仁	141	49
xingrong	形容	870	42
xingrongci	形容词	122	50
xingshan	兴山	299	46
xingshanxian	兴山县	265	47
xingsheng	行省	1825	39
xingsheng	兴盛	410	45
xingshenghuo	性生活	395	45
xingshi	形式	15188	30
xingshi	行使	5519	34
xingshi	形势	5510	34
xingshi	行事	1315	40
xingshi	刑事	1059	41
xingshi	行驶	726	42
xingshi	型式	433	45
xingshi	姓氏	336	46
xingshizhong	邢世忠	258	47
xingshizhuyi	形式主义	148	49
xingshu	行署	242	47
xingshuai	兴衰	723	43
xingsi	形似	630	43
xingtai	形态	2559	37
xingtai	邢台	222	47
xingti	形体	385	45
xingti	星体	101	50
xingtou	兴头	122	50
xingtuan	星团	205	48
xingu	新股	189	48
xingwang	兴旺	357	45
xingwang	兴亡	125	50
xingwei	行为	8963	32
xingwen	行文	129	49
xingwu	醒悟	315	46
xingwu	省悟	208	47
xingxi	星系	771	42
xingxian	性腺	178	48
xingxiang	形象	4911	35
xingxiao	行销	123	50
xingxing	行星	703	43
xingxing	星星	398	45
xingxing	行刑	292	46
xingxing	悻悻	121	50
xingxing	猩猩	108	50
xingxingsese	形形色色	203	48
xingxingwei	性行为	141	49
xingxiong	行凶	134	49
xingxituan	星系团	115	50
xingxiu	星宿	551	44
xingxiu	兴修	201	48
xingxu	兴许	108	50
xingyang	荥阳	117	50
xingye	星夜	297	46
xingyi	行医	203	48
xingying	行营	109	50
xingyu	性欲	242	47
xingyuan	行辕	311	46
xingyue	星月	100	50
xingyun	幸运	670	43
xingyun	星云	583	43
xingzailehuo	幸灾乐祸	171	48
xingzhe	行者	4111	36
xingzheng	行政	21860	29
xingzhengbumen	行政部门	311	46
xingzhenggongshu	行政公署	1062	41
xingzhengqu	行政区	2345	38
xingzhengquhua	行政区划	5093	35
xingzhengquyu	行政区域	1658	39
xingzhengyuan	行政院	210	47
xingzhi	性质	8018	33
xingzhi	形制	734	42
xingzhi	兴致	442	44
xingzhi	行至	353	45
xingzhi	行止	122	50
xingzhibobo	兴致勃勃	213	47
xingzhiyouxiao	行之有效	210	47
xingzhonghui	兴中会	104	50
xingzhuang	形状	2015	38
xingzhuang	性状	399	45
xingzhuang	行装	116	50
xingzi	性子	666	43
xingzi	星子	109	50
xingzong	行踪	220	47
xingzou	行走	1241	40
xingzuo	星座	266	47
xinhaigeming	辛亥革命	2027	38
xinhan	信函	178	48
xinhao	信号	2402	38
xinhe	新河	598	43
xinhenshoula	心狠手辣	104	50
xinhua	新华	549	44
xinhuai	心怀	385	45
xinhuamen	新华门	774	42
xinhuangyiluan	心慌意乱	112	50
xinhuanufang	心花怒放	147	49
xinhuashe	新华社	4854	35
xinhuawang	新华网	1079	41
xinhun	新婚	437	45
xinhunyaner	新婚燕尔	279	46
xini	细腻	498	44
xini	悉尼	265	47
xinian	昔年	132	49
xining	西宁	286	46
xining	熙宁	162	48
xiniu	犀牛	159	49
xinji	心肌	219	47
xinji	心悸	178	48
xinjian	新建	1000	41
xinjian	信件	582	43
xinjiang	新疆	2672	37
xinjiang	新江	256	47
xinjiao	新教	451	44
xinjiaotong	心绞痛	120	50
xinjiapo	新加坡	1407	40
xinjin	新近	322	46
xinjin	薪金	205	48
xinjing	心惊	394	45
xinjing	心境	384	45
xinjingdanzhan	心惊胆战	119	50
xinjingroutiao	心惊肉跳	152	49
xinjiu	新旧	211	47
xinjiyuan	新纪元	551	44
xinju	新居	106	50
xinjun	新军	223	47
xinkaipu	新开铺	256	47
xinkezhuangyuan	新科状元	390	45
xinkou	心口	155	49
xinkoukaihe	信口开河	129	49
xinku	辛苦	1221	40
xinkuangshenyi	心旷神怡	218	47
xinla	辛辣	188	48
xinlai	信赖	395	45
xinlang	新浪	653	43
xinlang	新郎	450	44
xinlao	辛劳	117	50
xinli	心里	10571	32
xinli	心理	6715	34
xinlihua	心里话	206	48
xinling	心灵	1411	40
xinlishuaijie	心力衰竭	102	50
xinlixue	心理学	1268	40
xinlixuejia	心理学家	229	47
xinlu	新路	329	46
xinluo	新罗	106	50
xinlv	心律	174	48
xinlv	心率	109	50
xinmanyizu	心满意足	247	47
xinmin	新民	125	50
xinminxuehui	新民学会	140	49
xinmu	心目	998	41
xinnian	信念	865	42
xinnian	新年	570	43
xinnian	心念	481	44
xinniang	新娘	653	43
xinniangzi	新娘子	175	48
xinong	戏弄	174	48
xinpi	心皮	109	50
xinpian	芯片	1031	41
xinpin	新品	106	50
xinqi	新奇	268	46
xinqiao	新桥	287	46
xinqie	心切	187	48
xinqin	辛勤	1342	40
xinqing	心情	3662	36
xinqu	新区	145	49
xinran	欣然	286	46
xinren	信任	1986	38
xinren	新人	715	43
xinren	新任	350	45
xinsha	新沙	262	47
xinshang	欣赏	1827	39
xinshang	心上	1008	41
xinshangren	心上人	103	50
xinshen	心神	406	45
xinsheng	新生	1379	40
xinsheng	心声	201	48
xinshengdai	新生代	217	47
xinshenger	新生儿	248	47
xinshi	新式	540	44
xinshi	心事	360	45
xinshi	心室	144	49
xinshi	信使	127	49
xinshi	新诗	125	50
xinshiji	新世纪	477	44
xinshijie	新世界	144	49
xinshiqi	新石器	818	42
xinshou	信守	117	50
xinshu	新书	104	50
xinshui	薪水	738	42
xinsi	心思	1612	39
xinsi	寻思	1300	40
xinsijun	新四军	536	44
xinsuan	心酸	198	48
xinsuan	辛酸	162	48
xintai	心态	1363	40
xintaibi	新台币	119	50
xinteng	心疼	602	43
xintiao	心跳	441	44
xintiao	信条	153	49
xintong	心痛	196	48
xintou	心头	1882	39
xintu	信徒	367	45
xintuo	信托	322	46
xinu	息怒	143	49
xinuange	西暖阁	143	49
xinwei	欣慰	441	44
xinwen	新闻	12562	31
xinwengao	新闻稿	185	48
xinwenguan	新闻官	108	50
xinwenhua	新文化	123	50
xinwenjie	新闻界	375	45
xinwenjizhe	新闻记者	102	50
xinwenshe	新闻社	117	50
xinwensi	新闻司	452	44
xinwenwang	新闻网	348	45
xinwo	心窝	112	50
xinxi	信息	12256	31
xinxi	欣喜	338	46
xinxian	新鲜	1691	39
xinxiang	心想	7205	33
xinxiang	信箱	155	49
xinxianquan	信息安全	161	49
xinxichuli	信息处理	119	50
xinxihua	信息化	1348	40
xinxijishu	信息技术	397	45
xinxilan	新西兰	647	43
xinxiliang	信息量	107	50
xinxin	信心	2629	37
xinxinbaibei	信心百倍	144	49
xinxing	新型	3591	36
xinxing	新兴	1215	40
xinxing	心性	176	48
xinxing	新星	101	50
xinxinkuku	辛辛苦苦	194	48
xinxiong	心胸	196	48
xinxiu	新秀	137	49
xinxiwang	信息网	391	45
xinxixitong	信息系统	224	47
xinxizhongxin	信息中心	162	48
xinxu	心绪	204	48
xinxu	心虚	153	49
xinxue	心血	524	44
xinxue	新学	182	48
xinxueguan	心血管	309	46
xinyan	新颜	267	46
xinyan	心眼	207	48
xinyan	心砚	108	50
xinyaner	心眼儿	130	49
xinyang	信仰	1910	39
xinyang	信阳	167	48
xinyao	新药	359	45
xinye	新野	125	50
xinyi	心意	908	42
xinyi	新意	176	48
xinyi	信义	110	50
xinyi	心仪	106	50
xinying	新颖	333	46
xinyiweizhen	信以为真	108	50
xinyong	信用	1745	39
xinyongka	信用卡	329	46
xinyongshe	信用社	166	48
xinyu	信誉	254	47
xinyuan	心愿	589	43
xinyue	新月	1231	40
xinzang	心脏	1338	40
xinzangbing	心脏病	522	44
xinzeng	新增	1177	41
xinzheng	新政	403	45
xinzhengfu	新政府	119	50
xinzhi	心智	158	49
xinzhi	新址	148	49
xinzhong	心中	14906	30
xinzhongyoushu	心中有数	157	49
xinzhou	新洲	270	46
xinzhouqu	新洲区	257	47
xinzi	新字	274	46
xinzi	薪资	272	46
xinzuo	新作	121	50
xiongbu	胸部	466	44
xiongcan	凶残	120	50
xiongcilv	熊赐履	181	48
xiongdi	兄弟	9644	32
xiongduojishao	凶多吉少	112	50
xionge	凶恶	278	46
xiongfeng	雄风	181	48
xiongfu	胸腹	129	49
xionghan	凶悍	122	50
xionghen	凶狠	298	46
xionghou	雄厚	449	44
xionghua	雄花	110	50
xionghuai	胸怀	215	47
xionghun	雄浑	180	48
xiongjin	胸襟	208	47
xiongkou	胸口	2299	38
xiongmao	熊猫	286	46
xiongmei	兄妹	387	45
xiongmeng	凶猛	698	43
xiongnu	匈奴	1536	39
xiongpu	胸脯	423	45
xiongqi	胸鳍	196	48
xiongqian	胸前	857	42
xiongqiang	胸腔	174	48
xiongrui	雄蕊	347	45
xiongshi	雄狮	110	50
xiongshili	熊十力	260	47
xiongshou	凶手	419	45
xiongtang	胸膛	663	43
xiongtingbi	熊廷弼	627	43
xiongtong	胸痛	101	50
xiongwei	雄伟	807	42
xiongwencan	熊文灿	116	50
xiongxian	凶险	547	44
xiongxiangbilu	凶相毕露	139	49
xiongxin	雄心	159	49
xiongxinbobo	雄心勃勃	102	50
xiongxing	雄性	373	45
xiongxiong	熊熊	193	48
xiongyali	匈牙利	882	42
xiongyong	汹涌	330	46
xiongyongpengpai	汹涌澎湃	161	49
xiongyouchengzhu	胸有成竹	152	49
xiongyoulun	熊有伦	257	47
xiongzhang	兄长	686	43
xiongzhang	熊掌	348	45
xiongzhaozheng	熊召政	261	47
xiongzhong	胸中	410	45
xiongzhuang	雄壮	863	42
xiongzi	雄姿	216	47
xiou	西欧	1140	41
xipan	吸盘	102	50
xiping	西平	175	48
xipo	西坡	107	50
xiqi	希奇	183	48
xiqi	吸气	160	49
xiqi	稀奇	147	49
xiqi	习气	104	50
xiqian	洗钱	121	50
xiqing	喜庆	378	45
xiqiyangyang	喜气洋洋	117	50
xiqu	戏曲	1279	40
xiqu	吸取	722	43
xique	稀缺	168	48
xique	喜鹊	122	50
xiren	喜人	105	50
xiri	昔日	1373	40
xirou	息肉	102	50
xiru	吸入	287	46
xiruan	细软	102	50
xisaishan	西塞山	258	47
xisaishanqu	西塞山区	256	47
xise	喜色	192	48
xisha	西沙	233	47
xishan	西山	498	44
xishao	稀少	493	44
xishaqundao	西沙群岛	151	49
xisheng	牺牲	2298	38
xishengpin	牺牲品	118	50
xishi	喜事	665	43
xishi	稀释	222	47
xishi	西施	160	49
xishi	吸食	115	50
xishou	吸收	4089	36
xishou	洗手	238	47
xishoujian	洗手间	105	50
xishu	系数	649	43
xishu	稀疏	353	45
xishu	洗漱	103	50
xishu	悉数	102	50
xishua	洗刷	118	50
xishuai	蟋蟀	225	47
xishuangbanna	西双版纳	248	47
xishui	浠水	524	44
xishui	溪水	236	47
xishui	吸水	131	49
xishuixian	浠水县	256	47
xishuo	细说	131	49
xisu	习俗	1148	41
xisui	细碎	127	49
xitai	戏台	202	48
xitelei	希特勒	794	42
xiti	习题	118	50
xitian	西天	262	47
xiting	烯烃	103	50
xitong	系统	20602	29
xitongdi	系统地	474	44
xitonggongcheng	系统工程	224	47
xitonghua	系统化	120	50
xitongxing	系统性	140	49
xitu	稀土	162	48
xiubu	修补	358	45
xiucai	秀才	594	43
xiucan	羞惭	121	50
xiuchang	修长	114	50
xiucheng	修成	118	50
xiuchengtian	修承天	256	47
xiuchi	羞耻	155	49
xiuci	修辞	143	49
xiudao	修道	178	48
xiudao	嗅到	115	50
xiudaoyuan	修道院	136	49
xiuding	修订	852	42
xiudinggao	修订稿	150	49
xiufa	秀发	109	50
xiufu	修复	610	43
xiugai	修改	5259	35
xiuhua	绣花	200	48
xiujia	休假	227	47
xiujian	修建	2616	37
xiujue	嗅觉	270	46
xiuke	休克	281	46
xiukou	袖口	131	49
xiukui	羞愧	257	47
xiuli	秀丽	910	42
xiuli	修理	596	43
xiulian	修炼	661	43
xiulu	修路	106	50
xiumei	秀美	139	49
xiuming	修明	103	50
xiuqi	修葺	474	44
xiuqie	羞怯	106	50
xiuru	羞辱	253	47
xiuse	羞涩	207	48
xiushan	修缮	1217	40
xiushi	修饰	174	48
xiushou	袖手	101	50
xiushoupangguan	袖手旁观	128	49
xiusi	休斯	120	50
xiuxi	休息	3825	36
xiuxi	修习	301	46
xiuxian	休闲	1114	41
xiuxiang	休想	190	48
xiuxing	修行	901	42
xiuxishi	休息室	117	50
xiuyang	修养	627	43
xiuyang	休养	237	47
xiuzao	修造	128	49
xiuzheng	修正	812	42
xiuzheng	休整	196	48
xiuzheng	修整	111	50
xiuzhengan	修正案	237	47
xiuzhengzhuyi	修正主义	266	47
xiuzhu	修筑	742	42
xiuzi	袖子	580	43
xiwang	希望	12597	31
xiwei	席位	364	45
xiwei	细微	278	46
xiwei	西魏	190	48
xiweide	西为德	129	49
xiwen	檄文	140	49
xiwen	细问	117	50
xixi	细细	628	43
xixi	嬉戏	125	50
xixia	西夏	1023	41
xixian	西线	186	48
xixiangdong	西向东	706	43
xixiao	细小	441	44
xixiao	嘻笑	130	49
xixide	细细的	213	47
xixihaha	嘻嘻哈哈	120	50
xixili	西西里	230	47
xixilidao	西西里岛	133	49
xixin	细心	511	44
xixin	悉心	115	50
xixing	习性	867	42
xixirangrang	熙熙攘攘	103	50
xixixiangguan	息息相关	396	45
xixue	西学	210	47
xixun	喜讯	267	46
xiya	西亚	671	43
xiyan	吸烟	617	43
xiyang	西洋	751	42
xiyang	夕阳	299	46
xiyao	西药	131	49
xiyi	洗衣	202	48
xiyi	西医	188	48
xiyi	蜥蜴	129	49
xiyiji	洗衣机	203	48
xiyin	吸引	3307	36
xiyinli	吸引力	650	43
xiyiweichang	习以为常	141	49
xiyou	稀有	530	44
xiyouji	西游记	116	50
xiyu	西域	1364	40
xiyu	细雨	109	50
xiyuan	西苑	121	50
xiyue	喜悦	756	42
xizang	西藏	2596	37
xizao	洗澡	414	45
xize	细则	185	48
xizhan	西站	197	48
xizhi	细致	695	43
xizhimen	西直门	436	45
xizhimenwai	西直门外	146	49
xizhou	西周	1342	40
xizhuang	西装	296	46
xizhuo	吸着	146	49
xizhuren	系主任	396	45
xizuo	细作	281	46
xuanba	选拔	1831	39
xuanbi	悬臂	105	50
xuanbu	宣布	7604	33
xuancheng	宣称	718	43
xuanchu	选出	2298	38
xuanchuan	宣传	4745	35
xuanchuanbu	宣传部	333	46
xuanchuanbuzhang	宣传部长	105	50
xuande	宣德	386	45
xuandiao	悬吊	171	48
xuanding	选定	610	43
xuandu	宣读	898	42
xuanenxian	宣恩县	258	47
xuanfeng	旋风	423	45
xuanfu	悬浮	215	47
xuanfushi	宣抚使	220	47
xuanfusi	宣抚司	223	47
xuangao	宣告	2005	38
xuangou	选购	250	47
xuangua	悬挂	1977	38
xuanhe	宣和	165	48
xuanhua	喧哗	446	44
xuanji	选集	516	44
xuanji	旋即	167	48
xuanji	玄机	161	49
xuanjiang	宣讲	141	49
xuanjianghui	宣讲会	206	48
xuanjinshou	宣金受	128	49
xuanju	选举	15208	30
xuanjufa	选举法	234	47
xuanjuquan	选举权	682	43
xuanjuren	选举人	114	50
xuankong	悬空	120	50
xuanli	绚丽	327	46
xuanliao	选料	279	46
xuanlv	旋律	424	45
xuanmin	选民	3169	37
xuannao	喧闹	161	49
xuannaosheng	喧闹声	149	49
xuannian	悬念	277	46
xuanpai	选派	309	46
xuanpiao	选票	800	42
xuanqu	选区	951	41
xuanqu	选取	378	45
xuanran	渲染	289	46
xuanrandabo	轩然大波	209	47
xuanren	选任	601	43
xuanren	选人	190	48
xuanru	选入	152	49
xuanshi	宣誓	266	47
xuanshou	选手	2418	38
xuanshu	悬殊	629	43
xuanti	选题	116	50
xuantiao	悬挑	257	47
xuantong	宣统	313	46
xuanwo	旋涡	245	47
xuanwo	漩涡	181	48
xuanwu	玄武	213	47
xuanwu	宣武	210	47
xuanwumen	宣武门	355	45
xuanwuyan	玄武岩	233	47
xuanxiang	选项	631	43
xuanxiao	喧嚣	311	46
xuanxie	宣泄	197	48
xuanxiu	选修	114	50
xuanxue	玄学	195	48
xuanya	悬崖	423	45
xuanyan	宣言	1817	39
xuanyang	宣扬	527	44
xuanyao	炫耀	340	46
xuanyi	旋翼	100	50
xuanyong	选用	768	42
xuanyuemen	玄岳门	514	44
xuanyun	眩晕	205	48
xuanzang	玄奘	176	48
xuanze	选择	11160	32
xuanzeti	选择题	207	48
xuanzexing	选择性	209	47
xuanzhan	宣战	377	45
xuanzhaoguan	宣诏官	141	49
xuanzhaoyuan	宣诏员	128	49
xuanzhi	选址	108	50
xuanzhi	宣纸	101	50
xuanzhong	选中	232	47
xuanzhuan	旋转	1307	40
xuchang	许昌	243	47
xuchanpin	畜产品	157	49
xudezhang	胥德章	138	49
xudianchi	蓄电池	184	48
xudou	许都	116	50
xuduo	许多	25601	28
xuduonian	许多年	222	47
xuduozhong	许多种	144	49
xuebai	雪白	811	42
xuebeng	雪崩	149	49
xuebu	学部	111	50
xuecheng	学成	105	50
xuechuanxin	薛传薪	243	47
xuedao	穴道	1500	40
xuedao	学到	556	44
xuedi	雪地	358	45
xuefei	学费	950	41
xuefen	学分	275	46
xuefeng	学风	255	47
xuefeng	雪峰	121	50
xuefu	学府	1010	41
xuefulu	学府路	519	44
xueguan	血管	1265	40
xuehai	学海	266	47
xuehao	学好	109	50
xuehen	血痕	112	50
xuehong	血红	165	48
xuehongdanbai	血红蛋白	222	47
xuehua	雪花	395	45
xuehui	学会	2639	37
xueji	血迹	309	46
xueji	学籍	101	50
xuejia	学家	322	46
xuejian	削减	545	44
xuejiang	血浆	328	46
xuejie	学界	514	44
xuejiu	学究	174	48
xueke	学科	3432	36
xuelei	血泪	203	48
xueli	学历	1460	40
xuelian	学联	561	44
xueliang	雪亮	125	50
xueliu	血流	315	46
xuelu	血路	122	50
xuemai	血脉	166	48
xuenian	学年	198	48
xuepai	学派	1432	40
xuepo	血泊	213	47
xueqi	学期	342	46
xueqing	血清	318	46
xuerou	血肉	181	48
xuerouhengfei	血肉横飞	166	48
xueroumohu	血肉模糊	103	50
xuerouzhiqu	血肉之躯	211	47
xueruo	削弱	1115	41
xuese	血色	290	46
xueshan	雪山	863	42
xuesheng	学生	30776	28
xueshi	学士	1103	41
xueshi	学识	209	47
xueshu	学术	3206	37
xueshu	血书	191	48
xueshuan	血栓	137	49
xueshui	血水	139	49
xueshujie	学术界	404	45
xueshuo	学说	1962	39
xuesi	血丝	106	50
xuetang	学堂	614	43
xuetang	血糖	220	47
xuetong	血统	282	46
xuetu	学徒	201	48
xuewei	学位	2634	37
xuewei	穴位	216	47
xuewen	学问	992	41
xuewu	学武	174	48
xuewu	血污	120	50
xuexi	学习	13482	31
xuexian	雪线	140	49
xuexiao	学校	17020	30
xuexiaoban	血小板	195	48
xuexichongbing	血吸虫病	152	49
xuexing	血腥	835	42
xuexing	血型	268	46
xuexing	血性	202	48
xueya	血压	622	43
xueye	血液	1960	39
xueye	学业	389	45
xueyi	学艺	344	45
xueyi	血衣	145	49
xueyima	薛姨妈	427	45
xueyuan	学院	29249	28
xueyuan	学员	1001	41
xueyuan	血缘	416	45
xueyuan	学苑	256	47
xueyuanlu	学院路	1042	41
xueyueer	薛月儿	117	50
xuezhan	血战	194	48
xuezhe	学者	4212	35
xuezheng	血症	170	48
xuezhi	学制	230	47
xuezi	学子	433	45
xuezi	靴子	171	48
xufuguan	徐复观	257	47
xugaodong	徐高栋	256	47
xugou	虚构	230	47
xuhai	徐海	200	48
xuhaidong	徐海东	283	46
xuhang	续航	112	50
xuhangli	续航力	117	50
xuhao	序号	131	49
xuhuan	虚幻	153	49
xuhuangdi	许皇帝	128	49
xujia	虚假	850	42
xujia	许家	544	44
xujia	徐家	287	46
xujiagang	徐家岗	256	47
xujialu	许嘉璐	271	46
xujibin	徐继斌	128	49
xujiliang	蓄积量	398	45
xujiu	许久	379	45
xujiu	酗酒	144	49
xuke	许可	623	43
xukejun	徐克俊	256	47
xukezheng	许可证	351	45
xukong	虚空	121	50
xulie	序列	803	42
xulihua	徐立华	256	47
xuliya	叙利亚	643	43
xumei	须眉	119	50
xuming	虚名	205	48
xumizuo	须弥座	1296	40
xumu	畜牧	579	43
xumu	序幕	491	44
xumuye	畜牧业	868	42
xunan	巡按	123	50
xunbu	巡捕	228	47
xuncha	巡查	104	50
xunchang	寻常	1246	40
xunchi	训斥	244	47
xundao	训导	147	49
xundugu	寻杜谷	128	49
xunfang	寻访	263	47
xunfu	巡抚	1299	40
xungu	训诂	157	49
xunguidaoju	循规蹈矩	106	50
xunguo	殉国	214	47
xunhang	巡航	286	46
xunhangdaodan	巡航导弹	648	43
xunhua	驯化	127	49
xunhuan	循环	2575	37
xunhui	巡回	187	48
xuni	虚拟	455	44
xunji	迅即	112	50
xunjie	迅捷	385	45
xunjing	巡警	165	48
xunlian	训练	7829	33
xunlianban	训练班	602	43
xunlianchang	训练场	202	48
xunliantuan	训练团	295	46
xunlianyousu	训练有素	134	49
xunlu	驯鹿	438	45
xunluo	巡逻	657	43
xunmeng	迅猛	450	44
xunmi	寻觅	329	46
xunnipai	逊尼派	157	49
xunqi	汛期	420	45
xunqiu	寻求	1357	40
xunse	逊色	187	48
xunshi	巡视	380	45
xunshiyuan	巡视员	286	46
xunsi	寻死	171	48
xunsu	迅速	9323	32
xuntao	熏陶	203	48
xunuo	许诺	246	47
xunwen	询问	2256	38
xunxi	讯息	411	45
xunxujianjin	循序渐进	119	50
xunyang	驯养	140	49
xunyangjian	巡洋舰	465	44
xunyu	鲟鱼	539	44
xunzang	殉葬	194	48
xunzhang	勋章	1004	41
xunzhao	寻找	3960	36
xunzi	荀子	185	48
xupei	许配	165	48
xuqingjun	徐青君	104	50
xuqinwang	许亲王	128	49
xuqiu	需求	5424	34
xuqiuliang	需求量	299	46
xuqiuzhai	徐秋斋	560	44
xuqu	序曲	117	50
xuri	旭日	175	48
xurong	虚荣	131	49
xurongxin	虚荣心	105	50
xuruo	虚弱	459	44
xusanpin	许三品	128	49
xushi	虚实	371	45
xushi	叙事	304	46
xushichang	徐世昌	219	47
xushishi	叙事诗	130	49
xushiyou	许世友	423	45
xushouhui	徐寿辉	371	45
xushu	叙述	1401	40
xushui	蓄水	141	49
xushuiliang	蓄水量	100	50
xushuo	叙说	102	50
xutianchuan	徐天川	260	47
xutianhong	徐天宏	668	43
xuwei	虚伪	266	47
xuwei	徐渭	136	49
xuwu	虚无	129	49
xuxia	许下	114	50
xuxiake	徐霞客	332	46
xuxiangqian	徐向前	186	48
xuxiaofeng	徐小凤	256	47
xuxiaoli	徐啸力	128	49
xuxiaoshu	许晓书	106	50
xuxin	虚心	162	48
xuxu	徐徐	310	46
xuxuduoduo	许许多多	319	46
xuxurusheng	栩栩如生	145	49
xuyan	序言	141	49
xuyao	需要	27430	28
xuyao	须要	161	49
xuyi	蓄意	137	49
xuyixian	徐以显	231	47
xuyong	需用	161	49
xuyongqing	徐永清	256	47
xuyouzhen	徐有贞	160	49
xuyu	须臾	217	47
xuyuan	许愿	106	50
xuyuanchao	徐援朝	131	49
xuzhanglao	徐长老	140	49
xuzhangshengshi	虚张声势	116	50
xuzheng	虚证	107	50
xuzhi	须知	241	47
xuzhichun	徐志纯	257	47
xuzhigong	徐治功	153	49
xuzhihong	许智宏	259	47
xuzhiqin	许志琴	256	47
xuzhou	徐州	765	42
yaba	哑巴	714	43
yabao	芽孢	100	50
yabi	崖壁	108	50
yachi	牙齿	1188	41
yadang	亚当	180	48
yadao	压倒	417	45
yadi	压低	475	44
yadian	雅典	1269	40
yadian	压电	102	50
yagang	亚纲	196	48
yagao	牙膏	364	45
yagao	雅高	144	49
yage	雅各	129	49
yagen	压根	142	49
yagener	压根儿	236	47
yaguan	牙关	134	49
yahu	雅虎	268	46
yahuan	丫鬟	399	45
yahuan	丫环	332	46
yajiada	雅加达	130	49
yajie	押解	135	49
yajun	亚军	352	45
yake	亚科	282	46
yake	雅克	235	47
yakou	牙口	273	46
yali	压力	6044	34
yalishanda	亚历山大	550	44
yalong	雅龙	134	49
yalujiang	鸭绿江	252	47
yama	亚麻	234	47
yamaijia	牙买加	197	48
yamasunhe	亚马孙河	128	49
yameiniya	亚美尼亚	223	47
yamen	衙门	2974	37
yanan	沿岸	1892	39
yanan	延安	1381	40
yanbaba	眼巴巴	136	49
yanbangping	颜邦屏	256	47
yanbi	岩壁	104	50
yanbian	演变	1797	39
yanboqian	言伯乾	113	50
yanbu	眼部	107	50
yancao	烟草	688	43
yanceng	岩层	394	45
yanchang	延长	1229	40
yanchang	演唱	579	43
yanchanghui	演唱会	154	49
yanchen	烟尘	174	48
yancheng	严惩	375	45
yanchi	延迟	197	48
yanchu	演出	4125	36
yanci	言辞	244	47
yanci	言词	126	49
yancong	烟囱	201	48
yandai	烟袋	143	49
yandang	阉党	257	47
yandanu	颜大怒	134	49
yandao	烟道	123	50
yandaping	言达平	102	50
yandi	炎帝	609	43
yandong	岩洞	413	45
yandou	燕都	143	49
yandou	烟斗	117	50
yandu	盐度	269	46
yandu	研读	104	50
yanfa	研发	1976	38
yanfan	厌烦	236	47
yangai	掩盖	589	43
yangba	氧吧	265	47
yangbaili	杨百利	148	49
yangbailing	杨柏龄	256	47
yangbaishun	杨百顺	482	44
yangben	样本	276	46
yangbing	养病	155	49
yangbotan	杨波坦	256	47
yangchangerqu	扬长而去	137	49
yangche	样车	161	49
yangcheng	养成	809	42
yangcheng	阳城	113	50
yangchengang	杨臣刚	256	47
yangchengxie	杨成协	102	50
yangchenhui	杨晨晖	256	47
yangdage	杨大哥	273	46
yangdeqing	杨德清	256	47
yangdi	炀帝	111	50
yangdi	洋底	109	50
yange	严格	4728	35
yange	沿革	2023	38
yanger	样儿	190	48
yangerren	杨二人	140	49
yangfen	养分	202	48
yangfu	阳府	256	47
yangge	秧歌	149	49
yangguang	阳光	3451	36
yangguang	仰光	101	50
yangguoliang	杨国梁	256	47
yangguoping	杨国屏	257	47
yangguoqing	杨国庆	259	47
yangguoxiao	杨过笑	139	49
yanghang	央行	390	45
yanghang	洋行	381	45
yanghu	养护	143	49
yanghua	氧化	1260	40
yanghualv	氧化铝	130	49
yanghuawu	氧化物	343	45
yanghucheng	杨虎城	107	50
yanghuo	养活	383	45
yanghuo	洋货	108	50
yangji	阳极	160	49
yangjianhua	杨建华	273	46
yangjiatai	杨家台	256	47
yangjiatan	杨家潭	256	47
yangjichang	养鸡场	282	46
yangjingyu	杨景宇	259	47
yangjisheng	杨继盛	149	49
yangkeshi	杨可世	257	47
yanglao	养老	651	43
yanglianting	杨莲亭	104	50
yangliao	养料	106	50
yangliu	杨柳	411	45
yangliu	洋流	150	49
yanglizi	阳离子	117	50
yanglou	洋楼	167	48
yangmao	羊毛	454	44
yangmian	仰面	125	50
yangmiaozhou	杨苗洲	256	47
yangmoxi	杨摩西	257	47
yangmu	仰慕	248	47
yangniu	养牛	333	46
yangpi	羊皮	914	42
yangpin	样品	445	44
yangqi	氧气	513	44
yangqi	扬起	274	46
yangqi	阳气	127	49
yangqiang	洋枪	180	48
yangqiaohu	杨桥湖	768	42
yangqiu	央求	136	49
yangqun	羊群	109	50
yangren	洋人	657	43
yangrou	羊肉	900	42
yangsanzheng	阳三蒸	256	47
yangshang	养伤	122	50
yangshangkun	杨尚昆	244	47
yangshaowenhua	仰韶文化	107	50
yangsheng	养生	200	48
yangshi	样式	866	42
yangshi	央视	418	45
yangshi	仰视	104	50
yangshiqi	杨士奇	165	48
yangshoujing	杨守敬	262	47
yangshu	杨树	127	49
yangsichang	杨嗣昌	846	42
yangtai	阳台	242	47
yangtian	仰天	348	45
yangtiexin	杨铁心	256	47
yangtongzui	杨同嘴	256	47
yangtou	仰头	180	48
yanguang	眼光	2009	38
yanguo	燕国	124	50
yangwang	仰望	217	47
yangwei	杨维	269	46
yangwei	阳痿	122	50
yangwencong	杨文骢	100	50
yangwensun	杨闻孙	256	47
yangwenyue	杨文岳	148	49
yangwu	洋务	262	47
yangxianzhen	杨献珍	259	47
yangxiaobo	杨晓波	257	47
yangxin	阳新	781	42
yangxindian	养心殿	183	48
yangxing	阳性	335	46
yangxingfu	杨兴富	256	47
yangxinxian	阳新县	261	47
yangyan	扬言	311	46
yangyang	样样	206	48
yangyang	痒痒	162	48
yangyegong	杨业功	257	47
yangyehu	杨叶湖	256	47
yangyi	洋溢	263	47
yangyiqing	杨一清	119	50
yangyu	洋芋	799	42
yangyu	养育	191	48
yangyu	养鱼	141	49
yangzhanghuai	杨长槐	256	47
yangzhi	养殖	2675	37
yangzhiye	养殖业	141	49
yangzhou	扬州	1325	40
yangzhu	养猪	412	45
yangzi	样子	5676	34
yangzi	养子	184	48
yangzi	阳子	183	48
yangzi	扬子	127	49
yangzijiang	扬子江	401	45
yangzimiao	羊子庙	256	47
yanhai	沿海	3527	36
yanhan	严寒	513	44
yanhe	沿河	462	44
yanhong	眼红	140	49
yanhong	殷红	124	50
yanhonghuan	阎鸿唤	486	44
yanhonglie	颜洪烈	346	45
yanhou	咽喉	670	43
yanhu	掩护	772	42
yanhu	雁湖	256	47
yanhu	盐湖	162	48
yanhua	演化	795	42
yanhua	岩画	138	49
yanhua	眼花	131	49
yanhua	烟花	121	50
yanhualiaoluan	眼花缭乱	167	48
yanhuan	延缓	224	47
yanhui	宴会	571	43
yanhuiting	宴会厅	171	48
yanhuo	烟火	299	46
yanjia	严加	274	46
yanjia	严家	136	49
yanjian	眼见	3240	37
yanjian	眼睑	152	49
yanjiang	演讲	748	42
yanjiang	岩浆	581	43
yanjiang	沿江	537	44
yanjiao	眼角	383	45
yanjie	眼界	288	46
yanjin	严谨	742	42
yanjin	严禁	552	44
yanjin	延津	313	46
yanjin	演进	171	48
yanjing	眼睛	11190	32
yanjing	燕京	1399	40
yanjing	眼镜	731	42
yanjingdaxue	燕京大学	277	46
yanjingsheng	闫京生	111	50
yanjiu	研究	35029	27
yanjiuhui	研究会	410	45
yanjiusheng	研究生	1816	39
yanjiushengyuan	研究生院	135	49
yanjiushi	研究室	308	46
yanjiusuo	研究所	3162	37
yanjiuyuan	研究员	1111	41
yanjiuyuan	研究院	881	42
yanjiuzhe	研究者	187	48
yanjuan	厌倦	228	47
yanjun	严峻	1241	40
yankan	眼看	1485	40
yanke	眼科	158	49
yankou	堰口	264	47
yanku	严酷	307	46
yankuang	眼眶	484	44
yanlei	眼泪	2627	37
yanlei	盐类	143	49
yanli	眼里	1697	39
yanli	严厉	1260	40
yanli	艳丽	255	47
yanli	眼力	174	48
yanlian	演练	869	42
yanliao	颜料	275	46
yanling	严令	113	50
yanlu	沿路	155	49
yanlun	言论	690	43
yanmai	掩埋	212	47
yanmai	燕麦	154	49
yanmenguan	雁门关	125	50
yanmi	严密	977	41
yanmian	颜面	213	47
yanming	严明	226	47
yanmo	淹没	524	44
yanmo	湮没	108	50
yanmudan	烟幕弹	105	50
yanpi	眼皮	465	44
yanqi	延期	359	45
yanqi	焉耆	260	47
yanqian	眼前	4518	35
yanqiao	堰桥	258	47
yanqing	宴请	461	44
yanqing	延庆	279	46
yanqiu	眼球	559	44
yanquan	眼圈	241	47
yanran	俨然	272	46
yanranyixiao	嫣然一笑	162	48
yanre	炎热	498	44
yanse	颜色	3100	37
yanse	眼色	813	42
yanshan	燕山	476	44
yanshe	衍射	342	46
yanshen	延伸	2586	37
yanshen	眼神	1030	41
yansheng	衍生	319	46
yanshengwu	衍生物	255	47
yanshi	岩石	2028	38
yanshi	掩饰	574	43
yanshi	演示	299	46
yanshiquan	岩石圈	151	49
yanshou	验收	501	44
yanshou	严守	468	44
yanshui	盐水	138	49
yanshuo	演说	481	44
yanshuo	言说	136	49
yansi	淹死	228	47
yansu	严肃	1650	39
yansuan	盐酸	276	46
yansuan	演算	159	49
yansui	延髓	100	50
yantai	烟台	479	44
yantan	言谈	177	48
yantao	研讨	588	43
yantaoban	研讨班	270	46
yantaohui	研讨会	678	43
yanti	岩体	129	49
yanti	掩体	115	50
yantie	盐铁	143	49
yantou	烟头	107	50
yantu	沿途	711	43
yanwang	阎王	219	47
yanwo	眼窝	156	49
yanwo	燕窝	108	50
yanwu	烟雾	599	43
yanwu	厌恶	568	43
yanwu	延误	328	46
yanxi	演习	3808	36
yanxi	沿袭	360	45
yanxi	筵席	355	45
yanxi	研习	217	47
yanxi	演戏	203	48
yanxi	宴席	147	49
yanxia	眼下	1924	39
yanxia	咽下	154	49
yanxian	沿线	553	44
yanxiaopin	严晓频	256	47
yanxing	言行	430	45
yanxing	严刑	339	46
yanxu	延续	1369	40
yanyan	岩盐	342	46
yanyan	筵宴	116	50
yanyanshishi	严严实实	217	47
yanyanyixi	奄奄一息	172	48
yanye	烟叶	242	47
yanye	盐业	121	50
yanyi	演绎	292	46
yanyin	宴饮	101	50
yanying	掩映	168	48
yanyixun	严义埙	257	47
yanyong	沿用	1419	40
yanyu	言语	2335	38
yanyu	谚语	229	47
yanyu	艳遇	153	49
yanyu	烟雨	112	50
yanyuan	演员	2938	37
yanzhe	沿着	1699	39
yanzheng	验证	783	42
yanzheng	炎症	493	44
yanzheng	严整	384	45
yanzheng	严正	327	46
yanzhengzheng	眼睁睁	330	46
yanzhi	研制	5567	34
yanzhi	胭脂	262	47
yanzhi	腌制	133	49
yanzhize	严智泽	256	47
yanzhong	严重	10445	32
yanzhong	眼中	1511	40
yanzhongxing	严重性	158	49
yanzhongzhe	严重者	180	48
yanzhou	兖州	156	49
yanzhu	眼珠	378	45
yanzhuzi	眼珠子	160	49
yanzi	燕子	426	45
yanzou	演奏	1122	41
yaobai	摇摆	157	49
yaobao	腰包	113	50
yaobu	腰部	170	48
yaoburan	要不然	342	46
yaobushi	要不是	426	45
yaocai	药材	1287	40
yaoce	遥测	143	49
yaochang	药厂	165	48
yaochong	要冲	274	46
yaodai	腰带	380	45
yaodao	要道	357	45
yaodao	妖道	175	48
yaodao	腰刀	157	49
yaodian	药店	505	44
yaodian	要点	441	44
yaodong	窑洞	505	44
yaodong	摇动	224	47
yaofa	妖法	131	49
yaofan	要犯	212	47
yaofang	药房	260	47
yaofang	药方	251	47
yaogan	遥感	289	46
yaoguai	妖怪	352	45
yaogun	摇滚	126	49
yaohai	要害	568	43
yaohe	吆喝	621	43
yaohuang	摇晃	645	43
yaoji	药剂	179	48
yaojia	药价	163	48
yaojian	腰间	1025	41
yaojin	要紧	978	41
yaojing	妖精	701	43
yaojinyaguan	咬紧牙关	135	49
yaojiu	药酒	106	50
yaojue	要诀	101	50
yaokong	遥控	268	46
yaoku	药库	261	47
yaolaiquan	姚来泉	256	47
yaolan	摇篮	225	47
yaoli	药理	104	50
yaolian	要脸	101	50
yaoling	要领	233	47
yaome	要么	927	42
yaoming	要命	430	45
yaomo	妖魔	260	47
yaopin	药品	2884	37
yaoqian	要钱	356	45
yaoqing	邀请	3258	36
yaoqingsai	邀请赛	133	49
yaoqiu	要求	23944	29
yaoqizhi	姚期智	257	47
yaoren	妖人	105	50
yaosai	要塞	323	46
yaoshan	药膳	279	46
yaoshang	咬伤	111	50
yaoshenyibian	摇身一变	138	49
yaoshi	要是	2986	37
yaoshi	钥匙	721	43
yaoshi	药师	536	44
yaoshifu	姚师傅	512	44
yaoshou	摇手	268	46
yaoshui	药水	108	50
yaoshun	尧舜	105	50
yaoshuo	要说	1519	40
yaosi	要死	533	44
yaosu	要素	2627	37
yaotou	摇头	2864	37
yaotouhuangnao	摇头晃脑	112	50
yaowan	药丸	202	48
yaowang	遥望	231	47
yaowang	药王	154	49
yaowenyuan	姚文元	112	50
yaowu	药物	3727	36
yaowu	要务	198	48
yaowuxue	药物学	287	46
yaowuyangwei	耀武扬威	351	45
yaoxiangcheng	姚湘成	256	47
yaoxiao	药效	102	50
yaoxie	要挟	150	49
yaoxing	药性	127	49
yaoya	咬牙	549	44
yaoyan	谣言	574	43
yaoyan	耀眼	492	44
yaoyao	摇摇	167	48
yaoyao	遥遥	163	48
yaoyaohuanghuang	摇摇晃晃	241	47
yaoyaotou	摇摇头	1211	40
yaoyaoyuzhui	摇摇欲坠	108	50
yaoyaqiechi	咬牙切齿	479	44
yaoye	药业	360	45
yaoye	摇曳	170	48
yaoyi	徭役	292	46
yaoyong	药用	991	41
yaoyuan	遥远	848	42
yaoyuan	要员	112	50
yaoyue	要约	123	50
yaozhe	夭折	132	49
yaozhi	要旨	297	46
yaozhi	要职	144	49
yaozi	窑子	109	50
yaozu	瑶族	646	43
yapian	鸦片	730	42
yapianzhanzheng	鸦片战争	555	44
yaping	亚平	345	45
yapingma	亚平妈	127	49
yapo	压迫	1546	39
yaqiang	压强	202	48
yaquewusheng	鸦雀无声	168	48
yaredai	亚热带	2267	38
yashu	衙署	709	43
yashu	亚述	150	49
yasi	雅思	183	48
yasong	押送	104	50
yasuo	压缩	718	43
yatai	亚泰	119	50
yataidiqu	亚太地区	642	43
yatong	压痛	103	50
yatou	丫头	1652	39
yaxiaosuanyan	亚硝酸盐	149	49
yaxiya	亚细亚	434	45
yayi	压抑	664	43
yayi	衙役	240	47
yayin	牙龈	108	50
yayun	亚运	132	49
yayunhui	亚运会	765	42
yazha	压榨	130	49
yazhi	压制	689	43
yazhi	雅致	184	48
yazhong	亚种	176	48
yazhou	亚洲	5863	34
yazi	鸭子	673	43
yeba	也罢	708	43
yebing	叶柄	123	50
yebiqiu	叶碧秋	370	45
yecai	野菜	238	47
yecao	野草	115	50
yedaying	叶大鹰	896	42
yedi	液滴	114	50
yedi	野地	112	50
yeerniang	叶二娘	210	47
yehaifeng	叶海峰	256	47
yehao	也好	2084	38
yehua	液化	202	48
yehua	野花	155	49
yeji	业绩	1992	38
yejian	夜间	1398	40
yejianying	叶剑英	445	44
yejie	业界	387	45
yejin	冶金	1502	40
yejing	夜景	488	44
yejing	液晶	434	45
yejiushishuo	也就是说	1430	40
yejunjian	叶君健	259	47
yekong	夜空	235	47
yelai	夜来	105	50
yeli	夜里	1459	40
yelian	冶炼	447	44
yelianzi	叶莲子	839	42
yeliqin	叶利钦	163	48
yeludaxue	耶鲁大学	116	50
yelusaleng	耶路撒冷	351	45
yelvdashi	耶律大石	286	46
yelvhongji	耶律洪基	180	48
yelvqi	耶律齐	524	44
yelvsu	叶绿素	128	49
yelvti	叶绿体	129	49
yema	野马	157	49
yeman	野蛮	915	42
yemao	野猫	114	50
yemen	也门	234	47
yemen	爷们	136	49
yemu	夜幕	249	47
yenei	业内	346	45
yeneirenshi	业内人士	556	44
yeniu	野牛	103	50
yepian	叶片	469	44
yeren	野人	585	43
yerutang	叶如棠	256	47
yese	夜色	388	45
yeshen	夜深	132	49
yesheng	野生	1768	39
yeshi	夜视	131	49
yeshou	野兽	605	43
yesu	耶稣	469	44
yesuan	叶酸	116	50
yetai	液态	241	47
yeti	液体	1487	40
yeting	叶挺	190	48
yetu	野兔	152	49
yewai	野外	705	43
yewan	夜晚	1487	40
yewei	野味	353	45
yewu	业务	7737	33
yewuyuan	业务员	129	49
yexia	腋下	185	48
yexin	野心	617	43
yexinbobo	野心勃勃	119	50
yexu	也许	6846	34
yeya	液压	397	45
yeyan	页岩	181	48
yeye	爷爷	2077	38
yeyi	业已	472	44
yeyu	业余	875	42
yezhan	野战	497	44
yezhan	夜战	120	50
yezhanjun	野战军	656	43
yezhu	业主	345	45
yezhu	野猪	228	47
yezi	叶子	1205	40
yezi	椰子	282	46
yian	议案	2909	37
yian	一案	169	48
yiba	一把	4755	35
yiba	一八	1096	41
yibai	一百	472	44
yibaiduonian	一百多年	141	49
yibaige	一百个	242	47
yibailiang	一百两	110	50
yibainian	一百年	219	47
yibaitudi	一败涂地	177	48
yibaiwan	一百万	108	50
yiban	一般	30311	28
yiban	一半	4586	35
yiban	一班	389	45
yibang	一帮	325	46
yibanjianshi	一般见识	128	49
yibanlaishuo	一般来说	146	49
yibanren	一班人	132	49
yibanshuolai	一般说来	399	45
yibao	一包	364	45
yibao	医保	273	46
yibashou	一把手	282	46
yibazhua	一把抓	194	48
yibei	以北	2100	38
yibei	一杯	1464	40
yibei	一倍	986	41
yibei	以备	280	46
yibei	一辈	181	48
yibei	椅背	137	49
yibeizi	一辈子	1821	39
yiben	一本	1467	40
yiben	译本	294	46
yibenzhengjing	一本正经	224	47
yibi	一笔	1168	41
yibian	一边	7114	33
yibian	一遍	2395	38
yibian	以便	2167	38
yibiao	仪表	613	43
yibiliya	伊比利亚	122	50
yibin	宜宾	157	49
yibing	一并	352	45
yibizhili	一臂之力	120	50
yibu	一步	5346	35
yibu	一部	2982	37
yibubu	一步步	259	47
yibufen	一部分	4998	35
yiburongci	义不容辞	110	50
yibuxiaoxin	一不小心	125	50
yice	一侧	729	42
yiceng	一层	2761	37
yichan	遗产	2995	37
yichana	一刹那	212	47
yichang	一场	5781	34
yichang	宜昌	5336	35
yichang	异常	3360	36
yichangshi	宜昌市	2858	37
yiche	一车	131	49
yicheng	议程	681	43
yicheng	已成	574	43
yicheng	宜城	548	44
yicheng	译成	439	45
yicheng	一程	156	49
yicheng	一成	144	49
yichengbubian	一成不变	374	45
yichengshi	宜城市	257	47
yichi	一尺	282	46
yichou	一筹	113	50
yichoumozhan	一筹莫展	117	50
yichu	一处	2335	38
yichu	一出	964	41
yichu	溢出	143	49
yichu	益处	101	50
yichuan	遗传	1234	40
yichuan	一串	687	43
yichuan	驿传	102	50
yichuang	一幢	209	47
yichuanwuzhi	遗传物质	124	50
yichuanxing	遗传性	119	50
yichuanxue	遗传学	434	45
yichujifa	一触即发	117	50
yichun	乙醇	470	44
yici	一次	19249	29
yici	依次	1959	39
yici	以此	1445	40
yicici	一次次	155	49
yicixing	一次性	429	45
yicong	依从	193	48
yicun	遗存	319	46
yicun	一村	313	46
yicun	一寸	303	46
yicun	依存	161	49
yida	一大	3248	36
yida	一打	171	48
yidaban	一大半	194	48
yidai	一带	4254	35
yidai	一代	2101	38
yidai	以待	194	48
yidai	一袋	137	49
yidai	衣袋	132	49
yidali	意大利	4556	35
yidaliren	意大利人	197	48
yidan	一旦	5312	35
yidan	一担	138	49
yidao	一道	3879	36
yidao	一刀	1547	39
yidaodao	一道道	165	48
yidaosu	胰岛素	290	46
yidazao	一大早	403	45
yideng	一灯	862	42
yideng	一等	777	42
yidengjiang	一等奖	443	44
yidi	一滴	348	45
yidi	异地	184	48
yidian	一点	14165	31
yidian	疑点	102	50
yidiandian	一点点	735	42
yidianduo	一点多	138	49
yidianer	一点儿	1058	41
yidianyidian	一点一点	133	49
yidie	一叠	204	48
yiding	一定	25293	28
yiding	一顶	461	44
yiding	议定	322	46
yiding	一锭	125	50
yidingliang	一定量	328	46
yidingshu	议定书	141	49
yidong	移动	3838	36
yidong	以东	1087	41
yidong	一动	280	46
yidong	一栋	127	49
yidongbudong	一动不动	503	44
yidou	宜都	806	42
yidou	一斗	120	50
yidu	一度	2653	37
yidu	一堵	143	49
yiduan	一段	4532	35
yiduan	一端	737	42
yiduan	异端	191	48
yidui	一对	2409	38
yidui	一堆	882	42
yidui	一队	791	42
yiduiyi	一对一	101	50
yidun	一顿	2300	38
yidun	亿吨	1135	41
yiduo	一朵	509	44
yiduoyuan	亿多元	297	46
yidushi	宜都市	256	47
yiduzi	一肚子	235	47
yier	一二	938	41
yier	伊尔	364	45
yierjiu	一二九	190	48
yifa	依法	2359	38
yifa	一发	545	44
yifan	一番	3553	36
yifanfengshun	一帆风顺	125	50
yifang	一方	2109	38
yifang	以防	513	44
yifangmian	一方面	2945	37
yifanhua	一番话	151	49
yifen	一份	3677	36
yifen	一分	1236	40
yifeng	一封	1298	40
yifentianying	义愤填膺	215	47
yifenweier	一分为二	108	50
yifenzhong	一分钟	496	44
yifu	衣服	5052	35
yifu	一副	1916	39
yifu	一幅	1460	40
yifu	义父	711	43
yifu	依附	466	44
yifu	一夫	127	49
yigai	一概	467	44
yigan	乙肝	363	45
yigan	一杆	147	49
yiganerjing	一干二净	115	50
yige	一个	142747	21
yigeban	一个半	148	49
yigeduo	一个多	378	45
yigeduoyue	一个多月	406	45
yigege	一个个	2055	38
yigejindi	一个劲地	101	50
yigejiner	一个劲儿	143	49
yigen	一根	2778	37
yigeyue	一个月	1811	39
yigong	一共	726	42
yigou	异构	117	50
yigouti	异构体	161	49
yigu	一股	3082	37
yigu	已故	151	49
yigu	遗骨	114	50
yigu	亿股	113	50
yiguan	一贯	1030	41
yiguan	衣冠	204	48
yiguanchuchu	衣冠楚楚	159	49
yigui	乙炔	126	49
yigui	依归	104	50
yigunaoer	一古脑儿	108	50
yiguo	异国	158	49
yiguoliangzhi	一国两制	451	44
yihan	遗憾	1156	41
yihao	一号	802	42
yihe	议和	470	44
yihe	一盒	157	49
yihe	怡和	140	49
yihetuan	义和团	2114	38
yiheyuan	颐和园	349	45
yihou	以后	21386	29
yihu	医护	175	48
yihu	一户	152	49
yihua	异化	182	48
yihuang	一晃	488	44
yihuang	宜黄	271	46
yihui	议会	3669	36
yihui	一会	3178	37
yihui	一回	2491	38
yihuier	一会儿	3200	37
yihun	已婚	170	48
yihuo	疑惑	873	42
yihuo	一伙	491	44
yihuo	抑或	255	47
yihuxunchang	异乎寻常	116	50
yiji	以及	30775	28
yiji	一级	6006	34
yiji	遗迹	1068	41
yiji	一记	397	45
yiji	异己	112	50
yiji	疑忌	110	50
yijia	一家	5441	34
yijia	一架	989	41
yijia	意甲	155	49
yijian	意见	10329	32
yijian	一件	6216	34
yijian	一间	1210	40
yijian	一剑	1198	40
yijianshu	意见书	142	49
yijiao	一脚	1104	41
yijiao	一角	491	44
yijiao	移交	411	45
yijiao	衣角	100	50
yijiaren	一家人	808	42
yijiazi	一家子	150	49
yijidu	一季度	403	45
yijie	一届	480	44
yijie	一节	443	44
yijin	一斤	741	42
yijin	衣襟	685	43
yijing	已经	51289	25
yijing	一经	563	44
yijing	意境	436	45
yijing	易经	248	47
yijiu	依旧	1495	40
yiju	一句	8647	33
yiju	依据	3856	36
yiju	一举	848	42
yiju	移居	588	43
yiju	一具	468	44
yiju	一局	157	49
yijuan	一卷	348	45
yijuchengming	一举成名	204	48
yijun	义军	1416	40
yijun	以军	104	50
yijuyidong	一举一动	190	48
yikai	一开	240	47
yikao	依靠	3149	37
yike	一颗	2055	38
yike	一刻	1150	41
yike	一棵	668	43
yike	亦可	409	45
yike	医科	181	48
yikou	一口	3789	36
yikouqi	一口气	1934	39
yikoutongsheng	异口同声	101	50
yiku	衣裤	130	49
yikuai	一块	7001	33
yikuaier	一块儿	648	43
yikuan	一款	295	46
yikun	一捆	106	50
yilai	以来	10402	32
yilai	依赖	1660	39
yilai	一来	854	42
yilaixing	依赖性	147	49
yilake	伊拉克	2671	37
yilang	伊朗	3820	36
yilei	一类	2906	37
yili	一粒	575	43
yili	伊犁	338	46
yili	伊利	269	46
yili	一例	226	47
yili	毅力	224	47
yili	一里	155	49
yili	屹立	154	49
yili	以利	134	49
yili	义理	107	50
yili	迤逦	101	50
yilian	一脸	798	42
yilian	一连	569	43
yilian	依恋	200	48
yilianchuan	一连串	347	45
yiliang	一辆	1161	41
yiliang	一两	382	45
yiliangge	一两个	424	45
yiliangnian	一两年	164	48
yiliangtian	一两天	169	48
yiliao	医疗	3488	36
yiliao	意料	297	46
yiliaobaoxian	医疗保险	200	48
yiliaozhiwai	意料之外	336	46
yilie	一列	192	48
yilifangmi	亿立方米	1534	39
yiling	夷陵	596	43
yiling	衣领	152	49
yilingqu	夷陵区	257	47
yilishabai	伊丽莎白	134	49
yiliu	一流	1366	40
yiliu	遗留	798	42
yiliu	一溜	189	48
yiliuyan	一溜烟	108	50
yilou	遗漏	437	45
yilou	一楼	106	50
yilu	一路	2921	37
yilun	议论	1678	39
yilun	一轮	965	41
yilunfenfen	议论纷纷	124	50
yilushang	一路上	762	42
yilv	一律	1565	39
yilv	疑虑	385	45
yilv	一缕	273	46
yima	姨妈	227	47
yimei	一枚	1071	41
yimeiyuan	亿美元	3217	37
yimen	一门	2174	38
yimen	义门	159	49
yimi	乙醚	227	47
yimi	一米	208	47
yimian	一面	6773	34
yimian	以免	1200	40
yimiao	疫苗	373	45
yimiao	一秒	135	49
yimin	移民	1231	40
yiming	一名	4733	35
yimingwuhu	一命呜呼	183	48
yimo	一抹	200	48
yimu	一幕	548	44
yimu	一目	233	47
yimu	一亩	112	50
yimuliaoran	一目了然	165	48
yimuyiyang	一模一样	591	43
yinan	以南	1607	39
yinan	疑难	671	43
yinan	阴暗	244	47
yinbaise	银白色	131	49
yinbao	引爆	203	48
yinbi	隐蔽	768	42
yinbi	银币	153	49
yinbu	阴部	124	50
yincang	隐藏	1212	40
yincha	饮茶	173	48
yinchen	阴沉	313	46
yinchu	引出	273	46
yinchuan	银川	290	46
yinci	因此	23294	29
yindao	引导	2161	38
yindao	阴道	502	44
yindaoyan	阴道炎	127	49
yinde	引得	301	46
yindian	印第安	237	47
yindianren	印第安人	746	42
yindiao	音调	200	48
yindizhiyi	因地制宜	167	48
yindu	印度	9701	32
yindu	阴毒	206	48
yinduhe	印度河	264	47
yindujiao	印度教	388	45
yinduren	印度人	280	46
yinduyang	印度洋	1049	41
yinduzhengfu	印度政府	131	49
yinduzhina	印度支那	136	49
yinei	以内	1074	41
yiner	因而	6235	34
yinershi	因而是	139	49
yinfa	引发	1697	39
yinfa	印发	190	48
yinfeng	阴风	106	50
yinfu	隐伏	139	49
yinfu	淫妇	134	49
yinfu	音符	107	50
yingbang	英镑	232	47
yingbi	影壁	323	46
yingbi	硬币	185	48
yingbian	应变	455	44
yingbin	迎宾	438	45
yingcai	英才	510	44
yingchao	英超	407	45
yingcheng	应城	550	44
yingcheng	应承	139	49
yingchengshi	应城市	261	47
yingchi	英尺	206	48
yingchou	应酬	316	46
yingchun	迎春	216	47
yingcong	应从	144	49
yingcun	英寸	336	46
yingda	应答	179	48
yingdang	应当	6476	34
yingde	赢得	1216	40
yingde	应得	207	48
yingdi	营地	593	43
yingdu	硬度	451	44
yingdui	应对	184	48
yinger	婴儿	1604	39
yingfang	营房	185	48
yingfeng	迎风	222	47
yingfu	应付	1288	40
yinggai	应该	21067	29
yinggelan	英格兰	821	42
yingguang	荧光	365	45
yingguo	英国	14049	31
yingguohaijun	英国海军	193	48
yingguoren	英国人	770	42
yingguoyihui	英国议会	338	46
yingguozhengfu	英国政府	228	47
yingguyu	硬骨鱼	103	50
yinghai	婴孩	103	50
yinghe	迎合	225	47
yinghua	硬化	229	47
yinghua	樱花	178	48
yinghuochong	萤火虫	109	50
yingji	应急	605	43
yingji	迎击	117	50
yingjian	硬件	824	42
yingjian	营建	776	42
yingjie	迎接	2388	38
yingjie	应届	694	43
yingjili	英吉利	106	50
yingjiu	营救	558	44
yingjun	英军	666	43
yingjun	英俊	441	44
yingkao	应考	202	48
yingkou	营口	112	50
yinglai	迎来	748	42
yinglang	硬朗	104	50
yinglei	营垒	138	49
yingli	盈利	896	42
yingli	应力	516	44
yingli	赢利	213	47
yingli	英里	122	50
yinglianbang	英联邦	217	47
yinglie	英烈	103	50
yingmei	英美	297	46
yingmian	迎面	607	43
yingming	英明	237	47
yingming	英名	122	50
yingmu	英亩	293	46
yingpan	硬盘	354	45
yingpian	影片	2519	38
yingpin	应聘	868	42
yingpinzhe	应聘者	517	44
yingqu	迎娶	342	46
yingqu	营区	131	49
yingshan	英山	268	46
yingshanxian	英山县	265	47
yingshe	影射	205	48
yingshe	映射	168	48
yingsheng	应声	340	46
yingsheng	营生	225	47
yingshi	应试	480	44
yingshi	硬是	454	44
yingshi	萤石	427	45
yingshi	影视	394	45
yingshizhe	应试者	107	50
yingshou	应收	101	50
yingsu	罂粟	187	48
yingtan	影坛	109	50
yingtao	樱桃	353	45
yingteer	英特尔	661	43
yingtian	应天	127	49
yingtou	迎头	102	50
yingu	因故	367	45
yinguang	银光	132	49
yinguo	因果	268	46
yingwei	应为	377	45
yingwen	英文	2343	38
yingwu	鹦鹉	177	48
yingxiang	影响	24144	28
yingxiang	影像	335	46
yingxiangli	影响力	651	43
yingxiao	营销	1424	40
yingxiao	迎晓	128	49
yingxing	硬性	117	50
yingxiong	英雄	5354	34
yingxionghaohan	英雄好汉	289	46
yingxionghaojie	英雄豪杰	197	48
yingxuan	应选	299	46
yingyang	营养	4114	36
yingyangsu	营养素	184	48
yingyao	应邀	364	45
yingye	营业	1214	40
yingyebu	营业部	225	47
yingyee	营业额	161	49
yingyeyuan	营业员	144	49
yingyezhizhao	营业执照	165	48
yingyin	影印	120	50
yingying	盈盈	1197	40
yingyong	应用	8796	33
yingyong	英勇	1435	40
yingyongruanjian	应用软件	124	50
yingyou	应有	1159	41
yingyouer	婴幼儿	147	49
yingyoujinyou	应有尽有	113	50
yingyu	英语	4236	35
yingyu	盈余	164	48
yingyuan	影院	109	50
yingyun	营运	223	47
yingyun	应允	142	49
yingyunersheng	应运而生	194	48
yingzao	营造	1379	40
yingzhai	营寨	205	48
yingzhan	迎战	417	45
yingzhan	应战	158	49
yingzhang	营长	678	43
yingzhang	营帐	180	48
yingzhao	映照	205	48
yingzhao	鹰爪	135	49
yingzheng	应征	140	49
yingzhetoupi	硬着头皮	242	47
yingzhou	郢州	271	46
yingzi	影子	1061	41
yingzi	英子	129	49
yingzong	影踪	173	48
yingzong	英宗	132	49
yinhai	银海	258	47
yinhaiguang	殷海光	258	47
yinhan	隐含	180	48
yinhang	银行	7684	33
yinhangjia	银行家	233	47
yinhangka	银行卡	216	47
yinhangquan	银行券	387	45
yinhangye	银行业	192	48
yinhanning	尹汉宁	256	47
yinhe	银河	346	45
yinhexi	银河系	298	46
yinhuan	隐患	502	44
yinian	一年	7966	33
yinian	翌年	839	42
yinian	亿年	298	46
yinian	意念	102	50
yiniang	姨娘	129	49
yiniansheng	一年生	153	49
yiniansiji	一年四季	143	49
yinianyidu	一年一度	182	48
yinji	印记	276	46
yinji	阴极	150	49
yinjia	印加	122	50
yinjian	引见	265	47
yinjian	阴间	111	50
yinjiang	银奖	304	46
yinjiang	银匠	139	49
yinjiazhou	殷家洲	512	44
yinjie	音节	389	45
yinjie	音阶	116	50
yinjifu	尹吉甫	275	46
yinjin	引进	2375	38
yinjing	阴茎	252	47
yinjiu	饮酒	922	42
yinjizhen	尹集镇	256	47
yinju	隐居	712	43
yinkexi	尹克西	389	45
yinlai	引来	318	46
yinleng	阴冷	144	49
yinli	引力	420	45
yinli	阴历	125	50
yinliang	银两	405	45
yinliao	饮料	888	42
yinlihua	阴丽华	122	50
yinling	引领	525	44
yinliting	殷梨亭	300	46
yinlu	引路	207	48
yinlv	音律	171	48
yinman	隐瞒	667	43
yinmei	隐没	125	50
yinmi	隐秘	333	46
yinmou	阴谋	1404	40
yinmouguiji	阴谋诡计	107	50
yinmu	银幕	164	48
yinni	印尼	1000	41
yinni	隐匿	160	49
yinnidui	印尼队	118	50
yinouyu	印欧语	240	47
yinpai	银牌	201	48
yinpiao	银票	287	46
yinpin	音频	131	49
yinqi	引起	12074	31
yinqi	阴气	105	50
yinqian	银钱	195	48
yinqiao	引桥	431	45
yinqin	殷勤	332	46
yinqing	引擎	160	49
yinqisen	阴气森	143	49
yinran	印染	100	50
yinren	隐忍	120	50
yinrenrusheng	引人入胜	106	50
yinrenzhumu	引人注目	658	43
yinru	引入	1111	41
yinse	银色	185	48
yinse	音色	164	48
yinsen	阴森	138	49
yinsensen	阴森森	105	50
yinshan	阴山	155	49
yinshang	殷商	124	50
yinshen	隐身	395	45
yinshen	引申	194	48
yinshi	饮食	1742	39
yinshi	吟诗	133	49
yinshi	隐士	104	50
yinshu	引述	101	50
yinshua	印刷	1232	40
yinshuashu	印刷术	118	50
yinshui	引水	258	47
yinshui	饮水	162	48
yinsi	隐私	363	45
yinsu	因素	7420	33
yinsusu	殷素素	536	44
yintewang	因特网	292	46
yintianzheng	殷天正	164	48
yintui	隐退	162	48
yinuzhixia	一怒之下	104	50
yinwei	因为	35698	27
yinxian	阴险	145	49
yinxiang	印象	2079	38
yinxiang	音响	285	46
yinxiang	音像	269	46
yinxiang	引向	215	47
yinxiangzhuyi	印象主义	150	49
yinxin	引信	331	46
yinxing	银杏	447	44
yinxing	隐形	440	44
yinxing	阴性	166	48
yinxing	隐性	121	50
yinxingyanjing	隐形眼镜	138	49
yinxu	殷墟	194	48
yinxu	阴虚	110	50
yinxun	音讯	126	49
yinyan	饮宴	212	47
yinyang	阴阳	1232	40
yinyi	音译	247	47
yinyin	隐隐	1144	41
yinying	阴影	838	42
yinyinyueyue	隐隐约约	239	47
yinyong	引用	3264	36
yinyong	饮用	369	45
yinyongshui	饮用水	105	50
yinyou	引诱	275	46
yinyou	印有	106	50
yinyou	隐忧	105	50
yinyu	银鱼	2886	37
yinyu	饮誉	278	46
yinyu	音域	116	50
yinyu	阴雨	107	50
yinyuan	银元	295	46
yinyuan	姻缘	133	49
yinyuan	因缘	110	50
yinyue	音乐	6216	34
yinyue	隐约	360	45
yinyuehui	音乐会	465	44
yinyuejia	音乐家	238	47
yinyuetang	音乐堂	1154	41
yinyueting	音乐厅	294	46
yinyuexueyuan	音乐学院	463	44
yinyulianmian	阴雨连绵	144	49
yinyun	音韵	132	49
yinyun	阴云	112	50
yinzhang	印章	227	47
yinzhe	引着	274	46
yinzhen	银针	341	46
yinzheng	印证	272	46
yinzhengmao	殷正茂	302	46
yinzhi	引致	179	48
yinzhi	印制	165	48
yinzhiping	尹志平	367	45
yinzhong	引种	150	49
yinzi	银子	3704	36
yinzi	因子	485	44
yipai	一派	1318	40
yipai	一排	570	43
yipan	一盘	392	45
yipang	一旁	1005	41
yipen	一盆	259	47
yipi	一批	4476	35
yipi	一匹	896	42
yipian	一片	6931	33
yipian	一篇	1152	41
yipianpian	一片片	122	50
yipiao	一票	120	50
yipie	一瞥	416	45
yipin	一品	827	42
yiping	一瓶	326	46
yipinhong	一品红	136	49
yiqi	一起	15976	30
yiqi	一齐	2769	37
yiqi	仪器	1429	40
yiqi	一期	641	43
yiqi	义气	375	45
yiqi	遗弃	221	47
yiqi	以期	194	48
yiqi	一气	127	49
yiqi	意气	101	50
yiqian	以前	9343	32
yiqian	一千	499	44
yiqianduo	一千多	101	50
yiqianduonian	一千多年	176	48
yiqiang	一枪	467	44
yiqiang	一腔	122	50
yiqianliang	一千两	145	49
yiqianwashi	亿千瓦时	283	46
yiqiaobutong	一窍不通	128	49
yiqie	一切	16361	30
yiqieqin	益切钦	128	49
yiqing	疫情	204	48
yiqingerchu	一清二楚	321	46
yiqiu	以求	665	43
yiqu	一曲	359	45
yiqu	易趣	145	49
yiquan	一拳	843	42
yiquan	一圈	806	42
yiqun	一群	2037	38
yiran	依然	3628	36
yiran	已然	1440	40
yiran	毅然	466	44
yiran	亦然	104	50
yiren	艺人	493	44
yiren	宜人	236	47
yiren	一任	188	48
yirenweiben	以人为本	173	48
yiri	一日	2277	38
yiriyou	一日游	109	50
yiriyuan	亿日元	172	48
yirong	易溶	146	49
yiru	一如	336	46
yirufanzhang	易如反掌	106	50
yirujiwang	一如既往	209	47
yise	一色	183	48
yiselie	以色列	2041	38
yishan	衣衫	890	42
yishan	一扇	262	47
yishanbangshui	依山傍水	304	46
yishang	以上	24969	28
yishang	衣裳	635	43
yishen	一身	2291	38
yisheng	一声	16017	30
yisheng	医生	4263	35
yisheng	一生	3488	36
yishengbukeng	一声不吭	215	47
yishengbuxiang	一声不响	181	48
yishenglingxia	一声令下	146	49
yishengsheng	一声声	101	50
yishengyishi	一生一世	149	49
yishi	一时	5389	34
yishi	意识	4907	35
yishi	仪式	3429	36
yishi	议事	1840	39
yishi	一事	893	42
yishi	一世	770	42
yishi	以示	760	42
yishi	医师	629	43
yishi	衣食	364	45
yishi	义士	191	48
yishi	伊始	145	49
yishi	役使	130	49
yishi	衣饰	109	50
yishihui	议事会	245	47
yishijian	一时间	469	44
yishiqi	一时期	702	43
yishiricheng	议事日程	109	50
yishisanke	一时三刻	118	50
yishitongren	一视同仁	125	50
yishixingtai	意识形态	497	44
yishou	一手	1665	39
yishou	一首	825	42
yishu	艺术	13626	31
yishu	一束	496	44
yishu	遗书	360	45
yishu	医术	170	48
yishuang	一双	1760	39
yishujia	艺术家	1025	41
yishujie	艺术节	273	46
yishulei	艺术类	335	46
yishun	一瞬	232	47
yishunjian	一瞬间	219	47
yishupin	艺术品	361	45
yishutuan	艺术团	155	49
yishuxing	艺术性	140	49
yisi	意思	6089	34
yisi	一丝	1186	41
yisibugou	一丝不苟	112	50
yisilan	伊斯兰	686	43
yisilanjiao	伊斯兰教	1877	39
yisong	移送	172	48
yisou	一艘	857	42
yisuan	乙酸	122	50
yisui	一岁	136	49
yisuo	一所	806	42
yitahutu	一塌糊涂	107	50
yitai	一台	591	43
yitai	以太	151	49
yitaitai	姨太太	352	45
yitan	一摊	184	48
yitang	一趟	1001	41
yitang	饴糖	272	46
yitang	一堂	113	50
yitao	一套	2837	37
yitengbowen	伊藤博文	203	48
yiti	一体	1526	40
yiti	遗体	583	43
yiti	议题	523	44
yitian	一天	8470	33
yitiandaowan	一天到晚	297	46
yitianjian	倚天剑	134	49
yitiantian	一天天	183	48
yitiao	一条	10251	32
yitihua	一体化	1178	41
yitong	一同	1031	41
yitong	一通	396	45
yitong	异同	237	47
yitong	一统	208	47
yitong	一桶	152	49
yitou	一头	1916	39
yitu	意图	873	42
yitu	以图	150	49
yituan	一团	1135	41
yituan	疑团	138	49
yituo	依托	629	43
yiwai	以外	3436	36
yiwai	意外	2197	38
yiwan	一碗	1097	41
yiwan	一万	442	44
yiwan	亿万	389	45
yiwan	伊万	241	47
yiwang	以往	1951	39
yiwang	遗忘	320	46
yiwangdajin	一网打尽	103	50
yiwanliang	一万两	124	50
yiwannuofu	伊万诺夫	147	49
yiwei	一位	9387	32
yiwei	以为	6133	34
yiwei	一味	762	42
yiwei	意味	566	43
yiwei	移位	112	50
yiwei	依偎	107	50
yiweishenchang	意味深长	157	49
yiweizhe	意味着	2304	38
yiwen	疑问	881	42
yiwen	一文	471	44
yiwen	译文	207	48
yiwen	艺文	135	49
yiwen	轶闻	103	50
yiwofeng	一窝蜂	114	50
yiwokan	依我看	140	49
yiwu	义务	2059	38
yiwu	遗物	353	45
yiwu	医务	331	46
yiwu	衣物	314	46
yiwu	异物	191	48
yiwu	贻误	143	49
yiwufangu	义无反顾	109	50
yiwujiaoyu	义务教育	726	42
yiwuren	义务人	205	48
yiwusuoyou	一无所有	158	49
yiwusuozhi	一无所知	218	47
yiwuyishi	一五一十	127	49
yixi	以西	923	42
yixi	依稀	320	46
yixi	乙烯	300	46
yixi	一席	219	47
yixi	议席	103	50
yixia	一下	13924	31
yixia	以下	7611	33
yixian	一线	1398	40
yixiang	一项	2874	37
yixiang	一向	1487	40
yixiang	一响	746	42
yixiang	意向	372	45
yixiang	意象	115	50
yixiangbudao	意想不到	415	45
yixianzhong	易贤忠	258	47
yixiao	一小	1343	40
yixiazi	一下子	2333	38
yixie	一些	33468	27
yixieze	一些则	132	49
yixihua	一席话	150	49
yixikejian	依稀可见	158	49
yixilie	一系列	4786	35
yixin	一心	863	42
yixin	疑心	747	42
yixin	一新	597	43
yixing	一行	1619	39
yixing	宜兴	413	45
yixing	异性	326	46
yixing	异姓	157	49
yixinyiyi	一心一意	231	47
yixiong	义兄	127	49
yixiu	衣袖	612	43
yixizhidi	一席之地	107	50
yixue	医学	3433	36
yixuejia	医学家	104	50
yixueyuan	医学院	443	44
yiyan	一眼	5692	34
yiyan	遗言	192	48
yiyanbufa	一言不发	425	45
yiyang	一样	22569	29
yiyang	意杨	512	44
yiyang	异样	311	46
yiyanghuatan	一氧化碳	191	48
yiyao	医药	3417	36
yiye	一页	3791	36
yiye	一夜	1662	39
yiye	一叶	146	49
yiyejian	一夜间	297	46
yiyesheng	肄业生	257	47
yiyi	意义	8729	33
yiyi	一一	1670	39
yiyi	异议	462	44
yiyi	熠熠	310	46
yiyi	依依	111	50
yiyidailao	以逸待劳	110	50
yiying	一应	372	45
yiyingjuquan	一应俱全	100	50
yiyong	医用	168	48
yiyongershang	一拥而上	295	46
yiyongjun	义勇军	338	46
yiyou	已有	3798	36
yiyu	易于	1015	41
yiyu	一隅	663	43
yiyu	意欲	347	45
yiyu	抑郁	305	46
yiyu	宜于	178	48
yiyuan	亿元	15600	30
yiyuan	医院	7376	33
yiyuan	议员	1333	40
yiyuan	意愿	654	43
yiyuan	一员	630	43
yiyuan	一元	168	48
yiyuan	译员	164	48
yiyuanzhi	一院制	847	42
yiyue	一月	623	43
yiyue	怡悦	274	46
yiyueerqi	一跃而起	197	48
yiyuefen	一月份	276	46
yiyuzheng	抑郁症	126	49
yizai	一再	1140	41
yizai	意在	355	45
yizao	一早	785	42
yizao	一遭	403	45
yize	一则	851	42
yizhan	一战	642	43
yizhan	一盏	460	44
yizhan	一站	303	46
yizhan	驿站	271	46
yizhan	翼展	150	49
yizhang	一张	5665	34
yizhang	仪仗	859	42
yizhang	议长	376	45
yizhang	一丈	298	46
yizhang	一章	279	46
yizhang	依仗	179	48
yizhao	依照	3359	36
yizhao	一招	2780	37
yizhao	一朝	196	48
yizhao	遗诏	164	48
yizhe	一着	331	46
yizhe	译者	112	50
yizhen	一阵	7671	33
yizhen	一针	110	50
yizhenfeng	一阵风	194	48
yizheng	议政	285	46
yizhengtao	一整套	234	47
yizhengtian	一整天	134	49
yizhenzhen	一阵阵	410	45
yizhenzi	一阵子	437	45
yizhi	一直	18596	30
yizhi	一只	6814	34
yizhi	遗址	5882	34
yizhi	一致	5406	34
yizhi	一支	3837	36
yizhi	意志	2040	38
yizhi	抑制	1745	39
yizhi	以致	1580	39
yizhi	以至	1497	40
yizhi	已知	1228	40
yizhi	移植	999	41
yizhi	一枝	605	43
yizhi	意旨	426	45
yizhi	医治	370	45
yizhi	一纸	237	47
yizhi	懿旨	126	49
yizhiji	抑制剂	101	50
yizhixing	一致性	140	49
yizhiyu	以至于	747	42
yizhong	一种	31355	27
yizhong	一中	5590	34
yizhong	倚重	148	49
yizhongquanhui	一中全会	227	47
yizhou	一周	993	41
yizhou	益州	168	48
yizhounian	一周年	320	46
yizhu	一株	743	42
yizhu	遗嘱	330	46
yizhu	亿株	257	47
yizhuang	一桩	328	46
yizhuo	衣着	323	46
yizhuo	一桌	270	46
yizi	椅子	1509	40
yizipaikai	一字排开	176	48
yizu	一组	735	42
yizu	彝族	734	42
yizu	异族	152	49
yizun	一尊	209	47
yizuo	一座	6401	34
yongan	永安	645	43
yongbao	拥抱	377	45
yongbi	用笔	157	49
yongbing	用兵	405	45
yongbu	永不	681	43
yongbu	用布	241	47
yongbuzhe	用不着	746	42
yongcai	用材	123	50
yongcailin	用材林	332	46
yongcan	用餐	167	48
yongchu	涌出	461	44
yongchu	用处	150	49
yongdai	拥戴	419	45
yongdao	用到	334	46
yongdao	甬道	233	47
yongdi	用地	329	46
yongdian	用电	200	48
yongdianliang	用电量	286	46
yongdinghe	永定河	114	50
yongdong	涌动	196	48
yongfa	用法	197	48
yongfu	永福	278	46
yonggan	勇敢	1436	40
yonggong	佣工	298	46
yonggong	用功	292	46
yonggong	用工	117	50
yonggu	永固	294	46
yonghe	永和	317	46
yongheng	永恒	424	45
yonghu	用户	7103	33
yonghu	拥护	992	41
yongji	拥挤	549	44
yongjia	永嘉	116	50
yongjin	佣金	127	49
yongjin	用尽	110	50
yongjiu	永久	586	43
yongjiuxing	永久性	263	47
yongju	用具	262	47
yonglai	用来	3037	37
yongle	永乐	3114	37
yongli	用力	1664	39
yongliang	用量	197	48
yongmeng	勇猛	412	45
yongpin	用品	825	42
yongping	永平	144	49
yongqi	勇气	1537	39
yongqi	涌起	118	50
yongqian	用钱	126	49
yongren	用人	1480	40
yongren	佣人	165	48
yongru	拥入	293	46
yongru	涌入	260	47
yongshan	用膳	104	50
yongshi	勇士	613	43
yongshui	用水	542	44
yongsu	庸俗	514	44
yongtu	用途	1375	40
yongxian	涌现	1514	40
yongxin	用心	802	42
yongxin	永新	278	46
yongxue	用血	176	48
yongyao	用药	660	43
yongyi	用以	1389	40
yongyi	用意	553	44
yongyou	拥有	8523	33
yongyou	用油	301	46
yongyu	用于	8181	33
yongyu	勇于	366	45
yongyu	用语	213	47
yongyuan	永远	4554	35
yongyue	踊跃	252	47
yongzheng	雍正	616	43
yongzhong	甬钟	135	49
yongzhong	臃肿	105	50
yongzuo	用作	1534	39
youai	友爱	203	48
youan	右岸	181	48
youan	幽暗	114	50
youbawo	有把握	128	49
youbi	右臂	559	44
youbian	右边	672	43
youbian	邮编	377	45
youbian	有变	162	48
youbie	有别	309	46
youbieyu	有别于	154	49
youbobei	尤伯杯	420	45
youbude	由不得	131	49
youbuzhou	有步骤	191	48
youcai	油菜	286	46
youcaizi	油菜籽	160	49
youce	右侧	622	43
youcha	油茶	434	45
youchanzhe	有产者	121	50
youcheng	又称	7008	33
youchengxiang	右丞相	151	49
youchong	幼虫	787	42
youchou	忧愁	208	47
youchuan	游船	154	49
youci	由此	3692	36
youcikejian	由此可见	373	45
youdai	有待	481	44
youdai	优待	225	47
youdang	游荡	299	46
youdao	诱导	303	46
youdeng	油灯	247	47
youdeshi	有的是	803	42
youdian	有点	3706	36
youdian	优点	1302	40
youdian	邮电	514	44
youdianer	有点儿	481	44
youdifangshi	有的放矢	101	50
youdong	游动	213	47
youdu	有毒	535	44
youer	幼儿	263	47
youer	诱饵	115	50
youerjie	尤二姐	102	50
youeryuan	幼儿园	405	45
youfa	诱发	391	45
youfang	有方	119	50
yougong	有功	448	44
yougong	油工	129	49
youguan	有关	20573	29
youguo	油锅	136	49
youguoyoumin	忧国忧民	171	48
youhai	有害	1047	41
youhao	友好	2568	37
youhei	黝黑	157	49
youhou	优厚	129	49
youhua	优化	952	41
youhua	油画	671	43
youhuan	忧患	159	49
youhui	优惠	1166	41
youhuo	诱惑	601	43
youji	有机	2352	38
youji	游击	377	45
youji	游记	370	45
youji	邮寄	105	50
youjia	油价	328	46
youjia	有加	230	47
youjia	有假	120	50
youjian	邮件	436	45
youjiao	右脚	221	47
youjiazhengquan	有价证券	178	48
youjidui	游击队	822	42
youjie	游街	216	47
youjihuaxue	有机化学	133	49
youjing	幽静	144	49
youjingyouxi	又惊又喜	411	45
youjiti	有机体	102	50
youjiu	悠久	2461	38
youjiu	有救	115	50
youjiwu	有机物	297	46
youjizhan	游击战	265	47
youjizhanzheng	游击战争	440	44
youjizhi	有机质	178	48
youju	邮局	199	48
youke	游客	4650	35
youkeyuan	邮科院	256	47
youkong	有空	144	49
youkuang	铀矿	166	48
youlai	由来	188	48
youlaiyijiu	由来已久	116	50
youlaiyu	有赖于	241	47
youlan	游览	873	42
youle	游乐	129	49
youli	有力	2579	37
youli	有利	2291	38
youli	有理	457	44
youli	游离	440	44
youli	游历	269	46
youliang	优良	3378	36
youliao	油料	1039	41
youlie	优劣	403	45
youliketu	有利可图	100	50
youling	幽灵	332	46
youliyu	有利于	3074	37
youlu	右路	154	49
youlun	油轮	117	50
youlun	邮轮	104	50
youlv	忧虑	739	42
youmei	优美	1075	41
youmeiyou	有没有	2360	38
youmeng	优孟	257	47
youmiao	幼苗	112	50
youming	又名	2093	38
youming	有名	1255	40
youmo	幽默	614	43
youmogan	幽默感	129	49
youmu	游牧	682	43
youmumin	游牧民	132	49
youni	油腻	112	50
younian	幼年	494	44
younv	幼女	132	49
yououchi	由藕池	256	47
youpai	右派	796	42
youpian	诱骗	103	50
youpiao	邮票	349	45
youqi	尤其	7135	33
youqi	油漆	510	44
youqi	油气	301	46
youqian	有钱	581	43
youqianyoushi	有钱有势	301	46
youqing	右倾	655	43
youqing	友情	218	47
youqing	有情	199	48
youqituxing	有期徒刑	233	47
youqiwuli	有气无力	103	50
youqu	有趣	1471	40
youquan	有权	2343	38
youran	悠然	124	50
youranersheng	油然而生	113	50
youren	有人	15007	30
youren	游人	508	44
youren	诱人	300	46
youren	友人	239	47
yourenyouyu	游刃有余	100	50
youru	犹如	1415	40
youru	有如	860	42
youse	有色	291	46
yousejinshu	有色金属	508	44
yousha	油砂	263	47
youshan	友善	170	48
youshang	有伤	209	47
youshang	忧伤	204	48
youshen	幽深	272	46
youshen	有神	112	50
yousheng	优胜	365	45
yousheng	有生	360	45
yousheng	有声	117	50
youshengliliang	有生力量	150	49
youshengyouse	有声有色	114	50
youshi	有时	6917	33
youshi	优势	5811	34
youshi	有事	458	44
youshi	有失	379	45
youshi	幼时	280	46
youshi	油饰	260	47
youshi	由是	124	50
youshihou	有时候	1236	40
youshiwukong	有恃无恐	121	50
youshiyilai	有史以来	292	46
youshizhishi	有识之士	109	50
youshou	右手	3450	36
youshu	有数	350	45
youshuangfeng	有双凤	128	49
youshui	游说	165	48
youshui	油水	122	50
yousi	游丝	114	50
yousun	有损	182	48
yousuo	有所	5013	35
yousuobutong	有所不同	533	44
yousuozuowei	有所作为	273	46
youtai	犹太	355	45
youtaijiao	犹太教	165	48
youtairen	犹太人	708	43
youtanzhi	游坦之	186	48
youti	幼体	173	48
youtian	油田	663	43
youtiao	油条	100	50
youtiaobuwen	有条不紊	145	49
youting	游艇	179	48
youtong	油桐	410	45
youtui	右腿	331	46
youwan	游玩	316	46
youwan	右腕	112	50
youwang	有望	802	42
youwei	尤为	856	42
youwei	有违	190	48
youwentusi	尤文图斯	140	49
youwu	有无	624	43
youwu	有误	226	47
youxi	游戏	2917	37
youxian	有限	2828	37
youxian	优先	1204	40
youxian	攸县	275	46
youxian	悠闲	221	47
youxian	有线	172	48
youxiandianshi	有线电视	124	50
youxiang	油箱	155	49
youxiang	幽香	109	50
youxiang	诱降	100	50
youxiangongsi	有限公司	6278	34
youxianzeren	有限责任	605	43
youxiao	有效	7151	33
youxiao	幼小	222	47
youxiaoqi	有效期	157	49
youxiaoshecheng	有效射程	114	50
youxiaoxing	有效性	232	47
youxie	有些	15584	30
youxiji	游戏机	301	46
youxin	有心	362	45
youxin	忧心	119	50
youxinchongchong	忧心忡忡	207	48
youxing	游行	3983	36
youxing	有幸	273	46
youxing	有形	168	48
youxing	有性	102	50
youxingshengzhi	有性生殖	149	49
youxiu	优秀	5256	35
youxu	有序	523	44
youya	优雅	425	45
youya	幽雅	113	50
youyan	右眼	116	50
youyang	悠扬	167	48
youyeyan	油页岩	117	50
youyi	友谊	1499	40
youyi	有益	1470	40
youyi	有意	1274	40
youyi	优异	533	44
youyi	右翼	474	44
youyi	游艺	174	48
youyi	犹疑	103	50
youyin	诱因	112	50
youyishi	有意识	270	46
youyisi	有意思	448	44
youyiwuyi	有意无意	137	49
youyiyu	有益于	530	44
youyong	游泳	964	41
youyong	有用	731	42
youyongchi	游泳池	161	49
youyou	悠悠	369	45
youyou	幽幽	283	46
youyu	由于	30181	28
youyu	犹豫	1190	41
youyu	有余	551	44
youyu	优于	532	44
youyu	鱿鱼	336	46
youyu	忧郁	310	46
youyuan	有缘	175	48
youyubujue	犹豫不决	137	49
youyue	优越	1073	41
youyuegan	优越感	116	50
youyuexing	优越性	252	47
youzha	油榨	256	47
youzha	油炸	160	49
youzhang	右掌	452	44
youzhang	悠长	100	50
youzhaoyiri	有朝一日	180	48
youzhe	有着	3345	36
youzheng	邮政	873	42
youzhengbianma	邮政编码	599	43
youzhi	优质	2525	38
youzhi	油脂	602	43
youzhi	幼稚	362	45
youzhi	有志	110	50
youzhiyu	有志于	160	49
youzhong	由衷	224	47
youzhong	有种	175	48
youzhong	优种	163	48
youzhou	幽州	261	47
youzhuyu	有助于	1286	40
youzi	游子	326	46
youzi	幼子	118	50
youzou	游走	129	49
youzui	有罪	349	45
yuan	预案	320	46
yuanan	远安	783	42
yuananxian	远安县	262	47
yuanbao	元宝	201	48
yuanben	原本	1923	39
yuanbing	援兵	187	48
yuanbo	渊博	164	48
yuancailiao	原材料	958	41
yuanchan	原产	276	46
yuanchao	元朝	1101	41
yuancheng	远程	989	41
yuanchengzhi	袁承志	2941	37
yuanchonghuan	袁崇焕	1082	41
yuanchu	远处	1580	39
yuanchuang	原创	214	47
yuanda	远大	101	50
yuandadu	元大都	1319	40
yuandai	元代	1470	40
yuandan	元旦	465	44
yuandatou	袁大头	140	49
yuandi	原地	479	44
yuandi	园地	125	50
yuanding	原定	402	45
yuanding	圆顶	109	50
yuandong	远东	525	44
yuandu	怨毒	123	50
yuane	员额	181	48
yuanfang	远方	378	45
yuanfaxing	原发性	124	50
yuanfei	远非	114	50
yuanfen	缘分	133	49
yuanfeng	元丰	100	50
yuangao	原告	412	45
yuangong	员工	3748	36
yuangongcheng	元宫城	128	49
yuangu	缘故	965	41
yuangu	远古	294	46
yuanguannan	袁冠南	160	49
yuanhang	远航	155	49
yuanhanmin	袁汉民	256	47
yuanhe	原核	107	50
yuanhen	怨恨	285	46
yuanhongdao	袁宏道	265	47
yuanhou	猿猴	118	50
yuanji	原籍	257	47
yuanji	圆寂	116	50
yuanjia	冤家	191	48
yuanjiacuoan	冤假错案	151	49
yuanjian	元件	363	45
yuanjian	原件	221	47
yuanjian	远见	174	48
yuanjin	远近	344	45
yuanjing	远景	170	48
yuanjuli	远距离	293	46
yuanjun	援军	252	47
yuanlai	原来	15084	30
yuanlairuci	原来如此	276	46
yuanlao	元老	451	44
yuanli	原理	3267	36
yuanli	远离	824	42
yuanli	院里	528	44
yuanli	园里	161	49
yuanliang	原谅	617	43
yuanliao	原料	4055	36
yuanlin	园林	1286	40
yuanlinshi	园林式	262	47
yuanliu	源流	163	48
yuanluo	院落	472	44
yuanman	圆满	824	42
yuanmei	原煤	104	50
yuanmen	院门	422	45
yuanmen	辕门	169	48
yuanming	原名	1278	40
yuanmingyuan	圆明园	168	48
yuannei	院内	629	43
yuannei	园内	220	47
yuannian	元年	4512	35
yuanpan	圆盘	169	48
yuanqi	元气	294	46
yuanqi	怨气	183	48
yuanqi	远期	108	50
yuanqiang	院墙	139	49
yuanqijian	元器件	110	50
yuanqiu	圆球	127	49
yuanqu	远去	406	45
yuanqu	园区	397	45
yuanqu	冤屈	105	50
yuanquan	源泉	454	44
yuanquan	圆圈	414	45
yuanrun	圆润	103	50
yuanshan	远山	111	50
yuanshanshan	袁姗姗	256	47
yuanshao	袁绍	306	46
yuansheng	原生	181	48
yuanshengdongwu	原生动物	108	50
yuanshi	原始	3432	36
yuanshi	院士	1642	39
yuanshikai	袁世凯	2727	37
yuanshishehui	原始社会	250	47
yuanshixiao	袁士霄	150	49
yuanshizhong	袁时中	344	45
yuanshizu	元世祖	454	44
yuanshou	元首	635	43
yuanshou	援手	114	50
yuanshuai	元帅	874	42
yuanshundi	元顺帝	104	50
yuansiyi	袁思怡	256	47
yuansu	元素	1914	39
yuantiao	远眺	281	46
yuantongxing	圆筒形	100	50
yuantou	源头	413	45
yuanwai	员外	194	48
yuanwailang	员外郎	122	50
yuanwang	愿望	1643	39
yuanwang	冤枉	570	43
yuanwei	原委	204	48
yuanwen	原文	331	46
yuanxian	原先	1083	41
yuanxianggong	袁相公	140	49
yuanxiao	院校	4170	35
yuanxiao	远销	684	43
yuanxiao	元宵	169	48
yuanxiaojie	元宵节	148	49
yuanxifan	袁锡藩	130	49
yuanxing	圆形	1003	41
yuanxing	原型	473	44
yuanxing	远行	151	49
yuanxingji	原型机	176	48
yuanxingpei	袁行霈	260	47
yuanyan	怨言	180	48
yuanyang	鸳鸯	740	42
yuanyang	远洋	352	45
yuanye	原野	249	47
yuanyi	愿意	5538	34
yuanyi	原意	265	47
yuanyi	园艺	171	48
yuanyichang	园艺场	606	43
yuanyin	原因	12682	31
yuanyin	援引	256	47
yuanyin	元音	176	48
yuanyou	原有	2285	38
yuanyou	原油	729	42
yuanyou	缘由	456	44
yuanyou	原由	178	48
yuanyu	源于	1149	41
yuanyuan	远远	3159	37
yuanyuan	圆圆	620	43
yuanyuan	渊源	509	44
yuanyuan	源源	104	50
yuanyuanbuduan	源源不断	222	47
yuanyuande	圆圆的	203	48
yuanyuandi	远远地	449	44
yuanyuanliuchang	源远流长	145	49
yuanze	原则	9541	32
yuanzeshang	原则上	359	45
yuanzhang	院长	6397	34
yuanzheng	远征	531	44
yuanzhengjun	远征军	158	49
yuanzhi	原址	309	46
yuanzhong	原种	3337	36
yuanzhong	院中	590	43
yuanzhong	园中	222	47
yuanzhongchang	原种场	1024	41
yuanzhoulv	圆周率	122	50
yuanzhu	援助	1566	39
yuanzhu	圆柱	667	43
yuanzhui	圆锥	120	50
yuanzhuihuaxu	圆锥花序	112	50
yuanzhuixing	圆锥形	376	45
yuanzhuxing	圆柱形	166	48
yuanzi	原子	2306	38
yuanzi	院子	2269	38
yuanzi	园子	423	45
yuanzi	源自	238	47
yuanzidan	原子弹	509	44
yuanzihe	原子核	478	44
yuanziliang	原子量	244	47
yuanzineng	原子能	303	46
yuanzixushu	原子序数	119	50
yuanziyi	袁紫衣	416	45
yuanzongdao	袁宗道	258	47
yuanzongdi	袁宗第	301	46
yuanzonggao	袁宗皋	512	44
yuanzu	远祖	165	48
yuanzuo	原作	101	50
yubao	预报	700	43
yubei	预备	913	42
yubeidui	预备队	212	47
yubeiyi	预备役	350	45
yuboya	俞伯牙	513	44
yubu	余部	219	47
yubulang	于步廊	128	49
yucai	育才	566	43
yucanghai	余沧海	107	50
yuce	预测	2013	38
yuchang	渔场	487	44
yuchang	浴场	118	50
yuchangjiang	于长江	339	46
yuchengbang	于城邦	322	46
yuchi	鱼池	549	44
yuchi	鱼翅	312	46
yuchu	余处	324	46
yuchuan	渔船	267	46
yuchun	愚蠢	543	44
yuci	遇刺	132	49
yuci	余次	100	50
yucitongshi	与此同时	2287	38
yucun	渔村	155	49
yudai	玉带	253	47
yudao	遇到	5143	35
yudao	御道	1222	40
yudayou	俞大猷	177	48
yudi	余地	697	43
yudi	玉帝	181	48
yudian	雨点	150	49
yudiao	语调	202	48
yuding	预定	1093	41
yuding	预订	507	44
yudong	豫东	144	49
yudu	鱼肚	2077	38
yue	余额	540	44
yuebing	阅兵	197	48
yuebing	月饼	123	50
yuebingshi	阅兵式	178	48
yuebuqun	岳不群	1140	41
yuechu	月初	504	44
yuechu	跃出	398	45
yuedan	约旦	303	46
yuedanhe	约旦河	130	49
yuedi	月底	533	44
yueding	约定	820	42
yuedong	越冬	250	47
yuedu	阅读	4979	35
yuedui	乐队	657	43
yueer	悦耳	156	49
yuefa	越发	897	42
yuefa	约法	147	49
yuefei	岳飞	680	43
yuefen	月份	1754	39
yuefu	岳父	530	44
yuefu	乐府	200	48
yuefuren	岳夫人	308	46
yueguang	月光	1003	41
yueguo	越国	588	43
yuehan	约翰	503	44
yuehanxun	约翰逊	252	47
yuehe	约合	186	48
yuehu	月湖	263	47
yuehua	月华	117	50
yuehui	约会	329	46
yueji	月季	234	47
yuejia	岳家	328	46
yuejia	越加	128	49
yuejin	跃进	128	49
yuejing	月经	742	42
yueju	跃居	135	49
yuejuan	阅卷	269	46
yuejun	月均	275	46
yuekan	月刊	263	47
yuelaiyue	越来越	7867	33
yuelanshi	阅览室	110	50
yueli	阅历	287	46
yueliang	月亮	1037	41
yuelve	约略	117	50
yuemo	约莫	296	46
yuemo	约摸	120	50
yuemu	岳母	242	47
yuenan	越南	1532	40
yueqi	乐器	1144	41
yueqi	跃起	725	42
yueqian	跃迁	176	48
yueqiu	月球	783	42
yuequ	乐曲	336	46
yuer	鱼儿	148	49
yuerlong	于二龙	307	46
yueru	跃入	214	47
yuese	月色	203	48
yuesefu	约瑟夫	144	49
yueshang	跃上	450	44
yueshi	越是	1539	39
yueshi	乐师	101	50
yueshu	约束	1132	41
yueshuli	约束力	138	49
yuetuan	乐团	203	48
yuewanggou	越王勾	263	47
yuewei	越位	117	50
yueweishan	岳维山	116	50
yuewu	乐舞	260	47
yuexin	月薪	491	44
yueye	越野	217	47
yueyueyushi	跃跃欲试	129	49
yuezhang	乐章	159	49
yufa	语法	735	42
yufa	愈发	399	45
yufang	预防	2016	38
yufei	与非	213	47
yufou	与否	456	44
yufu	预付	1200	40
yugan	预感	393	45
yugang	渔港	124	50
yuge	余个	150	49
yugongli	余公里	154	49
yuhai	遇害	118	50
yuhanchu	于汉初	257	47
yuhang	宇航	179	48
yuhangyuan	宇航员	289	46
yuhe	愈合	609	43
yuhou	预后	174	48
yuhua	鱼花	259	47
yuhuangjian	玉皇剑	256	47
yuhuayuan	御花园	110	50
yuhui	与会	944	41
yuhui	迂回	257	47
yuhuizhe	与会者	288	46
yuji	预计	2768	37
yuji	淤积	482	44
yuji	雨季	339	46
yujia	余家	653	43
yujia	御驾	637	43
yujia	愈加	354	45
yujia	瑜伽	175	48
yujiabei	喻家碑	256	47
yujian	遇见	729	42
yujian	预见	283	46
yujian	羽箭	144	49
yujin	于今	209	47
yujing	预警	768	42
yujing	语境	122	50
yujingji	预警机	265	47
yuju	语句	276	46
yuke	预科	135	49
yukuai	愉快	1193	41
yulai	雨来	166	48
yulaiyu	愈来愈	659	43
yulan	玉兰	229	47
yulan	预览	136	49
yule	娱乐	1664	39
yulecheng	娱乐城	100	50
yulei	鱼类	2987	37
yulei	鱼雷	1007	41
yuliang	雨量	260	47
yulianzhou	俞莲舟	376	45
yuliao	预料	579	43
yulie	渔猎	168	48
yulin	玉林	170	48
yulin	榆林	165	48
yulin	雨淋	148	49
yulin	鱼鳞	110	50
yulinjun	御林军	366	45
yulinxiang	喻林祥	256	47
yuliu	预留	168	48
yulong	玉龙	107	50
yulu	语录	164	48
yulun	舆论	1830	39
yumai	余脉	335	46
yumao	羽毛	442	44
yumaoqiu	羽毛球	446	44
yumaoshan	羽毛扇	264	47
yumei	愚昧	224	47
yumen	郁闷	467	44
yumi	玉米	1722	39
yumi	余米	259	47
yumiao	鱼苗	1839	39
yumiao	育苗	124	50
yumibang	玉米棒	259	47
yumin	渔民	614	43
yuming	域名	269	46
yuming	余名	157	49
yumu	余亩	263	47
yunan	遇难	215	47
yunban	云板	158	49
yuncai	云彩	137	49
yuncang	蕴藏	834	42
yuncangliang	蕴藏量	525	44
yunceng	云层	161	49
yunchen	匀称	198	48
yundao	运到	309	46
yundao	晕倒	245	47
yundong	运动	18435	30
yundongchang	运动场	105	50
yundonghui	运动会	440	44
yundongyuan	运动员	1690	39
yundongzhan	运动战	133	49
yunduo	云朵	355	45
yunfu	孕妇	498	44
yunfuyu	云拂羽	128	49
yunhan	蕴含	223	47
yunhe	运河	1170	41
yunhui	运回	126	49
yuni	淤泥	450	44
yunian	余年	466	44
yunie	余孽	168	48
yunji	云集	1092	41
yunli	运力	535	44
yunliang	运量	119	50
yunlv	韵律	296	46
yunmengxian	云梦县	262	47
yunmu	云母	563	44
yunnan	云南	3139	37
yunnansheng	云南省	504	44
yunniang	酝酿	467	44
yunpan	云盘	384	45
yunqi	运气	1059	41
yunqi	孕期	105	50
yunraolong	云绕龙	128	49
yunshan	云杉	128	49
yunshan	云山	117	50
yunshi	陨石	319	46
yunshu	运输	6308	34
yunshuji	运输机	614	43
yunshuliang	运输量	324	46
yunshuxian	运输线	307	46
yunshuye	运输业	126	49
yunsong	运送	653	43
yunsuan	运算	721	43
yunti	云梯	211	47
yuntou	云头	193	48
yunv	玉女	268	46
yunvxinjing	玉女心经	207	48
yunwang	运往	266	47
yunwei	韵味	144	49
yunwu	云雾	663	43
yunxian	郧县	270	46
yunxiao	运销	120	50
yunxing	运行	3393	36
yunxixian	郧西县	258	47
yunxu	允许	3247	36
yunxuan	晕眩	111	50
yunyang	郧阳	2191	38
yunying	运营	1039	41
yunyingshang	运营商	983	41
yunyong	运用	4112	36
yunyu	孕育	355	45
yunyun	云云	165	48
yunzai	运载	393	45
yunzaihuojian	运载火箭	266	47
yunzhong	云中	191	48
yunzhonghe	云中鹤	229	47
yunzhuan	运转	689	43
yunzuo	运作	1247	40
yupian	余篇	119	50
yupingfangmi	余平方米	265	47
yuqi	与其	2523	38
yuqi	预期	1656	39
yuqi	语气	951	41
yuqi	玉器	655	43
yuqi	逾期	119	50
yuquanlu	玉泉路	258	47
yuren	渔人	211	47
yurou	鱼肉	131	49
yusai	预赛	159	49
yushan	玉山	226	47
yushan	御膳	119	50
yushang	遇上	987	41
yushaoqun	余少群	256	47
yushen	预审	177	48
yusheng	语声	191	48
yushi	于是	13536	31
yushi	玉石	1322	40
yushi	御史	686	43
yushi	预示	333	46
yushi	遇事	239	47
yushi	浴室	154	49
yushi	余实	148	49
yushi	喻示	132	49
yushidafu	御史大夫	145	49
yushigejue	与世隔绝	148	49
yushijujin	与时俱进	120	50
yushitai	御史台	108	50
yushui	雨水	591	43
yushuyan	余叔岩	277	46
yusong	鱼松	259	47
yusuan	预算	4797	35
yusuo	寓所	100	50
yutan	羽坛	100	50
yutang	鱼塘	121	50
yutian	羽田	119	50
yutiansi	玉田寺	256	47
yutou	鱼头	310	46
yuwan	余万	547	44
yuwang	欲望	918	42
yuwang	渔网	321	46
yuwanyuan	余万元	312	46
yuwei	誉为	1557	39
yuwei	鱼尾	294	46
yuwen	语文	815	42
yuwentai	宇文泰	126	49
yuxi	语系	431	45
yuxi	豫西	174	48
yuxia	余下	562	44
yuxia	鱼虾	157	49
yuxia	余暇	129	49
yuxian	预先	850	42
yuxian	遇险	158	49
yuxiang	预想	147	49
yuxiaofan	俞小凡	256	47
yuxinan	豫西南	267	46
yuxuan	预选	154	49
yuxue	浴血	170	48
yuxugong	玉虚宫	514	44
yuxun	鱼汛	267	46
yuyan	语言	7647	33
yuyan	预言	644	43
yuyan	寓言	239	47
yuyanxue	语言学	284	46
yuyanyouzhi	欲言又止	123	50
yuyanyulie	愈演愈烈	208	47
yuyao	余姚	140	49
yuyaxian	于雅先	104	50
yuye	渔业	1898	39
yuyi	予以	2431	38
yuyi	寓意	297	46
yuyi	语义	150	49
yuyi	愈益	147	49
yuyi	语意	130	49
yuyi	羽翼	120	50
yuyi	雨衣	102	50
yuyin	语音	865	42
yuyin	玉音	486	44
yuyingli	预应力	102	50
yuyong	御用	136	49
yuyu	余鱼	141	49
yuyu	郁郁	127	49
yuyuan	鱼原	256	47
yuyue	愉悦	249	47
yuyue	逾越	175	48
yuyue	预约	143	49
yuzhao	预兆	112	50
yuzhengsheng	俞正声	266	47
yuzhenzi	玉真子	125	50
yuzhi	谕旨	233	47
yuzhi	御制	185	48
yuzhong	鱼种	1573	39
yuzhong	余种	1187	41
yuzhong	狱中	437	45
yuzhong	语种	277	46
yuzhong	育种	276	46
yuzhongbutong	与众不同	409	45
yuzhongxinchang	语重心长	103	50
yuzhou	宇宙	2312	38
yuzhoufeichuan	宇宙飞船	111	50
yuzhoukongjian	宇宙空间	110	50
yuzhouxian	宇宙线	110	50
yuzhuang	预装	113	50
yuzu	语族	729	42
yuzu	狱卒	159	49
yuzuo	余座	116	50
zacao	杂草	244	47
zacaocongsheng	杂草丛生	289	46
zahuo	杂货	112	50
zaibai	再拜	136	49
zaichang	在场	1089	41
zaichengzhen	在城镇	285	46
zaichuang	再创	318	46
zaici	再次	5293	35
zaidao	栽倒	111	50
zaidu	再度	1255	40
zaidu	在读	131	49
zaihai	灾害	817	42
zaihe	载荷	430	45
zaihu	在乎	302	46
zaihuang	灾荒	171	48
zaihuo	灾祸	176	48
zaijia	在家	1016	41
zaijian	在建	444	44
zaijian	再见	343	45
zaijiezaili	再接再厉	115	50
zaike	载客	108	50
zaimin	灾民	331	46
zainan	灾难	1027	41
zainei	在内	2328	38
zaipei	栽培	1205	40
zaiqi	再起	127	49
zaiqing	灾情	142	49
zaiqu	灾区	694	43
zairen	载人	282	46
zairu	载入	356	45
zaisan	再三	628	43
zaisha	宰杀	123	50
zaisheng	再生	633	43
zaishengchan	再生产	571	43
zaishengting	宰牲亭	259	47
zaishi	在世	140	49
zaishou	在手	503	44
zaishuo	再说	3065	37
zaiti	载体	474	44
zaiwai	在外	1157	41
zaiwei	在位	724	43
zaixian	在线	1082	41
zaixian	再现	501	44
zaixiang	宰相	935	41
zaixiao	在校	1213	40
zaixiaosheng	在校生	392	45
zaixing	再行	473	44
zaiye	再也	3990	36
zaiyi	在意	367	45
zaiyou	再有	745	42
zaiyou	载有	216	47
zaiyu	在于	5141	35
zaizao	再造	115	50
zaizhan	再战	134	49
zaizhe	再者	185	48
zaizhi	在职	621	43
zaizhi	栽植	147	49
zaizhong	载重	415	45
zaizhong	栽种	125	50
zaizhongliang	载重量	100	50
zaizuo	在座	406	45
zaji	杂技	234	47
zajia	咱家	211	47
zajiao	杂交	368	45
zaju	杂剧	388	45
zaju	杂居	103	50
zaliang	杂粮	112	50
zaluan	杂乱	181	48
zanbiya	赞比亚	195	48
zancheng	赞成	1162	41
zangfu	脏腑	376	45
zangli	葬礼	270	46
zangqi	脏器	223	47
zangshen	葬身	149	49
zangzu	藏族	1887	39
zanhuan	暂缓	139	49
zanlia	咱俩	528	44
zanmei	赞美	395	45
zanmen	咱们	14946	30
zanqie	暂且	517	44
zanshang	赞赏	581	43
zanshi	暂时	2763	37
zantan	赞叹	577	43
zanting	暂停	569	43
zantong	赞同	721	43
zanxing	暂行	307	46
zanxu	赞许	156	49
zanyang	赞扬	616	43
zanyu	赞誉	200	48
zanzhu	赞助	379	45
zaobao	早报	162	48
zaocan	早餐	371	45
zaochen	早晨	1296	40
zaocheng	造成	9428	32
zaochuan	造船	668	43
zaochuanchang	造船厂	210	47
zaochun	早春	133	49
zaodao	遭到	4679	35
zaodian	早点	371	45
zaofan	造反	1279	40
zaofan	早饭	359	45
zaofanpai	造反派	307	46
zaofeng	遭逢	226	47
zaofu	造福	240	47
zaogao	糟糕	755	42
zaohe	枣核	146	49
zaohua	造化	358	45
zaoji	遭际	108	50
zaojia	造价	445	44
zaojia	造假	182	48
zaojing	藻井	543	44
zaojiu	早就	3244	37
zaojiu	造就	803	42
zaolei	藻类	271	46
zaolin	造林	1069	41
zaonian	早年	1137	41
zaoqi	早期	3755	36
zaoqi	早起	194	48
zaori	早日	565	43
zaoshang	早上	1211	40
zaosheng	噪声	488	44
zaoshou	遭受	2212	38
zaoshu	早熟	121	50
zaoshu	枣树	121	50
zaota	糟蹋	222	47
zaotai	灶台	296	46
zaowan	早晚	617	43
zaoxian	早先	195	48
zaoxiang	造像	262	47
zaoxie	早些	303	46
zaoxing	造型	1501	40
zaoxue	造血	177	48
zaoyang	枣阳	281	46
zaoyang	遭殃	111	50
zaoyangshi	枣阳市	263	47
zaoyao	造谣	109	50
zaoyi	早已	5070	35
zaoyi	造诣	597	43
zaoyin	噪音	221	47
zaoying	造影	154	49
zaoyu	遭遇	1854	39
zaozao	早早	537	44
zaozhi	造纸	777	42
zaozhi	早知	489	44
zaozi	枣子	110	50
zawen	杂文	139	49
zawu	杂物	139	49
zayang	咋样	119	50
zayi	杂役	112	50
zazhi	杂志	2451	38
zazhi	杂质	424	45
zazhishe	杂志社	193	48
zazhong	杂种	438	45
zebei	责备	524	44
zecheng	责成	374	45
zefa	责罚	167	48
zeguai	责怪	219	47
zeiren	贼人	212	47
zeling	责令	227	47
zema	责骂	140	49
zenan	责难	218	47
zendi	怎地	1625	39
zengbu	增补	222	47
zengchan	增产	823	42
zengda	增大	1541	39
zengduo	增多	1798	39
zengfa	增发	405	45
zengfu	增幅	359	45
zenggao	增高	529	44
zenghen	憎恨	354	45
zengjia	增加	16195	30
zengjian	增减	220	47
zengjiazhi	增加值	1861	39
zengjin	增进	603	43
zengliang	增量	323	46
zengqiang	增强	4300	35
zengshe	增设	1408	40
zengsheng	增生	366	45
zengshou	增收	693	43
zengsong	赠送	461	44
zengsu	增速	412	45
zengtian	增添	1462	40
zengwu	憎恶	150	49
zengxuan	增选	125	50
zengya	增压	117	50
zengyuan	增援	390	45
zengzhang	增长	20465	29
zengzhangdian	增长点	198	48
zengzhanglv	增长率	935	41
zengzhi	增至	655	43
zengzhi	增殖	643	43
zengzhi	增值	590	43
zengzhishui	增值税	123	50
zengzi	增资	127	49
zenme	怎么	27339	28
zenmeban	怎么办	117	50
zenmeyang	怎么样	2332	38
zenmezhe	怎么着	216	47
zenyang	怎样	7294	33
zeou	择偶	121	50
zeren	责任	5946	34
zerengan	责任感	497	44
zerenren	责任人	193	48
zerenxin	责任心	150	49
zerenzhi	责任制	446	44
zewen	责问	107	50
zewupangdai	责无旁贷	190	48
zeye	择业	226	47
zeyou	择优	266	47
zeze	啧啧	110	50
zhaba	眨巴	127	49
zhacai	榨菜	544	44
zhadan	炸弹	1240	40
zhade	乍得	142	49
zhagen	扎根	160	49
zhahui	炸毁	295	46
zhaidiao	摘掉	103	50
zhaigong	斋宫	139	49
zhaijie	斋戒	207	48
zhaili	寨里	163	48
zhailu	摘录	108	50
zhaiquan	债券	649	43
zhaiquan	债权	371	45
zhaiquanren	债权人	244	47
zhaiwu	债务	1035	41
zhaiwuren	债务人	185	48
zhaiyao	摘要	558	44
zhaiyuan	宅院	106	50
zhaizhu	寨主	234	47
zhaizi	宅子	293	46
zhaizi	寨子	114	50
zhaizi	摘自	112	50
zhalan	栅栏	128	49
zhamen	闸门	213	47
zhanbai	战败	645	43
zhanbei	战备	510	44
zhanbu	占卜	216	47
zhanchang	战场	3566	36
zhanche	战车	906	42
zhanchi	展翅	139	49
zhanchu	展出	589	43
zhanchuan	战船	339	46
zhandao	栈道	155	49
zhandi	占地	1347	40
zhandi	战地	142	49
zhandian	站点	210	47
zhandingjietie	斩钉截铁	193	48
zhandou	战斗	6027	34
zhandoubu	战斗部	232	47
zhandouji	战斗机	2525	38
zhandouli	战斗力	1218	40
zhandu	粘度	109	50
zhanduan	斩断	213	47
zhanfa	战法	302	46
zhanfan	战犯	215	47
zhanfu	战俘	600	43
zhanfu	战斧	108	50
zhangai	障碍	2280	38
zhangailing	张爱玲	147	49
zhangaiwu	障碍物	168	48
zhangbei	长辈	414	45
zhangchanger	张昌尔	256	47
zhangchangping	张昌平	256	47
zhangchaotang	张朝唐	140	49
zhangcheng	章程	1318	40
zhangcheng	长成	227	47
zhangchengren	张成仁	140	49
zhangchuhong	章楚红	121	50
zhangchunqiao	张春桥	134	49
zhangcuishan	张翠山	915	42
zhangda	长大	1498	40
zhangda	张大	543	44
zhangdachengren	长大成人	103	50
zhangdalang	章大郎	173	48
zhangdi	长堤	298	46
zhangfa	掌法	450	44
zhangfa	章法	168	48
zhangfei	张飞	420	45
zhangfu	丈夫	4283	35
zhangfu	涨幅	954	41
zhanggu	掌故	112	50
zhangguan	长官	1270	40
zhangguan	掌管	1078	41
zhanggui	掌柜	394	45
zhangguide	掌柜的	205	48
zhangguihua	张桂华	256	47
zhangguodao	张国焘	351	45
zhangguodong	张国栋	133	49
zhangguoguang	张国光	258	47
zhangguoqing	张国庆	170	48
zhangguorong	张国荣	162	48
zhanghaili	张海丽	314	46
zhanghao	账号	103	50
zhangheng	张衡	109	50
zhanghu	账户	489	44
zhanghu	帐户	110	50
zhangjia	张家	378	45
zhangjia	涨价	251	47
zhangjiajie	张家界	193	48
zhangjiakou	张家口	303	46
zhangjiao	长脚	188	48
zhangjiawan	张家湾	284	46
zhangjie	章节	198	48
zhangjin	长进	136	49
zhangjiyu	张继禹	257	47
zhangjunbao	张君宝	219	47
zhangjuzheng	张居正	4564	35
zhangkai	张开	452	44
zhangkong	掌控	169	48
zhangkou	张口	361	45
zhanglao	长老	2251	38
zhangliang	丈量	206	48
zhanglimin	张利民	128	49
zhanglinggang	长岭岗	256	47
zhanglongjun	张龙俊	256	47
zhangluo	张罗	311	46
zhangluo	涨落	101	50
zhangman	长满	280	46
zhangmeilan	张美兰	256	47
zhangmen	掌门	918	42
zhangmenren	掌门人	755	42
zhangmingkai	张明楷	257	47
zhangmu	账目	209	47
zhangning	张宁	487	44
zhangong	战功	378	45
zhangpeigang	张培刚	256	47
zhangpeng	帐篷	740	42
zhangqian	张骞	111	50
zhangqiyue	章启月	224	47
zhangquan	掌权	145	49
zhangqun	长裙	102	50
zhangren	丈人	143	49
zhangrongrong	张蓉蓉	256	47
zhangrunbin	张润斌	256	47
zhangsanfeng	张三丰	436	45
zhangsanjiao	长三角	389	45
zhangshan	长山	319	46
zhangshang	掌上	268	46
zhangsheng	掌声	536	44
zhangshi	长史	142	49
zhangshicheng	张士诚	189	48
zhangshijian	长时间	119	50
zhangshuyuan	张舒媛	256	47
zhangsongxi	张松溪	163	48
zhangtie	张贴	401	45
zhangting	涨停	490	44
zhangu	战鼓	139	49
zhanguo	战国	2735	37
zhanguo	战果	358	45
zhanguoce	战国策	122	50
zhangwang	张望	249	47
zhangwanqu	张湾区	768	42
zhangwei	长尾	116	50
zhangweiguo	张维国	256	47
zhangwentian	张闻天	172	48
zhangwo	掌握	5342	35
zhangwuji	张无忌	1714	39
zhangxiang	长相	251	47
zhangxianzhong	张献忠	1012	41
zhangxiao	长效	152	49
zhangxin	掌心	380	45
zhangxinbao	张新宝	257	47
zhangxindian	长辛店	161	49
zhangxuedong	张学东	256	47
zhangxueliang	张学良	536	44
zhangyang	长阳	336	46
zhangyang	张扬	268	46
zhangye	张掖	165	48
zhangyesui	张业遂	256	47
zhangyi	仗义	183	48
zhangyilan	张义兰	125	50
zhangyimin	张义民	343	45
zhangyin	掌印	212	47
zhangyingcai	张英才	659	43
zhangyonghong	张永红	222	47
zhangyoucai	张佑才	256	47
zhangyouzhi	张有智	123	50
zhangyumao	张毓茂	257	47
zhangzhaozhong	张召重	649	43
zhangzhe	长者	193	48
zhangzhenshi	张振仕	256	47
zhangzhi	长治	103	50
zhangzhidong	张之洞	519	44
zhangzhihua	张智华	256	47
zhangzhijian	张志坚	257	47
zhangzhong	掌中	157	49
zhangzhou	漳州	206	48
zhangzi	长子	786	42
zhangzi	帐子	154	49
zhangzilie	张自烈	159	49
zhangzongchang	张宗昌	139	49
zhangzongqi	张宗琪	239	47
zhangzongxiang	章宗祥	533	44
zhangzui	张嘴	368	45
zhangzuolin	张作霖	373	45
zhanhou	战后	1252	40
zhanhui	展会	166	48
zhanhuo	战火	451	44
zhanji	战机	2128	38
zhanji	战绩	478	44
zhanjian	战舰	486	44
zhanjiang	战将	141	49
zhanjiang	湛江	141	49
zhanju	占据	1716	39
zhanju	战局	363	45
zhankai	展开	8163	33
zhankuang	战况	113	50
zhanlan	展览	1437	40
zhanlanguan	展览馆	155	49
zhanlanhui	展览会	236	47
zhanli	站立	943	41
zhanli	战栗	134	49
zhanlian	粘连	114	50
zhanliejian	战列舰	157	49
zhanling	占领	3365	36
zhanlingqu	占领区	141	49
zhanlipin	战利品	234	47
zhanluan	战乱	857	42
zhanlve	战略	10013	32
zhanlvexing	战略性	283	46
zhanma	战马	630	43
zhanman	沾满	123	50
zhanmo	粘膜	404	45
zhanmusi	詹姆斯	598	43
zhanpin	展品	165	48
zhanqian	战前	220	47
zhanqu	战区	969	41
zhanran	沾染	124	50
zhanshang	站上	116	50
zhanshangfeng	占上风	136	49
zhansheng	战胜	2342	38
zhanshengguo	战胜国	325	46
zhanshi	战士	3613	36
zhanshi	展示	2204	38
zhanshi	战事	550	44
zhanshi	战史	120	50
zhanshou	斩首	725	42
zhanshu	战术	2753	37
zhansi	战死	409	45
zhantai	站台	359	45
zhantai	展台	141	49
zhanting	展厅	105	50
zhanwang	展望	295	46
zhanwen	站稳	209	47
zhanxian	战线	1249	40
zhanxian	展现	863	42
zhanxin	崭新	520	44
zhanxing	粘性	237	47
zhanyang	瞻仰	625	43
zhanyi	战役	2785	37
zhanyong	占用	480	44
zhanyou	占有	2272	38
zhanyou	战友	996	41
zhanyoushi	占优势	339	46
zhanzhang	站长	778	42
zhanzhanjingjing	战战兢兢	231	47
zhanzhen	战阵	168	48
zhanzheng	战争	14823	30
zhanzhu	站住	625	43
zhanzhuan	辗转	374	45
zhaoan	招安	228	47
zhaoban	招办	469	44
zhaoban	照搬	171	48
zhaoban	照办	116	50
zhaobanshan	赵半山	379	45
zhaobiao	招标	430	45
zhaobingjun	赵秉钧	147	49
zhaochang	照常	183	48
zhaochu	找出	852	42
zhaodai	招待	454	44
zhaodaihui	招待会	918	42
zhaodaisuo	招待所	364	45
zhaodaming	赵大明	525	44
zhaodao	找到	7607	33
zhaofengchang	赵凤昌	112	50
zhaofu	招抚	171	48
zhaogong	招工	127	49
zhaogu	照顾	2157	38
zhaoguan	照管	110	50
zhaohongsheng	赵宏声	407	45
zhaohu	招呼	1653	39
zhaohuan	召唤	221	47
zhaohui	召回	499	44
zhaohui	找回	190	48
zhaohui	照会	107	50
zhaohun	招魂	100	50
zhaoji	召集	4032	36
zhaoji	着急	1068	41
zhaoji	招集	103	50
zhaojia	赵家	454	44
zhaojia	招架	407	45
zhaojian	召见	1151	41
zhaojiatiao	赵家条	256	47
zhaojiawan	赵家湾	256	47
zhaojike	赵寄客	592	43
zhaojiren	召集人	148	49
zhaojiu	照旧	253	47
zhaojun	昭君	340	46
zhaokai	召开	9138	32
zhaokan	照看	246	47
zhaokao	招考	187	48
zhaokeming	赵可铭	257	47
zhaokuangyin	赵匡胤	174	48
zhaolai	招来	263	47
zhaolan	招揽	122	50
zhaoli	照例	780	42
zhaoliang	照亮	264	47
zhaoliangsi	赵良嗣	134	49
zhaoliao	照料	547	44
zhaoling	诏令	717	43
zhaomian	照面	102	50
zhaoming	照明	632	43
zhaomingdan	照明弹	112	50
zhaomu	招募	352	45
zhaopai	招牌	293	46
zhaopian	照片	2305	38
zhaopin	招聘	3885	36
zhaopinhui	招聘会	556	44
zhaoqi	沼气	100	50
zhaoqiansun	赵钱孙	167	48
zhaore	招惹	172	48
zhaori	朝日	105	50
zhaoshang	招商	595	43
zhaoshangju	招商局	113	50
zhaoshangmen	找上门	159	49
zhaoshe	照射	689	43
zhaosheng	招生	5330	35
zhaoshengban	招生办	112	50
zhaoshi	招式	277	46
zhaoshi	昭示	117	50
zhaoshiyan	赵世炎	177	48
zhaoshou	招收	1078	41
zhaoshou	招手	406	45
zhaoshu	诏书	2309	38
zhaoshu	招数	999	41
zhaowa	爪哇	210	47
zhaoxi	朝夕	129	49
zhaoxia	朝霞	203	48
zhaoxian	招贤	166	48
zhaoxiang	照相	379	45
zhaoxiang	招降	176	48
zhaoxiangji	照相机	275	46
zhaoxiaoshuang	赵小双	114	50
zhaoxun	找寻	385	45
zhaoyang	朝阳	767	42
zhaoyang	照样	657	43
zhaoyao	照耀	503	44
zhaoyidi	赵一荻	233	47
zhaoying	照应	256	47
zhaoyiniang	赵姨娘	127	49
zhaoyongxian	赵用贤	118	50
zhaoyun	赵云	236	47
zhaoze	沼泽	1077	41
zhaozedi	沼泽地	225	47
zhaozhan	招展	105	50
zhaozhengzheng	赵争争	140	49
zhaozhi	招致	301	46
zhaozhijing	赵志敬	977	41
zhaozhongquan	赵钟泉	256	47
zhaoziyang	赵紫阳	158	49
zhapian	诈骗	201	48
zhaqu	榨取	152	49
zhashi	扎实	469	44
zhayan	眨眼	137	49
zhayao	炸药	634	43
zhayier	扎伊尔	259	47
zhaying	扎营	247	47
zhayou	榨油	206	48
zhazhashishi	扎扎实实	166	48
zheban	这般	3009	37
zhebang	这帮	355	45
zheben	这本	459	44
zhebi	这笔	755	42
zhebi	遮蔽	163	48
zhebian	这边	901	42
zhebu	这部	1127	41
zhebufen	这部分	599	43
zhechang	这场	3143	37
zheci	这次	9832	32
zhedang	遮挡	132	49
zhedi	着地	498	44
zhedian	这点	877	42
zhedie	折叠	241	47
zhedong	浙东	320	46
zheduan	折断	451	44
zheer	这儿	3784	36
zhefangmian	这方面	1729	39
zhefen	这份	1470	40
zhegai	遮盖	155	49
zhege	这个	61310	25
zhegen	这根	156	49
zhegu	鹧鸪	982	41
zhehe	折合	467	44
zhehua	这话	2680	37
zhehui	这回	788	42
zhehui	折回	211	47
zhehuier	这会儿	1117	41
zhehuo	这伙	228	47
zhejia	这家	1031	41
zhejian	这件	4399	35
zhejiang	浙江	3022	37
zhejiangdaxue	浙江大学	157	49
zhejiangsheng	浙江省	722	43
zhejiu	折旧	111	50
zhejiushishuo	这就是说	263	47
zhekou	折扣	273	46
zhekuai	这块	1078	41
zhelan	遮拦	143	49
zheli	这里	29358	28
zheli	哲理	258	47
zheliang	这辆	123	50
zheme	这么	18886	29
zhemezhe	这么着	165	48
zhemo	折磨	990	41
zhenai	珍爱	108	50
zhenbao	珍宝	315	46
zhenbi	振臂	305	46
zhencang	珍藏	231	47
zhencha	侦察	2110	38
zhencha	侦查	397	45
zhenchabing	侦察兵	102	50
zhenchaji	侦察机	462	44
zhenchan	震颤	209	47
zhencheng	真诚	751	42
zhenci	针刺	260	47
zhendang	震荡	456	44
zhendang	振荡	257	47
zhende	真的	6277	34
zhendi	阵地	1812	39
zhendi	真谛	178	48
zhending	镇定	638	43
zhendong	振动	993	41
zhendong	震动	841	42
zhendongqi	振动器	259	47
zhenduan	诊断	1714	39
zhendui	针对	4053	36
zhenduixing	针对性	571	43
zheneryulong	震耳欲聋	111	50
zhenfa	阵法	758	42
zhenfen	振奋	464	44
zhenfeng	阵风	167	48
zhenfengxiangdui	针锋相对	194	48
zhenfu	振幅	171	48
zhengba	争霸	165	48
zhengban	正版	253	47
zhengbi	正比	366	45
zhengbian	政变	1236	40
zhengbian	争辩	321	46
zhengbian	整编	188	48
zhengbing	征兵	131	49
zhengce	政策	14792	30
zhengcexing	政策性	123	50
zhengchang	正常	5860	34
zhengchanghua	正常化	154	49
zhengchangren	正常人	231	47
zhengchao	争吵	574	43
zhengche	整车	307	46
zhengcheng	征程	108	50
zhengchenggong	郑成功	289	46
zhengchi	整饬	118	50
zhengci	证词	107	50
zhengdang	政党	2469	38
zhengdang	正当	2182	38
zhengdang	整党	178	48
zhengdao	正道	154	49
zhengde	正德	355	45
zhengde	争得	147	49
zhengde	挣得	105	50
zhengde	征得	101	50
zhengdi	政敌	124	50
zhengdian	正殿	379	45
zhengdou	争斗	467	44
zhengduan	争端	497	44
zhengdun	整顿	2100	38
zhengduo	争夺	2142	38
zhenge	真个	505	44
zhengfa	蒸发	498	44
zhengfa	政法	414	45
zhengfa	征伐	214	47
zhengfaliang	蒸发量	113	50
zhengfan	正反	106	50
zhengfang	正方	168	48
zhengfeng	整风	286	46
zhengfengyundong	整风运动	294	46
zhengfu	政府	23452	29
zhengfu	征服	1564	39
zhengfu	正副	296	46
zhengfubumen	政府部门	378	45
zhengfuzhe	征服者	158	49
zhenggai	整改	188	48
zhengge	整个	11839	31
zhenggong	政工	335	46
zhenggongcheng	郑功成	261	47
zhenggongzi	郑公子	121	50
zhenggui	正规	759	42
zhengguifei	郑贵妃	131	49
zhengguihua	正规化	164	48
zhengguijun	正规军	168	48
zhenghao	正好	2661	37
zhenghe	整合	1067	41
zhenghe	郑和	479	44
zhengji	征集	1359	40
zhengji	政绩	341	46
zhengjia	郑家	288	46
zhengjian	证见	366	45
zhengjian	证件	321	46
zhengjian	政见	149	49
zhengjianhui	证监会	180	48
zhengjiao	正教	123	50
zhengjiao	正交	117	50
zhengjie	整洁	264	47
zhengjie	政界	190	48
zhengjie	症结	146	49
zhengjing	正经	432	45
zhengjiu	拯救	522	44
zhengju	证据	1486	40
zhengju	政局	535	44
zhengke	郑克	467	44
zhengke	政客	250	47
zhengkuai	整块	119	50
zhenglanqi	正蓝旗	165	48
zhengli	整理	1932	39
zhenglihui	郑李辉	256	47
zhengling	政令	138	49
zhengliu	蒸馏	263	47
zhengliu	整流	100	50
zhenglong	蒸笼	306	46
zhenglun	争论	1337	40
zhengmen	正门	2470	38
zhengmian	正面	1678	39
zhengming	证明	6425	34
zhengnan	正南	344	45
zhengning	狰狞	197	48
zhengpai	正派	242	47
zhengqi	整齐	1069	41
zhengqi	蒸汽	413	45
zhengqi	蒸气	347	45
zhengqi	正气	319	46
zhengqi	争气	222	47
zhengqi	政企	133	49
zhengqian	挣钱	355	45
zhengqiang	争抢	143	49
zhengqiao	正桥	962	41
zhengqidouyan	争奇斗艳	162	48
zhengqiji	蒸汽机	320	46
zhengqinwang	郑亲王	119	50
zhengqiu	征求	1205	40
zhengqu	争取	4048	36
zhengqu	政区	354	45
zhengquan	政权	5919	34
zhengquan	证券	3575	36
zhengquanbao	证券报	333	46
zhengquanduoli	争权夺利	107	50
zhengque	正确	6167	34
zhengquexing	正确性	120	50
zhengren	证人	228	47
zhengrenjunzi	正人君子	122	50
zhengri	整日	270	46
zhengru	正如	187	48
zhengse	正色	260	47
zhengshi	正是	9307	32
zhengshi	正式	9212	32
zhengshi	证实	1611	39
zhengshi	政事	814	42
zhengshi	正视	326	46
zhengshi	正事	137	49
zhengshi	正史	116	50
zhengshou	征收	895	42
zhengshu	证书	1691	39
zhengshu	整数	565	43
zhengshui	征税	369	45
zhengshuo	正说	577	43
zhengsu	整肃	109	50
zhengtan	政坛	127	49
zhengtao	征讨	214	47
zhengteng	蒸腾	133	49
zhengti	政体	19865	29
zhengti	整体	3781	36
zhengtian	整天	874	42
zhengtong	正统	765	42
zhengtu	征途	156	49
zhengtuo	挣脱	370	45
zhenguan	贞观	278	46
zhengui	珍贵	1394	40
zhengwei	政委	1207	40
zhengwen	正文	1435	40
zhengwen	征文	117	50
zhengwu	政务	1341	40
zhengwu	正午	293	46
zhengwuyuan	政务院	115	50
zhengxian	正弦	117	50
zhengxiang	争相	517	44
zhengxiang	正向	252	47
zhengxiang	正像	171	48
zhengxiang	征象	106	50
zhengxiankonghou	争先恐后	131	49
zhengxiaojing	郑晓京	207	48
zhengxiaozhuang	郑肖庄	256	47
zhengxie	政协	2695	37
zhengxing	整形	187	48
zhengxiu	整修	601	43
zhengxun	征询	149	49
zhengyangmen	正阳门	2258	38
zhengyao	正要	2033	38
zhengyao	政要	112	50
zhengye	整夜	146	49
zhengyi	正义	2965	37
zhengyi	争议	1105	41
zhengyong	征用	104	50
zhengyuanxun	郑元勋	139	49
zhengyue	正月	681	43
zhengzai	正在	5041	35
zhengzha	挣扎	1329	40
zhengzhan	征战	321	46
zhengzhao	征兆	248	47
zhengzhao	征召	151	49
zhengzheng	整整	1243	40
zhengzheng	铮铮	144	49
zhengzhengqiqi	整整齐齐	175	48
zhengzhi	政治	24866	28
zhengzhi	整治	635	43
zhengzhi	争执	624	43
zhengzhi	政制	620	43
zhengzhi	正值	548	44
zhengzhi	正直	535	44
zhengzhibu	政治部	1813	39
zhengzhifan	政治犯	104	50
zhengzhijia	政治家	1456	40
zhengzhijingji	政治经济	254	47
zhengzhiju	政治局	801	42
zhengzhiquanli	政治权利	874	42
zhengzhiweiyuan	政治委员	646	43
zhengzhixue	政治学	357	45
zhengzhong	正中	1750	39
zhengzhong	郑重	711	43
zhengzhongjian	正中间	176	48
zhengzhongqishi	郑重其事	100	50
zhengzhou	郑州	833	42
zhengzhoushi	郑州市	117	50
zhengzhu	怔住	142	49
zhengzhuang	症状	2547	37
zhengzong	正宗	513	44
zhengzuo	整座	189	48
zhenhai	镇海	127	49
zhenhan	震撼	696	43
zhenhua	真话	291	46
zhenji	赈济	185	48
zhenjia	真假	285	46
zhenjiang	镇江	512	44
zhenjiao	阵脚	191	48
zhenjing	震惊	1074	41
zhenjing	镇静	396	45
zhenjing	真经	301	46
zhenjiu	针灸	328	46
zhenjiu	斟酒	170	48
zhenjun	真菌	428	45
zhenkong	真空	555	44
zhenli	真理	1269	40
zhenliao	诊疗	119	50
zhenmi	缜密	132	49
zhennan	镇南	100	50
zhennu	震怒	126	49
zhenpin	珍品	1054	41
zhenpo	侦破	106	50
zhenqian	阵前	269	46
zhenqie	真切	295	46
zhenqing	真情	385	45
zhenren	真人	502	44
zhenrong	阵容	917	42
zhenshang	镇上	684	43
zhenshang	枕上	106	50
zhenshe	震慑	149	49
zhenshi	真是	7219	33
zhenshi	真实	3212	37
zhenshi	阵势	442	44
zhenshixing	真实性	226	47
zhenshou	镇守	386	45
zhensuo	诊所	164	48
zhentian	震天	397	45
zhenting	侦听	109	50
zhentong	镇痛	187	48
zhentou	枕头	598	43
zhenwang	阵亡	420	45
zhenwei	真味	263	47
zhenwei	真伪	187	48
zhenxi	珍稀	1282	40
zhenxi	珍惜	511	44
zhenxian	阵线	382	45
zhenxian	针线	164	48
zhenxiang	真相	981	41
zhenxin	真心	507	44
zhenxing	振兴	659	43
zhenya	镇压	2422	38
zhenyan	真言	157	49
zhenyelin	针叶林	274	46
zhenying	阵营	417	45
zhenyuan	镇远	122	50
zhenzhang	镇长	1050	41
zhenzhen	阵阵	527	44
zhenzhen	真真	104	50
zhenzheng	真正	9540	32
zhenzhi	诊治	223	47
zhenzhi	真挚	211	47
zhenzhi	针织	101	50
zhenzhibing	甄志丙	270	46
zhenzhu	珍珠	862	42
zhenzhu	真主	387	45
zhenzhugang	珍珠港	140	49
zhenzhuo	斟酌	352	45
zhenzi	镇子	130	49
zhenzuo	振作	173	48
zheshan	折扇	289	46
zheshe	折射	404	45
zheshelv	折射率	162	48
zheshi	这时	11628	31
zheshi	着实	1020	41
zheshihou	这时候	1934	39
zhetang	蔗糖	334	46
zheteng	折腾	777	42
zhetian	这天	1453	40
zhewei	这位	7656	33
zhexi	浙西	113	50
zhexiang	这项	1499	40
zhexie	这些	47400	26
zhexue	哲学	4412	35
zhexuejia	哲学家	929	42
zhexueshi	哲学史	182	48
zheyan	遮掩	240	47
zheyang	这样	48926	26
zheyangdehua	这样的话	362	45
zheyangyilai	这样一来	518	44
zheyilai	这一来	231	47
zheyixia	这一下	800	42
zhezhong	这种	40923	26
zhezhong	折衷	118	50
zhezhou	褶皱	509	44
zhezhu	遮住	370	45
zhezi	折子	638	43
zhiai	致癌	322	46
zhiai	致哀	148	49
zhian	治安	1761	39
zhiban	值班	473	44
zhiban	置办	117	50
zhibei	植被	1357	40
zhibei	制备	421	45
zhiben	直奔	507	44
zhibi	纸币	364	45
zhibian	质变	128	49
zhibiao	指标	2466	38
zhibing	治病	529	44
zhibing	致病	279	46
zhibo	直播	3572	36
zhibu	支部	403	45
zhibu	织布	267	46
zhibu	止步	117	50
zhibuguo	只不过	2183	38
zhibuzhidao	知不知道	138	49
zhibuzhu	止不住	234	47
zhicai	制裁	897	42
zhichang	直肠	153	49
zhichangai	直肠癌	128	49
zhicheng	制成	2805	37
zhicheng	支撑	1501	40
zhicheng	职称	568	43
zhicheng	织成	124	50
zhicheng	支承	119	50
zhichengpin	制成品	114	50
zhichi	支持	10928	32
zhichi	指斥	113	50
zhichizhe	支持者	198	48
zhichu	指出	7847	33
zhichu	支出	1424	40
zhichuang	痔疮	106	50
zhici	至此	1429	40
zhici	直刺	142	49
zhiciyijia	只此一家	262	47
zhida	直达	973	41
zhidang	只当	316	46
zhidao	知道	42780	26
zhidao	指导	7794	33
zhidao	直到	1131	41
zhidao	制导	922	42
zhidao	执导	173	48
zhidaoyuan	指导员	592	43
zhide	值得	3214	37
zhide	只得	2921	37
zhidi	质地	830	42
zhidi	直抵	190	48
zhidian	指点	1195	40
zhidian	质点	275	46
zhidian	致电	272	46
zhidian	支点	149	49
zhiding	制定	13662	31
zhiding	指定	1699	39
zhiding	制订	1419	40
zhidong	制动	150	49
zhidongfa	制动阀	256	47
zhidongqi	制动器	130	49
zhidu	制度	21517	29
zhiduhua	制度化	460	44
zhidui	支队	710	43
zhiduizhang	支队长	144	49
zhiduo	直裰	114	50
zhier	侄儿	632	43
zhier	之二	399	45
zhifa	执法	1187	41
zhifa	治法	135	49
zhifa	制法	131	49
zhifang	脂肪	1298	40
zhifang	纸坊	776	42
zhifanggan	脂肪肝	111	50
zhifangsuan	脂肪酸	260	47
zhifaquan	执法权	262	47
zhifen	脂粉	161	49
zhifen	职分	141	49
zhifu	支付	3382	36
zhifu	致富	1137	41
zhifu	知府	805	42
zhifu	制服	487	44
zhigan	质感	342	46
zhigao	职高	346	45
zhigaodian	制高点	100	50
zhigaowushang	至高无上	434	45
zhige	制革	185	48
zhigong	职工	5213	35
zhigong	织工	113	50
zhigu	只顾	816	42
zhiguan	只管	1041	41
zhiguan	职官	475	44
zhiguan	直观	332	46
zhiguan	直管	271	46
zhiguanzhongyao	至关重要	478	44
zhiguo	治国	571	43
zhihao	只好	5466	34
zhihou	之后	20879	29
zhihou	滞后	253	47
zhihuan	置换	177	48
zhihui	指挥	7805	33
zhihui	智慧	1581	39
zhihui	知会	135	49
zhihuibu	指挥部	1796	39
zhihuiguan	指挥官	452	44
zhihuisuo	指挥所	473	44
zhihuiyuan	指挥员	463	44
zhiji	之际	2719	37
zhiji	制剂	502	44
zhiji	知己	266	47
zhiji	至极	236	47
zhiji	织机	170	48
zhijia	指甲	434	45
zhijia	支架	204	48
zhijiage	芝加哥	349	45
zhijian	之间	25306	28
zhijian	只见	8906	32
zhijian	指尖	132	49
zhijiang	之江	761	42
zhijiang	枝江	266	47
zhijiang	纸浆	117	50
zhijiangshi	枝江市	257	47
zhijiao	执教	325	46
zhijiao	指教	243	47
zhijiao	直角	107	50
zhijie	直接	14906	30
zhijieliaodang	直截了当	157	49
zhijin	至今	3323	36
zhijing	直径	1683	39
zhijing	致敬	228	47
zhijing	止境	116	50
zhijiu	置酒	104	50
zhijue	知觉	599	43
zhijue	直觉	345	45
zhijun	志军	258	47
zhijun	治军	131	49
zhike	止咳	141	49
zhikong	指控	312	46
zhikongquan	制空权	133	49
zhilei	之类	2475	38
zhileng	制冷	127	49
zhili	治理	2766	37
zhili	致力	1198	40
zhili	直隶	1078	41
zhili	智力	931	41
zhili	智利	570	43
zhili	直立	424	45
zhiliang	质量	8009	33
zhiliao	治疗	7678	33
zhiling	指令	869	42
zhilingxing	指令性	101	50
zhiliu	支流	1381	40
zhiliu	直流	219	47
zhiliu	滞留	193	48
zhiliu	之流	149	49
zhiliudian	直流电	189	48
zhilu	指路	290	46
zhima	芝麻	377	45
zhimi	致密	212	47
zhimian	直面	111	50
zhimin	殖民	1002	41
zhimindi	殖民地	1600	39
zhiming	知名	1495	40
zhiming	致命	720	43
zhiming	指明	491	44
zhimingdu	知名度	311	46
zhimingrenshi	知名人士	147	49
zhiminzhe	殖民者	642	43
zhiminzhuyi	殖民主义	307	46
zhimou	智谋	123	50
zhina	支那	108	50
zhinan	指南	962	41
zhinanzhen	指南针	177	48
zhinei	之内	2470	38
zhineng	只能	6263	34
zhineng	职能	3212	37
zhineng	智能	778	42
zhinenghua	智能化	119	50
zhiniu	执拗	140	49
zhinv	侄女	248	47
zhipa	只怕	2702	37
zhipai	指派	171	48
zhipei	支配	1911	39
zhipian	纸片	139	49
zhipian	制片	114	50
zhipianchang	制片厂	183	48
zhipiao	质朴	257	47
zhipiao	支票	182	48
zhipin	制品	1529	40
zhiqi	志气	185	48
zhiqian	之前	8828	32
zhiqian	值钱	417	45
zhiqiguan	支气管	240	47
zhiqiguanyan	支气管炎	102	50
zhiqin	执勤	113	50
zhiqing	知青	353	45
zhiqing	知情	300	46
zhiqingquan	知情权	107	50
zhiqiu	只求	361	45
zhiqu	制取	309	46
zhiqu	直取	172	48
zhiqu	支取	131	49
zhiquan	职权	6518	34
zhiquan	治权	666	43
zhiru	植入	114	50
zhisan	之三	141	49
zhishang	之上	3503	36
zhishang	智商	316	46
zhishang	至上	195	48
zhishao	至少	5775	34
zhishe	直射	186	48
zhishen	置身	341	46
zhishen	只身	103	50
zhisheng	制胜	195	48
zhisheng	吱声	140	49
zhishengfeiji	直升飞机	100	50
zhishengji	直升机	1946	39
zhishi	知识	8254	33
zhishi	只是	4875	35
zhishi	指示	2632	37
zhishi	致使	1405	40
zhishi	制式	453	44
zhishi	指使	369	45
zhishi	执事	211	47
zhishi	致仕	150	49
zhishi	直视	111	50
zhishichanquan	知识产权	716	43
zhishidian	知识点	356	45
zhishifenzi	知识分子	1946	39
zhishiqingnian	知识青年	112	50
zhishu	指数	2311	38
zhishu	直属	742	42
zhishu	植树	379	45
zhishu	支书	243	47
zhishuai	直率	108	50
zhishui	治水	186	48
zhishuo	直说	188	48
zhisi	职司	2026	38
zhisi	致死	249	47
zhisi	至死	153	49
zhisuo	治所	896	42
zhisuoyi	之所以	3180	37
zhitang	制糖	336	46
zhitao	制陶	112	50
zhiti	肢体	531	44
zhitiao	纸条	319	46
zhitiao	枝条	188	48
zhitingting	直挺挺	115	50
zhitong	直通	463	44
zhitong	止痛	178	48
zhitou	指头	464	44
zhitou	枝头	104	50
zhitu	制图	107	50
zhiwai	之外	5635	34
zhiwang	指望	963	41
zhiwei	职位	2478	38
zhiwen	质问	232	47
zhiwen	指纹	100	50
zhiwu	植物	7735	33
zhiwu	职务	4099	36
zhiwu	织物	368	45
zhiwu	支吾	124	50
zhiwuti	植物体	258	47
zhiwuxue	植物学	129	49
zhiwuyou	植物油	104	50
zhiwuyuan	植物园	174	48
zhixi	直系	356	45
zhixi	窒息	345	45
zhixi	支系	145	49
zhixia	之下	6012	34
zhixia	直辖	707	43
zhixian	直线	871	42
zhixian	知县	543	44
zhixian	支线	240	47
zhixian	制宪	116	50
zhixiang	指向	791	42
zhixiang	志向	159	49
zhixiao	知晓	585	43
zhixiao	直销	123	50
zhixiashi	直辖市	8933	32
zhixin	知心	116	50
zhixing	执行	14504	31
zhixing	支行	290	46
zhixingguan	执行官	361	45
zhixu	秩序	2935	37
zhixu	只许	153	49
zhixue	止血	317	46
zhixue	治学	130	49
zhixun	质询	523	44
zhiya	质押	106	50
zhiyan	直言	792	42
zhiyan	纸烟	244	47
zhiyanbuhui	直言不讳	104	50
zhiyao	只要	10675	32
zhiyao	制药	1026	41
zhiye	职业	21581	29
zhiye	枝叶	277	46
zhiye	执业	113	50
zhiye	汁液	101	50
zhiyebing	职业病	187	48
zhiyedaode	职业道德	162	48
zhiyehua	职业化	128	49
zhiyezige	执业资格	126	49
zhiyi	之一	21053	29
zhiyi	质疑	557	44
zhiyi	旨意	438	45
zhiyi	执意	320	46
zhiyi	直译	166	48
zhiyi	致以	137	49
zhiyi	致意	133	49
zhiyin	指引	533	44
zhiyin	知音	371	45
zhiyong	之用	490	44
zhiyong	只用	328	46
zhiyou	只有	5622	34
zhiyu	至于	5254	35
zhiyu	置于	1028	41
zhiyu	治愈	327	46
zhiyuan	志愿	3801	36
zhiyuan	支援	2000	38
zhiyuan	职员	617	43
zhiyuan	致远	598	43
zhiyuanjun	志愿军	500	44
zhiyuanzhe	志愿者	730	42
zhiyue	制约	1602	39
zhizai	旨在	801	42
zhizai	志在	155	49
zhizao	制造	6418	34
zhizao	织造	241	47
zhizaochang	制造厂	194	48
zhizaoshang	制造商	418	45
zhizaoye	制造业	847	42
zhize	职责	1842	39
zhize	指责	1160	41
zhizhai	指摘	166	48
zhizhang	执掌	850	42
zhizhang	纸张	270	46
zhizhang	职掌	120	50
zhizhanyuan	指战员	200	48
zhizhao	执照	107	50
zhizhao	支招	101	50
zhizhe	指着	2192	38
zhizhe	智者	142	49
zhizhen	指针	247	47
zhizheng	执政	2751	37
zhizheng	至正	252	47
zhizhengdang	执政党	317	46
zhizhengfu	执政府	403	45
zhizhengguan	执政官	155	49
zhizhengzhe	执政者	177	48
zhizhi	直至	1657	39
zhizhi	制止	1048	41
zhizhi	指指	279	46
zhizhi	直指	263	47
zhizhibuli	置之不理	183	48
zhizhiduwai	置之度外	138	49
zhizhong	之中	10597	32
zhizhu	支柱	1723	39
zhizhu	植株	481	44
zhizhu	止住	324	46
zhizhu	蜘蛛	311	46
zhizhuo	执着	218	47
zhizhuo	执著	149	49
zhizi	质子	391	45
zhizi	侄子	192	48
zhizu	知足	419	45
zhizui	治罪	110	50
zhizun	至尊	704	43
zhizuo	制作	4804	35
zhongai	钟爱	107	50
zhongbeibu	中北部	109	50
zhongbiao	钟表	171	48
zhongbiao	中标	127	49
zhongbing	重兵	422	45
zhongbing	重病	210	47
zhongbu	中部	5299	35
zhongcai	仲裁	604	43
zhongcai	种菜	184	48
zhongcang	中藏	114	50
zhongcaoyao	中草药	123	50
zhongceng	中层	405	45
zhongceng	中曾	219	47
zhongchan	中产	155	49
zhongchang	中常	365	45
zhongchang	中场	355	45
zhongchang	终场	111	50
zhongchangqi	中长期	164	48
zhongchanjieji	中产阶级	574	43
zhongchen	重臣	360	45
zhongchen	忠臣	316	46
zhongcheng	忠诚	609	43
zhongcheng	中程	259	47
zhongchengyao	中成药	142	49
zhongchuang	重创	240	47
zhongda	重大	12193	31
zhongda	中大	335	46
zhongda	肿大	192	48
zhongdan	重担	317	46
zhongdan	中弹	193	48
zhongdao	中道	612	43
zhongdeng	中等	1630	39
zhongdi	种地	182	48
zhongdi	重地	170	48
zhongdian	重点	12694	31
zhongdian	终点	508	44
zhongdong	中东	1159	41
zhongdongdiqu	中东地区	132	49
zhongdu	中毒	1379	40
zhongdu	重度	108	50
zhongduan	中断	917	42
zhongduan	中段	827	42
zhongduan	终端	770	42
zhongdui	中队	781	42
zhongduo	众多	4769	35
zhongfang	中纺	1418	40
zhongfang	中方	1408	40
zhongfei	中非	158	49
zhongfeng	中锋	168	48
zhongfeng	中风	139	49
zhonggao	忠告	135	49
zhonggong	中共	3136	37
zhonggongye	重工业	441	44
zhonggongzhongyang	中共中央	3917	36
zhonggu	中古	138	49
zhongguancun	中关村	153	49
zhonggui	终归	124	50
zhongguo	中国	129470	22
zhongguodaxue	中国大学	308	46
zhongguodianxin	中国电信	179	48
zhongguodui	中国队	2029	38
zhongguohua	中国画	245	47
zhongguokongjun	中国空军	158	49
zhongguoliantong	中国联通	236	47
zhongguonandui	中国男队	134	49
zhongguonanlan	中国男篮	195	48
zhongguonvdui	中国女队	177	48
zhongguoqu	中国区	224	47
zhongguoribao	中国日报	177	48
zhongguoshi	中国式	131	49
zhongguotaiwan	中国台湾	186	48
zhongguoyidong	中国移动	396	45
zhongguoyinhang	中国银行	197	48
zhongguozhengfu	中国政府	1232	40
zhongguozhengxie	中国政协	260	47
zhongguozuxie	中国足协	417	45
zhonghai	中海	136	49
zhonghang	中行	347	45
zhonghe	中和	567	43
zhonghou	忠厚	122	50
zhonghouqi	中后期	137	49
zhonghua	中华	2446	38
zhonghuahezhong	中华和钟	512	44
zhonghuamen	中华门	1553	39
zhonghuaminguo	中华民国	826	42
zhonghuaminzu	中华民族	2640	37
zhonghuashuju	中华书局	280	46
zhonghuaxun	中华鲟	789	42
zhonghui	重回	151	49
zhongji	中级	874	42
zhongji	终极	325	46
zhongjia	中加	130	49
zhongjian	中间	6547	34
zhongjian	中建	291	46
zhongjian	中坚	165	48
zhongjiang	中将	763	42
zhongjiang	众将	560	44
zhongjiang	中奖	166	48
zhongjiang	终将	108	50
zhongjianti	中间体	419	45
zhongjie	中介	606	43
zhongjie	终结	412	45
zhongjin	重金	166	48
zhongjingshi	重晶石	382	45
zhongjinshu	重金属	112	50
zhongjiqiang	重机枪	139	49
zhongjiu	终究	1351	40
zhongjun	中军	560	44
zhongkao	中考	118	50
zhongkeqin	钟克勤	128	49
zhongkeyuan	中科院	246	47
zhongkong	中空	124	50
zhongkouyici	众口一词	159	49
zhongkuai	肿块	174	48
zhonglangjiang	中郎将	114	50
zhonglei	种类	4950	35
zhongli	重力	589	43
zhongli	中立	406	45
zhongliang	重量	1610	39
zhonglingke	钟灵可	128	49
zhongliu	肿瘤	1757	39
zhongliudizhu	中流砥柱	343	45
zhonglou	钟楼	157	49
zhonglu	中路	1020	41
zhonglv	中旅	132	49
zhongmeizhou	中美洲	293	46
zhongmidu	中密度	777	42
zhongmukuikui	众目睽睽	112	50
zhongnan	中南	618	43
zhongnanbu	中南部	1011	41
zhongnanhai	中南海	359	45
zhongnanshan	终南山	226	47
zhongneng	中能	305	46
zhongnian	中年	1026	41
zhongnian	终年	655	43
zhongnianren	中年人	434	45
zhongou	中欧	226	47
zhongpao	重炮	175	48
zhongpengrong	钟朋荣	256	47
zhongpianxiaoshuo	中篇小说	160	49
zhongqi	中期	2169	38
zhongqing	钟情	123	50
zhongqingnian	中青年	166	48
zhongqiu	中秋	163	48
zhongqiujie	中秋节	133	49
zhongqun	种群	291	46
zhongren	众人	9329	32
zhongren	重任	628	43
zhongren	中人	230	47
zhongri	中日	1005	41
zhongri	终日	259	47
zhongshan	中山	1117	41
zhongshan	钟山	123	50
zhongshandaxue	中山大学	192	48
zhongshang	重伤	1503	40
zhongshang	重赏	197	48
zhongshangongyuan	中山公园	1184	41
zhongshangyou	中上游	166	48
zhongshanlu	中山路	287	46
zhongshantang	中山堂	519	44
zhongshen	终身	1488	40
zhongsheng	终生	433	45
zhongsheng	钟声	285	46
zhongsheng	众生	107	50
zhongshengdai	中生代	239	47
zhongshi	重视	6063	34
zhongshi	忠实	467	44
zhongshi	中式	226	47
zhongshidao	种师道	220	47
zhongshihua	中石化	141	49
zhongshiji	中世纪	859	42
zhongshu	中枢	764	42
zhongshu	种属	254	47
zhongshuling	中书令	114	50
zhongshusheng	中书省	640	43
zhongshushenjing	中枢神经	301	46
zhongsuozhouzhi	众所周知	339	46
zhongtang	中堂	348	45
zhongtian	种田	130	49
zhongtian	中天	113	50
zhongtong	中统	275	46
zhongtou	钟头	205	48
zhongtu	中途	587	43
zhongtu	中土	276	46
zhongwai	中外	1846	39
zhongwaihezi	中外合资	114	50
zhongwanchou	钟万仇	201	48
zhongwei	中尉	135	49
zhongwen	中文	1755	39
zhongwenxi	中文系	147	49
zhongwu	中午	1449	40
zhongwu	肿物	102	50
zhongxi	中西	330	46
zhongxian	中线	377	45
zhongxiang	钟祥	549	44
zhongxiangshi	钟祥市	776	42
zhongxiao	中小	587	43
zhongxiao	中校	102	50
zhongxiaoqiye	中小企业	716	43
zhongxiaoxing	中小型	194	48
zhongxiaoxue	中小学	1032	41
zhongxiaoxuesheng	中小学生	210	47
zhongxiayou	中下游	658	43
zhongxibu	中西部	294	46
zhongxin	中心	23969	29
zhongxin	重心	542	44
zhongxin	忠心	503	44
zhongxin	衷心	253	47
zhongxin	中信	202	48
zhongxing	中型	751	42
zhongxing	重型	725	42
zhongxing	中兴	684	43
zhongxing	中性	468	44
zhongxing	中星	445	44
zhongxing	种姓	358	45
zhongxingenggeng	忠心耿耿	190	48
zhongxingpengyue	众星捧月	400	45
zhongxinshe	中新社	155	49
zhongxinwang	中新网	532	44
zhongxiyi	中西医	119	50
zhongxuan	中选	114	50
zhongxuanbu	中宣部	172	48
zhongxue	中学	8338	33
zhongxuesheng	中学生	385	45
zhongxun	中旬	922	42
zhongya	中亚	1078	41
zhongyadiqu	中亚地区	114	50
zhongyan	重檐	822	42
zhongyang	中央	15954	30
zhongyang	中阳	304	46
zhongyangdangxiao	中央党校	110	50
zhongyangdaxue	中央大学	170	48
zhongyanghongjun	中央红军	183	48
zhongyangjiquan	中央集权	463	44
zhongyangju	中央局	113	50
zhongyangjunwei	中央军委	748	42
zhongyangweiyuan	中央委员	461	44
zhongyangyang	钟阳阳	256	47
zhongyangyinhang	中央银行	178	48
zhongyangzhengfu	中央政府	448	44
zhongyao	重要	37557	27
zhongyao	中药	1106	41
zhongyaocai	中药材	144	49
zhongyaoxing	重要性	979	41
zhongye	中叶	1329	40
zhongyi	中医	1034	41
zhongyi	忠义	372	45
zhongyiyao	中医药	168	48
zhongyiyuan	众议院	491	44
zhongyong	重用	671	43
zhongyong	中用	209	47
zhongyong	中庸	179	48
zhongyou	中游	1019	41
zhongyu	终于	10542	32
zhongyu	忠于	384	45
zhongyu	中雨	149	49
zhongyu	重于	130	49
zhongyuan	中原	2825	37
zhongyuandiqu	中原地区	181	48
zhongzhang	肿胀	208	47
zhongzhe	重者	178	48
zhongzhen	重镇	665	43
zhongzhen	重振	157	49
zhongzheng	中正	166	48
zhongzheng	重整	147	49
zhongzheng	重症	145	49
zhongzhi	种植	3084	37
zhongzhi	终止	693	43
zhongzhi	中指	374	45
zhongzhi	种质	354	45
zhongzhi	中止	265	47
zhongzhiye	种植业	284	46
zhongzhiyuan	种植园	188	48
zhongzhong	种种	3344	36
zhongzhongzhizhong	重中之重	107	50
zhongzhou	中洲	772	42
zhongzhou	中州	101	50
zhongzhouxian	中轴线	1243	40
zhongzhuan	中专	775	42
zhongzhuan	中转	110	50
zhongzi	种子	2039	38
zhongzi	中子	425	45
zhongziqi	钟子期	263	47
zhongzu	种族	1136	41
zhongzuzhuyi	种族主义	101	50
zhoubao	周报	127	49
zhoubian	周边	1722	39
zhoubotong	周伯通	1476	40
zhouchang	周长	514	44
zhouchao	周朝	182	48
zhoucheng	轴承	186	48
zhouchuanxiong	周传雄	256	47
zhouchunquan	周纯全	257	47
zhoudai	周代	260	47
zhoudao	周到	443	44
zhoudian	周颠	134	49
zhouenlai	周恩来	3067	37
zhouer	周二	392	45
zhoufu	州府	549	44
zhouji	洲际	174	48
zhouji	周济	139	49
zhoujia	周家	298	46
zhoujiahu	周家湖	256	47
zhoujihong	周继红	262	47
zhoujun	州郡	183	48
zhoukan	周刊	978	41
zhoukoudian	周口店	110	50
zhoukunren	周坤仁	257	47
zhouli	周礼	260	47
zhouliu	周六	341	46
zhouma	咒骂	231	47
zhoumei	皱眉	488	44
zhoumeitou	皱眉头	187	48
zhoumi	周密	447	44
zhoumo	周末	654	43
zhounian	周年	1533	40
zhoupeigong	周培公	256	47
zhouqi	周期	2325	38
zhouqixing	周期性	387	45
zhouqu	舟曲	261	47
zhouquan	周全	261	47
zhouran	骤然	372	45
zhouri	周日	337	46
zhousan	周三	211	47
zhousenfeng	周森锋	256	47
zhoushan	舟山	175	48
zhoushaobo	周少波	256	47
zhoushen	周身	372	45
zhoushi	州市	115	50
zhousi	宙斯	305	46
zhousi	周四	204	48
zhousui	周岁	496	44
zhouwa	轴瓦	266	47
zhouwei	周围	5681	34
zhouwen	皱纹	411	45
zhouwu	周五	269	46
zhouxian	轴线	122	50
zhouxiang	周详	198	48
zhouxuan	周旋	398	45
zhouyanru	周延儒	169	48
zhouye	昼夜	887	42
zhouyi	周一	327	46
zhouyi	周易	191	48
zhouyiqun	周逸群	264	47
zhouyou	周游	123	50
zhouyu	周瑜	316	46
zhouyu	咒语	165	48
zhouyuqing	周玉清	256	47
zhouzao	周遭	144	49
zhouzhang	州长	1944	39
zhouzhe	周折	120	50
zhouzhengfu	州政府	578	43
zhouzhengqing	周正庆	260	47
zhouzhiruo	周芷若	815	42
zhouzhongying	周仲英	389	45
zhouzhuan	周转	899	42
zhouzhuang	周庄	100	50
zhuahao	抓好	506	44
zhuahuo	抓获	180	48
zhuajin	抓紧	612	43
zhuananzu	专案组	176	48
zhuanbian	转变	3510	36
zhuanbo	转播	143	49
zhuanchang	专场	316	46
zhuanchang	专长	191	48
zhuanchang	砖场	146	49
zhuancheng	专程	280	46
zhuanda	转达	296	46
zhuandian	专电	320	46
zhuandong	转动	1093	41
zhuaner	转而	569	43
zhuanfa	转发	520	44
zhuanfang	专访	193	48
zhuangao	转告	174	48
zhuangban	装扮	288	46
zhuangbei	装备	7520	33
zhuangda	壮大	929	42
zhuangding	壮丁	120	50
zhuangei	转给	148	49
zhuanggonghui	庄公惠	257	47
zhuangguan	壮观	483	44
zhuanghan	壮汉	133	49
zhuanghuang	装潢	134	49
zhuangji	撞击	483	44
zhuangji	装机	145	49
zhuangjia	装甲	1882	39
zhuangjia	庄稼	575	43
zhuangjia	庄家	442	44
zhuangjiabing	装甲兵	501	44
zhuangjiache	装甲车	489	44
zhuangjian	撞见	253	47
zhuangjiaren	庄稼人	251	47
zhuangjiashi	装甲师	318	46
zhuangjirongliang	装机容量	254	47
zhuangju	壮举	140	49
zhuangke	庄客	211	47
zhuangkuang	状况	5444	34
zhuangkuo	壮阔	198	48
zhuangli	壮丽	1596	39
zhuanglie	壮烈	235	47
zhuangman	装满	138	49
zhuangong	专攻	111	50
zhuangpei	装配	372	45
zhuangru	装入	168	48
zhuangshang	庄上	220	47
zhuangshi	装饰	1631	39
zhuangshi	壮士	239	47
zhuangshipin	装饰品	154	49
zhuangshu	装束	318	46
zhuangtai	状态	7715	33
zhuangtaihou	庄太后	114	50
zhuangtian	装填	230	47
zhuanguan	专管	201	48
zhuangui	转轨	139	49
zhuanguo	转过	2232	38
zhuangxie	装卸	299	46
zhuangxieliang	装卸量	257	47
zhuangxiu	装修	437	45
zhuangyan	庄严	2070	38
zhuangyao	装药	224	47
zhuangyou	装有	1076	41
zhuangyu	壮语	151	49
zhuangyuan	状元	1046	41
zhuangyuan	庄园	323	46
zhuangzai	装载	294	46
zhuangzhi	装置	3534	36
zhuangzhong	庄重	606	43
zhuangzhou	庄周	201	48
zhuangzhu	庄主	195	48
zhuangzi	庄子	485	44
zhuangzu	壮族	994	41
zhuangzuo	装作	365	45
zhuanhang	转行	129	49
zhuanheng	专横	108	50
zhuanhengbahu	专横跋扈	152	49
zhuanhua	转化	3673	36
zhuanhuan	转换	1648	39
zhuanhui	转回	135	49
zhuanhui	转会	104	50
zhuanhun	砖混	131	49
zhuanji	传记	404	45
zhuanji	转机	290	46
zhuanji	专机	189	48
zhuanji	专辑	125	50
zhuanjia	专家	11094	32
zhuanjia	转嫁	121	50
zhuanjiao	转交	191	48
zhuanjiazu	专家组	126	49
zhuanjie	转接	174	48
zhuanke	专科	1034	41
zhuanke	篆刻	107	50
zhuankexuexiao	专科学校	647	43
zhuankou	转口	136	49
zhuankuan	专款	107	50
zhuanlaizhuanqu	转来转去	105	50
zhuanlan	专栏	224	47
zhuanli	专利	1171	41
zhuanlian	转脸	122	50
zhuanlie	专列	136	49
zhuanliquan	专利权	113	50
zhuanma	转马	169	48
zhuanmai	专卖	213	47
zhuanmaidian	专卖店	156	49
zhuanmen	专门	8512	33
zhuannian	转念	595	43
zhuanqian	赚钱	634	43
zhuanqiang	砖墙	120	50
zhuanqu	专区	942	41
zhuanqu	赚取	113	50
zhuanquan	专权	240	47
zhuanrang	转让	1306	40
zhuanren	专任	411	45
zhuanren	专人	237	47
zhuanru	转入	1182	41
zhuanshen	转身	3256	36
zhuanshi	砖石	254	47
zhuanshi	转世	166	48
zhuanshou	转手	143	49
zhuanshu	专属	173	48
zhuanshu	转述	100	50
zhuansi	专司	157	49
zhuansu	转速	257	47
zhuanti	专题	2367	38
zhuantou	转头	1480	40
zhuantou	砖头	390	45
zhuanwa	砖瓦	262	47
zhuanwan	转弯	304	46
zhuanwei	转为	760	42
zhuanwen	撰文	209	47
zhuanxian	专线	1175	41
zhuanxiang	转向	2176	38
zhuanxiang	专项	837	42
zhuanxie	撰写	1027	41
zhuanxin	专心	436	45
zhuanxing	转型	763	42
zhuanxinzhizhi	专心致志	107	50
zhuanyan	转眼	346	45
zhuanyanjian	转眼间	243	47
zhuanyanzhijian	转眼之间	116	50
zhuanye	专业	16214	30
zhuanye	转业	161	49
zhuanyehua	专业化	362	45
zhuanyeke	专业课	193	48
zhuanyexing	专业性	167	48
zhuanyi	转移	3941	36
zhuanyi	专一	138	49
zhuanying	专营	102	50
zhuanyong	专用	1013	41
zhuanyou	转悠	155	49
zhuanyuan	专员	255	47
zhuanyun	转运	591	43
zhuanzai	转载	271	46
zhuanzeng	转增	301	46
zhuanzhan	转战	287	46
zhuanzhe	转折	509	44
zhuanzhedian	转折点	291	46
zhuanzheng	专政	1154	41
zhuanzheng	转正	222	47
zhuanzhi	专制	1249	40
zhuanzhi	专职	404	45
zhuanzhizhuyi	专制主义	116	50
zhuanzhou	转轴	139	49
zhuanzhu	专著	572	43
zhuanzhu	专注	416	45
zhuanzhuan	转转	132	49
zhuanzi	转子	157	49
zhuaqi	抓起	572	43
zhuazhu	抓住	4069	36
zhuazi	爪子	154	49
zhubajie	猪八戒	172	48
zhuban	主办	978	41
zhuban	诸般	339	46
zhuban	主板	103	50
zhubanfang	主办方	129	49
zhubangfu	朱邦复	256	47
zhubangzao	朱邦造	276	46
zhubao	珠宝	773	42
zhubi	朱笔	218	47
zhubi	铸币	205	48
zhubi	驻跸	108	50
zhubian	主编	1201	40
zhubu	逐步	4848	35
zhucaipan	主裁判	189	48
zhucang	贮藏	516	44
zhuce	注册	1431	40
zhuchan	主产	186	48
zhuchang	主场	1338	40
zhucheng	著称	951	41
zhucheng	筑城	573	43
zhucheng	筑成	512	44
zhucheng	铸成	206	48
zhucheng	诸城	141	49
zhuchenhao	朱宸濠	145	49
zhuchi	主持	5153	35
zhuchi	住持	161	49
zhuchiren	主持人	2146	38
zhuchu	住处	537	44
zhuchu	逐出	296	46
zhucong	主从	137	49
zhucun	贮存	426	45
zhudanchen	朱丹臣	193	48
zhudao	主导	1437	40
zhude	朱德	902	42
zhudi	驻地	1437	40
zhuding	注定	691	43
zhudong	主动	3515	36
zhudong	柱洞	256	47
zhudongquan	主动权	236	47
zhudongxing	主动性	399	45
zhudui	主队	301	46
zhuduo	诸多	1044	41
zhuer	主儿	170	48
zhufa	竹筏	153	49
zhufang	住房	2242	38
zhufang	驻防	168	48
zhufei	煮沸	115	50
zhufeng	主峰	1241	40
zhufeng	珠峰	135	49
zhufu	嘱咐	999	41
zhufu	祝福	327	46
zhufu	主妇	139	49
zhugan	主干	254	47
zhugan	竹竿	201	48
zhugaochi	朱高炽	126	49
zhugaoxu	朱高煦	175	48
zhuge	诸葛	152	49
zhuge	逐个	105	50
zhugeliang	诸葛亮	1067	41
zhugong	主公	447	44
zhugong	助攻	390	45
zhugong	主攻	211	47
zhuguan	主管	2884	37
zhuguan	主观	1139	41
zhuguang	烛光	363	45
zhuguangya	朱光亚	279	46
zhuguanzhuyi	主观主义	176	48
zhuguo	诸国	667	43
zhuhai	珠海	366	45
zhuhe	祝贺	560	44
zhuhong	朱红	618	43
zhuhou	诸侯	893	42
zhuhouguo	诸侯国	165	48
zhuhoupan	朱厚磐	128	49
zhuhouwang	诸侯王	122	50
zhuhouzhao	朱厚照	331	46
zhuhu	住户	192	48
zhuhua	驻华	890	42
zhuhuo	烛火	187	48
zhuibing	追兵	265	47
zhuibu	追捕	157	49
zhuicha	追查	169	48
zhuidaohui	追悼会	119	50
zhuigan	追赶	1138	41
zhuihui	坠毁	140	49
zhuiji	追击	515	44
zhuijia	追加	952	41
zhuijiu	追究	902	42
zhuiluo	坠落	186	48
zhuipeng	追捧	167	48
zhuiqiu	追求	3065	37
zhuiru	坠入	128	49
zhuisha	追杀	247	47
zhuishu	追述	165	48
zhuisu	追溯	637	43
zhuisui	追随	407	45
zhuisuizhe	追随者	126	49
zhuiwen	追问	623	43
zhuixing	锥形	127	49
zhuixun	追寻	251	47
zhuizhu	追逐	525	44
zhuizhuibuan	惴惴不安	101	50
zhuizong	追踪	379	45
zhuji	主机	445	44
zhuji	逐级	131	49
zhujiadu	朱家渡	256	47
zhujian	逐渐	7853	33
zhujian	主见	181	48
zhujian	竹简	136	49
zhujiang	珠江	801	42
zhujiang	主将	339	46
zhujianshen	朱见深	118	50
zhujiao	主教	267	46
zhujiao	助教	149	49
zhujiaolian	主教练	669	43
zhujie	注解	183	48
zhujing	驻京	173	48
zhujingban	驻京办	381	45
zhujinshi	诸进士	128	49
zhujiuzhen	朱九真	126	49
zhujue	主角	693	43
zhujun	驻军	616	43
zhujun	诸君	128	49
zhukaoguan	主考官	103	50
zhukou	住口	147	49
zhuli	主力	2644	37
zhuli	助理	1282	40
zhuli	助力	135	49
zhuli	伫立	133	49
zhulian	株连	100	50
zhuliao	主料	269	46
zhulilan	朱丽兰	261	47
zhulin	竹林	316	46
zhuliu	主流	1054	41
zhulu	著录	238	47
zhuluoji	侏罗纪	138	49
zhuma	苎麻	125	50
zhuming	著名	9342	32
zhuming	注明	331	46
zhumingshan	祝铭山	257	47
zhumu	瞩目	792	42
zhumu	注目	222	47
zhunbei	准备	16199	30
zhunbeijin	准备金	239	47
zhungaer	准噶尔	245	47
zhunian	逐年	778	42
zhunkaozheng	准考证	156	49
zhunque	准确	2668	37
zhunquexing	准确性	164	48
zhunshi	准时	226	47
zhunxu	准许	265	47
zhunze	准则	894	42
zhuobian	桌边	195	48
zhuojue	卓绝	170	48
zhuoli	着力	449	44
zhuolu	着陆	429	45
zhuoluo	着落	150	49
zhuomian	桌面	377	45
zhuomo	琢磨	900	42
zhuomo	捉摸	150	49
zhuona	捉拿	265	47
zhuonong	捉弄	162	48
zhuopang	桌旁	129	49
zhuoqian	桌前	204	48
zhuore	灼热	143	49
zhuose	着色	122	50
zhuoshang	桌上	2279	38
zhuoshou	着手	1241	40
zhuotianxiong	卓天雄	152	49
zhuoxiang	着想	448	44
zhuoyan	着眼	572	43
zhuoyanyu	着眼于	221	47
zhuoyi	桌椅	260	47
zhuoyi	着意	109	50
zhuoyouchengxiao	卓有成效	243	47
zhuoyue	卓越	592	43
zhuozhong	着重	1078	41
zhuozhou	涿州	139	49
zhuozhu	捉住	338	46
zhuozhu	卓著	263	47
zhuozhuang	着装	159	49
zhuozi	桌子	2047	38
zhuozi	镯子	120	50
zhupu	主仆	132	49
zhuqi	朱漆	248	47
zhuqiyu	朱祁钰	216	47
zhuqizhen	朱祁镇	382	45
zhuquan	主权	2129	38
zhuque	朱雀	176	48
zhuren	主任	13853	31
zhuren	主人	3865	36
zhurengong	主人公	478	44
zhurenweiyuan	主任委员	281	46
zhurenyishi	主任医师	147	49
zhurongji	朱镕基	144	49
zhurou	猪肉	777	42
zhuru	注入	1564	39
zhuru	诸如	967	41
zhusanjiao	珠三角	107	50
zhusha	朱砂	369	45
zhusha	诛杀	169	48
zhushan	竹山	279	46
zhushanxian	竹山县	263	47
zhushe	注射	725	42
zhushi	注视	1051	41
zhushi	注释	551	44
zhushi	诸事	228	47
zhushi	主食	219	47
zhushou	助手	685	43
zhushou	驻守	435	45
zhushou	祝寿	123	50
zhushou	住手	122	50
zhushu	著述	540	44
zhushuai	主帅	666	43
zhushui	注水	118	50
zhusimaji	蛛丝马迹	110	50
zhusu	住宿	562	44
zhusufei	住宿费	138	49
zhusuo	住所	285	46
zhutai	烛台	196	48
zhuti	主体	2851	37
zhuti	主题	2673	37
zhutie	铸铁	367	45
zhutong	竹筒	187	48
zhutou	柱头	345	45
zhutuo	嘱托	133	49
zhuwai	驻外	741	42
zhuwei	诸位	670	43
zhuwei	助威	104	50
zhuxi	主席	20859	29
zhuxi	竹溪	525	44
zhuxi	朱熹	367	45
zhuxian	主线	196	48
zhuxiang	竹乡	260	47
zhuxiangyuan	朱相远	257	47
zhuxiansheng	朱先生	176	48
zhuxianzhen	朱仙镇	216	47
zhuxitai	主席台	442	44
zhuxituan	主席团	1561	39
zhuxixian	竹溪县	260	47
zhuxuanlv	主旋律	278	46
zhuxue	助学	470	44
zhuxuejin	助学金	115	50
zhuyan	主演	825	42
zhuyanghu	朱阳湖	256	47
zhuyao	主要	57991	25
zhuyaomaodun	主要矛盾	162	48
zhuyaqiong	朱雅琼	256	47
zhuye	主业	125	50
zhuyi	注意	9876	32
zhuyi	主意	2900	37
zhuyi	主义	2416	38
zhuyi	逐一	378	45
zhuyijun	朱翊钧	1029	41
zhuyili	注意力	678	43
zhuying	主营	108	50
zhuyingyewu	主营业务	229	47
zhuyizhe	主义者	447	44
zhuyuan	住院	589	43
zhuyuan	竹园	279	46
zhuyuan	祝愿	277	46
zhuyuanzhang	朱元璋	2494	38
zhuzai	主宰	357	45
zhuzao	铸造	817	42
zhuzha	驻扎	730	42
zhuzhai	住宅	1194	41
zhuzhaiqu	住宅区	141	49
zhuzhan	主战	400	45
zhuzhan	助战	121	50
zhuzhang	主张	6284	34
zhuzhang	助长	234	47
zhuzhangling	朱长龄	193	48
zhuzhanji	朱瞻基	106	50
zhuzheng	主政	207	48
zhuzhi	主治	257	47
zhuzhi	主旨	226	47
zhuzhi	住址	127	49
zhuzhong	注重	2916	37
zhuzhou	诸州	549	44
zhuzhou	主轴	106	50
zhuzhuang	柱状	144	49
zhuzi	柱子	790	42
zhuzi	主子	503	44
zhuzi	竹子	241	47
zhuzi	珠子	239	47
zhuzi	诸子	158	49
zhuziliu	朱子柳	417	45
zhuzu	驻足	641	43
zhuzuo	著作	3447	36
zibao	自保	174	48
zibei	自卑	190	48
ziben	资本	14732	30
zibenjia	资本家	2575	37
zibenlun	资本论	150	49
zibenzhuyi	资本主义	5188	35
zibian	自便	105	50
zibo	淄博	133	49
zibu	滋补	110	50
zibupin	滋补品	280	46
zicai	资财	327	46
zichan	资产	3243	37
zichanjieji	资产阶级	3764	36
zichao	自嘲	122	50
zicheng	自成	1735	39
zicheng	自称	1066	41
zichengwei	自称为	103	50
zichi	自持	176	48
zichou	自筹	115	50
zici	自此	997	41
zicong	自从	2476	38
zicun	自忖	151	49
zida	自打	175	48
zida	自大	132	49
zidai	自带	1130	41
zidakuang	自大狂	128	49
zidan	子弹	1125	41
zide	自得	122	50
zidi	子弟	959	41
zidian	字典	242	47
zidibing	子弟兵	360	45
zidong	自动	2935	37
zidongbuqiang	自动步枪	262	47
zidonghua	自动化	956	41
zier	字儿	211	47
zifa	自发	556	44
zifang	子房	294	46
zifei	资费	975	41
zifei	自费	187	48
zifen	自焚	115	50
zifu	字符	347	45
zifu	自负	321	46
zifu	姊夫	236	47
zifuchuan	字符串	213	47
zigaofenyong	自告奋勇	112	50
zige	资格	3379	36
zige	自个	215	47
zigeer	自个儿	225	47
zigong	子宫	795	42
zigongsi	子公司	592	43
zigu	自古	1022	41
zigui	秭归	560	44
ziguixian	秭归县	269	46
ziguyilai	自古以来	392	45
zihao	自豪	521	44
zihao	字号	245	47
zihaogan	自豪感	107	50
zihong	紫红	101	50
zihongse	紫红色	131	49
zihua	字画	238	47
ziji	自己	90933	23
ziji	自给	517	44
ziji	字迹	461	44
zijia	自家	839	42
zijin	资金	6555	34
zijin	自尽	563	44
zijin	紫金	116	50
zijincheng	紫禁城	1758	39
zijiu	自救	167	48
zijizizu	自给自足	267	46
ziju	自居	294	46
ziju	字句	116	50
zijue	自觉	1798	39
zijuexing	自觉性	174	48
zikao	自考	374	45
zikaoban	自考办	107	50
zikou	子口	1184	41
zilai	自来	467	44
zilaishui	自来水	146	49
zili	自立	567	43
zili	资历	248	47
zili	子粒	153	49
zili	自理	131	49
ziliao	资料	9021	32
ziligengsheng	自力更生	258	47
zilv	自律	264	47
zimei	姊妹	1509	40
zimian	字面	107	50
zimindang	自民党	217	47
zimu	字母	848	42
zinv	子女	1845	39
ziqiang	自强	205	48
ziran	自然	20269	29
ziranerran	自然而然	417	45
ziranfa	自然法	113	50
ziranhuanjing	自然环境	373	45
ziranjie	自然界	922	42
ziranjingji	自然经济	116	50
zirankexue	自然科学	692	43
ziranli	自然力	100	50
ziranren	自然人	130	49
ziranshu	自然数	132	49
ziranzaihai	自然灾害	306	46
ziranzhuyi	自然主义	113	50
ziranziyuan	自然资源	1277	40
ziren	自认	129	49
ziru	自如	456	44
zirun	滋润	527	44
zise	紫色	621	43
zisha	自杀	1183	41
zishangerxia	自上而下	139	49
zishen	自身	4326	35
zishen	资深	560	44
zisheng	滋生	327	46
zishi	姿势	692	43
zishi	自恃	191	48
zishi	姿式	168	48
zishizhizhong	自始至终	175	48
zishou	自首	119	50
zishu	字数	831	42
zishu	梓树	259	47
zisi	自私	247	47
zisi	子嗣	178	48
zisun	子孙	1047	41
zitai	姿态	995	41
ziti	字体	618	43
zitiao	字条	140	49
zitongge	子童阁	256	47
zitou	字头	303	46
ziwai	紫外	143	49
ziwaixian	紫外线	291	46
ziwei	滋味	852	42
ziwei	自卫	631	43
ziweidui	自卫队	536	44
ziweijun	自卫军	103	50
ziwen	自刎	241	47
ziwendao	紫文道	301	46
ziwo	自我	2817	37
ziwopiping	自我批评	214	47
zixi	仔细	2997	37
zixiaershang	自下而上	113	50
zixiangcansha	自相残杀	131	49
zixiao	自小	236	47
zixin	自信	1316	40
zixing	自行	2325	38
zixing	字形	1250	40
zixing	字型	310	46
zixingche	自行车	1034	41
zixinghuopao	自行火炮	129	49
zixinxin	自信心	154	49
zixitong	子系统	120	50
zixuan	自旋	271	46
zixuan	自选	103	50
zixue	自学	787	42
zixun	咨询	4342	35
zixun	资讯	561	44
ziyan	字眼	286	46
ziyang	字样	582	43
ziyang	滋养	132	49
ziyanziyu	自言自语	406	45
ziye	子叶	304	46
ziyi	自已	263	47
ziyi	自缢	152	49
ziyingquan	自营权	256	47
ziyiweishi	自以为是	117	50
ziyou	自由	8558	33
ziyou	自有	1127	41
ziyou	自幼	1034	41
ziyoudang	自由党	184	48
ziyoudu	自由度	149	49
ziyouhua	自由化	296	46
ziyouren	自由人	1062	41
ziyoushichang	自由市场	107	50
ziyouyong	自由泳	107	50
ziyouzhuyi	自由主义	333	46
ziyouzizai	自由自在	281	46
ziyu	自语	103	50
ziyuan	资源	17453	30
ziyuan	自愿	757	42
ziyuanguanli	资源管理	234	47
zizhang	滋长	134	49
zizhi	自治	3780	36
zizhi	自知	552	44
zizhi	自制	329	46
zizhi	资质	266	47
zizhijiguan	自治机关	1060	41
zizhiling	自治领	114	50
zizhiqu	自治区	14344	31
zizhiquan	自治权	611	43
zizhitongjian	资治通鉴	162	48
zizhixian	自治县	4055	36
zizhizhou	自治州	5667	34
zizhong	自重	186	48
zizhong	辎重	185	48
zizhu	自主	2605	37
zizhu	资助	1316	40
zizhu	自助	213	47
zizhuan	自转	289	46
zizhuan	自传	125	50
zizhuquan	自主权	243	47
zizu	自足	170	48
zizun	自尊	262	47
zizunxin	自尊心	208	47
zongbianji	总编辑	232	47
zongbing	总兵	887	42
zongbu	总部	2024	38
zongcai	总裁	1812	39
zongcan	总参	197	48
zongcanmoubu	总参谋部	139	49
zongcanmouzhang	总参谋长	358	45
zongchang	总厂	135	49
zongchanliang	总产量	1643	39
zongchanzhi	总产值	2452	38
zongcheng	总称	535	44
zongcheng	总成	290	46
zongchengji	总成绩	143	49
zongdei	总得	423	45
zongdelaishuo	总的来说	162	48
zongdongyuan	总动员	335	46
zongdu	总督	2447	38
zongdui	总队	1216	40
zongdui	纵队	391	45
zongduizhang	总队长	785	42
zonge	总额	3282	36
zongeryanzhi	总而言之	248	47
zongfa	宗法	242	47
zongfen	总分	349	45
zonggong	总共	660	43
zonggong	总攻	140	49
zonggongchengshi	总工程师	383	45
zonggonghui	总工会	247	47
zonggongsi	总公司	506	44
zongguan	总管	789	42
zongguan	纵贯	644	43
zongguan	纵观	180	48
zongguan	综观	116	50
zonghe	综合	8250	33
zonghe	总和	583	43
zongheguoli	综合国力	239	47
zongheng	纵横	1009	41
zonghengjiaocuo	纵横交错	135	49
zonghexing	综合性	1536	39
zonghezheng	综合征	435	45
zonghezhili	综合治理	589	43
zonghuangse	棕黄色	294	46
zonghui	总会	1216	40
zonghuo	纵火	128	49
zongji	踪迹	458	44
zongji	总计	410	45
zongji	总集	118	50
zongjian	总监	711	43
zongjiao	宗教	5982	34
zongjiazhi	总价值	176	48
zongjie	总结	3346	36
zongjingli	总经理	1895	39
zongju	总局	479	44
zongjuesai	总决赛	118	50
zongli	总理	8200	33
zongliang	总量	2510	38
zonglingshi	总领事	162	48
zongluxian	总路线	174	48
zonglv	棕榈	154	49
zongmianji	总面积	2679	37
zongmiao	宗庙	262	47
zongneng	总能	244	47
zongpai	宗派	349	45
zongqin	宗亲	115	50
zongran	纵然	1197	40
zongrenfu	宗人府	291	46
zongrenkou	总人口	3295	36
zongrong	纵容	200	48
zongse	棕色	341	46
zongshangsuoshu	综上所述	109	50
zongshen	纵身	1025	41
zongshen	纵深	510	44
zongshi	总是	6089	34
zongshi	宗室	943	41
zongshi	纵使	160	49
zongshi	宗师	126	49
zongshouru	总收入	171	48
zongshu	总数	2565	37
zongshu	总署	106	50
zongshu	综述	106	50
zongshuji	总书记	1104	41
zongsiling	总司令	1647	39
zongsilingbu	总司令部	167	48
zongsuan	总算	1164	41
zongti	总体	2506	38
zongtong	总统	6679	34
zongtongfu	总统府	408	45
zongtongzhi	总统制	100	50
zongwuchu	总务处	147	49
zongxian	总线	181	48
zongxiang	纵向	303	46
zongxing	总行	102	50
zongying	踪影	367	45
zongzhang	总长	926	42
zongzhengzhibu	总政治部	149	49
zongzhi	总之	1517	40
zongzhi	宗旨	1350	40
zongzhi	总值	363	45
zongzhihui	总指挥	386	45
zongzhuhou	宗朱厚	264	47
zongzi	粽子	322	46
zongzu	宗族	358	45
zoubao	奏报	150	49
zouben	奏本	133	49
zoubian	走遍	135	49
zouchu	走出	3073	37
zoudong	走动	245	47
zoufang	走访	574	43
zougao	走高	106	50
zougaoyang	邹高阳	256	47
zougou	走狗	530	44
zouguo	走过	862	42
zoujin	走进	2742	37
zoujin	走近	962	41
zoukai	走开	333	46
zoulai	走来	1041	41
zoulang	走廊	954	41
zoulu	走路	813	42
zoumaling	走马岭	768	42
zoumingqu	奏鸣曲	119	50
zouqiang	走强	107	50
zouren	走人	174	48
zouru	走入	335	46
zoushang	走上	2107	38
zoushi	走势	687	43
zoushi	走时	170	48
zoushou	走兽	316	46
zoushu	奏疏	422	45
zousi	走私	900	42
zoutouwulu	走投无路	173	48
zouxiang	走向	3550	36
zouxiao	奏效	148	49
zouyuandong	邹远东	256	47
zouyue	奏乐	108	50
zouzhang	奏章	313	46
zouzhe	奏折	524	44
zouzou	走走	366	45
zuai	阻碍	785	42
zuanjin	钻进	658	43
zuanjing	钻井	143	49
zuankong	钻孔	118	50
zuanru	钻入	308	46
zuanshi	钻石	454	44
zuantan	钻探	120	50
zuanyan	钻研	385	45
zubei	祖辈	135	49
zucheng	组成	20572	29
zuchengbufen	组成部分	2299	38
zuchongzhi	祖冲之	170	48
zuchuan	祖传	148	49
zudang	阻挡	584	43
zudashou	祖大寿	212	47
zudi	租地	371	45
zudi	足底	118	50
zudian	租佃	178	48
zuduan	阻断	170	48
zufang	租房	120	50
zufen	组分	406	45
zufen	祖坟	218	47
zufu	祖父	521	44
zufulin	祖福临	135	49
zufumu	祖父母	190	48
zuge	阻隔	223	47
zuge	组阁	150	49
zugou	足够	2565	37
zuguo	祖国	3452	36
zuhe	组合	2609	37
zuiba	嘴巴	1104	41
zuibian	嘴边	342	46
zuichu	最初	2996	37
zuichun	嘴唇	1247	40
zuida	最大	16299	30
zuidahua	最大化	129	49
zuidi	最低	2431	38
zuididian	最低点	171	48
zuie	罪恶	731	42
zuifan	罪犯	482	44
zuigao	最高	12430	31
zuigaodian	最高点	288	46
zuigaofayuan	最高法院	150	49
zuigaofeng	最高峰	633	43
zuigaoji	最高级	136	49
zuiguo	罪过	338	46
zuihao	最好	721	43
zuihou	最后	19355	29
zuihoutongdie	最后通牒	303	46
zuihuiguo	最惠国	128	49
zuijia	最佳	3297	36
zuijiao	嘴角	788	42
zuijin	最近	5355	34
zuikuai	最快	567	43
zuikuihuoshou	罪魁祸首	121	50
zuili	嘴里	2002	38
zuilian	嘴脸	155	49
zuimei	最美	199	48
zuiming	罪名	627	43
zuinie	罪孽	151	49
zuiqiang	最强	464	44
zuiqima	最起码	128	49
zuiren	罪人	262	47
zuiren	醉人	108	50
zuishao	最少	482	44
zuishen	最深	582	43
zuiwei	最为	2942	37
zuixian	最先	595	43
zuixiao	最小	1364	40
zuixin	最新	2862	37
zuixin	醉心	190	48
zuixing	罪行	582	43
zuiyuan	最远	166	48
zuizao	最早	4124	36
zuize	罪责	117	50
zuizhang	最长	808	42
zuizheng	罪证	103	50
zuizhong	最终	6028	34
zuizhong	最重	278	46
zuizhuang	罪状	192	48
zuizui	最最	151	49
zuji	足迹	386	45
zuji	祖籍	204	48
zuji	阻击	196	48
zujian	组建	1453	40
zujian	足见	252	47
zujian	组件	179	48
zujie	租界	610	43
zujie	租借	155	49
zujiedi	租借地	161	49
zujin	租金	270	46
zulan	阻拦	940	41
zuli	阻力	645	43
zulian	足联	119	50
zulin	租赁	361	45
zumiao	祖庙	161	49
zumu	祖母	252	47
zunao	阻挠	575	43
zunbei	尊卑	142	49
zuncheng	尊称	155	49
zunchong	尊崇	157	49
zuncong	遵从	279	46
zungui	尊贵	353	45
zunhao	尊号	359	45
zunjia	尊驾	185	48
zunjing	尊敬	840	42
zunming	遵命	148	49
zunrong	尊荣	149	49
zunshi	尊师	166	48
zunshou	遵守	1982	38
zunxing	尊姓	186	48
zunxun	遵循	1223	40
zunyan	尊严	1289	40
zunyi	遵义	179	48
zunyihuiyi	遵义会议	174	48
zunzhao	遵照	336	46
zunzhong	尊重	2383	38
zuoan	左岸	219	47
zuoba	作罢	136	49
zuobi	左臂	549	44
zuobi	作弊	203	48
zuobian	左边	754	42
zuobiao	坐标	779	42
zuobiaoxi	坐标系	185	48
zuobie	作别	137	49
zuobuliao	做不了	131	49
zuocang	座舱	237	47
zuoce	左侧	866	42
zuoche	坐车	153	49
zuocheng	做成	846	42
zuocheng	作成	147	49
zuochengxiang	左丞相	116	50
zuochu	作出	8169	33
zuochu	做出	3306	36
zuochuan	坐船	142	49
zuoda	作答	182	48
zuodao	做到	2688	37
zuodi	坐地	149	49
zuoding	坐定	349	45
zuodui	作对	276	46
zuoeduoduan	作恶多端	103	50
zuoer	昨儿	250	47
zuofa	做法	3412	36
zuofa	作法	354	45
zuofan	做饭	991	41
zuofang	作坊	380	45
zuofeng	作风	1524	40
zuogong	做工	229	47
zuoguai	作怪	147	49
zuoguan	做官	307	46
zuohao	做好	2565	37
zuohao	作好	254	47
zuohua	作画	150	49
zuojia	作家	3358	36
zuojiao	左脚	329	46
zuojin	左近	136	49
zuoke	做客	243	47
zuolengchan	左冷禅	179	48
zuoliangyu	左良玉	881	42
zuolibuan	坐立不安	135	49
zuolu	左路	157	49
zuoluo	坐落	530	44
zuomeng	做梦	492	44
zuonanchaobei	坐南朝北	132	49
zuonie	作孽	108	50
zuopai	左派	425	45
zuopin	作品	9248	32
zuoqi	坐骑	457	44
zuoqi	做起	393	45
zuoqu	作曲	325	46
zuoqujia	作曲家	400	45
zuoren	做人	605	43
zuori	昨日	2229	38
zuoshengyi	做生意	363	45
zuoshi	做事	799	42
zuoshi	作势	119	50
zuoshou	左手	3758	36
zuoshou	左首	184	48
zuotan	座谈	480	44
zuotanhui	座谈会	1114	41
zuotian	昨天	4707	35
zuotui	左腿	335	46
zuowan	昨晚	965	41
zuowei	作为	28567	28
zuowei	座位	947	41
zuowei	做为	208	47
zuowei	作伪	106	50
zuowen	作文	660	43
zuowu	作物	1282	40
zuoxia	坐下	2589	37
zuoxiang	作响	363	45
zuoyan	左眼	158	49
zuoye	作业	1525	40
zuoye	昨夜	549	44
zuoyi	左翼	640	43
zuoyi	作揖	181	48
zuoyi	座椅	127	49
zuoyong	作用	22078	29
zuoyou	左右	11169	32
zuoyoufen	左右分	140	49
zuoyouliangzuo	左右两座	132	49
zuoyoumen	左右门	132	49
zuozai	坐在	6601	34
zuozhan	作战	10812	32
zuozhe	作者	4024	36
zuozhen	坐镇	239	47
zuozheng	作证	230	47
zuozheng	佐证	138	49
zuozhu	做主	192	48
zuozhu	作主	154	49
zuozhuan	左传	256	47
zuozimu	左子穆	111	50
zuozuo	坐坐	192	48
zuozuo	做作	107	50
zuozuo	做做	106	50
zuozuyou	左祖右	130	49
zuqianqiu	祖千秋	150	49
zuqiu	足球	2042	38
zuqiudui	足球队	154	49
zuqiusai	足球赛	127	49
zuren	族人	455	44
zuse	阻塞	243	47
zushang	祖上	228	47
zushi	祖师	516	44
zushiye	祖师爷	207	48
zushui	租税	122	50
zusun	祖孙	105	50
zutan	足坛	149	49
zutuan	组团	133	49
zuweihui	组委会	382	45
zuxia	足下	363	45
zuxian	祖先	1526	40
zuxie	足协	398	45
zuyi	足以	498	44
zuyin	足印	102	50
zuyong	租用	175	48
zuyoushe	祖右社	387	45
zuzhang	组长	853	42
zuzhang	族长	206	48
zuzhi	组织	26922	28
zuzhi	阻止	1620	39
zuzhi	阻滞	161	49
zuzhibu	组织部	213	47
zuzhiduomou	足智多谋	121	50
zuzhifa	组织法	1083	41
zuzhizhe	组织者	219	47
zuzhou	诅咒	263	47
zuzhuang	组装	246	47
zuzong	祖宗	1097	41
zuzu	足足	369	45
